applicant_id,DOT_category,job_norm,registration_employer_name,petition_beneficiary_field,predicted_SOC_code,predicted_SOC_title,alt1_SOC_code,alt1_prob,alt2_SOC_code,alt2_prob,alt3_SOC_code,alt3_prob
22,300,nan,AMG TECHNOLOGY LLC,INFOS SYSS,15-1252,software developers,15-1252,0.8527466805463618,15-1299,0.0808389358690942,15-1211,0.03606418524693085
185,300,java developer,Lex Nimble Solutions Inc.,COMPUTER SCIENCE AND ENGINEERI,15-1252,software developers,15-1252,0.9994712005219794,15-1251,0.0003000135820415205,15-1299,0.0002050190912693264
218,050,nan,Anvil Builders Inc.,CIVIL ENGRG,17-2051,civil engineers,17-2051,0.996207236919847,15-1252,0.002424154029638834,15-1299,0.0007992530306084658
300,120,associate project consultant,"Code Consultants, Inc.",FIRE PROTECTION ENGINEERING,17-2112,industrial engineers,17-2112,0.6594732161937844,17-2199,0.096945965092095,17-2131,0.08803942517736259
352,300,nan,Tata Consultancy Services Limited,COMPUTER SCIENCE,15-1299,computer systems engineers architects,15-1299,0.5710685644902305,15-1252,0.36607430602079993,15-1211,0.056543177468834416
572,390,nan,Microsoft Corporation,ELEC & ELEC ENGRG & BUS ADMIN,15-1252,software developers,15-1252,0.9705746488332101,15-1299,0.024185203520732352,15-2051,0.004408248711218277
902,1600,staff accountant,Chen & Fan Accountancy Corporation,ACCOUNTING,13-2011,accountants and auditors,13-2011,0.9999952101076345,13-2051,4.635778228921028e-06,13-2099,4.769041905588057e-08
1307,1190,law clerk,"Tsyngauz & Associates, P.C.",MASTER OF LAWS,23-1011,lawyers,23-1011,0.7073440049204273,23-1012,0.275919264727836,23-2011,0.0162472314081199
1366,300,eclinical project leader,Covance Inc.,INFORMATION TECHNOLOGY MANAGEM,15-1252,software developers,15-1252,0.8867545884809983,15-1299,0.05761620861863468,15-1211,0.02113001552465482
1526,300,technology lead us,Infosys Limited,COMPUTER SCIENCE & ENGINEERING,15-1299,computer systems engineers architects,15-1299,0.9999337585854804,15-1211,5.564707638660347e-05,15-1251,5.32521520886805e-06
1587,070,nan,"PBS Engineers, Inc.",MECHANICAL ENGRG,17-2141,mechanical engineers,17-2141,0.9749158200912716,15-1252,0.017539259658576556,17-2199,0.003944126303267343
1670,300,nan,IBM Corporation,BACHELOR OF SCI IN COMP SCI,15-1211,computer systems analysts,15-1211,0.40897286480670797,15-1252,0.2536125860541177,15-1299,0.2249080649188619
1802,1600,nan,Chen & Fan Accountancy Corporation,BUSINESS ADMINISTRATION,13-2011,accountants and auditors,13-2011,0.9286644108683021,13-2051,0.061718889559056835,13-1111,0.0025465118698772215
1815,300,technical test lead,Infosys Limited,COMP SCI & ENGRG,15-1299,computer systems engineers architects,15-1299,0.9931118944669504,15-1253,0.004063133988982188,15-1211,0.002068401056371414
1870,400,nan,Monsanto Company,CROP SCIENCES,15-1299,computer systems engineers architects,15-1299,0.31247813933663476,15-1252,0.23406415341400055,15-2051,0.13778719794485808
1920,300,nan,Infosys Limited,COMP SCI ENGRG,15-1299,computer systems engineers architects,15-1299,0.9769078940317332,15-1211,0.018379363773064084,15-1252,0.003526140448192299
2384,1600,nan,Unified Women's Healthcare,HEALTH SYSS MGT,13-2011,accountants and auditors,13-2011,0.5412617431134474,13-2051,0.29740815022003564,15-1252,0.08710532026790765
2526,300,nan,"Kforce, Inc",COMP SCI,15-1252,software developers,15-1252,0.9996151469367217,15-1299,0.0002033779468543403,15-1211,0.00011913081239421964
2562,300,nan,Virtusa Corporation,COMP SCI,15-1299,computer systems engineers architects,15-1299,0.814988727426003,15-1252,0.11158615630235569,15-1211,0.057748594719964845
2687,1660,nan,Persistent Systems Inc,BUSINESS ADMIN CONCENTRATION I,15-1252,software developers,15-1252,0.6183279893166838,15-1299,0.26369322885385615,15-1211,0.05216729657269137
2701,1600,assurance associate,PricewaterhouseCoopers LLP,MANAGEMENT INFORMATION SYSTEMS,13-2011,accountants and auditors,13-2011,0.9786218431131574,13-2054,0.009901919401932953,15-2051,0.007175839105810771
2789,010,nan,Peter Walker and Partners Landscape Arch,LANDSCAPE ARCHITECTURE,17-1011,architects except landscape and naval,17-1011,0.5017731759589267,17-1012,0.1720191282871398,15-1252,0.12775417907478687
2819,300,senior consultant,Deloitte Consulting LLP,COMPUTER ENGINEERING,15-1252,software developers,15-1252,0.8122165249635438,15-1211,0.1683038678508499,15-1299,0.018566901413523712
2828,300,full stack software developer,"AltSource, Inc.",COMPUTER SCIENCE,15-1252,software developers,15-1252,0.9928066109921141,15-1299,0.005274713845551663,15-1211,0.000976577136767416
2908,300,nan,Kanap Systems LLC,INFO TECH & MA,15-1252,software developers,15-1252,0.9924704091920834,15-1211,0.00370353106914966,15-1299,0.0027671914073780037
3114,1600,financial management analyst,"Dallas  Fort Worth Technology, Inc.",FINANCE/BUSINESS ANALYTICS,13-2011,accountants and auditors,13-2011,0.5961511401118583,13-2051,0.32002330135642865,13-2099,0.027447882282427383
3314,300,nan,"Synechron, Inc.",BACHELOR OF SCIENCE IN COMPUTE,15-1252,software developers,15-1252,0.8103830352433334,15-1299,0.17955975299578153,15-1211,0.006447895563089256
3353,300,nan,Larsen & Toubro Infotech Limited,INFO TECH,15-1252,software developers,15-1252,0.9507447034884553,15-1299,0.02859699129271194,15-1211,0.018434977204606833
3602,390,nan,Amazon.com Services LLC,MATHEMATICS,15-1252,software developers,15-1252,0.98893447655567,15-2051,0.0057001841844638345,15-1299,0.004069280351771059
4018,300,i20020059360563,Headstrong Services LLC,APPLIED COMPUTER SCIENCE,15-1252,software developers,15-1252,0.9603790120116593,15-1299,0.030224191639125143,15-1211,0.005449386224833662
4096,030,nan,"J-M Manufacturing Company, Inc.",ELECTRICAL ENGRG,15-1252,software developers,15-1252,0.4958861353729877,17-2071,0.2551943050338222,17-2072,0.22791347927633598
4237,300,data engineer,"Facebook, Inc.",DATA SCIENCE,15-1252,software developers,15-1252,0.9916266349946959,15-2051,0.0072219839157880005,15-1299,0.000769081358663988
4281,080,nan,"Three Bond International, Inc.",CHEMICAL ENGRG,17-2041,chemical engineers,17-2041,0.42893395107382803,17-2131,0.14772939432459858,15-1252,0.11312663365739417
4371,1990,nan,"UBER TECHNOLOGIES, INC.",BUS ADMIN,15-1252,software developers,15-1252,0.4956062328883779,13-1111,0.49401547753485064,15-2051,0.002697192540892314
4424,300,nan,"Sterlingtech, Inc.",COMPUTER SCIENCE AND ENGRG,15-1252,software developers,15-1252,0.6951545508607305,15-1299,0.2693761485095474,15-1211,0.025387936319800714
4677,050,nan,"Stantec Consulting Services, Inc.",CIVIL ENGINEERING,17-2051,civil engineers,17-2051,0.9998390916366049,15-1252,6.681560296553948e-05,15-1299,3.0942424871547114e-05
5030,050,nan,T. Y. Lin International,CIVIL ENGINEERING,17-2051,civil engineers,17-2051,0.9996034313477336,15-1252,0.00018703959301218085,15-1299,8.661836903229127e-05
5103,1860,nan,"PolicyGenius, Inc.",BUS ADMIN,13-2051,financial and investment analysts,13-2051,0.6043422949471127,13-1111,0.08059139635273935,15-1299,0.07916294661800898
5517,200,nan,"CBRE, Inc.",BUSINESS ANALYTICS AND PROJECT,15-2041,statisticians,15-2041,0.655370618229593,15-2031,0.2674632604516396,15-2051,0.04829381874254723
5806,390,data analyst,AGA Service Company,BUSINESS ANALYLTICS,15-2051,business intelligence analysts,15-2051,0.4812219555975503,15-1252,0.35544048725274074,15-1299,0.08321326048028915
6157,390,nan,WeRide Corp.,COMP SCI,15-1252,software developers,15-1252,0.9971011316964914,15-1299,0.002194881999926111,15-1211,0.00025300717953606887
6372,390,nan,"Cyient, Inc",COMP SCI & ENGRG,15-1252,software developers,15-1252,0.9416896761064605,15-1299,0.055453741843684116,15-1253,0.0016478418422518188
6443,,supply chain analyst,"SoClean, Inc.",MASTER S OF SCIENCE IN INDUSTR,13-1081,logisticians,13-1081,0.3159092930247868,15-1252,0.1334114756543407,15-1211,0.12424530131725725
6522,300,nan,"TAVANT TECHNOLOGIES, INC.",MSTR OF SCI INTEGRATED IN SOFT,15-1252,software developers,15-1252,0.9834485161692986,15-1299,0.010554254459677863,15-1211,0.003139003780665293
6632,1600,accountant,ENSON GROUP LLC,FINANCE,13-2011,accountants and auditors,13-2011,0.9973930375929208,13-2051,0.00251834546446061,13-2099,6.464833023024923e-05
6681,200,nan,"UBER TECHNOLOGIES, INC.",BUSINESS ADMINISTRATION,15-1252,software developers,15-1252,0.6567479167368668,15-2041,0.12136901327763731,13-1111,0.10623284452877593
6850,030,nan,Anderson Instrument Company,INFORMATION SYSTEMS ENGINEERIN,15-1252,software developers,15-1252,0.7114751756202294,17-2072,0.14130202137946635,17-2071,0.08119789109809857
7006,390,software developer applications,Ciber Global LLC,ELECTRONICS & COMMUNICATION EN,15-1252,software developers,15-1252,0.9992433013965141,15-1299,0.00034745522513812265,15-1251,0.00022774775404491037
7146,500,nan,JD.com American Technologies Corporation,ECONOMICS,13-2051,financial and investment analysts,13-2051,0.7055926784279332,13-1161,0.12691813520848583,15-2051,0.048029195896817464
7304,1990,nan,"BBVA Securities, Inc.",BUS ADMIN,13-1111,management analysts,13-1111,0.4510683390808694,15-1252,0.22371814951613223,15-2051,0.10835935604607526
7378,390,product manager,"Shape Security, Inc.",COMPUTER SCIENCE,15-1252,software developers,15-1252,0.6734176494068688,15-1299,0.3165018253363351,15-2051,0.00743780737063141
7416,390,nan,"Agari Data, Inc.",ELECTRICAL ENGRG & COMP SCI,15-1252,software developers,15-1252,0.9699053033601925,15-1299,0.01660844609344463,15-2051,0.004568364488561877
7502,300,nan,"Savi Technologies, Inc.",COMP SCI,15-1252,software developers,15-1252,0.9942684985788837,15-1299,0.003904199660353314,15-1211,0.001143463400238376
7545,390,nan,"Misa Imports, Inc.",MASTERS IN MANAGEMENT,15-1252,software developers,15-1252,0.6468046285306276,15-1299,0.19936333561332942,15-2051,0.05483742293607209
7889,1820,assistant superintendant,"ATANE Engineers, Architects and Land Surveyors, D.P.C.",CIVIL ENGINEERING,17-2051,civil engineers,17-2051,0.8237075562145783,11-9021,0.1473798409264807,13-1051,0.013140306632530498
8069,300,nan,PYCUBE INC,MSTR OF SCI IN INFO TECH MGT,15-1252,software developers,15-1252,0.9910264488476196,15-1299,0.005928392768442624,15-1211,0.001692166335881315
8078,300,nan,"Qualcomm Technologies, Inc.",ELECTRICAL & COMPUTER ENGRG,15-1252,software developers,15-1252,0.9987886690599421,17-2072,0.001131882463462722,15-1299,5.149944114480651e-05
8134,300,business analyst,ConsultAdd Inc.,BACHELOR OF ENGINEERING ELECTR,15-1252,software developers,15-1252,0.8476583512358894,15-2051,0.07718183641493688,15-1211,0.06298850678921807
8168,300,nan,Infosys Limited,COMPUTER SCIENCE,15-1299,computer systems engineers architects,15-1299,0.9361419279855302,15-1252,0.035436763654519594,15-1211,0.024622390167248945
8186,1610,nan,"NIKE, Inc.",STATISTICS,15-2051,business intelligence analysts,15-2051,0.6440564051350907,13-2051,0.10630922163405901,15-2031,0.07175463879905807
8328,1630,regional sales manager,SCHNEIDER ELECTRIC IT CORPORATION,ELECTRONICS ENGINEERING,15-1299,computer systems engineers architects,15-1299,0.4548718970215381,15-1211,0.17385987939120148,15-1252,0.08785970089279534
8444,,global portfolio leader,Cargill Incorporated,BUSINESS ADMINISTRATION,15-1252,software developers,15-1252,0.35192847626849244,13-1111,0.26101394163895913,15-1299,0.10868186064937715
8563,030,signaling commissioning engineer,"Hitachi Rail STS USA, Inc.",ELECTRICAL ENGINEERING,17-2071,electrical engineers,17-2071,0.8338662609511588,17-2072,0.15379810457432036,15-1252,0.009435511100876233
8834,300,system and network administrator,"Fierce Solution, LLC.",ELECTRICAL ENGINEERING,15-1252,software developers,15-1252,0.9282350347108658,15-1299,0.04524250049730318,15-1253,0.007974653784863379
9084,300,nan,"TekBasic, LLC",INFO SYSS TECHS-INFO ASSURANCE,15-1252,software developers,15-1252,0.9768941803625435,15-1299,0.014888933033488129,15-1211,0.004722012682682796
9169,300,sr software engr technical support,MarkLogic Corporation,APPLIED COMPUTER SCIENCE,15-1252,software developers,15-1252,0.843537723798272,15-1299,0.09481095298253521,15-1211,0.0512829101253012
9287,1990,associate business development man,"Bertelsmann, Inc.",BUSINESS ADMINISTRATION,13-1111,management analysts,13-1111,0.5586312957190994,15-2051,0.15873993621187438,13-2051,0.09603851816306232
9319,300,nan,Medical Mutual of Ohio,INFORMATION TECHNOLOGY,15-1252,software developers,15-1252,0.9663874942434361,15-1299,0.024317757078874118,15-1211,0.006820603844112508
9673,300,nan,Tencent America LLC,ELEC & COMP ENGRG,15-1252,software developers,15-1252,0.9940472102511468,15-1221,0.002510625192729447,15-1299,0.001964297147968134
9841,1860,market liquidity and capital risk,Regions Bank,MBA FINANCIAL ANALYSIS AND MOD,13-2099,financial quantitative analysts,13-2099,0.34888615091868636,13-2051,0.3452205339596662,15-2051,0.124743344392216
9849,390,product manager,Adobe Inc.,ENGINEERING MANAGEMENT BUSINES,15-1299,computer systems engineers architects,15-1299,0.5940512193611257,15-1252,0.27586112970283727,15-2051,0.12440069725427119
9974,720,nan,Merit Dental of OH Bejarano and Grabeman,DOCTOR OF DENTAL SURGERY,29-1021,dentists general,29-1021,0.9237613346481219,15-1252,0.02355057711661634,15-1299,0.010784329240276955
10422,300,nan,Wipro Limited,COMP SCI & ENGRG,15-1299,computer systems engineers architects,15-1299,0.7672834237676869,15-1211,0.10503569821431423,15-1251,0.07683928746229216
10598,200,nan,"DeltaMed Solutions, Inc.",BIOSTATISTICS,15-2041,statisticians,15-2041,0.992467299165567,15-2051,0.005276641107820103,15-2031,0.0017534015801744906
10671,390,nan,Hitachi Vantara LLC,APPLIED COMPUTER SCIENCE,15-1252,software developers,15-1252,0.9621888350865768,15-1299,0.02431086193950023,15-1211,0.012641938684553888
10740,300,nan,Mindtree Limited,BACHELOR OF SCI IN COMP SCI,15-1299,computer systems engineers architects,15-1299,0.7511828294342058,15-1211,0.23103814612170426,15-1252,0.009252228076649244
10799,300,nan,State Auto Property & Casualty Insurance Company,COMPUTER SCIENCE,15-1252,software developers,15-1252,0.9846659016178527,15-1299,0.010811973899242181,15-1211,0.0028762820367643515
10887,300,nan,ZettaPrime Inc,MSTR OF MECH ENGRG,15-1252,software developers,15-1252,0.9324632144277416,15-1299,0.03535837111350226,15-1211,0.015774216126892254
11031,310,machine learning engineer,SuperMediaFuture Corp.,ROBOTICS,15-1252,software developers,15-1252,0.9059877045487156,15-1221,0.06172912497918197,15-2051,0.014246994782369297
11075,1100,nan,Bryan Cave Leighton Paisner LLP,LAW,23-1011,lawyers,23-1011,0.9994956612694853,23-1012,0.0002438429759004963,13-2011,9.158682588189282e-05
11168,300,architect,Tata Consultancy Services Limited,COMPUTER INFORMATION SYSTEMS,15-1299,computer systems engineers architects,15-1299,0.9994443411975374,15-1211,0.00030769900639438365,15-1252,0.00022939387884954743
11232,300,nan,"UNIGO, INC",COMPUTER SCIENCE,15-1252,software developers,15-1252,0.9876985324448985,15-1299,0.00867621859196546,15-1211,0.0023081124608393924
11457,070,staff engineer,"Becton, Dickinson and Company",MECHANICAL ENGINEERING,17-2141,mechanical engineers,17-2141,0.9943340394671631,17-2199,0.001919516639400222,15-1252,0.0017927127846667757
11534,010,architectural designer,Aedis Inc.,ARCHITECTURE,17-1011,architects except landscape and naval,17-1011,0.9813333440222146,17-3011,0.018636703600694315,27-1025,1.9321121992057935e-05
11733,300,nan,Indus Group Inc.,MASTER OF BUSINESS ADMIN,15-1252,software developers,15-1252,0.9609370088953244,15-1299,0.01952763777619277,15-1211,0.013005665441083069
11998,300,nan,Bahwan CyberTek Inc.,CHARTERD ACCOUNTANCY,15-1252,software developers,15-1252,0.9877071529987215,15-1299,0.006242197284000909,15-1211,0.0027847936984554357
12457,390,nan,JD Finance America Corporation,COMPUTER SCIENCE,15-1252,software developers,15-1252,0.9753859883519648,15-1299,0.017411421474174828,15-1221,0.0019048673486509668
12567,390,nan,Ciber Global LLC,SCIENCE,15-1252,software developers,15-1252,0.9766718609852454,15-1299,0.019105362707711303,15-1253,0.001460427153671866
12670,300,nan,Google LLC,COMPUTER SCIENCE,15-1252,software developers,15-1252,0.9982538233441015,15-1299,0.0016553725414962808,15-2051,6.793521190244209e-05
12862,390,nan,Ciber Global LLC,INFO TECH,15-1252,software developers,15-1252,0.9579861611814032,15-1299,0.03546895673579763,15-1251,0.0024823708036780744
12975,300,nan,Tech Mahindra Americas Inc,COMPUTER SCIENCE,15-1252,software developers,15-1252,0.9520366446622444,15-1299,0.027340428669891826,15-1211,0.013904847801087751
13043,300,nan,"Blue Nile, Inc.",INFORMATION SYSTEMS,15-1252,software developers,15-1252,0.8971813852320298,15-1299,0.07809901540548257,15-1211,0.015394567727185421
13207,300,nan,Mastercard International Incorporated,BUS ADMIN & MGT,15-1252,software developers,15-1252,0.9719706194668604,15-2051,0.012942497047170683,15-1211,0.010186271956973985
13384,1690,manager,Deloitte Consulting LLP,ELECTRONIC ENGINEERING,15-1211,computer systems analysts,15-1211,0.6656529049692204,15-1299,0.13858273194323675,15-2031,0.10181585496349413
13609,390,nan,JD.com American Technologies Corporation,COMPUTER SCIENCE,15-1252,software developers,15-1252,0.9692249174177017,15-1299,0.023068588561464796,15-1211,0.0024153436110018415
13649,300,nan,Goldman Sachs Bank USA,INFORMATION MANAGEMENT,15-1252,software developers,15-1252,0.9791408638464056,15-1211,0.008590229337368114,15-2051,0.007427987252581849
13688,1190,nan,Sabanero New York Distribution Corp.,LAW,23-1011,lawyers,23-1011,0.9483196889268545,23-1012,0.02674733056978189,13-1111,0.006012748067749332
13911,010,architectural designer,KYU SUNG WOO ARCHITECT INC,ARCHITECTURAL,17-1011,architects except landscape and naval,17-1011,0.9702988478661504,17-3011,0.028849055209113135,27-1025,0.00019902756749616495
13943,200,data analyst,"RELX, Inc.",STATISTICS,15-2041,statisticians,15-2041,0.8495186650817954,15-2051,0.09761774459012743,15-2031,0.049448306494153174
14568,1600,nan,"Cornelius CPAs, LLC",MSTR OF SCI IN BUS ANALYTICS,13-2011,accountants and auditors,13-2011,0.484590235107823,13-2051,0.2646234250038523,15-2051,0.09837542487792007
14868,300,nan,Mphasis Corporation,COMP INFO SYSS,15-1299,computer systems engineers architects,15-1299,0.5180863173525319,15-1251,0.27854024700243424,15-1252,0.14743914987119536
14913,1990,nan,"Klaviyo, Inc.",ENGRG MGT,15-1252,software developers,15-1252,0.7867899553381493,15-2031,0.08662075103425369,15-2051,0.08188554665805532
14916,010,designer,AU Workshop,DESIGN,17-1011,architects except landscape and naval,17-1011,0.9575419430241997,27-1024,0.013985684506836129,15-1211,0.010410088080652897
15529,200,trader,MPG Operations LLC,MATHEMATICS AND PHYSICS,13-2051,financial and investment analysts,13-2051,0.29829527743578454,15-2031,0.29546758678044116,15-2041,0.2350831599745776
15599,1100,nan,BRYANT RABBINO LLP,LAW,23-1011,lawyers,23-1011,0.9987985782329156,23-1012,0.00046952187761720263,13-2011,0.00020419324839393194
15650,390,nan,Ciber Global LLC,COMP SCI,15-1252,software developers,15-1252,0.9923811777449705,15-1299,0.005893048561344985,15-1251,0.0006697201167161844
15911,300,qa automation test lead,IBM Corporation,BACHELOR OF SCIENCE IN COMPUTE,15-1211,computer systems analysts,15-1211,0.6716707124732885,15-1251,0.15013955447151314,15-1299,0.1169403959768345
16004,300,researcher,"Wormpex AI Research, LLC",ELECTRICAL & COMP ENGRG,15-1221,computer and information research scientists,15-1221,0.6766583514336465,15-1252,0.278443393700386,15-1299,0.013390586649817803
16007,300,nan,HCL America Inc,MECHANICAL ENGINEERING,15-1299,computer systems engineers architects,15-1299,0.7380224598457013,15-1211,0.10876723815916896,15-1252,0.07722887576159704
16205,390,nan,"Mintex Tech, Inc.",COMP SCI,15-1252,software developers,15-1252,0.9524216964146067,15-1299,0.030399696665191878,15-1211,0.007008432810758093
16333,300,nan,Concepts Information Technology Inc,MSTR OF SCIENCE IN INFO SYSS S,15-1252,software developers,15-1252,0.6452804922128027,15-1211,0.2262381282471222,15-1299,0.09907628870507076
16438,300,analyst testing,Tata Consultancy Services Limited,SOFTWARE ENGINEERING,15-1253,software quality assurance analysts and testers,15-1253,0.8101781831202715,15-1299,0.1389979841996602,15-1211,0.026564859213094
16914,300,nan,Xoriant Corporation,COMPUTER ENGINEERING,15-1252,software developers,15-1252,0.9685985669386706,15-1299,0.01760352685688607,15-1211,0.013531837789990737
17518,1600,nan,"KLICHS, LLP",MASTER OF SCI IN ACCOUNTING,13-2011,accountants and auditors,13-2011,0.9850049927464735,13-2051,0.011879212177545737,13-2099,0.0010144084893251933
17565,300,nan,Amazon.com Services LLC,MATHEMATICS & COMP SCIENCE,15-1252,software developers,15-1252,0.9901369957394465,15-1299,0.00612609781563573,15-2051,0.0023753850193904123
17880,290,nan,VERTIS GLOBAL INC,MSTRS IN SCI IN COMP INFO SYS,15-1252,software developers,15-1252,0.3008240692338087,15-2051,0.18594084763047014,15-2041,0.15741570224105053
18035,220,nan,Krigen Pharmaceuticals LLC,PHARMACEUTICAL CHEMISTRY,19-2031,chemists,19-2031,0.9621185222801263,19-1021,0.006873626103467706,15-1299,0.003787876480596702
18087,390,5g radio frequency engr,Mojo Solutions and Services MSS LLC,COMPUTER SCIENCE,15-1252,software developers,15-1252,0.9125822879341342,15-1299,0.0532049057281292,15-2051,0.00873438892693323
18370,300,nan,Tech Mahindra Americas Inc,COMPUTER APPLICATIONS,15-1252,software developers,15-1252,0.8400333005995515,15-1299,0.10019322740544097,15-1211,0.040582579684565176
18574,010,nan,SWA Group,LANDSCAPE ARCHITECTURE,17-1012,landscape architects,17-1012,0.840339036954467,17-1011,0.11267922768680534,17-3011,0.02467747876991064
19296,200,nan,"Willdan Lighting and Electric, Inc.",STATISTICS,15-2041,statisticians,15-2041,0.7563108810718535,15-2031,0.1269544409526034,15-2051,0.09837874854382803
19320,390,nan,American Eagle Outfitters Inc.,COMPUTER SCIENCE,15-1252,software developers,15-1252,0.9845741719444474,15-1299,0.011716958609228103,15-1211,0.0012267972547070783
19629,300,member of technical staff,"VMware, Inc.",COMPUTER SCIENCE,15-1252,software developers,15-1252,0.9998319737372691,15-1299,0.00015949266146243998,15-1253,3.0003200179229648e-06
19767,300,developer,InterSystems Corporation,DOUBLE MAJOR COMPUTER SCIENCE,15-1252,software developers,15-1252,0.9881570523639284,15-1251,0.008282800824203778,15-1299,0.001778214193841489
19807,300,nan,"Apple, Inc.",NEUROSCIENCE,15-1252,software developers,15-1252,0.9967577513014845,15-2031,0.0011671740784172878,15-1221,0.00047634790640024854
19972,300,nan,"Oracle America, Inc.",COMPUTER SCIENCE,15-1252,software developers,15-1252,0.9993074405373807,15-1299,0.0003921530175214615,15-1211,0.0002728460094053333
19994,010,architect 1,"J. Bradley Architects, LLC",ARCHITECTURE,17-1011,architects except landscape and naval,17-1011,0.9620894519609023,17-3011,0.03688399625198855,27-1025,0.00034096024564246694
20389,300,systems analyst,JK Moving Services Inc.,COMPUTER SCIENCE,15-1252,software developers,15-1252,0.7385100513328422,15-1211,0.24875298258155015,15-1299,0.010089394866586589
20432,300,systems analyst,"Birlasoft Solutions, Inc.",INFORMATION TECHNOLOGY,15-1211,computer systems analysts,15-1211,0.9577634041122964,15-1252,0.04181673391723217,15-1299,0.00033481371535399543
20587,300,site reliability engineer,Google LLC,COMPUTER SCIENCE,15-1252,software developers,15-1252,0.9977550897158554,15-1299,0.0022217330446685124,15-2051,1.2476508998384272e-05
20677,390,nan,"Santander Bank, N.A.",MSTR OF BUS ADMIN BUS ANALYTIC,15-1252,software developers,15-1252,0.7398983020800923,15-2051,0.15682523876267535,15-1299,0.07601913932518163
20750,300,sap hybris solutions architect,Mobolutions LLC,COMPUTER SCIENCE,15-1252,software developers,15-1252,0.9872434183710693,15-1299,0.005900801605192596,15-1251,0.003408247979188203
20802,300,nan,SKY Technologies LLC,COMPUTER SCIENCE,15-1252,software developers,15-1252,0.9922762090811235,15-1299,0.005447768860380302,15-1211,0.0014492561542952245
20842,300,nan,"OSS, Inc.",COMPUTER SCIENCE,15-1252,software developers,15-1252,0.9922762090811235,15-1299,0.005447768860380302,15-1211,0.0014492561542952245
20854,300,data operations analyst,"COOSEMANS TAMPA, INC",COMPUTER SCIENCE,15-1252,software developers,15-1252,0.7438341676301843,15-1299,0.21340477221350895,15-1211,0.01975521587740044
20953,320,software developer it analyst,AA TECH GROUP LLC,MANAGEMENT,15-1252,software developers,15-1252,0.9789224025252183,15-1299,0.009849821568095765,13-1111,0.0027838551242176696
21187,300,pro data scientist,"AT&T SERVICES, INC.",BUSINESS ANALYTICS BACHELOR DE,15-1252,software developers,15-1252,0.8339670669508563,15-1299,0.07746270040077481,15-1211,0.03206771938847296
21306,300,nan,LinkedIn Corporation,COMP ENGRG,15-1252,software developers,15-1252,0.9992742145991077,15-1299,0.0005946272621603496,15-1211,7.278075104419055e-05
21379,1600,accountant,"GrubMarket, Inc.",ACCOUNTANCY,13-2011,accountants and auditors,13-2011,0.9999940763051446,13-2051,5.713596683382486e-06,13-2099,1.1020957810015088e-07
21381,300,nan,"Shutterfly, LLC",COMPUTER SCIENCE,15-1252,software developers,15-1252,0.9935866245339686,15-1299,0.004363970615189069,15-1211,0.0011609360516783688
21786,1660,nan,SHIRO Technologies LLC,MBA-INFO SYSS,15-1252,software developers,15-1252,0.9350357925267893,15-1211,0.03383404748602227,15-2051,0.008632255277759545
21848,330,nan,Cognizant Technology Solutions US Corp,ELEC ENGRG,15-1299,computer systems engineers architects,15-1299,0.9578175200938899,15-1211,0.01834519204003032,15-1252,0.016590568902883112
22036,1610,nan,YAS Homes NY Realty Inc,MSTR OF SCI IN INTEGRATED MARK,13-1111,management analysts,13-1111,0.5595684299136656,15-2051,0.12266077054407298,13-2051,0.0877943586023349
22037,300,software development engr in test,"VST Consulting, Inc.",ENGINEERING,15-1252,software developers,15-1252,0.9840778844684268,15-1299,0.005702699623886611,15-1253,0.004494240092290441
22055,300,nan,Pavane Solutions Inc,COMPUTER INFORMATION SCIENCES,15-1252,software developers,15-1252,0.9664317372324086,15-1299,0.02420047554928796,15-1211,0.006169378115987171
22158,500,nan,"Citibank, N.A.",BUS ADMIN,13-2051,financial and investment analysts,13-2051,0.7756020525415737,15-2051,0.07901338794831694,15-1252,0.05941682332281524
22856,300,nan,Personal Capital Corporation,COMPUTER SCIENCE,15-1252,software developers,15-1252,0.9413625108664552,15-1299,0.04134595046092384,15-1211,0.01099915849889717
23343,300,nan,AMSOFT CORP,TELECOMMUNICATIONS SYSS MGT,15-1252,software developers,15-1252,0.8758530243353465,15-1299,0.057633586024859865,15-1211,0.03290119865422062
23411,030,component design engineer,Intel Corporation,ELECTRICAL & COMPUTER ENGINEER,17-2072,electronics engineers except computer,17-2072,0.9999224745746922,15-1252,7.254279953946344e-05,17-2071,2.3820089432674356e-06
23503,030,nan,"Danfoss, LLC",POWER ELECTRONICS AND DRIVES,17-2071,electrical engineers,17-2071,0.5645699157785867,15-1252,0.28267974137631136,17-2072,0.06549831055190876
23509,390,senior ux designer,Edenspiekermann LA Corp.,APPLIED SCIENCE,15-1252,software developers,15-1252,0.9299354863909429,15-1299,0.022297627223818117,15-2051,0.00923177271735264
23587,300,network engineer,BYTEDANCE INC.,COMPUTER SCIENCE,15-1252,software developers,15-1252,0.9943270260702738,15-1299,0.005288591407414796,15-1244,0.00011963865959973781
23646,070,scanner engineer,Bastian Solutions LLC,MECHANICAL & AEROSPACE ENGINEE,17-2141,mechanical engineers,17-2141,0.9689856756312467,17-2199,0.01871137443383072,15-1252,0.003716595918717695
23877,300,ui developer,i28 Technologies Corporation,ELECTRICAL AND ELECTRONICS ENG,15-1252,software developers,15-1252,0.9974085311803872,15-1211,0.0011127577212747437,15-1299,0.000824759045386692
23953,300,nan,Tekresources Inc.,COMP INFO SYSS,15-1252,software developers,15-1252,0.8503088445436491,15-1299,0.11180504823048627,15-1211,0.03266264077464629
23993,1690,nan,"ConMoto Consulting Group, Inc.",MECHANICAL ENGRG,15-1299,computer systems engineers architects,15-1299,0.5750028167726433,17-2141,0.1020694685269962,15-1252,0.07849267752952518
24010,300,nan,"Crystal Dynamics, Inc.",COMPUTER SCIENCE,15-1252,software developers,15-1252,0.9698044895378544,15-1299,0.02129758085666014,15-1211,0.005665741502468989
24219,230,staff engineer hardware developmen,"WESTERN DIGITAL TECHNOLOGIES, INC.",MATERIALS ENGINEERING,17-2131,materials engineers,17-2131,0.8842381244426696,17-2072,0.059993426463189996,17-2112,0.01882414073854422
24348,300,nan,LinkedIn Corporation,COMP SCI,15-1252,software developers,15-1252,0.9996574445637102,15-1299,0.0002571196810884253,15-2051,3.024961711801365e-05
24457,200,nan,"Sunray Enterprise, Inc.",CHEMICAL ENGINEERING,15-1252,software developers,15-1252,0.5526200634738812,15-2031,0.29942747571615475,15-2041,0.08429666314000632
24481,390,nan,"Zazzle, Inc.",COMPUTER SCIENCE,15-1252,software developers,15-1252,0.9697143356956044,15-1299,0.023080237239376918,15-1211,0.002416563259082897
24632,190,nan,SYNERGY BIOLFUELS LLC,ENGRG MGT,15-1252,software developers,15-1252,0.6691867775790811,15-1299,0.18602040577297327,17-2199,0.030544540027441534
24825,300,nan,Avan IT LLC,COMPUTER SCIENCE,15-1252,software developers,15-1252,0.9955717468027152,15-1299,0.0031233496773062043,15-1211,0.0008308968052539638
25442,300,nan,"Uniphy Health Systems, LLC",INFORMATION SYSTEMS,15-1252,software developers,15-1252,0.9501068542104362,15-1299,0.034042845441632344,15-1211,0.010488110347483462
25490,1600,nan,Deloitte Tax LLP,PROFESSIONAL ACCOUNTING,13-2011,accountants and auditors,13-2011,0.9998006688935964,13-2051,0.00018314385572454006,15-1252,4.73296099491594e-06
25620,030,commissioning engineer,TRC Environmental Corporation,ELETRICAL ENGINEERING,17-2071,electrical engineers,17-2071,0.9871029179323458,17-2072,0.008972354705967094,17-2199,0.0011193476990851103
25781,030,nan,"Samsung Semiconductor, Inc.",ELEC & COMP ENGRG,17-2072,electronics engineers except computer,17-2072,0.45923952287661907,15-1252,0.44493802689679457,17-2071,0.09495570005838583
26032,070,nan,"Federal-Mogul Powertrain, LLC",MECHANICAL ENGINEERING,17-2141,mechanical engineers,17-2141,0.9928130546277247,15-1252,0.002886250437896769,17-2199,0.0023010108277709564
26125,300,senior java developer,"Henry Schein One, LLC",INFORMATION TECHNOLOGY,15-1252,software developers,15-1252,0.9868007645244397,15-1299,0.009138086332771597,15-1211,0.0017837571813958608
26318,300,nan,"eInfochips, Inc.",ELECTRONICS ENGINEERING,15-1252,software developers,15-1252,0.8877517548217763,15-1299,0.10550046246022328,15-1211,0.0032711831886541374
26367,010,architectural designer,Backen & Gillam Architects,ARCHITECTURE,17-1011,architects except landscape and naval,17-1011,0.9903142323698249,17-3011,0.00967052378760507,27-1025,1.0075456408487795e-05
26664,070,nan,"Chenbro Micom USA, Inc.",MECHANICAL ENGINEERING,17-2141,mechanical engineers,17-2141,0.9928313289010204,15-1252,0.002886303563839318,17-2199,0.0023010531814653674
26671,300,nan,IQUBE TECHNOLOGIES INC,COMP SCI ENGRG,15-1252,software developers,15-1252,0.8976967685385296,15-1299,0.08269935194011807,15-1211,0.015736818259544483
26717,030,nan,Caresoft Global Inc.,ELECTRICAL ENGINEERING,17-2071,electrical engineers,17-2071,0.7009318706660531,17-2072,0.18258965190680593,15-1252,0.09843982700886884
26862,030,component design engineer,Intel Corporation,ELEC ENGRG APPLIED PHYSICS,17-2072,electronics engineers except computer,17-2072,0.9999173610742861,17-2131,3.432663418841684e-05,15-1252,2.3464749102404843e-05
26975,390,nan,Avideon CRM LLC,INFO TECH,15-1252,software developers,15-1252,0.6773456118116414,15-1299,0.26959259864171226,15-1211,0.025138782467273756
27148,070,nan,King Southwest and Consulting of Cypress,MECH ENGRG,17-2141,mechanical engineers,17-2141,0.9720822788949681,15-1252,0.01904789718782725,17-2199,0.004510515650738205
27381,030,nan,"Qualcomm Technologies, Inc.",ELEC & COMP ENGRG,17-2072,electronics engineers except computer,17-2072,0.594853552845011,15-1252,0.4046129754797189,17-2071,0.0004768570883977822
27896,390,nan,Cloud Data Systems Inc,COMPUTER SCIENCE,15-1252,software developers,15-1252,0.9940160981787383,15-1299,0.003735575550103369,15-1253,0.0010335746106219007
27962,190,nan,"Fresenius USA, Inc.",BIOMEDICAL ENGINEERING,17-2199,validation engineers,17-2199,0.42459820005696125,15-1252,0.3618699886385648,17-2112,0.06911884090264041
28136,1830,product manager,"UBER TECHNOLOGIES, INC.",BUSINESS ADMINISTRATION,13-1111,management analysts,13-1111,0.7980207518140542,15-1252,0.1431278054843783,15-1299,0.02764695891483738
28698,300,nan,"MB IT ASSOCIATES, LLC",SCI/INFO SYSS SECURITY,15-1252,software developers,15-1252,0.9100470795290913,15-1299,0.04313545814846995,15-1211,0.019243760901266355
28739,300,nan,Soothsayer Analytics LLC,BACHELOR OF ENGRG IN INFO & TE,15-1252,software developers,15-1252,0.7968628072434164,15-1211,0.16850378050374226,15-1299,0.025180413222655896
28783,300,nan,Cognizant Technology Solutions US Corp,MSTR OF SCI DEG IN APPLIED COM,15-1299,computer systems engineers architects,15-1299,0.45042587686744706,15-1211,0.276665652621438,15-1252,0.26648282923250943
28812,1620,supply chain analyst,"REGAL HOME COLLECTIONS, INC",SUPPLY CHAIN MGMT,13-1081,logisticians,13-1081,0.9726783259683811,15-2031,0.015528194592386302,15-2051,0.0032445583487667896
28929,1840,program mgr,"Tesla, Inc.",INDUSTRIAL ENGINEERING,17-2112,industrial engineers,17-2112,0.6589938347333872,13-1081,0.14093235167761575,15-2051,0.05723373217849318
28978,300,nan,Dematic Corp.,SOFTWARE ENGRG,15-1252,software developers,15-1252,0.9942770770898756,15-1299,0.0036528208153329632,15-1253,0.0009893620024961974
29336,410,nan,Catalent Pharma Solutions,MEDICAL BIOTECHNOLOGY,19-1029,bioinformatics scientists,19-1029,0.8710766495262657,19-1021,0.027019506961398754,19-2031,0.017356876793095524
29400,300,nan,"Expleo Technology USA, Inc",INFO ASSURANCE,15-1252,software developers,15-1252,0.956327092159324,15-1299,0.02097633514698222,15-1211,0.011974728926474956
29407,300,nan,"Shadow Health, Inc.",COMPUTER SCIENCE,15-1252,software developers,15-1252,0.979664996409768,15-1299,0.014342749628789817,15-1211,0.003815565362952664
29766,300,nan,Nokia of America Corporation,COMPUTER SCIENCE,15-1252,software developers,15-1252,0.9946974022205192,15-1299,0.0042831855933767845,15-1253,0.0005368133371421189
29849,300,nan,"Samsung Research America, Inc.",ELEC ENGRG & COMP SCI,15-1252,software developers,15-1252,0.9808361136025051,15-1221,0.011752003565806461,15-1299,0.003543469605083212
29980,300,nan,Integration Developer Network,BACHELOR OF ENGRG IN ELECS & C,15-1252,software developers,15-1252,0.954416164503922,15-1299,0.03582111926014321,15-1211,0.007436054009998074
30326,300,java developer,Citratek Inc.,COMPUTER INFO SCIENCE,15-1252,software developers,15-1252,0.9986720851013527,15-1251,0.0008394389716419354,15-1299,0.00030218750622554975
30333,300,nan,Jeevan Technologies Inc,BACHELOR DEGREE IN COMP SCI &E,15-1252,software developers,15-1252,0.9586152454662697,15-1299,0.022718773968645883,15-1211,0.010135389143607442
30470,390,nan,JD Finance America Corporation,ELECTRICAL & COMPUTER ENGRG,15-1252,software developers,15-1252,0.9833979152630837,15-1221,0.0075103182640114926,15-1299,0.004602495531914286
30662,500,risk operations analyst,Jefferies LLC,STATISTICS,13-2051,financial and investment analysts,13-2051,0.7534939664754661,15-2051,0.11670850905304465,15-2041,0.0700915767842816
30753,300,nan,"Oracle America, Inc.",COMP SCI,15-1252,software developers,15-1252,0.9993542917978968,15-1299,0.0003506131336665156,15-1211,0.0002685678324627681
31083,300,nan,Infosys Limited,OTHERS,15-1299,computer systems engineers architects,15-1299,0.9813721522180631,15-1211,0.013847515123404756,15-1251,0.0020646752019814253
31716,300,nan,Left Right LLC,ELECTRICAL ENGINEERING,15-1252,software developers,15-1252,0.9681882616531654,15-1299,0.023788914131569514,15-1211,0.004514401828395727
31770,320,nan,Veridic Solutions LLC,COMPUTER SCIENCE,15-1252,software developers,15-1252,0.9992856684324564,15-1299,0.0006714548907710157,15-1251,1.8981978998652724e-05
31927,290,chief scientist,Syzygy Plasmonics Inc.,CHEMISTRY,19-2031,chemists,19-2031,0.28575758880581353,15-2041,0.280543215942046,15-2031,0.0964011436073342
31942,1190,legal consultant,Davis Polk & Wardwell LLP,LAW,23-1011,lawyers,23-1011,0.9991430000294346,23-1012,0.000819125327196963,23-2011,3.356149682103608e-05
32226,200,nan,PricewaterhouseCoopers LLP,BUSINESS ADMINISTRATION,15-2031,operations research analysts,15-2031,0.6675342837582776,15-2051,0.15951808494225456,15-1252,0.07195263587320894
32615,300,technology architect us,Infosys Limited,BIO INFORMATICS,15-1299,computer systems engineers architects,15-1299,0.9997578298345974,15-1211,0.00016210370396137214,15-1253,3.53426665326104e-05
32802,070,nan,Tata Consultancy Services Limited,MECHANICAL ENGINEERING,17-2141,mechanical engineers,17-2141,0.9286159089346268,15-1299,0.0549057892355204,15-1252,0.009617396591843257
33321,300,nan,"DoorDash, Inc.",COMPUTER SCIENCE,15-1252,software developers,15-1252,0.9962526443522175,15-1299,0.002878736937464645,15-1211,0.000612658478014267
33725,300,data engineering consultant,Accenture LLP,BUSINESS ANALYTICS,15-1211,computer systems analysts,15-1211,0.5704817607533917,15-1299,0.29025652414251313,15-2051,0.08091849865352342
33912,390,management associate,Mastercard International Incorporated,BUSINESS ADMINISTRATION,13-1111,management analysts,13-1111,0.5508834233314124,15-1252,0.2948484636745523,15-2051,0.11660798134895262
34101,300,test engineer,Tata Elxsi Limited,COMPUTER ENGINEERING,15-1252,software developers,15-1252,0.8200611134164681,15-1253,0.12694776221752427,15-1299,0.052635715986278656
34114,,director of marketing and intake,"Klein & Babbitt, LLC",MASTER OF LAWS,15-1299,computer systems engineers architects,15-1299,0.26169456296246907,15-1252,0.12433915700403372,13-1111,0.12026033431994002
34179,300,nan,"Arista Networks, Inc.",ELECTRICAL & COMP ENGRG,15-1252,software developers,15-1252,0.9991013778404273,15-1299,0.00039707136672295846,15-1253,0.00028505198175407764
34327,190,dental material engineer,DENTCA INC,MECHANICAL ENGINEERING POLYMER,15-1252,software developers,15-1252,0.2997303778651712,17-2199,0.1476575169282428,15-1299,0.1275661290992976
34466,030,senior member of technical staff i,"Maxim Integrated Products, Inc.",ELECTRICAL ENGINEERING,17-2072,electronics engineers except computer,17-2072,0.8073262145593292,17-2071,0.18759345769731745,15-1252,0.004245381388943056
34518,010,nan,Peter Walker and Partners Landscape Arch,LANDSCAPE ARCHITECTURE,17-1011,architects except landscape and naval,17-1011,0.5017731759589267,17-1012,0.1720191282871398,15-1252,0.12775417907478687
34564,300,nan,MOORE INFOTECH INC,COMPUTER SCIENCE,15-1252,software developers,15-1252,0.9978322610426563,15-1299,0.0016538181287168352,15-1211,0.00021998052437200525
34807,300,nan,Tata Consultancy Services Limited,APPLIED COMPUTER SCIENCE,15-1299,computer systems engineers architects,15-1299,0.8284317073310387,15-1211,0.1198188575820406,15-1252,0.04841207258801077
35009,300,nan,ROBOTICS TECHNOLOGIES LLC,MSTR OF SCI IN BUS ANALYTICS,15-1252,software developers,15-1252,0.864633219709107,15-2051,0.06172589537917268,15-1299,0.04084790152198602
35083,200,principal biostatistician,Novartis Pharmaceuticals Corporation,STATISTICS,15-2041,statisticians,15-2041,0.997047882128725,15-2031,0.002505591515921008,15-2051,0.00039089945655935483
35237,300,nan,"Credit Karma, Inc.",SOFTWARE ENGINEERING,15-1252,software developers,15-1252,0.9931408364549429,15-1299,0.004512423835942157,15-1211,0.001300923387452968
35357,490,research scientist,"LACTALIS AMERICAN GROUP, INC.",AGRICULTURE & LIFE SCIENCE FOO,15-1221,computer and information research scientists,15-1221,0.28292219965852816,15-2041,0.2064346526949056,19-1029,0.17586263451971787
35406,100,nan,"IDEAL OIL AND GAS CONNECTIONS, INC.",PETROLEUM ENGINEERING,15-1252,software developers,15-1252,0.7242033526431629,15-2051,0.1035068490477111,15-1299,0.06823635905900345
35418,300,researcher,Microsoft Corporation,ELECTRONIC ENGINEERING,15-1252,software developers,15-1252,0.9342234661532396,15-1299,0.05421008905292474,15-1221,0.009126419232688747
35492,120,nan,Stanley Black & Decker Inc.,SUPPLY CHAIN MANAGEMENT,17-2112,industrial engineers,17-2112,0.8942422397397282,15-2031,0.06406820156764369,13-1081,0.015666161880630303
35540,300,technical consultant,"Yardi Systems, Inc.",COMPUTER SCIENCE,15-1252,software developers,15-1252,0.9911537044413999,15-1211,0.004922406255428538,15-1299,0.0036360287925261575
36041,300,apps systems engineer 6,VISTA APPLIED SOLUTIONS GROUP INC,COMPUTER SCIENCE,15-1252,software developers,15-1252,0.9981654646942075,15-1299,0.0009059020152203128,15-1211,0.0004292392333339302
36429,080,nan,"TriNova, Inc.",CHEMICAL ENGINEERING,17-2041,chemical engineers,17-2041,0.4538882303688445,15-1252,0.13481406766202214,17-2131,0.11288136036775841
36556,300,developer i,"Insurance Services Office, Inc.",INFORMATION MANAGEMENT,15-1252,software developers,15-1252,0.9695237750395598,15-2051,0.013072050019816237,15-1299,0.007526009196024458
37074,720,denitst,"DR. MINGHAO ERIC CHEN, P.C.",DENITISTRY,29-1021,dentists general,29-1021,0.6235545864496004,15-1252,0.08794707279780167,15-1299,0.027070295807820628
37262,,team leader engineering pm1,Schlumberger Technology Corporation,OPERATION RESEARCH,15-1252,software developers,15-1252,0.7355661805152821,15-1299,0.09851761493223556,17-2141,0.04873846181069658
37293,390,software developer applications,Ciber Global LLC,COMPUTER SCIENCE AND ENGINEERI,15-1252,software developers,15-1252,0.9995437956524647,15-1299,0.00018898474068626883,15-1251,0.00018717975956617574
37473,300,nan,"HCL Global Systems, Inc.",INFORMATION SYSS SECURITY,15-1252,software developers,15-1252,0.984050828898128,15-1211,0.009952282840710135,15-1299,0.004358395535007533
37537,030,nan,"PBS Engineers, Inc.",ELECTRICAL ENGRG,15-1252,software developers,15-1252,0.4958861353729877,17-2071,0.2551943050338222,17-2072,0.22791347927633598
37806,300,software developer applications,"Apple, Inc.",COMPUTER ENGINEERING,15-1252,software developers,15-1252,0.9999876933646851,17-2072,5.043835599676268e-06,15-1299,2.0517343936229694e-06
37819,300,sap systems analyst functional,FLUXTEK SOLUTIONS INC.,MASTER S IN INDUSTRIAL ENGINEE,15-1211,computer systems analysts,15-1211,0.5460901748536924,15-1252,0.3045520217284938,15-1299,0.05727114624116826
38551,1860,manager finance,Kraft Foods Group Brands LLC,BUSINESS ADMINISTRATION FINANC,13-2051,financial and investment analysts,13-2051,0.791658224149585,13-2099,0.09139381050120218,11-3031,0.07798330641479659
38836,010,architect i,Aedis Inc.,ARCHITECTURE,17-1011,architects except landscape and naval,17-1011,0.9866891059736613,17-3011,0.012609027574458021,27-1025,0.0002331188361330581
38857,1310,pharmacy mgmt analyst,Unipharma Inc.,BUSINESS ADMINISTRATION,13-1111,management analysts,13-1111,0.39209103839607384,15-1252,0.2013113708944962,15-1211,0.11594181477353933
38894,300,manager,"Capgemini America, Inc.",ELECTRONIC ENGINEERING,15-1211,computer systems analysts,15-1211,0.9027257279802303,15-1252,0.08428437276578214,15-1299,0.012046468397396367
38934,1600,staff accountant,Woda Cooper Companies Inc.,ACCOUNTING,13-2011,accountants and auditors,13-2011,0.9999230275444847,13-2051,7.462823849231683e-05,13-2099,7.010049020717772e-07
38971,300,nan,"Altisource Solutions, Inc.",COMPUTER ENGINEERING,15-1252,software developers,15-1252,0.8505811489314086,15-1299,0.09919301650428416,15-1211,0.03978245713703906
39112,790,nan,Bilinguals Inc.,SPEECH LANGUAGE PATHOLOGY,15-2041,statisticians,15-2041,0.19838398273755442,29-1127,0.18058758950582257,15-2051,0.1311133863744185
39200,300,nan,Microsoft Corporation,APPLIED COMP SCI,15-1252,software developers,15-1252,0.9692608702939653,15-1299,0.03055935767601226,15-1211,0.00011916013386525335
39303,300,nan,ITC INFOTECH USA INC,ELEC & COMP ENGRG BUS ADMIN,15-1252,software developers,15-1252,0.9828369344646513,15-1299,0.009317127082108342,15-1211,0.004156593520756802
39911,120,amo maintenance planner,Baker Hughes Company,INDUSTRIAL ENGINEERING,17-2112,industrial engineers,17-2112,0.9555279644903318,17-2199,0.01866103367569544,17-2141,0.01293860872339167
40425,1850,nan,"Schnuck Markets, Inc.",INFORMATION TECH AND MGT,15-1299,computer systems engineers architects,15-1299,0.25200320167185947,15-2041,0.14591606175527652,15-2051,0.13334493774909967
40650,,program manager,Commonwealth Electrical Technologies Inc,ENERGY SYSTEMS,15-1252,software developers,15-1252,0.50840616114901,15-1299,0.3915869183603136,15-2051,0.02748297037567363
40707,200,royalty analyst,"HDMI Licensing Administrator, Inc.",PUBLIC ADMINISTRATION & FINANC,15-2031,operations research analysts,15-2031,0.3978143883089711,15-2041,0.3215643896968118,15-2051,0.13381996975893373
40878,300,ios developer,Dataquad Inc.,COMPUTER NETWORKING,15-1252,software developers,15-1252,0.9995499756359599,15-1299,0.00020956382958582136,15-1211,9.83449369747674e-05
40933,300,nan,"FedEx Corporate Services, Inc.",MSTR OF BUS ADMIN QUANTITATIVE,15-1252,software developers,15-1252,0.9534798866852577,15-1299,0.03929924895257077,15-2051,0.00456148664043474
41076,390,nan,"Salesforce.com, Inc.",INFORMATION TECHNOLOGY MOBILIT,15-1252,software developers,15-1252,0.9933384439992131,15-1299,0.005552496500245025,15-1253,0.0004622727945143877
41357,070,nan,"Turnkey Processing Solutions, LLC",MECHANICAL ENGINEERING,17-2141,mechanical engineers,17-2141,0.9928313289010204,15-1252,0.002886303563839318,17-2199,0.0023010531814653674
41509,070,nan,"Testengeer, Inc.",MECHANICAL ENGRG,17-2141,mechanical engineers,17-2141,0.998542820109012,15-1252,0.0007741594322143998,17-2199,0.0003730457750712589
41590,300,senior software developer,Envision InfoSolutions Inc,COMPUTER SCIENCE,15-1252,software developers,15-1252,0.9992521661055513,15-1211,0.00038648162673564926,15-1251,0.0002166169828542142
41740,390,nan,"PayPal, Inc.",PHYSICS,15-1252,software developers,15-1252,0.975109819093864,15-1299,0.013523131986806785,15-2051,0.009274561317041215
42057,300,nan,"CREST360, INC",MSTR OF SCI INFO SYS TECH-INTE,15-1252,software developers,15-1252,0.9740666149411638,15-1299,0.014206132221155387,15-1211,0.006337695796686169
42207,300,nan,"Oracle America, Inc.",COMP SCI,15-1252,software developers,15-1252,0.9993542917978968,15-1299,0.0003506131336665156,15-1211,0.0002685678324627681
42222,050,nan,Herrero Builders Incorporated,CIVIL ENGRG/ENGRG & PROJECT MA,17-2051,civil engineers,17-2051,0.9330641030451047,15-1252,0.01898140159957245,15-1299,0.01303800433072701
42261,390,nan,Ciber Global LLC,ELECS & COMM ENGRG,15-1252,software developers,15-1252,0.9245348281346922,15-1299,0.06619800041332041,15-1253,0.004074327801803153
42347,1600,audit and assurance assistant,Deloitte & Touche LLP,ACCOUNTING,13-2011,accountants and auditors,13-2011,0.9999899215345833,13-2051,9.48610666735464e-06,13-1111,3.6019654795160634e-07
42802,300,nan,Aetna Resources LLC,MANAGEMENT INFO SYSTEMS,15-1252,software developers,15-1252,0.9796010641079479,15-1299,0.010372953714900992,15-2051,0.008150859960966744
42815,300,nan,Tata Consultancy Services Limited,COMPUTER INFORMATION SYSTEMS,15-1299,computer systems engineers architects,15-1299,0.8145793545948107,15-1211,0.10682187036937822,15-1252,0.07340148827859269
42996,190,clinical data programmer biomedica,"Agios Pharmaceuticals, Inc.",BIOMEDICAL ENGINEERING,17-2199,validation engineers,17-2199,0.4819237137734235,17-2031,0.23961954675668523,17-2112,0.062300780118725474
43149,300,sales operations ii,"AMAZON WEB SERVICES, INC.",BUSINESS ANALYTICS,15-1252,software developers,15-1252,0.5204419016921304,15-2051,0.3495826313623561,15-1299,0.10443081938217813
43718,300,nan,Visa Technology & Operations LLC,INFO SYSS ENGRG & MGT,15-1252,software developers,15-1252,0.9831482069097542,15-1299,0.013934072930095558,15-1211,0.0021694154390102423
44139,1990,nan,"Bertelsmann, Inc.",COMP SCI,15-1252,software developers,15-1252,0.9428620191513342,15-2051,0.027317218855224635,15-1299,0.02065642751104632
44350,050,field engineer,M. A. Mortenson Company,MECHANICAL ENGRG,17-2051,civil engineers,17-2051,0.9313333378444622,17-2141,0.058161217174354116,17-2199,0.0052415281253032405
44457,1610,nan,Adobe Inc.,BUS ADMIN,13-1111,management analysts,13-1111,0.4273476190332401,15-2051,0.28780446058437503,15-1252,0.10351937469151933
44742,1320,nan,Law Office of Robert B. Jobe P.C.,ENGLISH,15-1252,software developers,15-1252,0.7098430058208459,15-1299,0.154787040548304,15-1211,0.04002935084538424
44868,1190,nan,Davis Polk & Wardwell LLP,LAW,23-1011,lawyers,23-1011,0.999234410977217,23-1012,0.0004500503639274337,13-1111,8.647893250644353e-05
45146,390,c sharp net engineer,Axxess Consult Inc.,COMPUTER SCIENCE,15-1252,software developers,15-1252,0.9953623693911879,15-1299,0.0022378563925349298,15-1251,0.00057628987653207
45282,390,nan,Bard na nGleann International Inc,ENGRG MGT,15-1252,software developers,15-1252,0.8453490152192923,15-1299,0.11439232097852399,15-2051,0.02010267968744313
45344,910,nan,Henderson Collegiate School,MATHEMATICS,15-1252,software developers,15-1252,0.8540133148863774,15-1299,0.0399959542679084,15-2031,0.025525057857432306
45520,390,nan,"Axiom Software Laboratories, Inc.",COMPUTER SCIENCE,15-1252,software developers,15-1252,0.8504711901274234,15-1299,0.060726368923841104,15-2051,0.03862931080975382
45523,200,nan,Finco Services Inc,MATHEMATICAL SCIENCES,15-2031,operations research analysts,15-2031,0.4127697016361423,15-2041,0.3539962719807746,15-2051,0.14906140843097504
45828,390,nan,"MX Technologies, Inc.",INFO SCI & TECHS,15-1252,software developers,15-1252,0.7862176300611219,15-1299,0.12116716728130951,15-2051,0.03332857156372094
45949,070,nan,"Wabtec US Rail, Inc.",MECHANICAL ENGINEERING,17-2141,mechanical engineers,17-2141,0.9819654614012938,15-1252,0.00856414476952578,17-2112,0.005970040096850676
45993,300,nan,Ciber Global LLC,MECHANICAL ENGRG,15-1252,software developers,15-1252,0.9723068476274129,15-1299,0.01701676408812525,17-2141,0.0045812750864153975
46142,1990,senior data analyst,"Capital One Services, LLC",INFORMATION AND COMMUNICATIONS,15-2031,operations research analysts,15-2031,0.4856922557968144,15-2051,0.47377165438165214,15-2041,0.03882291972152627
46180,300,nan,"Verata Health, Inc.",BUS ANALYTICS & INFO SYSTEMS,15-1252,software developers,15-1252,0.9484174476519726,15-1299,0.022477090493845435,15-2051,0.01118112403848348
46433,300,rf engineer,"Unified Business Technologies, Inc.",BACHELOR OF SCIENCE IN TELECOM,17-2071,electrical engineers,17-2071,0.7382998999594874,17-2072,0.06696795229626305,15-1252,0.037746308365332916
46435,330,sr asso jc60 sqa engineers teste,Cognizant Technology Solutions US Corp,ELECTRONIC ENGINEERING,15-1299,computer systems engineers architects,15-1299,0.9129343567771278,15-1211,0.046847550684238314,15-1253,0.03913031591976412
46653,500,tax itts transfer pricing senior,Ernst & Young U.S. LLP,DOCTOR OF PHILOSOPHY IN ECONOM,13-2051,financial and investment analysts,13-2051,0.7621269318683044,13-2011,0.06700573332192741,15-2031,0.046313992472441175
46704,300,technology lead us,Infosys Limited,COMPUTER SCIENCE ENGINEERING,15-1299,computer systems engineers architects,15-1299,0.9999532683665056,15-1211,3.917652745733255e-05,15-1251,3.0767914537400338e-06
46711,320,nan,"Charlotte's Web Holdings, Inc.",BUSINESS ANALYTICS,15-1252,software developers,15-1252,0.9498683883037061,15-2051,0.026232328374831047,15-1299,0.01600020688100678
46892,1990,nan,"American Express TRS Co, Inc.",BUS ADMIN GEN MGMT/MARKETING,15-1252,software developers,15-1252,0.7392196085660104,15-2051,0.10323839892139669,15-1299,0.08657378780500852
46978,1610,nan,S2 IT GROUP LLC,IND TECH & OPS,13-1111,management analysts,13-1111,0.9604986799191675,15-2051,0.013350755558152636,13-2051,0.01080863395035484
47244,300,nan,Digital Scripts Inc,INFO QUALITY,15-1252,software developers,15-1252,0.9386169808145254,15-1299,0.027021588314185035,15-1211,0.01542577351848427
47693,310,enterprise applications analyst,"Boveda, Inc.",MATHEMATICS,15-1252,software developers,15-1252,0.5338368260291838,15-2051,0.19667356417615317,15-1299,0.07847347275530014
47729,300,nan,"QUEST GLOBAL SERVICE NA, INC",ELECS ENGRG,15-1252,software developers,15-1252,0.9926271265173668,15-1299,0.0037512480393359264,15-1211,0.0030592419023124616
47904,300,java backend developer,"Enfec, LLC",COMPUTER ENGINEERING,15-1252,software developers,15-1252,0.9951354686969958,15-1299,0.0028776064667804194,15-1211,0.001027788172090785
48028,300,quality engineer,"Stark Associates, LLC.",INDUSTRIAL ENGINEERING,15-1252,software developers,15-1252,0.5467730844831158,17-2112,0.2457323594447023,17-2199,0.1081140822776987
48429,220,nan,Havix Group Inc.,CHEMISTRY,19-2031,chemists,19-2031,0.994749785603429,19-1021,0.0017422598265606863,17-2131,0.0010544126245554922
48473,330,nan,"Cisco Systems, Inc.",COMPUTER SCIENCE,15-1252,software developers,15-1252,0.6568563388889649,15-1299,0.3377600565457768,15-1253,0.003877816530717821
48790,200,nan,Amazon.com Services LLC,BACHELORS OF SCI IN OPS MGT WO,15-1252,software developers,15-1252,0.5920153995293679,15-2031,0.1979864345120783,15-2051,0.13848500655502427
48870,030,asics engineer,"Qualcomm Technologies, Inc.",COMPUTER ENGINEERING,17-2072,electronics engineers except computer,17-2072,0.999014246611899,15-1252,0.00097907520294666,17-2071,3.146978350674742e-06
49098,300,nan,CovetIT Inc,MSTR OF SCI IN COMP SCI,15-1252,software developers,15-1252,0.9400809459023358,15-1299,0.04330197440943523,15-1211,0.006741745381607575
49875,300,nan,Google LLC,MECHANICAL ENGRG,15-1252,software developers,15-1252,0.9924731969179776,15-1299,0.007049844999763207,15-2051,0.0002516091107501977
49890,300,nan,Infosys Limited,ELECTRICAL & ELECS ENGRG,15-1299,computer systems engineers architects,15-1299,0.9455708295905136,15-1211,0.04105337090728895,15-1252,0.009188925818720878
50105,300,nan,Ciber Global LLC,MGT & INFO SCI/STUDIES,15-1252,software developers,15-1252,0.9702301485156657,15-1299,0.01711184538443976,15-1251,0.005393571736331527
50273,300,nan,Datum Consulting Group LLC,SYSTESM AND COMP ENGRG,15-1252,software developers,15-1252,0.8229740422021938,15-1299,0.07801654035977848,15-1211,0.06961009403725667
50371,120,nan,Intel Corporation,PHYSICS,17-2131,materials engineers,17-2131,0.640329728409248,15-1252,0.2864699749038112,17-2112,0.055400294110831444
50433,070,structural mechanics simulation sc,"W.L. Gore & Associates, Inc.",MECHANICAL ENGINEERING,17-2141,mechanical engineers,17-2141,0.9847806574977932,17-2199,0.009006693938540505,17-2112,0.003752512459889136
50438,1410,nan,Moxtra Inc.,WEB DESIGN & NEW MEDIA,27-1024,graphic designers,27-1024,0.8016133599569055,15-1252,0.15202013796314126,27-1021,0.009916320805299415
50614,1690,nan,JAAV Inc.,MARKETING,13-1161,market research analysts and marketing specialists,13-1161,0.6221768474055644,15-1299,0.24560130878413317,15-2051,0.0529231433262725
50696,300,nan,ZENSAR TECHNOLOGIES INC.,BUS ADMIN,15-1252,software developers,15-1252,0.6420715941772803,15-1211,0.22102010973795366,15-1299,0.11443969756336772
50703,030,nan,"Analog Devices, Inc.",ELECTRICAL ENGINEERING,17-2072,electronics engineers except computer,17-2072,0.9134979389044724,15-1252,0.0703564977842942,17-2071,0.01518082027148291
50779,300,nan,"Nexzentek Solutions, Inc.",TECH,15-1252,software developers,15-1252,0.9303499819808854,15-1299,0.060434771554773434,15-1211,0.004704587349360299
50849,1610,senior associate,"Avant Energy, Inc.",MASTER OF BUSINESS ADMINISTRAT,13-1111,management analysts,13-1111,0.5576611370911031,13-2051,0.2340350436033395,15-2031,0.08978268532786114
51418,300,consultant,Deloitte Consulting LLP,COMPUTER ENGINEERING,15-1252,software developers,15-1252,0.7729475455184533,15-1211,0.19020858008942743,15-1299,0.03523328671426234
51657,300,application developer,IBM Corporation,BACHELOR OF SCIENCE IN COMPUTE,15-1211,computer systems analysts,15-1211,0.6949074822192859,15-1251,0.2535046052743138,15-1252,0.047621254027976664
51799,300,nan,"Lowe's Companies, Inc.",INFO TECH,15-1252,software developers,15-1252,0.9673572518060959,15-1299,0.028420005326111705,15-1211,0.0022444387382969085
51826,300,nan,"Medtronic, Inc.",SOFTWARE ENGINEERING,15-1252,software developers,15-1252,0.9885505875481978,15-1299,0.006737351446865216,15-1211,0.003237276456208245
52101,300,lead consultant us,Infosys Limited,PRODUCTION ENGINEERING SYSTEM,15-1211,computer systems analysts,15-1211,0.9390728442027659,15-1299,0.059175050790546725,15-1253,0.0008530372934918499
52276,300,nan,Cognizant Technology Solutions US Corp,COMP SCI,15-1252,software developers,15-1252,0.6358210483237972,15-1299,0.27485025755588455,15-1211,0.08661283073996377
52665,1690,nan,"Menusifu, Inc",MSTR OF BUS ADMIN,15-1299,computer systems engineers architects,15-1299,0.499756091581991,13-1111,0.12321333324691532,15-2051,0.08723566167042533
52691,1190,nan,Faraday & Future Inc.,LAW,23-1011,lawyers,23-1011,0.9468855530283083,23-1012,0.02772072488564737,15-1299,0.008631376795798573
52792,030,nan,"PBS Engineers, Inc.",MGT SCI,15-1252,software developers,15-1252,0.4643657372016474,15-1299,0.21678328242039463,17-2072,0.1397066770853239
53040,100,nan,"Bristol, Inc.",BUS ADMIN BACHELORS US EQUIVAL,15-1252,software developers,15-1252,0.6369372356617028,15-1299,0.10802504566384928,15-2051,0.0744826328600754
53548,300,nan,"Facebook, Inc.",COMPUTER SCIENCE,15-1252,software developers,15-1252,0.9982540284128966,15-1299,0.0015314019976743842,15-1221,0.0001000776027666188
54039,120,nan,Intel Corporation,POLYMER SCI & ENGRG,17-2112,industrial engineers,17-2112,0.5520053933007721,17-2131,0.3137807780234102,15-1252,0.09957106770904671
54096,1600,analyst,Goldman Sachs & Co LLC,ECONOMICS,13-2051,financial and investment analysts,13-2051,0.9884729016287601,13-2099,0.008367444517685287,13-2011,0.0025773295621824557
54152,1090,data scientist,"Axbio, Inc.",PHYSICS,15-2051,business intelligence analysts,15-2051,0.6733750090577804,15-1221,0.26455955930125774,15-2041,0.05441578189215805
54268,070,nan,Mercer Spring & Wire LLC,INDUSTRIAL ENGINEERING,17-2141,mechanical engineers,17-2141,0.7161860407242789,17-2112,0.16384041104206093,15-1252,0.07610813231444341
54865,390,delivery optimization engineer,E-IT PROFESSIONALS CORP.,COMPUTER & INFORMATION SYSTEM,15-1252,software developers,15-1252,0.7369871752077941,15-1253,0.057220845797304104,15-2051,0.055075261083778686
54952,,hr specialist,Truefresh HPP LLC,MASTERS IN INTERNATIONAL MARKE,15-1252,software developers,15-1252,0.3910392791366448,15-1299,0.16938122382417597,15-1211,0.08785692312538232
55262,300,senior data scientist,IBM Corporation,BUSINESS INTELLIGENCE AND DATA,15-2051,business intelligence analysts,15-2051,0.31234864123667794,15-1252,0.30088985834341164,15-1299,0.1936950202335724
55520,1890,growth analyst,2ND KITCHEN INC.,BUSINESS MANAGEMENT,13-1111,management analysts,13-1111,0.42893193209083696,15-1299,0.31367500775974594,13-1161,0.12289472766451144
55587,330,solution architect ii,Persistent Systems Inc,APPLIED COMPUTER SCIENCE,15-1299,computer systems engineers architects,15-1299,0.999791910712989,15-1253,0.00015375424404198766,15-1252,2.9463604613067158e-05
55630,300,nan,"Nutanix, Inc.",ELECTRICAL ENGINEERING,15-1252,software developers,15-1252,0.9990608434049549,15-1299,0.0006344403449940727,15-1211,0.00015406249527735215
55737,300,nan,Infosys Limited,ELECS & COMM ENGINEERING,15-1299,computer systems engineers architects,15-1299,0.967355039433137,15-1211,0.022989016597844823,15-1252,0.007350862112777621
55793,200,sr sas programmer,"NexPro Technologies, Inc.",ANALYTICS,15-2041,statisticians,15-2041,0.9769560955366616,15-2031,0.013649535311225803,15-2051,0.008931392705197366
55823,300,software developer net,Appridat Solutions LLC,COMPUTER SCIENCE,15-1252,software developers,15-1252,0.9985799368153357,15-1299,0.0006904976582332329,15-1211,0.00032717521371980403
55887,300,nan,IBM Corporation,BACHELOR OF SCI IN COMP SCI,15-1211,computer systems analysts,15-1211,0.40897286480670797,15-1252,0.2536125860541177,15-1299,0.2249080649188619
56112,300,nan,"T-MOBILE USA, INC.",COMPUTER ENGINEERING,15-1252,software developers,15-1252,0.9038630434290921,15-1299,0.08432531277902047,15-1211,0.00845490000058098
56274,300,solution engineer i,"The Most Group, Inc.",MANAGEMENT INFORMATION SYSTEMS,15-1252,software developers,15-1252,0.9976659470001858,15-1299,0.0010019887536335543,15-1211,0.0007876138392248028
56780,300,computer specialist system support,Accenture LLP,COMPUTER INFORMATION SYSTEMS,15-1299,computer systems engineers architects,15-1299,0.9902544014911367,15-1211,0.00837932845649211,15-1251,0.0006063994202907141
56926,300,nan,"Lorhan Corporation, Inc.",MSTR OF SCI IN ELEC & COMP ENG,15-1252,software developers,15-1252,0.9945732499971461,15-1299,0.0032722854959160376,15-1211,0.000934022352071055
56997,300,nan,"Lowe's Companies, Inc.",COMPUTER ENGINEERING,15-1252,software developers,15-1252,0.9834971349256237,15-1299,0.013763208506441115,15-1211,0.0018399623675522836
57183,300,nan,"Juniper Networks, Inc.",COMP SYSS ENGRG,15-1252,software developers,15-1252,0.9986128680319029,15-1299,0.0005261732976678237,15-1211,0.0004806012157049724
57462,010,nan,PLAT Studio Inc.,LANDSCAPE ARCHITECTURE,17-1011,architects except landscape and naval,17-1011,0.5017731759589267,17-1012,0.1720191282871398,15-1252,0.12775417907478687
57616,390,nan,Ciber Global LLC,COMP SCI,15-1252,software developers,15-1252,0.9923811777449705,15-1299,0.005893048561344985,15-1251,0.0006697201167161844
57720,300,nan,Unisys Corporation,INFO TECH,15-1299,computer systems engineers architects,15-1299,0.6959638660764554,15-1252,0.28426976777186214,15-1211,0.01648889481426353
57756,300,nan,"Salesforce.com, Inc.",COMPUTER SCI,15-1252,software developers,15-1252,0.9884707569680652,15-1299,0.011102430676845172,15-1253,0.0001914045009757281
57888,300,nan,"RingCentral, Inc.",BIOTECHNOLOGY & CHEMICAL ENGIN,15-1252,software developers,15-1252,0.8835922367828628,15-1299,0.1047038027136534,15-1211,0.004671087386946827
57956,300,nan,Aricent Technologies Holdings Ltd.,MECH ENGRG,15-1252,software developers,15-1252,0.9910613167484823,15-1299,0.005202898381695025,17-2141,0.0014988115200420848
57981,1890,nan,"Bain & Company, Inc.",ECONOMICS,13-1111,management analysts,13-1111,0.9941140836450676,15-2051,0.0037305650557348294,13-1161,0.0005889076787038149
58376,1410,nan,Implus Footcare LLC,IND DESIGN,27-1024,graphic designers,27-1024,0.48749900306099714,15-1252,0.25680732481460855,27-1021,0.09045875633004061
58428,300,nan,"Svanaco, Inc.",COMPUTER SCIENCE,15-1252,software developers,15-1252,0.9481668026796857,15-1299,0.041644804418866734,15-1211,0.007385774573684878
58547,990,instructional coordinator,New Arts,FINE ARTS DANCE,25-9031,instructional coordinators,25-9031,0.7421525699169671,15-2051,0.01951435864810834,15-2041,0.018245475439989674
59323,300,java developer,"The Hatch Group, LLC",COMPUTER SCIENCE,15-1252,software developers,15-1252,0.9987809967455228,15-1299,0.0006642531482798935,15-1251,0.0004574484285540899
59605,300,nan,Adobe Inc.,COMP SCI,15-1252,software developers,15-1252,0.9880880165581859,15-1299,0.011300769108122314,15-1211,0.00022065155463066836
59640,070,nan,SUNRISE ELECTRONICS INC,MSTR OF SCI IN MECH ENGRG,17-2141,mechanical engineers,17-2141,0.9754477223813204,17-2199,0.00863737790686057,17-2112,0.008095486188132621
59737,,ui developer,Conflux Systems Inc.,COMPUTER SYSTEMS AND INFORMATI,15-1252,software developers,15-1252,0.9982512115334246,15-1299,0.0004439988968734871,15-1251,0.0003594190104942022
59804,1100,nan,Duane Morris LLP,LAW,23-1011,lawyers,23-1011,0.9994956612694853,23-1012,0.0002438429759004963,13-2011,9.158682588189282e-05
59840,070,nan,"ASML US, LP",MECHANICAL ENGINEERING,17-2141,mechanical engineers,17-2141,0.9867821046710337,15-1252,0.0066433460173092145,17-2199,0.006018508129938407
60031,300,nan,IQUBE TECHNOLOGIES INC,COMP INFO SYSS,15-1252,software developers,15-1252,0.9154847364165211,15-1299,0.05848947497654508,15-1211,0.02186493269317877
60076,300,architect,Tata Consultancy Services Limited,COMPUTER SCIENCE,15-1299,computer systems engineers architects,15-1299,0.9981024348193777,15-1252,0.0016297007039914298,15-1211,0.00023201057067325715
60244,010,project designer,"HPA, Inc.",ARCHITECTURE,17-1011,architects except landscape and naval,17-1011,0.993713554190351,17-3011,0.006145510578732139,27-1025,8.563799525640541e-05
60535,330,nan,Cognizant Technology Solutions US Corp,COMPUTER ENGINEERING,15-1299,computer systems engineers architects,15-1299,0.9651985242814305,15-1211,0.019348947364285045,15-1252,0.011786145760962886
60540,300,nan,Microsoft Corporation,APPLIED COMPUTER SCIENCE,15-1252,software developers,15-1252,0.9623393230805677,15-1299,0.03748322711359511,15-1211,0.00011699589098712986
60656,790,sterile packaging engr,"WishBone Medical, Inc.",PACKAGING,17-2112,industrial engineers,17-2112,0.2584533435587882,15-2041,0.13507427610684117,17-2199,0.08340463050564918
60862,300,hardware development engineer,"Apple, Inc.",ELECTRICAL ENGINEERING,15-1252,software developers,15-1252,0.5202196564354752,17-2072,0.26202341038381416,17-2071,0.21519419254626596
60884,300,nan,Amazon.com Services LLC,MGT INFO SCI,15-1252,software developers,15-1252,0.9901369957394465,15-1299,0.00612609781563573,15-2051,0.0023753850193904123
60900,1610,consultant,"The Boston Consulting Group, Inc.",CHEMISTRY,13-1111,management analysts,13-1111,0.9986227128892905,15-2031,0.0011954996968535987,15-2051,0.00013849664386266948
60901,390,nan,"SAIVEN Technologies, Inc.",MSTR OF COMP APPS,15-1252,software developers,15-1252,0.9717814011815855,15-1299,0.018779367072073814,15-1253,0.005812920561414279
61015,300,nan,Sage IT Inc,ELEC ENGRG,15-1252,software developers,15-1252,0.9949302740946135,15-1299,0.004494312419316193,15-1211,0.0003444312534440053
61110,030,nan,"TESSOLVEDTS, INC.",ELECTRONICS & COMMUNICATION EN,15-1252,software developers,15-1252,0.4502001177009738,17-2071,0.23271930229227938,15-1299,0.20461653235206884
61318,720,nan,"Midwest Dental Kansas, Derby, PA",DOCTORATE IN DENTAL SURGERY,15-1252,software developers,15-1252,0.5493279992254567,15-1299,0.10354077633860802,29-1021,0.08938120305858438
61369,1990,innovation specialist,"McKinsey & Company, Inc. United States",STRATEGIC MGMT,13-1111,management analysts,13-1111,0.9565576091776661,15-2051,0.02112359533345214,15-2031,0.008190041414104829
61480,050,nan,"HVJ Associates, Inc.",CIVIL ENGINEERING,17-2051,civil engineers,17-2051,0.999009167768838,15-1252,0.00046732099524455947,15-1299,0.00021641718617295503
62098,390,nan,JD Finance America Corporation,COMP SCI,15-1252,software developers,15-1252,0.9771148339770467,15-1299,0.01559393001638992,15-1221,0.00252484974126561
62215,300,test engineer ii,"TAPQA, LLC",COMPUTER SCIENCE,15-1252,software developers,15-1252,0.9310718835186268,15-1299,0.033390369766444244,15-1253,0.014872493716111561
62474,390,nan,Egrove Systems Corporation,MSTR OF BUS ADMIN,15-1299,computer systems engineers architects,15-1299,0.7388714946444224,15-1252,0.23434109289194363,15-1253,0.010291883529087621
62722,1690,marketing business development a,Grabr Inc.,BUSINESS ADMIN,13-1161,market research analysts and marketing specialists,13-1161,0.23713271894933854,13-1111,0.2339055162883638,15-2031,0.13092989325732013
63305,1610,nan,"Bimbo Bakeries USA, Inc.",BUSINESS ADMINISTRATION,13-1111,management analysts,13-1111,0.859698271519707,13-2051,0.05174961055091796,15-2051,0.03772040128771863
63705,030,nan,"Champion Controls, Inc",ELEC ENGRG,15-1252,software developers,15-1252,0.5283691903618797,17-2071,0.23321468681599009,17-2072,0.2087110573142324
63782,1890,product manager,"Cisco Systems, Inc.",BUSINESS ADMINISTRATION,15-1299,computer systems engineers architects,15-1299,0.9703569664049146,15-1252,0.010466858973670468,15-2051,0.007397118893431279
64013,300,nan,Ciber Global LLC,COMP & INFO SCI,15-1252,software developers,15-1252,0.9954398640918071,15-1299,0.002862613696881449,15-1211,0.0005719615929289437
64419,190,nan,"HDR Architecture, Inc.",LANDSCAPE ARCHITECTURE,15-1252,software developers,15-1252,0.2835035035276182,15-1299,0.14536962361881262,17-2112,0.11139527299103906
64713,300,nan,"Brillio, LLC",BACHELOR OF SCI IN INFO TECH,15-1252,software developers,15-1252,0.43032843651805797,15-1299,0.41773157604095823,15-1251,0.11300646505932711
65198,1100,nan,Google LLC,JURIS DOCTOR IN LAW,15-1252,software developers,15-1252,0.8107845194070119,23-1011,0.11416734100342471,15-1299,0.022703685350305567
65217,230,nan,Nikon Metrology Inc,GEOPHYSICS,15-1252,software developers,15-1252,0.6978129424340422,15-2031,0.07415639043484164,15-1299,0.042605860468279855
65279,490,nan,GlaxoSmithKline LLC,PHARMACY/PHARMACEUTICAL SCI,19-1029,bioinformatics scientists,19-1029,0.24526863787483544,15-1252,0.18556197771846203,15-2041,0.12012690024583723
65726,1100,law clerk,"Lorraine D'Alessio, PLC",LAW,23-1011,lawyers,23-1011,0.9971446767063905,23-1012,0.002815652157156834,23-2011,3.761425997391209e-05
65823,300,nan,Infosys Limited,COMPUTER SCIENCE,15-1299,computer systems engineers architects,15-1299,0.9361419279855302,15-1252,0.035436763654519594,15-1211,0.024622390167248945
66092,500,nan,"Ivy Enterprises, Inc",ECONOMICS WITH A MINOR IN INFO,15-1252,software developers,15-1252,0.31010836344729914,13-2051,0.2430985467840956,13-1161,0.19824392006111563
66123,300,software site reliability engr,Staxa Technologies LLC,SCIENCE,15-1252,software developers,15-1252,0.9854386758357452,15-1299,0.012009167297983053,15-1211,0.0014740378181593511
66163,190,nan,"Magic Leap, Inc.",PRODUCT DESIGN & MANUFACTURING,15-1252,software developers,15-1252,0.562409667870207,17-2199,0.1582705706279637,15-1299,0.09106797146631934
66373,300,application engineer,Stellar IT Solutions LLC,LINGUISTICS,15-1252,software developers,15-1252,0.9674079348105094,15-1299,0.029077184245257386,17-2141,0.0007958296170022987
66437,300,nan,"NTT DATA, Inc.",ELECTRONIC ENGRG,15-1252,software developers,15-1252,0.8657790558833319,15-1211,0.07119936385407556,15-1299,0.06021020050023118
66528,390,nan,WeRide Corp.,ELEC ENGRG,15-1252,software developers,15-1252,0.9936811869499929,15-1299,0.004579654306598428,15-1211,0.0006906744867903408
66563,010,design staff ii architectural proj,"BOWER LEWIS THROWER ARCHITECTS, LTD",ADVANCED ARCHITECTURAL DESIGN,17-1011,architects except landscape and naval,17-1011,0.9755696183455722,17-3011,0.020244514134826194,15-1252,0.000511019079261705
66707,390,data engineer i,"Mitek Systems, Inc.",DATA INFORMATICS,15-1252,software developers,15-1252,0.7427015330432793,15-2051,0.1608114833067536,15-1299,0.039956583773578136
67135,200,nan,JD.com American Technologies Corporation,MATHEMATICS,15-2041,statisticians,15-2041,0.47783335213669986,15-2031,0.29587502364911106,15-1252,0.1111038690705198
67206,300,nan,Cognizant Technology Solutions US Corp,COMPUTER AND INFORMATION SCI,15-1252,software developers,15-1252,0.7190885426532998,15-1299,0.2223380937737452,15-1211,0.05462680274439206
67468,300,nan,Corevance Inc,INFO SYSS TECHS - INFO ASSURAN,15-1252,software developers,15-1252,0.9857554197514746,15-1299,0.010810911991927555,15-1211,0.0013714686854304457
67592,1410,ux ui product design engineer,AlphaMD.ai Inc.,COMPUTER SCIENCE,15-1252,software developers,15-1252,0.9010549914949283,15-1299,0.06424930648362655,15-1211,0.010103811550041178
67610,1410,nan,TIFFANY & CO.,METALS & JEWELRY DESIGN,15-1252,software developers,15-1252,0.31685887906028026,27-1024,0.26574760114758833,15-1299,0.1450966767213619
67699,200,nan,"Medpace, Inc.",BIOSTATISTICS,15-2041,statisticians,15-2041,0.9982658566173501,15-2051,0.0007740060768232983,15-1252,0.0006696242378975806
67959,300,simulia r d development mgr,DASSAULT SYSTEMES SIMULIA CORP.,COMPUTATIONAL MECHANICS,15-1252,software developers,15-1252,0.46378868555184233,15-1299,0.23257512884651008,15-1211,0.09240181801407318
67969,300,application developer,RJT Compuquest Inc. dba Apolis,MASTER OF INFO TECH & MGT,15-1252,software developers,15-1252,0.9821868267943573,15-1211,0.011643925294284438,15-1251,0.005442846331327005
68150,1690,fso senior it risk assurance techn,Ernst & Young U.S. LLP,INFORMATION SYSTEMS AUDIT AND,15-2031,operations research analysts,15-2031,0.4078117252662982,13-2051,0.2570639898901659,13-2011,0.1497740133373436
68532,070,nan,Alltech Inc.,MECHANICAL ENGINEERING MRA NOT,17-2141,mechanical engineers,17-2141,0.8320957887426191,15-1252,0.06704806290716582,17-2199,0.04654320696554164
68695,300,android developer mobile app devel,"Apptrics, LLC",COMPUTER SCIENCE & INFORMATION,15-1252,software developers,15-1252,0.9904947764968417,15-1299,0.00627412188103315,15-1211,0.001557938157243644
68747,300,nan,"Genomic Health, Inc.",COMP SCI,15-1252,software developers,15-1252,0.9789593340464967,15-1299,0.015822718017228076,15-1211,0.003621519240467023
68826,010,architectural designer,Backen & Gillam Architects,ARCHITECTURE,17-1011,architects except landscape and naval,17-1011,0.9903142323698249,17-3011,0.00967052378760507,27-1025,1.0075456408487795e-05
68845,190,nan,Repligen Corporation,MASTER OF ENGRG IN BIOMEDICAL,15-1252,software developers,15-1252,0.36739575844639966,15-1299,0.23262625328456032,17-2199,0.09167332207915879
68923,300,software development eng in test,Prophecy Consulting,INFORMATION TECHNOLOGY,15-1252,software developers,15-1252,0.8844084520429022,15-1299,0.058148298683047446,15-1211,0.045402261079482795
69214,1600,nan,"CONSTANT INVESTMENTS, INC.",INTL ECONOMICS,13-2011,accountants and auditors,13-2011,0.5860334278734219,13-2051,0.32001918655275324,15-2051,0.023793829624686614
69554,050,nan,"Garver, LLC",CIVIL ENGRG,17-2051,civil engineers,17-2051,0.999736346619005,15-1252,9.591045403044624e-05,15-1299,7.682488697538362e-05
69922,1890,nan,"Grail, Inc.",ENGINEERING,15-1299,computer systems engineers architects,15-1299,0.8223040718588316,15-1252,0.1081773190976204,13-1111,0.028225786002997123
70049,310,nan,Wipro Limited,ELECTRICAL AND ELECTRONICS,15-1299,computer systems engineers architects,15-1299,0.5993872748972141,15-1251,0.1880310350177024,15-1244,0.11306311030111656
70126,300,nan,"LATCHABLE, INC.",INDUSTRIAL ENGINEERING,15-1252,software developers,15-1252,0.8939683422475551,15-1299,0.05882562476224191,15-1211,0.018082451701505405
70217,300,nan,"Ansira Partners, LLC.",MSTR OF SCI IN COMP SCI,15-1252,software developers,15-1252,0.9400172660978637,15-1299,0.04329904119259293,15-1211,0.0067412887049463025
70397,490,nan,Cargill Incorporated,ANIMAL SCIENCE,15-2031,operations research analysts,15-2031,0.22412648982782626,15-2051,0.13624995192085007,15-1252,0.12462841857870721
70541,300,nan,Headstrong Services LLC,COMPUTER SCIENCE,15-1252,software developers,15-1252,0.9977978309535661,15-1299,0.0017529867277442932,15-1253,0.00023434935137782204
70589,010,nan,SWA Group,LANDSCAPE ARCHITECTURE,17-1012,landscape architects,17-1012,0.840339036954467,17-1011,0.11267922768680534,17-3011,0.02467747876991064
70972,300,nan,Prodware Solutions LLC,FINANCIAL MATHEMATICS,15-1252,software developers,15-1252,0.8261562662047102,15-1251,0.04417817053652753,15-1299,0.04228264438684192
71555,300,nan,Amazon.com Services LLC,MANAGEMENT SCIENCE,15-1252,software developers,15-1252,0.9725666510811586,15-1299,0.019255641471467747,15-2051,0.006766375525311645
71808,300,nan,"Kforce, Inc",ENGRG,15-1252,software developers,15-1252,0.9988276291657716,15-1299,0.0006156917675137515,15-1211,0.0002883930536917112
71875,1600,fso advisory staff actuarial servi,Ernst & Young U.S. LLP,BUSINESS & SCIENCE,13-2011,accountants and auditors,13-2011,0.8116210020183049,13-2051,0.17554001352748919,15-2031,0.0036947356209775005
71905,300,sr functional consultant,Accenture LLP,COMPUTER SCIENCE,15-1211,computer systems analysts,15-1211,0.834737650366194,15-1299,0.09635243692925004,15-1252,0.04709635435143993
71921,760,nan,"Interface Rehab, Inc.",PHYSICAL THERAPY,29-1123,physical therapists,29-1123,0.9607483228353161,29-1128,0.013095825467861007,15-1299,0.0052125617928954525
71927,300,nan,"Prime Healthcare Management, Inc.",COMP INFO SYSS AND INFO TECH,15-1252,software developers,15-1252,0.8797697565059824,15-1299,0.0900531613166349,15-1211,0.012852128221906851
72103,300,nan,"Samsung Electronics America, Inc.",COMP ENGRG,15-1252,software developers,15-1252,0.9840197070896258,15-1299,0.011919194088484146,15-1211,0.0021883151500227327
72260,300,nan,"Verata Health, Inc.",COMP SCI,15-1252,software developers,15-1252,0.9789593340464967,15-1299,0.015822718017228076,15-1211,0.003621519240467023
72262,300,nan,"Cornerstone OnDemand, Inc.",ELECTRICAL ENGRG,15-1252,software developers,15-1252,0.9887669919661735,15-1299,0.00756274803810492,15-1211,0.002038741343037298
72358,050,nan,Brindley Engineering Corporation,CIVIL ENGRG,17-2051,civil engineers,17-2051,0.9982735821829412,15-1252,0.0005746207357823738,15-1299,0.0004602748837595848
72414,120,reliability engineer,"Medtronic, Inc.",APPLIED ENGINEERING AND TECH,17-2112,industrial engineers,17-2112,0.8600646709294294,17-2199,0.101899848107576,17-2141,0.024574662980016114
72724,1190,law clerk,Debevoise & Plimpton LLP,LAW,23-1011,lawyers,23-1011,0.990524809092461,23-1012,0.009167728799359154,23-2011,0.0003016370320659318
73075,920,associate chinese teacher,Avenues New York LLC,COGNITIVE SCIENCE IN EDUCATION,25-2021,elementary school teachers except special education,25-2021,0.3204043030505915,15-1299,0.03356819266647217,25-2011,0.032473644852328634
73085,030,member of the technical staff elec,"Mobiveil, Inc",ELECTRICAL ENGINEERING,17-2071,electrical engineers,17-2071,0.935966646115731,17-2072,0.05730778374315876,15-1252,0.005135729776548453
73602,300,nan,Ciber Global LLC,AUTOMOTIVE ENGINEERING,15-1252,software developers,15-1252,0.9691209342263734,15-1299,0.012976631772556984,17-2141,0.01191554341475925
73797,300,nan,Veridic Solutions LLC,INFORMATION SYSTEMS SECURITY,15-1252,software developers,15-1252,0.9968725145779638,15-1299,0.002750008529882957,15-1251,0.0002160369248278508
73815,300,nan,"Apple, Inc.",BIOMEDICAL AND ELEC ENGRG,15-1252,software developers,15-1252,0.9975888090596501,15-1299,0.0005342922229285546,15-2031,0.0004506910089668431
73859,390,nan,Forix LLC,BUS ADMIN WITH A SPECIALIZATIO,15-1252,software developers,15-1252,0.3837540872629598,15-1299,0.2873671289423657,15-2051,0.11525568302572385
73904,300,nan,Infosys Limited,NETWORK ENGRG,15-1299,computer systems engineers architects,15-1299,0.929949262051985,15-1211,0.05248767836404878,15-1252,0.0067132873584530035
74101,200,nan,Deluxe Corporation,BUSINESS ANALYTICS,15-2051,business intelligence analysts,15-2051,0.4877010083625651,15-2031,0.33866386053029257,15-2041,0.15528895435123688
74106,300,nan,BuildSimHub Inc.,BUS ANALYTICS,15-1252,software developers,15-1252,0.8755044138709865,15-1299,0.04668543579716108,15-2051,0.041286138174562594
74245,1100,nan,White & Case LLP,LAW,23-1011,lawyers,23-1011,0.9999804519802852,23-1012,7.99872945440945e-06,13-2011,6.008606473998305e-06
74266,300,nan,IQUBE TECHNOLOGIES INC,COMP APPS,15-1252,software developers,15-1252,0.9349513891602075,15-1299,0.04762291356173836,15-1211,0.0126176212793992
74339,390,nan,Tatvam Technologies Inc,ELECS & COMM,15-1252,software developers,15-1252,0.641279766162565,15-1299,0.2401052280189694,15-1211,0.05394722545158352
74784,390,nan,"Asurion, LLC",COMPUTER SCIENCE,15-1252,software developers,15-1252,0.983318908970868,15-1299,0.01003030312223696,15-2051,0.003987803236173907
74859,300,nan,CrowdCircle Inc.,INFORMATION,15-1252,software developers,15-1252,0.9201606198973418,15-1299,0.06562746592414716,15-2051,0.0059502406900199
75031,300,nan,Accenture LLP,COMP APPS,15-1299,computer systems engineers architects,15-1299,0.6128593258216569,15-1211,0.24740598048470216,15-1252,0.1024798238704343
75178,300,nan,ImageVision.ai LLC,COMP APPS,15-1252,software developers,15-1252,0.68618334911111,15-1299,0.2912633631820368,15-1211,0.01543396039568526
75387,300,nan,Credit Suisse Securities USA LLC,MATHEMATICAL SCIS OPS RESEARCH,15-1252,software developers,15-1252,0.8828586250520658,15-1299,0.08927306349417757,15-1211,0.019913425781782998
75457,300,nan,"AMAZON DEVELOPMENT CENTER U.S., INC.",ELECTRICAL ENGRG COMP ENGRG,15-1252,software developers,15-1252,0.999622705779479,15-1299,0.00015822881371751793,15-1211,9.032784513349887e-05
75680,300,sap supply chain analyst,"Kabeer Consulting, Inc.",INFO SYSTEMS SECURITY,15-1252,software developers,15-1252,0.5688577683630105,15-1299,0.2535514619005849,15-1253,0.05762963613139844
75901,200,nan,"Cheng Shin Rubber USA, Inc.",MATHEMATICS,15-2041,statisticians,15-2041,0.44922175150033233,15-2031,0.289288615351827,15-1252,0.14077998384646237
75943,330,solutiondelivery advisor,Deloitte & Touche LLP,INFORMATION TECH AUDITING AND,15-1212,information security analysts,15-1212,0.7676777995714626,15-1299,0.06521150906144106,15-1211,0.045736133338391716
76121,120,nan,Intel Corporation,PHYSICS,17-2131,materials engineers,17-2131,0.640329728409248,15-1252,0.2864699749038112,17-2112,0.055400294110831444
76329,1890,nan,Lotte New York Palace LLC,BUSINESS ADMINISTRATION,15-1299,computer systems engineers architects,15-1299,0.5902064690228497,13-1111,0.29153319441830705,15-1252,0.0560545934966327
76723,300,nan,RIDGE BUSINESS SOLUTIONS LLC,INFO TECH,15-1252,software developers,15-1252,0.968653477659831,15-1299,0.02371507263978835,15-1211,0.005618615524891767
77188,190,nan,GLOBALFOUNDRIES U.S. Inc.,CHEMICAL & BIOMOLECULAR ENGRG,17-2131,materials engineers,17-2131,0.26957659391285116,15-1252,0.19402073516569499,17-2199,0.1383209216175731
77449,300,nan,LinkedIn Corporation,INTELLIGENT INFO SYSS MS COMP,15-1252,software developers,15-1252,0.9975710067978715,15-1299,0.0012388825655134908,15-2051,0.000582038789536339
77610,300,nan,"Lowe's Companies, Inc.",COMP APP,15-1252,software developers,15-1252,0.9590541284772401,15-1299,0.03218531056120739,15-1211,0.004683461537700652
77723,310,nan,Standav Corp.,INFO TECH MGT,15-1252,software developers,15-1252,0.964535162272664,15-1299,0.01702375402630936,15-2051,0.011707833766593076
77727,300,nan,"HARPRO TECH, INC",MSTR OF SCI IN ELECTRICAL ENGI,15-1252,software developers,15-1252,0.6675397243237556,15-1299,0.1537409527655281,15-1211,0.08776586669526242
77751,310,nan,Sunflower Construction LLC,COMP SCI,15-1252,software developers,15-1252,0.9481095056788451,15-1299,0.03556943527447888,15-2051,0.006810117267195626
77863,300,nan,"WAL-MART ASSOCIATES, INC.",COMPUTER SCIENCE,15-1252,software developers,15-1252,0.9932901163565402,15-1299,0.006305419041860124,15-2051,0.0002940740893037785
77899,,architectural designer,Gregg Wies & Gardner Architects LLC,ARCHITECTURE,17-1011,architects except landscape and naval,17-1011,0.9492957648487627,17-3011,0.043533192321997864,15-1252,0.00373351188332764
77941,390,technical lead,Tata Consultancy Services Limited,APPLIED COMPUTER SCIENCE,15-1299,computer systems engineers architects,15-1299,0.9822106776298207,15-1211,0.014107950001191387,15-1252,0.003170377866468664
78101,030,fpga design engineer,Morgan Advanced Programmable Systems Inc,ELECTRICAL ENGINEERING,17-2072,electronics engineers except computer,17-2072,0.6380591367505325,17-2071,0.34594443676695946,15-1252,0.011743475157554802
78368,300,application developer,IBM Corporation,BACHELOR OF SCI IN COMP SCI,15-1211,computer systems analysts,15-1211,0.5002187824656874,15-1251,0.3837637801045858,15-1252,0.11097312993929488
78408,1600,accountant,"Liao, Kin & Company, P. C.",ACCOUNTING ANALYTICS,13-2011,accountants and auditors,13-2011,0.9999338307928096,13-2051,5.801148654519081e-05,13-2099,2.9839564866745746e-06
78469,300,consulting engineer,"Cisco Systems, Inc.",TELECOMMUNICATIONS,15-1252,software developers,15-1252,0.7935556674033881,15-1299,0.14786534395742562,15-1244,0.049063107400420185
78516,310,data engineer etl,"Shipt, Inc.",INFORMATION SYSTEMS,15-1252,software developers,15-1252,0.8146027003839048,15-2051,0.11390256264784823,15-1299,0.028293163422868164
78557,120,applications engineering sales mgr,"Mayekawa USA, Inc.",ELECTRICAL ENGINEERING,17-2112,industrial engineers,17-2112,0.38486125797828896,15-1252,0.26413766196768323,17-2199,0.12392633446915785
78917,300,sr network engineer,Oath Holdings Inc.,MANAGEMENT INFORMATION SYSTEMS,15-1252,software developers,15-1252,0.9954771893922086,15-1299,0.0017596313016729666,15-1211,0.0013831592022415403
78939,300,engineer sr,"Nordstrom, Inc.",COMPUTER SCIENCE,15-1252,software developers,15-1252,0.998463936917637,15-1299,0.0012082305316725396,15-1211,0.0001144980226100155
79023,390,oracle database admin,ABN TECH CORPORATION,COMPUTER SCIENCE,15-1252,software developers,15-1252,0.8834725757096431,15-1299,0.050054670803195055,15-2051,0.029954286585470936
79239,300,senior consultant,"Oracle Financial Services Software, Inc.",COMPUTER SCIENCE,15-1252,software developers,15-1252,0.9982415530033021,15-1211,0.0009768857799263998,15-1299,0.0007330491119695217
79410,9980,sr manager interactive development,Sapient Corporation,TECHNOLOGY,15-1252,software developers,15-1252,0.8972944070738978,15-1299,0.08880431981708942,15-1211,0.0025783119048842194
79433,410,associate bioinformatics scientist,"PGEN Therapeutics, Inc.",BIOLOGY BIOINFORMATICS AND SYS,19-1029,bioinformatics scientists,19-1029,0.41132263834480365,19-1021,0.23157906014554488,15-2041,0.07339177392925707
79611,300,technology lead us,Infosys Limited,COMPUTER APPLICATIONS,15-1299,computer systems engineers architects,15-1299,0.9999328205619504,15-1211,5.868971022604566e-05,15-1251,4.503892950212502e-06
79670,300,java developer,"Reliant Vision Group, Inc.",COMPUTER SCIENCE & INFORMATION,15-1252,software developers,15-1252,0.9994490822512868,15-1251,0.00028950865546953554,15-1299,0.00020843897312970513
79805,1990,nan,"CPA Global North America, LLC",US MSTRS DEG IN COMP SCIENCE,15-1252,software developers,15-1252,0.7794074786931668,15-2051,0.06145495851579121,13-1111,0.052658120232932
80233,300,nan,Optimus Ride Inc.,IND ENGRG,15-1252,software developers,15-1252,0.9804315323062601,15-1299,0.007551940076225419,15-1211,0.006035630557357321
80240,300,nan,PRODIGY TECHNOLOGIES INC,COMP INFO SYSS,15-1252,software developers,15-1252,0.962959172937048,15-1299,0.025634405381332437,15-1211,0.00958282748335932
80384,070,nan,Cruise LLC,AEROSPACE ENGRG,17-2141,mechanical engineers,17-2141,0.9514235871002313,15-1252,0.03209351418271221,17-2199,0.014041082337082867
80421,1860,risk management specialist,United Auto Credit Corporation,APPLIED ANALYTICS,13-2054,financial risk specialists,13-2054,0.31199247408721337,13-2051,0.27670958254020844,13-2099,0.1684475202138851
80641,1690,nan,Amazon.com Services LLC,BUSINESS ADMINISTRATION,15-1252,software developers,15-1252,0.5162433934140177,15-2051,0.19262303610110146,15-1299,0.14598483316670335
80736,190,nan,"Genentech, Inc.",BIOMEDICAL ENGINEERING,17-2199,validation engineers,17-2199,0.507099867142517,15-1252,0.17287329351548245,15-2051,0.0827108899199433
80764,1600,nan,Deloitte & Touche LLP,PROFESSIONAL ACCOUNTING,13-2011,accountants and auditors,13-2011,0.999373640535208,13-2051,0.0005724343307655847,13-1111,3.609709265654386e-05
80930,300,cloud site reliability engineer,"VMware, Inc.",ELECTRICAL ENGINEERING,15-1252,software developers,15-1252,0.9912724236947759,15-1299,0.008108805298077103,15-1211,0.00030453110757152973
81207,300,big data administrator,"LAVSUN Technologies, Inc.",COMPUTER SCIENCE,15-1252,software developers,15-1252,0.9577537059733958,15-1299,0.020861415298718752,15-1211,0.009884664962253164
81720,500,nan,"Citibank, N.A.",FINANCE,13-2051,financial and investment analysts,13-2051,0.9445379497142076,13-2099,0.03679235826762708,15-2051,0.009510135922995084
82206,300,nan,Tata Consultancy Services Limited,INFO TECH,15-1299,computer systems engineers architects,15-1299,0.826439017990261,15-1252,0.09504119107158826,15-1211,0.0728754323208165
82259,020,nan,"Bye Aerospace, Inc.",AEROSPACE ENGINEERING,15-1252,software developers,15-1252,0.5942434805058465,17-2141,0.31603173451770084,15-1299,0.03568750297197895
82280,300,technology consultant,"Slalom, LLC",ELECTRONIC ENGINEERING,15-1252,software developers,15-1252,0.9604489215604424,15-1299,0.03581164392510246,15-1211,0.003063798237665332
82362,300,technology analyst us,Infosys Limited,COMPUTER SCIENCE & ENGINEERING,15-1299,computer systems engineers architects,15-1299,0.9999517211196773,15-1211,3.3817999031625084e-05,15-1253,5.5065451241625544e-06
82702,300,nan,"Techno Tasks, Inc",INFO TECH MGNT,15-1252,software developers,15-1252,0.9568599967166291,15-1299,0.020034022926835923,15-1211,0.011436792565271265
82929,030,nan,IPCOS INC,ELECTRICAL ENGINEERING,15-1252,software developers,15-1252,0.4834259176089687,17-2071,0.278199541412344,17-2072,0.2183021953964534
82952,070,nan,"Mevion Medical Systems, Inc.",MECH ENGRG,17-2141,mechanical engineers,17-2141,0.9952490490079684,17-2199,0.0017057943320181509,15-1252,0.0016808360559765836
83426,300,sr automated tester,"NewWave Telecom and Technologies, Inc.",COMPUTER INFORMATION SYSTEMS,15-1252,software developers,15-1252,0.7019509514706237,15-1299,0.17908297893441472,15-1211,0.08782674296834747
83523,080,process development scientist,"Eat Just,  Inc.",AGRICULTURAL & BIOLOGICAL ENGI,17-2041,chemical engineers,17-2041,0.7608137725579187,19-2031,0.13131705024352178,17-2131,0.01667820535923711
83891,1990,analyst,"BofA Securities, Inc.",HOTAL ADMINSTRATION,13-2051,financial and investment analysts,13-2051,0.9697762485009831,15-2031,0.01644593612659422,15-1252,0.007574727014810997
83948,010,nan,SWA Group,LANDSCAPE ARCHITECTURE,17-1012,landscape architects,17-1012,0.840339036954467,17-1011,0.11267922768680534,17-3011,0.02467747876991064
84116,300,nan,Mindquest Technology Solutions LLC,MSTR OF SCI IN INFO TECH,15-1252,software developers,15-1252,0.9818573776100618,15-1299,0.011747085426093429,15-1211,0.003353020503056046
84206,300,sr solution architect,"Salesforce.com, Inc.",COMPUTER APPLICATIONS,15-1252,software developers,15-1252,0.9580877348854411,15-1299,0.04075988419945752,15-1253,0.0006298422587119273
84312,200,nan,"CARFAX, Inc.",APPLIED STATISTICS,15-2041,statisticians,15-2041,0.700912434480908,15-2031,0.14972278882569248,15-2051,0.08821722855337139
84607,070,product engineer,"AFE, Inc.",MECHANICAL ENGINEERING,17-2141,mechanical engineers,17-2141,0.9996381570109979,15-1252,0.0001399616753542736,17-2199,0.00012450038690835083
84724,300,nan,Opendoor Labs Inc.,ELECTRICAL & COMP ENGRG,15-1252,software developers,15-1252,0.9951809280595648,15-1299,0.0030157886702420872,15-1211,0.0007651638874132538
84993,050,staff engineer,"Fugro USA Land, Inc.",CIVIL ENGINEERING,17-2051,civil engineers,17-2051,0.9999934973949072,11-9021,1.6853699558509254e-06,15-1252,1.487337465331144e-06
85367,300,compliance specialist,"I3 Infotek, Inc.",CHEMISTRY,15-1252,software developers,15-1252,0.7596248947831459,15-1253,0.06150463777063148,15-1299,0.043296031326252475
85435,300,nan,"Kforce, Inc",INFO SYS TECHS - INFO ASSURANC,15-1252,software developers,15-1252,0.9978876300477961,15-1211,0.0005438296073638526,15-2031,0.0005169023892821705
85603,300,sr applications programmer devlpr,Ciber Global LLC,COMPUTER SCIENCE,15-1252,software developers,15-1252,0.988282926982313,15-1299,0.006593876984238678,15-1251,0.0026183862752062314
85653,300,functional consultant,Tata Consultancy Services Limited,COMP INFO SYSS,15-1211,computer systems analysts,15-1211,0.9575864516794492,15-1299,0.039631980490763545,15-1252,0.0022011133385745566
86137,300,nan,"TraceLink, Inc.",COMPUTER SCIENCE,15-1252,software developers,15-1252,0.9885223374712107,15-1299,0.010215829558141269,15-1211,0.0006794228168361479
86278,300,nan,Tata Consultancy Services Limited,ELECTRICAL ENGINEERING,15-1299,computer systems engineers architects,15-1299,0.6353961383473647,15-1252,0.2996918531693651,15-1211,0.05742700692925958
86601,010,nan,"Skidmore, Owings & Merrill LLP",ARCHITECTURE,17-1011,architects except landscape and naval,17-1011,0.9995619019629255,17-2051,0.00021059210824877947,17-3011,0.00018437191186427985
86912,220,nan,"BIOGENE ORGANICS, INC.",ORGANIC CHEMISTRY,19-2031,chemists,19-2031,0.974748842962316,15-1252,0.006478334122572457,19-1021,0.004993597467918992
87002,300,clinical data engineer,Devansh Lab Werks Inc,INFORMATION TECHNOLOGY MANAGEM,15-1252,software developers,15-1252,0.9781361368048616,15-1211,0.007763388900691061,15-1299,0.005514351013346376
87085,,devops engineer,"CREST360, INC",MASTER OF SCIENCE INFORMATION,15-1252,software developers,15-1252,0.9972676803561943,15-1299,0.002029291295168961,15-1251,0.00029542202952136077
87346,1090,nan,"12-15 Molecular Diagnostics, Inc",COMP SCI,15-1252,software developers,15-1252,0.4210151405835171,15-2051,0.2576233210173427,15-1221,0.16804918836450505
87396,300,calidation engineer,AM Logic Corporation,INFUSTRIAL ENGINEERING,15-1252,software developers,15-1252,0.4683180395711351,15-1299,0.2899969029889343,15-1211,0.09003887606998225
87622,200,data analyst i,"Grubhub Holdings, Inc.",APPLIED ANALYTICS,15-2041,statisticians,15-2041,0.8649816659162581,15-2031,0.08455723206189401,15-2051,0.049513082801382745
87651,390,nan,China Merchants Bank Co. Ltd.,SOFTWARE ENGINEERING,15-1252,software developers,15-1252,0.95676752949429,15-1299,0.03490731478285521,15-1211,0.0030953456862939923
87841,120,internal quality engineer,"Doosan Fuel Cell America, Inc.",INDUSTRIAL ENGINEERING,17-2112,industrial engineers,17-2112,0.9911319924768947,17-2199,0.004839091103559618,15-2031,0.0013713019602243591
87953,300,data engineer,TechField LLC,MASTER OF ENGINEERING IN COMPU,15-1252,software developers,15-1252,0.8399551100490283,15-2051,0.06889202736654208,15-1299,0.05225094972015485
87990,300,senior consultant,Deloitte Consulting LLP,MBA,15-1252,software developers,15-1252,0.7131520292977745,15-1211,0.2606494908132792,15-1299,0.015150881698349173
87999,300,nan,"Twitter, Inc.",MARKETING,15-1252,software developers,15-1252,0.9310133472661567,15-1299,0.05268341893141124,15-1211,0.012030121681466952
88024,200,data analyst iii,"WAL-MART ASSOCIATES, INC.",BUSINESS ANALYTICS & PROJECT M,15-2051,business intelligence analysts,15-2051,0.6940034370694816,15-2041,0.29481615179933585,15-2031,0.007946712264000262
88135,1990,nan,Bloomberg LP,COMPUTATIONAL SCI & ENGRG,15-1252,software developers,15-1252,0.9961298515584668,15-2051,0.002652167492136723,13-2051,0.00037898730474481316
88793,300,nan,METRIX IT SOLUTIONS INC,INFO TECH MGT,15-1252,software developers,15-1252,0.9988262040470172,15-1299,0.0008179181574738938,15-1211,0.00023346185477973624
88846,300,nan,"Fitbit, Inc.",IND ENGRG,15-1252,software developers,15-1252,0.9090848735022798,15-1299,0.030343648150407427,15-1211,0.024251125955681026
89077,300,nan,Mindtree Limited,MANAGEMENT INFORMATION SYSTEMS,15-1299,computer systems engineers architects,15-1299,0.8243341536972023,15-1211,0.15349679305780764,15-1252,0.01536704186911398
89097,1600,nan,"Lighthouse Consultants, Inc.",ECONOMICS,13-2011,accountants and auditors,13-2011,0.690031293574899,13-2051,0.2982883908921148,15-2051,0.0048308157062103
89467,300,big data developer specialist,Bhrigus Inc.,MS IN COMPUTER SCIENCE,15-1252,software developers,15-1252,0.9734198590843152,15-1211,0.015111970390282144,15-1299,0.003169732421741273
89730,300,nan,Cognizant Technology Solutions US Corp,ELEC ENGRG,15-1252,software developers,15-1252,0.4371797876809466,15-1299,0.3956716952858935,15-1211,0.16313235916115132
90158,300,senior consultant,Deloitte Consulting LLP,COMPUTER ENGINEERING,15-1252,software developers,15-1252,0.8122165249635438,15-1211,0.1683038678508499,15-1299,0.018566901413523712
90161,1600,nan,Deloitte & Touche LLP,PROFESSIONAL ACCOUNTANCY,13-2011,accountants and auditors,13-2011,0.9995319271281533,13-2051,0.00043061709118504357,13-1111,2.0365687649108657e-05
90171,1530,nan,"Gainesville Area Rowing, Inc.",SPORTS MANAGEMENT,15-1299,computer systems engineers architects,15-1299,0.25080412343893227,15-1252,0.13692510954121864,13-1111,0.08698360147152004
90218,1600,nan,Sportority Inc,FINANCE,13-2051,financial and investment analysts,13-2051,0.6350657706343369,13-2011,0.3495377568417103,13-2099,0.006766241031619046
90324,050,nan,Base Consultants,CIVIL ENGINEERING,17-2051,civil engineers,17-2051,0.9946680027958692,15-1252,0.003933985598091672,15-1299,0.0007498895752720184
90682,500,marketing consultant,Arya Diamond Jewellery USA Inc.,COMMERCE,13-1161,market research analysts and marketing specialists,13-1161,0.8340495401060911,13-2051,0.1094410485007846,13-2011,0.014122328708462686
90783,1990,nan,"L'Oreal Travel Retail Americas, Inc.",MSTR OF BUS ADMIN,15-1252,software developers,15-1252,0.5473711364785822,13-1111,0.18596101669093762,13-2051,0.10753729994117198
91312,300,python developer,"Avco Consulting, Inc",INFORMATION TECHNOLOGY,15-1252,software developers,15-1252,0.9988125850714817,15-1299,0.0006767979575074103,15-1251,0.00033359219884620866
91378,1990,nan,"McKinsey & Company, Inc. United States",BUS ADMIN & CHEMICAL ENGRG,13-1111,management analysts,13-1111,0.9216008805638046,15-2051,0.029704525105610245,15-1252,0.02071844469392118
91396,300,nan,Amazon.com Services LLC,BACHELORS IN ELECS & COMM ENGI,15-1252,software developers,15-1252,0.9841082523245319,15-1299,0.012177594496228352,15-2051,0.002360921781621136
91527,390,nan,"ServiceLink Management Company, LLC",MASTER OF SCIENCE IN ANALYTICS,15-1252,software developers,15-1252,0.8209064782148879,15-1299,0.0987943800489077,15-2051,0.05283190086747219
91578,070,nan,"Joyson Safety Systems Acquisition, LLC",MECHANICAL ENGINEERING,17-2141,mechanical engineers,17-2141,0.9788658181401392,17-2199,0.009074743068602797,15-1252,0.005691407628213603
91655,300,nan,"AMAZON DEVELOPMENT CENTER U.S., INC.",COMPUTER & INFORMATION SCI,15-1252,software developers,15-1252,0.9996249072291747,15-1299,0.0001582291621817653,15-1211,9.032804406076017e-05
91720,1640,nan,"Apple, Inc.",BUS ADMIN,15-1252,software developers,15-1252,0.7896551921755469,13-1161,0.08455996836299597,15-2031,0.07642066930157915
91730,300,hris consultant,"Lowe's Companies, Inc.",INFORMATION SYSTEMS,15-1252,software developers,15-1252,0.8713596294903565,15-2051,0.06831265712214746,15-1299,0.03611169046782512
91777,300,nan,"SumTotal Systems, LLC",COMPUTER INFORMATION SYSTEMS,15-1252,software developers,15-1252,0.6971832952348533,15-1299,0.21783746796128425,15-1211,0.07675273921657942
91858,300,net developer,Texperts Inc.,MASTER OF SCIENCE IN COMPUTER,15-1252,software developers,15-1252,0.9993609235985965,15-1299,0.0001979235617007702,15-1253,0.00019155323620636037
91986,010,nan,SWA Group,LANDSCAPE ARCHITECTURE,17-1012,landscape architects,17-1012,0.840339036954467,17-1011,0.11267922768680534,17-3011,0.02467747876991064
92148,300,nan,"Apple, Inc.",ELEC & COMP ENGRG,15-1252,software developers,15-1252,0.9991164235898482,17-2072,0.0004949031281971839,17-2071,0.0002066202226346111
92408,300,nan,Lam Research Corporation,COMPUTER SCIENCE,15-1252,software developers,15-1252,0.9638060556128821,15-1299,0.02645731384649443,15-1211,0.00703837220352916
92457,190,nan,"Mass Beverly, Inc.",DESIGN,15-1252,software developers,15-1252,0.6156240877356413,15-1299,0.19489926281029823,17-2112,0.09483399544878968
92807,200,statistical analyst i,"Medpace, Inc.",BIOSTATISTICS,15-2041,statisticians,15-2041,0.999854380923595,15-2051,8.832320358703018e-05,15-2031,4.165136179224244e-05
92826,300,infrastructure engineer,RJTECHGLOBAL INC,COMP INFO SYSS,15-1252,software developers,15-1252,0.8630187303920018,15-1299,0.115132270472116,15-1211,0.015970479588646117
92861,300,computer prgmr configurer 2,Accenture LLP,INFORMATION TECHNOLOGY,15-1299,computer systems engineers architects,15-1299,0.5481953987424475,15-1211,0.3260871822489975,15-1252,0.07101592688229855
93019,010,nan,SWA Group,LANDSCAPE ARCHITECTURE,17-1012,landscape architects,17-1012,0.840339036954467,17-1011,0.11267922768680534,17-3011,0.02467747876991064
93286,300,nan,Google LLC,COMP SCI,15-1252,software developers,15-1252,0.9984406879133838,15-1299,0.0014802303140560638,15-2051,5.262272593839227e-05
93687,330,nan,Cognizant Technology Solutions US Corp,INFO TECH MGT,15-1299,computer systems engineers architects,15-1299,0.954264505232698,15-1252,0.025530304472083723,15-1211,0.013614604827205513
93854,1640,nan,"Apple, Inc.",MARKETING AND ADVERTISING,15-1252,software developers,15-1252,0.5543012236645006,13-1161,0.262517773228483,15-2031,0.08248448513726664
94187,390,data operations analyst,"BlueCart, Inc.",BUSINESS ANALYTICS & PROJECT M,15-2051,business intelligence analysts,15-2051,0.31575573468852086,15-1299,0.27732696560526987,15-2031,0.17680841012958337
94352,300,nan,Computer Sciences Corporation,COMP & SYSS ENGRG,15-1252,software developers,15-1252,0.8023359487912399,15-1299,0.18425023561011553,15-2051,0.00569796682607023
94774,1410,nan,"Affirm, Inc.",INFO-HUMAN-COMP INTERACTION,15-1252,software developers,15-1252,0.9059860568065995,27-1024,0.030393798271780355,15-1299,0.016594840755403836
94822,300,nan,PragmaEdge Inc.,COMPUTER SCIENE & ENGINEERING,15-1252,software developers,15-1252,0.579493039907236,15-1299,0.2669258737121132,15-1211,0.07618978622261584
94868,300,nan,Palni Inc,ENGRG,15-1252,software developers,15-1252,0.9779162531574255,15-1299,0.019390121141277444,15-1211,0.0015137380267311313
94870,300,nan,Adobe Inc.,COMPUTER SCIENCE,15-1252,software developers,15-1252,0.9867042269767281,15-1299,0.012622550004193222,15-2051,0.0002672291027469514
94992,300,quality engineer,"Intellectt, Inc.",INDUSTRIAL & HUMAN FACTORS ENG,17-2141,mechanical engineers,17-2141,0.7028732328463498,17-2112,0.13375407233104084,15-1253,0.10685046579348333
94998,,xray ct application engineer valid,Nikon Metrology Inc,TECHNICAL PRODUCTION,15-1252,software developers,15-1252,0.6880124609607915,15-1299,0.12266743501048773,15-1211,0.049723245380452814
95052,300,nan,IT Division Inc,ELECTRICAL ENGRG,15-1252,software developers,15-1252,0.9937016758582707,15-1299,0.004053595618580704,15-1211,0.0010927552966085842
95405,330,accountant,"KDDI America, Inc.",ACCOUNTING,13-2011,accountants and auditors,13-2011,0.9878425132964848,15-1299,0.010705993336613866,15-2051,0.0005293874484937044
95768,1600,audit assurance senior assistant,Deloitte & Touche LLP,ACCOUNTING,13-2011,accountants and auditors,13-2011,0.9999923036989861,13-2051,7.243953256945759e-06,13-1111,2.7505983731493185e-07
96133,300,eds design engineer,Ciber Global LLC,MECHANICAL ENGINEERING,15-1252,software developers,15-1252,0.9420817880593285,15-1299,0.02606624468143931,17-2141,0.015229424058754876
96153,1100,associate lawyer,Baker Botts L.L.P.,LAW,23-1011,lawyers,23-1011,0.9987299118621167,23-1012,0.0011038381399212302,23-2011,5.508942467427914e-05
96780,300,senior developer,IBM Corporation,BACHELOR OF SCIENCE IN INFORMA,15-1211,computer systems analysts,15-1211,0.5683485254306148,15-1251,0.24550354430136026,15-1252,0.1440692071882837
97072,300,nan,IQUBE TECHNOLOGIES INC,ELECS & COMMS,15-1252,software developers,15-1252,0.9649346789046592,15-1299,0.016162467693421716,15-1211,0.009226643646541752
97198,300,nan,Cognizant Technology Solutions US Corp,MGT INFO SYSS,15-1299,computer systems engineers architects,15-1299,0.3998328150782477,15-1252,0.3086424094302538,15-1211,0.2876909234173132
97578,300,nan,"Apple, Inc.",COMPUTER INFO SYSTEMS & ENGINE,15-1252,software developers,15-1252,0.9956127686015219,15-2031,0.000874375002955074,17-2072,0.0006941870372706601
97620,300,nan,Revention Inc.,MSTR OF SCI APPLIED MATH,15-1252,software developers,15-1252,0.889464174391819,15-1299,0.06941400518326182,15-1211,0.02420037526653431
97862,190,nan,"Gantri, Inc.",MSTR OF ENGRG IN MATERIALS SCI,15-1252,software developers,15-1252,0.3674462750867486,15-1299,0.23265823921935333,17-2199,0.09168592709196745
98247,1860,vice president of finance,"RedNight Consulting, Inc.",FINANCE,13-2051,financial and investment analysts,13-2051,0.7959742002691619,13-2099,0.087936714420256,11-3031,0.06928083235639677
98371,030,nan,Caterpillar Inc,ELECTRICAL ENGINEERING,17-2071,electrical engineers,17-2071,0.5161869764993502,15-1252,0.43496401402785706,17-2072,0.04482147471683299
98717,390,front end systems architect,"Insubuy, Inc.",BACHELOR OF ENGINEERING IN COM,15-1299,computer systems engineers architects,15-1299,0.8517289930738463,15-1252,0.06598435490984317,15-1251,0.027729855052203576
98819,190,r d engr,TECO DIAGNOSTICS,BIOMEDICAL ENGR AND ELECTRICAL,17-2199,validation engineers,17-2199,0.23624379763500009,13-1081,0.10835919548261674,17-2131,0.08622885406248604
98856,300,nan,Cognizant Technology Solutions US Corp,COMPUTER SCIENCE,15-1252,software developers,15-1252,0.614717234166503,15-1299,0.29722434474706616,15-1211,0.08507592782148483
99109,300,nan,Software Gobal Ltd.,INFORMATION SYSTEMS,15-1252,software developers,15-1252,0.9548653625508544,15-1299,0.027706788499903018,15-1211,0.01092290420948416
99182,120,nan,Vishtech Services Company,IND ENGRG,17-2112,industrial engineers,17-2112,0.9329286603563397,17-2199,0.020875662901819966,15-1252,0.020656792468561686
99217,1410,nan,"Eversafe Insurance Agency, Inc.",DESIGN,27-1024,graphic designers,27-1024,0.924065130419325,15-1252,0.023745558913457362,27-1021,0.015334408796855103
99248,320,nan,Inteliroute Technologies LLC,COMPUTER SCIENCE,15-1252,software developers,15-1252,0.9992142170350096,15-1299,0.0006815032241466303,15-1211,5.1936572713355966e-05
99314,1600,associate,Morgan Stanley & Co. LLC,BUSINESS ADMINISTRATION,13-2051,financial and investment analysts,13-2051,0.9856497652698849,13-2011,0.013291802406406764,13-1111,0.0007598716528597772
99572,300,nan,CloudTron Corp,DATA COMMUNICATIONS,15-1252,software developers,15-1252,0.9450047880868854,15-1299,0.04714991981539026,15-1211,0.004206941678088744
99700,390,technical support engineer,"ServiceNow, Inc.",ELECTRICAL ENGINEERING,15-1252,software developers,15-1252,0.8503450223940423,15-1299,0.08910856175024184,15-1253,0.057113857216639814
100042,120,nan,"VAStek, Inc.",MECHANICAL ENGINEERING,17-2199,validation engineers,17-2199,0.616793868105009,17-2112,0.29402548630797687,17-2141,0.07147041757380854
100049,030,technical lead sr electrical engin,Delta Electronics Americas Ltd.,POWER ENGINEERING & POWER ELEC,17-2072,electronics engineers except computer,17-2072,0.7319968936103061,17-2071,0.16640402661198533,15-1252,0.034608439849936924
100152,390,database architecture,"Tekcrew, Inc.",MSTR OF COMP APPS,15-1252,software developers,15-1252,0.8716180675308177,15-1299,0.08251858606627514,15-1253,0.01418376091933851
100188,300,nan,"Smart Source Technologies, Inc.",COMP SCI,15-1252,software developers,15-1252,0.9937216135834561,15-1299,0.004335613559989698,15-1211,0.0012698160582742296
100767,300,tools and automation engineer soft,Apple Inc,INFORMATION SCIENCE,15-1252,software developers,15-1252,0.9986981624142589,15-2031,0.0005148556321595141,15-1299,0.0002894215500031587
100946,300,architect,Tata Consultancy Services Limited,APPLIED COMPUTER SCIENCE,15-1299,computer systems engineers architects,15-1299,0.9994987594167929,15-1211,0.00033938404576709023,15-1252,0.00014877534538928298
101673,300,nan,Cognizant Technology Solutions US Corp,APPLIED COMPUTER SCIENCE,15-1299,computer systems engineers architects,15-1299,0.6209931462104621,15-1211,0.25964838680528207,15-1252,0.11708298536047108
101748,300,nan,Cloud 9 Infosystems Inc,INFORMATICS AND INFORMATION SE,15-1252,software developers,15-1252,0.8524233098351885,15-1299,0.08080828087532074,15-1211,0.03605050932007328
101978,410,nan,Berkeley Lights Inc.,CHEMESTRY,19-1029,bioinformatics scientists,19-1029,0.646203547715598,15-2041,0.09736872215030277,15-2051,0.037075042886691
102002,070,battery material scientist,"Charge CCCV, LLC",ELECTRICAL ENGINEERING,17-2141,mechanical engineers,17-2141,0.6372984302123623,17-2071,0.12610614168715098,15-1252,0.09147147319936738
102109,300,nan,Cognizant Technology Solutions US Corp,COMP INFO SYSS,15-1299,computer systems engineers architects,15-1299,0.5908391713531581,15-1211,0.23764875182296044,15-1252,0.168011787692074
102217,300,nan,"Central Business Solutions, Inc.",MASTERS OF SCIENCE IN SOFTWARE,15-1252,software developers,15-1252,0.8740362860808416,15-1299,0.05523810285799469,15-1211,0.04928608108809484
102464,050,nan,"Bluewater Plumbing and Fire Protection, Inc.",CONSTRUCTION ENGRG,17-2051,civil engineers,17-2051,0.9759254936003864,15-1252,0.0066177781586618635,15-1299,0.004545640101433158
102515,300,nan,"Coffee Meets Bagel, Inc.",COMPUTER ENGINEER,15-1252,software developers,15-1252,0.9369417520326964,15-1299,0.039233979068500326,15-1211,0.00746581422605139
102575,300,nan,Apple Inc,LANGUAGE TECHNOLOGIES,15-1252,software developers,15-1252,0.9991423505656988,15-2031,0.0001741140706296817,15-1299,0.00012411666312668634
102611,300,nan,IBM Corp,BACHELOR OF SCI IN COMP INFO S,15-1211,computer systems analysts,15-1211,0.7127559281241862,15-1299,0.1407454150930754,15-1252,0.08384821149249469
103088,300,nan,"Indus Group, Inc.",INFO SYSS,15-1252,software developers,15-1252,0.9956330409369826,15-1211,0.0017306238754109075,15-1299,0.0017122717546042402
103330,300,nan,Tata Consultancy Services Limited,COMPUTER INFORMATION SYSTEMS,15-1299,computer systems engineers architects,15-1299,0.8145793545948107,15-1211,0.10682187036937822,15-1252,0.07340148827859269
103457,1600,audit staf i accountant,"MSL, P. A.",ACCOUNTING,13-2011,accountants and auditors,13-2011,0.9738419908370405,13-2051,0.025377363396251122,13-2099,0.0002176575518677276
103502,1610,domain consultant l2,WIPRO LIMITED,COMPUTER SCIENCE & ENGINEERING,13-1111,management analysts,13-1111,0.9781070931178052,15-1299,0.015479923336517997,15-1211,0.003097747743113132
104364,780,nan,"Management Health Systems, LLC",MEDICAL TECHNOLOGY,29-2011,medical and clinical laboratory technologists,29-2011,0.9999941077612505,15-1252,1.5127572446075226e-06,15-2051,7.124152207504517e-07
104510,030,nan,"Fusion Solutions, LLC",ELECTRONIC ENGINEERING,17-2072,electronics engineers except computer,17-2072,0.5270714457391941,15-1252,0.2814862846644309,17-2071,0.106159044131688
104517,300,nan,HCL America Inc,COMPUTER INFORMATION SYSTEMS,15-1299,computer systems engineers architects,15-1299,0.7672530507180323,15-1211,0.15079596310578366,15-1252,0.046802552919966635
104655,300,nan,Infosys Limited,DATA ANALYTICS,15-1299,computer systems engineers architects,15-1299,0.9184500164920865,15-1211,0.05793730839121721,15-1252,0.0187207750788934
104748,300,sa systems consultant mm is reta,ATTUNE CONSULTING USA INC.,ENGINEERING EQUIVALENT COMPUTE,15-1252,software developers,15-1252,0.3888000452139207,15-1211,0.3737536901106513,15-1299,0.12037846022037399
105064,300,nan,Microsoft Corporation,COMPUTER INFORMATION SYSTEMS,15-1252,software developers,15-1252,0.9751815059860227,15-1299,0.024633135435101355,15-2051,0.00010278586106174549
105164,300,nan,Cognizant Technology Solutions US Corp,ELECTRONIC ENGINEERING,15-1299,computer systems engineers architects,15-1299,0.5326690677620863,15-1211,0.3303533836433541,15-1252,0.1337265651334659
105297,300,nan,"Uber Technologies, Inc.",COMPUTER SCIENCE,15-1252,software developers,15-1252,0.9995240662178312,15-1299,0.00024943458435669973,15-2051,0.00010760716959087273
105309,300,nan,Tata Consultancy Services Limited,COMPUTER INFORMATION SYSTEMS,15-1299,computer systems engineers architects,15-1299,0.8145793545948107,15-1211,0.10682187036937822,15-1252,0.07340148827859269
105552,300,nan,"Techno9 Solutions, Inc",ELECTRICAL ENGINEERING,15-1252,software developers,15-1252,0.9909461524580111,15-1299,0.0059152998499242245,15-1211,0.0014364248150101281
106045,300,nan,Infosys Limited,COMPUTER SCIENCE,15-1299,computer systems engineers architects,15-1299,0.9361419279855302,15-1252,0.035436763654519594,15-1211,0.024622390167248945
106283,300,nan,Apple Inc,BUSINESS ADMINISTRATION WITH C,15-1252,software developers,15-1252,0.9839947407536471,15-2031,0.008230770946004906,15-1299,0.0014668197422007402
106318,380,program manager,Commonwealth Electrical Technologies Inc,ENERGY SYSTEMS,15-1299,computer systems engineers architects,15-1299,0.37146258048329583,15-1252,0.3393446261055168,17-2141,0.08948825097641355
106406,190,nan,TMEIC CORPORATION,MASTER OF ENGRG IN COMP ENGRG,15-1252,software developers,15-1252,0.48113556149650627,15-1299,0.15232179525723102,17-2199,0.12005390448523934
106616,1610,nan,SMS InfoComm Corporation,SUPPLY CHAIN MANAGEMENT,15-2031,operations research analysts,15-2031,0.4666547295342795,13-1111,0.3974476402743934,15-2051,0.09575712178717999
106754,300,nan,Tata Consultancy Services Limited,COMPUTER SCIENCE,15-1299,computer systems engineers architects,15-1299,0.5710685644902305,15-1252,0.36607430602079993,15-1211,0.056543177468834416
106822,300,nan,Circulant Solutions Inc.,COMPUTER ENGINEERING,15-1252,software developers,15-1252,0.9202190397665051,15-1299,0.05365702173966047,15-1211,0.021519742444439337
106828,300,nan,Apple Inc,INTELLIGENT INFORMATION SYSTEM,15-1252,software developers,15-1252,0.9993944608502983,15-2031,0.000122935061828634,15-1299,8.763386899324954e-05
107150,300,engineer ii,Emonics LLC,INFORMATION SYSTEMS,15-1252,software developers,15-1252,0.9930342526168332,15-1299,0.006384745078977237,15-2051,0.0003981775623016727
107396,300,nan,Apple Inc,COMPUTER SCIENCE,15-1252,software developers,15-1252,0.9997715156026025,15-1299,0.00014210794552699593,15-1211,3.7804616882161956e-05
107409,390,nan,Microsoft Corporation,INFORMATION SYSTEMS MANAGEMENT,15-1252,software developers,15-1252,0.988502509592148,15-1299,0.006552109905029841,15-2051,0.0048177900261678185
107426,410,associate scientist,Alloy Therapeutics LLC,BIOLOGICAL SCIENCES,19-1029,bioinformatics scientists,19-1029,0.8569274261012428,19-1021,0.13098847901887897,19-1042,0.004643025395296008
107806,,audit assurance sr assistant,Deloitte & Touche LLP,ACCOUNTING,13-2011,accountants and auditors,13-2011,0.9991889165812692,13-1111,0.00053172232396207,15-2031,0.00011324916891224792
107849,300,solutions consultant,Google LLC,MANAGEMENT,15-1252,software developers,15-1252,0.6939150968987848,15-1299,0.20639076728364442,15-2051,0.091925059688342
107860,200,nan,"Uber Technologies, Inc.",SYMBOLIC SYSTEMS,15-2041,statisticians,15-2041,0.3982697701161723,15-2031,0.34055549528409235,15-1252,0.20461089384367911
107975,200,analyst,Deutsche Bank Securities Inc.,DATA SCIENCE,15-2041,statisticians,15-2041,0.3250259845957061,15-2031,0.291326844561544,15-2051,0.18687340895727933
108405,300,nan,SportsMEDIA Technology Corp.,COMPUTER SCIENCE,15-1252,software developers,15-1252,0.9769081594606143,15-1299,0.017661106746144895,15-1211,0.0036716718112507355
108483,300,nan,IBM Corp,BACHELOR OF SCIENCE IN COMPUTE,15-1211,computer systems analysts,15-1211,0.6755105521064936,15-1299,0.1386526618273717,15-1252,0.13217637068025082
108568,390,nan,THE UNITY CARE GROUP,HEALTH INFORMATICS,15-1252,software developers,15-1252,0.748741065694764,15-1299,0.145757687902916,15-2051,0.05011563405782638
108955,300,nan,Kastech Solutions LLC,MSTR OF SCI IN INFO TECH MGT,15-1252,software developers,15-1252,0.9977874394781187,15-1299,0.0014590491689535395,15-1211,0.0004164626033621213
109133,390,nan,"iHeartMedia Management Services, Inc.",COMP INFO TECH,15-1252,software developers,15-1252,0.9226634504441031,15-1299,0.03290092418363578,15-2051,0.02639145613430986
109257,300,nan,"EOG Resources, Inc.",COMP SCI,15-1252,software developers,15-1252,0.9689566504293414,15-1299,0.02536538323340493,15-1211,0.0037145112806287505
109373,300,package solution consultant,IBM Corp,MASTER APPLIED COMPUTER SCI,15-1211,computer systems analysts,15-1211,0.9421957912588319,15-1251,0.03348513938733257,15-1299,0.01821323869760109
109507,300,system analyst,Cognizant Technology Solutions US Corp,MASTER OF SCIENCE DEGREE IN CO,15-1211,computer systems analysts,15-1211,0.90321923478035,15-1299,0.051199985361841754,15-1252,0.04453779326718435
109951,300,systems analyst,UST GLOBAL INC,ENGINEERING,15-1211,computer systems analysts,15-1211,0.8870071401306379,15-1252,0.10656136830581418,15-1299,0.0044787142705826595
110029,300,application developer,IBM Corp,ELECTRONICS ENGINEERING,15-1211,computer systems analysts,15-1211,0.5885770181913034,15-1252,0.2636010086783378,15-1251,0.1394561838609343
110381,300,nan,"Trine IT, Inc.",US EQUIVALENT BS IN ELECS ENGI,15-1252,software developers,15-1252,0.7431481425663805,15-1299,0.14089836151497898,15-1211,0.06285813334917878
110390,300,nan,Apple Inc,COMPUTER SCIENCE,15-1252,software developers,15-1252,0.9997715156026025,15-1299,0.00014210794552699593,15-1211,3.7804616882161956e-05
110407,320,nan,Fuge Technologies Inc,INFO SYSS,15-1252,software developers,15-1252,0.9913116515265816,15-1299,0.005761668837144876,15-2051,0.0016179299406604898
110496,390,nan,"Forethought Technologies, Inc.",INFORMATION SYSTEMS,15-1252,software developers,15-1252,0.8899805177176484,15-1299,0.06297344245850488,15-2051,0.030297138890014987
110549,300,nan,CitiusTech Inc.,COMPUTER INFORMATION SYSTEMS,15-1252,software developers,15-1252,0.8544681481381422,15-1299,0.10652299949530376,15-1211,0.03610698216441563
110766,300,nan,Apple Inc,VISUAL COMMS DESIGN,15-1252,software developers,15-1252,0.9907684085520628,15-2031,0.0020718575754490338,15-1299,0.0014769171027275005
110782,300,nan,Apple Inc,ELECTRONIC ENGINEERING,15-1252,software developers,15-1252,0.9974738941848103,15-1299,0.001168019085060781,15-1211,0.0006732484854927188
111495,290,polymer scientist,Eastern Tech LLC,POLYMER ENGINEERING,19-2032,materials scientists,19-2032,0.2772951198396647,15-2041,0.21594746625836528,15-2031,0.12862281115895735
111908,120,controls engineer,"E2 Consulting Engineers, Inc.",INDUSTRIAL ENGINEERING,17-2112,industrial engineers,17-2112,0.7897562204247444,17-2199,0.1977497475116916,17-2141,0.008980399613927903
111965,300,nan,AB2 Consulting Inc,COMPUTER SCIENCE ENGINEERING,15-1252,software developers,15-1252,0.9431063211259622,15-1299,0.04671565933424981,15-1211,0.006606697451549219
112218,300,nan,Apple Inc,ELECTRICAL & COMPUTER ENGINEER,15-1252,software developers,15-1252,0.9992565923025601,17-2072,0.00032189347895116596,17-2071,0.000262703516989633
112891,1610,nan,"Uber Technologies, Inc.",BUSINESS ADMINISTRATION,13-1111,management analysts,13-1111,0.9016932685677861,15-1252,0.03800732715442397,15-2051,0.029672240589149454
113461,300,nan,URSI TECHNOLOGIES INC,COMP SCI OR EQUIVALENT,15-1252,software developers,15-1252,0.996187466045071,15-1299,0.0016157165811209568,15-1211,0.0009223616969009872
113505,300,business systems analyst,"Colsh Consultants, LLC.",INDUSTRIAL & SYSTEMS ENGINEERI,15-1211,computer systems analysts,15-1211,0.8830398248297984,15-2051,0.05926061014624927,15-1299,0.043866363361079526
113543,300,nan,Jeevan Technologies Inc.,BACHELOR DEG IN COMP TECH & EL,15-1252,software developers,15-1252,0.9888629095521343,15-1253,0.005335081624575559,15-1299,0.0033479472505997315
113921,300,nan,Netflix Inc.,COMPUTER SCIENCE AND ENGINEERI,15-1252,software developers,15-1252,0.9810867521239043,15-1299,0.01641169787657612,15-1211,0.0014638939541730819
113978,310,nan,WIPRO LIMITED,BUSINESS ADMINISTRATION,15-1299,computer systems engineers architects,15-1299,0.7940580298305763,15-1211,0.08585524176701236,15-1251,0.056815248532063156
114157,300,lead technical specialist,Orrbasystems LLC,APPLIED COMPUTER SCIENCE,15-1252,software developers,15-1252,0.9624825582406146,15-1211,0.018204407249358588,15-1299,0.01682799587208215
114281,190,thin film process dvlp engineer,"Micron Technology, Inc.",MATERIALS SCIENCE AND ENGRG,17-2131,materials engineers,17-2131,0.7656892507635877,17-2199,0.06727580701329085,17-2112,0.05853482300546898
114350,300,nan,Cognizant Technology Solutions US Corp,INFORMATION TECHNOLOGY,15-1299,computer systems engineers architects,15-1299,0.5682612347415633,15-1252,0.256420605317836,15-1211,0.17149172774477092
114522,300,sap technical consultant,SSTECH LLC,INFORMATION TECHNOLOGY,15-1252,software developers,15-1252,0.9929356577733007,15-1211,0.004660786728427986,15-1299,0.0013328159352946026
114612,300,nan,Apple Inc,COMPUTER ENGINEERING,15-1252,software developers,15-1252,0.9992680151192029,15-1299,0.0003771280637213443,15-1211,0.00015125138400767283
114689,1590,digital line producer,CBS Interactive,JOURNALISM,13-1161,market research analysts and marketing specialists,13-1161,0.3392701342057667,15-2051,0.11669375940441101,27-2012,0.0741640988727869
114778,1410,associate artist motion grpahics,Volt Management Corp,ANIMATION & DIGITAL ARTS,27-1024,graphic designers,27-1024,0.4034391544286877,17-2112,0.2582406746498252,27-1021,0.08650714006785824
114796,300,nan,Apple Inc,ELECTRICAL AND COMPUTER ENGRG,15-1252,software developers,15-1252,0.9990894448535372,17-2072,0.00040493498162530586,17-2071,0.000342483252805462
114825,300,nan,Apple Inc,ENGINEERING,15-1252,software developers,15-1252,0.9993300886392027,15-1299,0.0002598126933470875,17-2141,0.00012533267702335513
114927,300,nan,Datum Consulting Group LLC,MGT STUDIES,15-1252,software developers,15-1252,0.6902139879697013,15-1299,0.15896305831095595,15-1211,0.09074700224128446
115049,200,financial engineer,Entagile llc,MATHEMATICS IN FINANCE,13-2099,financial quantitative analysts,13-2099,0.9343802482870717,15-2041,0.034592992156292815,13-2051,0.020038926360831866
115177,300,nan,CUSTOMERTIMES CORP,BUSINESS ADMINISTRATION,15-1252,software developers,15-1252,0.7036392969301153,15-1299,0.19022535393386286,15-1211,0.07037837646719888
115320,300,nan,"TECH INSPIRON,LLC",COMP SCI,15-1252,software developers,15-1252,0.9859909853767362,15-1299,0.009679240757706337,15-1211,0.002834859513186672
115412,300,nan,Savvy IT Group Inc,TECHNOLOGY,15-1252,software developers,15-1252,0.5917877167942336,15-1299,0.35561481661890687,15-2051,0.027001985790501573
115558,300,nan,FLUXTEK SOLUTIONS INC,MASTER OF SCIENCE IN COMPUTER,15-1252,software developers,15-1252,0.9916985094731179,15-1211,0.005852179600469347,15-1299,0.001891620362307716
115597,390,nan,"Sovereign Technologies, LLC",AUTOMOTIVE ENGINEERING,15-1252,software developers,15-1252,0.9076457739248295,15-1299,0.05309950776553569,17-2141,0.025026234770814972
115606,300,sap s4 hana technical consultant,Marvel Technologies Inc,BACHELOR ENGRG IN CMPTR SCI,15-1252,software developers,15-1252,0.4875296300791042,15-1299,0.44006480993602787,15-1253,0.021928470234731157
115637,,sap solutions engineer,ASAR America Inc.,COMPUTER SCIENCE ENGINEERING,15-1252,software developers,15-1252,0.9950919932185288,15-1299,0.003256956904506905,15-1211,0.0006852825529586756
115728,300,nan,TEK GIANTS INC,COMP INFO TECH,15-1252,software developers,15-1252,0.9923783235119058,15-1299,0.0033487834665734467,15-1211,0.0019117149857060356
115766,300,senior engineer,"Brillio, LLC",BACHELOR OF ENG INFO SCI ENGRG,15-1252,software developers,15-1252,0.7110800163856706,15-1299,0.24628278171549245,15-1251,0.030607759588348386
115774,300,nan,Tata Consultancy Services Limited,COMPUTER SCIENCE,15-1299,computer systems engineers architects,15-1299,0.5710685644902305,15-1252,0.36607430602079993,15-1211,0.056543177468834416
115904,300,nan,TANGENSIS INC,COMPUTER SCIENCE,15-1252,software developers,15-1252,0.9947268778101911,15-1299,0.0033607528970252005,15-1211,0.0008940525826088859
116093,300,nan,"RStudio, Inc.",COMP ENGRG,15-1252,software developers,15-1252,0.9517806930386037,15-1299,0.03559011138227497,15-1211,0.010212728288211653
116265,300,nan,Apple Inc,COMPUTER ENGINEERING,15-1252,software developers,15-1252,0.9992680151192029,15-1299,0.0003771280637213443,15-1211,0.00015125138400767283
116445,300,hardward development engineer mech,Apple Inc,THEORETICAL & APPLIED MECHANIC,15-1252,software developers,15-1252,0.9896976818708855,15-2031,0.0023207561023121295,17-2071,0.001868129122111226
116481,300,nan,Stellar IT Solutions LLC,BUSINESS ANALYTICS,15-1252,software developers,15-1252,0.9681700554206917,15-1299,0.017669541897230096,15-2051,0.010374225191992176
116577,300,nan,Apple Inc,COMPUTING,15-1252,software developers,15-1252,0.9994668761640272,15-1299,0.0002771876689919873,15-2031,4.860575542472316e-05
116748,390,nan,"Potomac College, LLC",INFO TECH,15-1252,software developers,15-1252,0.6775314160148066,15-1299,0.269666551195765,15-1211,0.025145678343416487
116832,300,nan,ETISBEW TECHNOLOGY GROUP,INFORMATION TECHNOLOGY,15-1252,software developers,15-1252,0.9611576425644086,15-1299,0.027641320402738583,15-1211,0.007752791327907821
117267,300,edi consultant,Tribis Inc,SOCIOLOGY,15-1252,software developers,15-1252,0.5971797793938103,15-1299,0.24251514348982303,15-1211,0.08219499814816722
117450,300,nan,Visionet Systems Inc.,BACHELOR OF SCIENCE IN COMPUTE,15-1252,software developers,15-1252,0.8291067724720145,15-1211,0.1065648698380213,15-1299,0.06280630598850488
117672,300,fe engineer 3,Apple Inc,ELECTRICAL & COMPUTER ENIGNEER,15-1252,software developers,15-1252,0.9741862533994585,17-2071,0.0075840915340459475,17-2072,0.005683846030838792
117796,300,power bi analyst,Cardinal Integrated Technologies Inc.,ENGINEERING AND TECHNOLOGY MAN,15-1252,software developers,15-1252,0.8306507326511287,15-1299,0.06429555333671051,15-1211,0.03992524953934354
117875,1690,senior manager i product mgmt,"Wal-Mart Associates, Inc.",COMPUTER ENGRG AND BUS ADMIN,15-2051,business intelligence analysts,15-2051,0.7091585024609037,15-1299,0.19712240709109718,15-1252,0.026904133885693817
117939,300,nan,Aricent Technologies Holdings  Ltd.,INFORMATION TECHNOLOGY,15-1252,software developers,15-1252,0.986048220020249,15-1299,0.011342853065980011,15-1211,0.0015907122308627185
118066,1860,finance analytics analyst,"Tesla, Inc.",BUSINESS ANALYTICS,15-2051,business intelligence analysts,15-2051,0.8553853437128733,15-1252,0.05008242978070791,15-2031,0.03417501160076051
118087,300,nan,Apple Inc,MECHANICAL ENGINEERING,15-1252,software developers,15-1252,0.9944287923795184,17-2141,0.004434085428892532,15-1299,0.0005861673219425312
118171,300,nan,Cognizant Technology Solutions US Corp,APPLIED COMP SCI,15-1299,computer systems engineers architects,15-1299,0.5677741254524988,15-1211,0.29657022367702446,15-1252,0.1322475936051884
118634,410,research scentist and member of th,"D. E. Shaw Research, LLC",PHARMACY/ PHYSICAL CHEMISTRY,19-1029,bioinformatics scientists,19-1029,0.7121636466537902,19-1021,0.06549198119099063,15-2041,0.04723327424694134
119570,300,application developer,"Signature Commercial Solutions, LLC",ELECTRICAL ENGINEERING,15-1252,software developers,15-1252,0.995065009380653,15-1211,0.003101411653410635,15-1251,0.0015768954890380896
119682,300,nan,"PROKARMA, INC.",COMPUTER INFORMATION SYSTEMS,15-1252,software developers,15-1252,0.9839393720680942,15-1299,0.014841711471801087,15-1211,0.0007470458337480196
119714,300,nan,"Vantage Point Consulting, Inc",CERAMIC TECHNOLOGY,15-1252,software developers,15-1252,0.7916600250988187,15-1299,0.091163538355992,15-1211,0.05204239215964086
119731,300,distinguished engr,Apple Inc,SYSTEMS ENGINEERING,15-1252,software developers,15-1252,0.9961105246366142,15-1299,0.0007048959032728429,17-2141,0.0006798894878945692
120132,300,nan,MOORE INFOTECH INC,COMPUTER SCIENCE,15-1252,software developers,15-1252,0.9978322610426563,15-1299,0.0016538181287168352,15-1211,0.00021998052437200525
120150,1600,nan,DB USA Core Corporation,FINANCE,13-2051,financial and investment analysts,13-2051,0.9681019132565944,13-2011,0.02664197842184743,13-2099,0.0036100887764789757
120235,300,nan,Tata Consultancy Services Limited,COMPUTER SCIENCE,15-1299,computer systems engineers architects,15-1299,0.5710685644902305,15-1252,0.36607430602079993,15-1211,0.056543177468834416
120553,300,sr systems analyst,Cognizant Technology Solutions US Corp,COMPUTER SCIENCE,15-1211,computer systems analysts,15-1211,0.9485618384067322,15-1252,0.038540124093427684,15-1299,0.012321814917073124
120613,300,machine learning enigneer,Apple Inc,COMPUTER ENGINEERIGN & COMPUTE,15-1252,software developers,15-1252,0.9896976818708855,15-2031,0.0023207561023121295,17-2071,0.001868129122111226
121407,330,nan,Brain Corporation,ENGINEERING MAJOR IN ROBOTICS,15-1299,computer systems engineers architects,15-1299,0.5243727074909346,15-1252,0.34685897074867406,15-1253,0.09100523470219367
121562,300,research engineer,"Amsted Rail Co., Inc.",MECHANICAL ENGINEERING,15-1252,software developers,15-1252,0.8011893245820407,17-2141,0.11138545327860096,15-1299,0.04766103543889374
121596,,digital media developer,Trinitarian Bible Society,AUDIO VIDEO TECHNOLOGY,15-1252,software developers,15-1252,0.6880124609607915,15-1299,0.12266743501048773,15-1211,0.049723245380452814
121599,1320,content operations coordinator,NETSTAR US INC.,SPANISH LITERATURE,15-1252,software developers,15-1252,0.173891786670918,15-1299,0.07430611169355784,13-2051,0.05716079821983526
121600,300,nan,Apple Inc,ELECTRICAL ENGINEERING,15-1252,software developers,15-1252,0.9982195173017717,17-2071,0.0009301056790543012,17-2072,0.0004973788488805858
121951,200,analyst merchant growth analytics,"Uber Technologies, Inc.",BUSINESS ANALYTICS,15-2041,statisticians,15-2041,0.5368313843719039,15-2031,0.30936417009992223,15-2051,0.14094465614707852
122009,300,nan,Net Orbit Inc,BUSINESS ADMINISTRATION,15-1252,software developers,15-1252,0.938825323210101,15-1299,0.03172583953327939,15-1211,0.023475451954605025
122152,300,architect,Tata Consultancy Services Limited,MECHANICAL ENGINEERING,15-1299,computer systems engineers architects,15-1299,0.9993458941578837,15-1252,0.00039347601026913165,15-1211,0.0002307069850945093
122236,300,soc 15 1132,URSI TECHNOLOGIES INC,COMPUTER SCIENCE OR EQUIVALENT,15-1252,software developers,15-1252,0.9977137517677028,15-1253,0.001106096398854332,15-1299,0.0005285085209214369
122261,390,dot net developer,ATOS SYNTEL INC,MASTER IN CMPTR APPLICATIONS,15-1252,software developers,15-1252,0.8215358376865938,15-1299,0.16452136776788515,15-1253,0.009965614318350434
122381,300,nan,MOORE INFOTECH INC,COMP SCI,15-1252,software developers,15-1252,0.9980496962346467,15-1299,0.00147888577746542,15-1211,0.00021656829911098188
122648,300,nan,Apple Inc,COMPUTER SCIENCE,15-1252,software developers,15-1252,0.9997715156026025,15-1299,0.00014210794552699593,15-1211,3.7804616882161956e-05
122862,1890,director of research,"FLAGLER INVESTMENT PARTNERS, LLC",FINANCE,13-1111,management analysts,13-1111,0.36486540703180437,15-1299,0.23308727686577965,13-2051,0.18410308141514956
123018,300,nan,Accenture LLP,COMPUTER ENGINEERING,15-1299,computer systems engineers architects,15-1299,0.4962756931804973,15-1211,0.3032643632553774,15-1252,0.18123086644458888
123195,300,nan,"Lucid Holdings, LLC",MASTER OF COMP SCI,15-1252,software developers,15-1252,0.9060730662198369,15-1299,0.05962214955690492,15-1211,0.017018203464879287
123300,300,nan,HUMETIS TECHNOLOGIES INC,ELECTRONICS & COMMUNICATION EN,15-1252,software developers,15-1252,0.955218857411523,15-1299,0.03918234428964648,15-1211,0.002975555111360276
123334,120,nan,"Valiant International, Inc.",IND & SYSTEMS ENGINEERING,17-2112,industrial engineers,17-2112,0.8497758821628035,17-2141,0.04755678450357727,17-2199,0.031981859476373414
123621,300,nan,Keerthan IT Solutions Inc,COMPUTER SCIENCE,15-1252,software developers,15-1252,0.9876823218903237,15-1299,0.008676076193945854,15-1211,0.0023080745790548373
123760,050,nan,T. Y. Lin International,CIVIL ENGRG,17-2051,civil engineers,17-2051,0.999683632625071,15-1252,0.00011508647624882189,15-1299,9.218500339289633e-05
123963,390,rpa developer,QBOTICA INC,BACHELOR OF ENGINEERING,15-1252,software developers,15-1252,0.9799430499760677,15-1299,0.014451784402287242,15-1251,0.002799526663270385
124403,300,asso specialist technology,SYNECHRON INC,ELECTRONICS & TELECOMMUNICATIO,15-1252,software developers,15-1252,0.8707192324590606,15-1299,0.11831473905209063,15-1253,0.005442124065619225
124534,300,nan,SQA Concepts Inc,ELECTRONICS AND COMMUNICATION,15-1252,software developers,15-1252,0.9805485922914894,15-1299,0.015519176936789076,15-1211,0.0025312597768304885
124834,330,advisory consultant,Deloitte & Touche LLP,INFORMATION SYSTEMS,15-1212,information security analysts,15-1212,0.9512608168413706,15-1211,0.024107024937193005,15-2031,0.007798874520174171
125028,1600,nan,PRO METAL RECYCLING INC.,MASTER ECONOMICS BACHELOR ACCO,13-2011,accountants and auditors,13-2011,0.5412617431134474,13-2051,0.29740815022003564,15-1252,0.08710532026790765
125199,190,nan,Thermo Fisher Scientific Inc.,LOGISTICS & SUPPLY CHAIN MANAG,15-1252,software developers,15-1252,0.28433022875335107,15-1299,0.23020032049927333,17-2199,0.20803852835099282
125250,300,nan,Netline Technologies LLC.,COMPUTER SCIENCE,15-1252,software developers,15-1252,0.979664996409768,15-1299,0.014342749628789817,15-1211,0.003815565362952664
125504,030,systems engineer,"Wi-Tronix, LLC",ELECTRICAL ENGINEERING,17-2071,electrical engineers,17-2071,0.4219657703636745,17-2072,0.41633365869759276,15-1252,0.12324344378038397
125577,500,nan,JPMorgan Chase & Co.,BUSINESS ANALYTICS,15-2051,business intelligence analysts,15-2051,0.6741568417821889,13-2051,0.17274029687729234,15-1252,0.07448981633799039
125879,1600,nan,Chen & Fan Accountancy Corporation,ACCOUNTANCY,13-2011,accountants and auditors,13-2011,0.9991958759358733,13-2051,0.0007702641675936849,13-2099,6.166464095155155e-06
125906,790,nan,Bilinguals Inc.,SPEECH & LANGUAGE PATHOLOGY,15-2041,statisticians,15-2041,0.23239184561488793,15-2051,0.1535894250327552,15-1211,0.1467491247910845
125983,030,nan,Intel Corporation,ELECTRICAL AND COMPUTER ENGINE,17-2072,electronics engineers except computer,17-2072,0.6640040082926864,15-1252,0.33499579662829415,17-2071,0.0005623013370217218
126042,1600,nan,"Horizon Insights, Inc.",MBA,13-2051,financial and investment analysts,13-2051,0.42392254419437125,13-2011,0.41402981182166754,15-1252,0.10535321336270105
126161,010,nan,SIGMA7 DESIGN GROUP INC,ARCHITECTURAL & BLDG SCI TECH,15-1252,software developers,15-1252,0.4634191449100164,17-1011,0.2418389238106279,15-1299,0.0970534869711756
126269,240,geological sample test,Lowa Gracas de Deus,GEOLOGY,15-1299,computer systems engineers architects,15-1299,0.5725005299814239,19-2042,0.20941423210581506,15-2031,0.029095807585042516
126340,050,nan,"Forell Elsesser Engineers, Inc.",CIVIL ENGINEERING,17-2051,civil engineers,17-2051,0.999009167768838,15-1252,0.00046732099524455947,15-1299,0.00021641718617295503
126411,050,nan,Manda Developers and Builders Private Limited,CIVIL ENGINEERING,17-2051,civil engineers,17-2051,0.9946680027958692,15-1252,0.003933985598091672,15-1299,0.0007498895752720184
126474,900,furnace operations engineer,"Owens-Illinois General, Inc",CHEMICAL ENGINEERING,15-1252,software developers,15-1252,0.4130954505725195,15-2031,0.10221727676104742,15-1299,0.08237637170639661
126521,300,nan,Prolific Technologies Inc,COMP SCI,15-1252,software developers,15-1252,0.9936099447951772,15-1299,0.005034340275531333,15-1211,0.0011058445424564573
126638,1100,associate,"Weil, Gotshal & Manges LLP",JURIS DOCTOR,23-1011,lawyers,23-1011,0.9999855447918826,13-2051,5.276243836960576e-06,13-2011,3.0248447212964007e-06
127011,1860,associate,"REVERE CAPITAL MANAGEMENT, LP",STATISTICS AND ANALYTICS,13-2051,financial and investment analysts,13-2051,0.8082664115781335,13-2099,0.10341327976211176,15-2051,0.027242226189790098
127080,190,product engineer,Halomine Inc.,MATERIALS SCIENCE & ENGINEERIN,17-2131,materials engineers,17-2131,0.7154831369107492,17-2141,0.16769785909452395,17-2199,0.04959164775112037
127260,,multimedia manager,"Renee Sacks Associates, Inc.",DESIGN AND TECHNOLOGY,15-1252,software developers,15-1252,0.39411288652381926,15-1211,0.13763810637072063,15-1299,0.10368535753521875
127624,300,applied scientist computer vision,"Zillow, Inc.",ELECTRICAL ENGINEERING,15-1252,software developers,15-1252,0.9810256957467952,15-1299,0.00911109855551933,15-1211,0.0019703282682339614
127645,300,staff hardware engineer,"Qualcomm Technologies, Inc.",INFORMATION TECHNOLOGY,15-1252,software developers,15-1252,0.9948156436000434,15-1299,0.003557583426090359,15-1211,0.0011848267429603076
127856,390,nan,"BTI Solutions, Inc.",COMP INFO SYSTEMS,15-1252,software developers,15-1252,0.513022733957083,15-1299,0.3631172797731601,15-1253,0.10751156855643346
127883,300,nan,"Virtual Systems Solutions, Inc.",INDUSTRIAL ENGINEERING,15-1252,software developers,15-1252,0.95149953067731,15-1299,0.026833430722589792,15-1211,0.008248347841404704
128213,1860,nan,AMERICAN SERVICES GROUP LLC,BACHELOR OF SCIENCE IN TECHNIC,13-2051,financial and investment analysts,13-2051,0.42055553552104535,15-1252,0.14915158252146807,15-1299,0.12369730095678687
128515,300,manager,Cognizant Technology Solutions US Corp,ELECTRONIC ENGINEERING,15-1211,computer systems analysts,15-1211,0.9478197451633955,15-1299,0.04958959912397083,15-1252,0.002472329686308916
128561,300,data scientist operations research,Apple Inc,INDUSTRIAL & SYSTEMS ENGINEERI,15-1252,software developers,15-1252,0.8710732452719584,15-2031,0.08549892660417477,17-2112,0.01738880190775804
128563,300,nan,Apple Inc,COMPUTER ENGINEERING,15-1252,software developers,15-1252,0.9992680151192029,15-1299,0.0003771280637213443,15-1211,0.00015125138400767283
128706,500,growth marketing analytics lead,"SlideRule Labs, Inc.",ECONOMICS,13-2051,financial and investment analysts,13-2051,0.6459443778396109,13-1161,0.16415981872484106,19-3011,0.07852487557518474
129025,200,performance tracking optimizatio,Deluxe Corporation,MATHEMATICS & ECONOMICS,15-2041,statisticians,15-2041,0.3850965239831349,15-2031,0.29363879807222376,15-2051,0.24601754208191243
129337,300,ml research engineer,Apple Inc,ELECTRICAL ENGINEERING,15-1252,software developers,15-1252,0.9903577726335537,17-2071,0.00590461526012418,17-2072,0.0029686534335498956
129401,030,gpu engineer,"Qualcomm Technologies, Inc.",COMPUTER SCIENCE,17-2072,electronics engineers except computer,17-2072,0.8576540909719091,15-1252,0.142133784771208,15-1299,0.00013653021221340697
129509,300,nan,"Niantic, Inc.",COMPUTER SCIENCE,15-1252,software developers,15-1252,0.9958649739948354,15-1299,0.0029159849618868652,15-1211,0.0007757320951300149
129729,320,nan,KOYA CONSULTING INC,INFORMATION TECHNOLOGY,15-1252,software developers,15-1252,0.9871010102304213,15-1299,0.008375535580147822,15-1211,0.004037774305055001
129919,300,validation consultant,Katalyst HealthCares & Life Sciences Inc.,CHEMISTRY,15-1252,software developers,15-1252,0.26284219105781914,17-2199,0.22642053158016529,15-1299,0.1348299856211789
130049,300,nan,Amazon.com Services LLC,ENGINEERING SCIENCE,15-1252,software developers,15-1252,0.9985632650754276,15-2051,0.0007232000102994174,15-1299,0.0005828520912396044
130243,300,nan,Apple Inc,ELECTRICAL ENGINEERING,15-1252,software developers,15-1252,0.9982195173017717,17-2071,0.0009301056790543012,17-2072,0.0004973788488805858
130475,300,architect,Tata Consultancy Services Limited,COMPUTER INFORMATION SYSTEMS,15-1299,computer systems engineers architects,15-1299,0.9994443411975374,15-1211,0.00030769900639438365,15-1252,0.00022939387884954743
130538,1660,nan,"VDart, Inc.",HUMAN RESOURCES MANAGEMENT,15-1252,software developers,15-1252,0.37529500351461503,13-1071,0.2642994915335142,15-1211,0.18997806428493083
130585,300,nan,Apple Inc,ELECTRICAL ENGINEERING,15-1252,software developers,15-1252,0.9982195173017717,17-2071,0.0009301056790543012,17-2072,0.0004973788488805858
130775,410,nan,"American Preclinical Services, LLC",INTEGRATIVE BIOLOGY & PHYSIOLO,19-1029,bioinformatics scientists,19-1029,0.2755661908456234,15-2041,0.185208447283619,15-1252,0.08073213475698565
130917,1720,engineer,Graycor Southern Inc.,CIVIL ENGINEERING,17-2051,civil engineers,17-2051,0.653219039045643,15-1252,0.2880265713892761,15-1299,0.033556209705730686
130936,300,developer,Mercury Financial LLC,COMPUTER SCIENCE,15-1252,software developers,15-1252,0.9866192918086314,15-1251,0.012059513801991543,15-1299,0.0009048485961871401
131085,790,nan,"Janssen Research & Development, LLC",BIOMEDICAL ENGINEERING,15-2041,statisticians,15-2041,0.5361157057744217,19-1029,0.10873346100888985,15-2051,0.09379129930154097
131119,300,business analyst,CRAVE INFOTECH LLC,TECHNOLOGY,15-1252,software developers,15-1252,0.9632592068328384,15-1211,0.026865287188529558,15-1299,0.005646249112368118
131306,300,full stack java developer,Welkin Technologies LLC,ELECTRICAL AND ELECTRONICS,15-1252,software developers,15-1252,0.9990148599167106,15-1299,0.0006513901668056378,15-1211,0.00016110527692507685
131346,050,staff engineer,"Fugro USA Land, Inc.",CIVIL ENGINEERING,17-2051,civil engineers,17-2051,0.9999934973949072,11-9021,1.6853699558509254e-06,15-1252,1.487337465331144e-06
131536,390,lead engineer,WIPRO LIMITED,INFORMATION TECHNOLOGY,15-1251,computer programmers,15-1251,0.8572844297086051,15-1299,0.13721284308683884,15-1211,0.0026029600277815376
131705,390,nan,L&T TECHNOLOGY SERVICES LIMITED,COMPUTER INFORMATION SYSTEMS,15-1252,software developers,15-1252,0.6665525687602246,15-1299,0.3047222382620922,15-1253,0.022723267206535624
131733,300,nan,"SILVERXIS, INC",MSTRS OF SCI IN INFO SYSS ENGI,15-1252,software developers,15-1252,0.8891685928941083,15-1299,0.0842916712519189,15-1211,0.012534844396126382
131817,300,nan,"Streams, Inc.",COMP SCI,15-1252,software developers,15-1252,0.9919467851638089,15-1299,0.005564404250476579,15-1211,0.0016297047175028504
131882,300,nan,Infosys Limited,ELECTRICAL AND ELECTRONICS ENG,15-1299,computer systems engineers architects,15-1299,0.9685275452730597,15-1211,0.024178790843371153,15-1252,0.004571550623261471
131935,300,nan,Apple Inc,CHEMICAL ENGINEERING,15-1252,software developers,15-1252,0.9975751401088596,15-2031,0.0008913300285081615,15-1299,0.0005948255002743702
132341,300,nan,IBM Corp,MASTER OF APPLIED COMPUTER SCI,15-1211,computer systems analysts,15-1211,0.6515920613766161,15-1299,0.21200461590727432,15-1251,0.07134531728037495
132617,300,nan,"ANSYS, Inc.",INFO SCI,15-1252,software developers,15-1252,0.9976317357750095,15-1299,0.001030994030852587,15-1211,0.0008408028760413838
132622,300,technical program mgr,Apple Inc,MANUFACTURING ENGINEERING,15-1252,software developers,15-1252,0.7844946012551038,17-2141,0.1517843420839461,17-2112,0.03278082584109829
132627,300,hardware develop engineer,Apple Inc,MECH ENGRG,15-1252,software developers,15-1252,0.8447092679771836,17-2141,0.14337449148181924,17-2072,0.0026486768201215943
133154,050,traffic operations engineer,"AECOM TECHNICAL SERVICES, INC.",CIVIL ENGINEERING,17-2051,civil engineers,17-2051,0.999677348876937,11-9021,0.0001747087900021318,13-1051,5.656190623230041e-05
133755,300,mobile developer,Srivin Infosystems Inc,INFORMATION TECHNOLOGY,15-1252,software developers,15-1252,0.9981959274872896,15-1211,0.0009340188624560293,15-1299,0.0007478674373216031
133895,410,nan,"AN-L-IT-IKS, INC.",PHARMACEUTICAL ECONOMICS & POL,19-1029,bioinformatics scientists,19-1029,0.8171746190451993,15-2041,0.0547245858514672,15-2051,0.02083745501217139
134005,1600,nan,BREAKTIME CORNER MARKET LLC,ACCOUNTING,13-2011,accountants and auditors,13-2011,0.9982045827744715,13-2051,0.0017531650382974421,15-1299,9.056586326193085e-06
134182,,it product owner scrum master,Scottline LLC,COMPUTER ENGINEERING,15-1299,computer systems engineers architects,15-1299,0.8170314769618806,15-1252,0.16932693132185256,15-1211,0.005945264333518597
134352,300,nan,Infinite Solutions Inc.,COMPUTER APPLICATIONS,15-1252,software developers,15-1252,0.9604064394650907,15-1299,0.02919914286847628,15-1211,0.0061863850447108956
134421,300,pega developer,"Springshine Consulting, Inc.",COMPUTER SCIENCE,15-1252,software developers,15-1252,0.9984857485338606,15-1299,0.0010310459099102391,15-1251,0.00016964726670396402
134513,300,nan,Apple Inc,GEOGRAPHIC ENGINEERING,15-1252,software developers,15-1252,0.9973528050489214,15-1299,0.0006119569623254524,15-2031,0.000536446745910518
134784,300,advanced business analyst,"Kforce, Inc",MANAGEMENT AND INFORMATION SYS,15-1252,software developers,15-1252,0.676587013571682,15-2031,0.2673142826879065,15-2051,0.01865155117433358
134959,300,nan,Visam Technologies Inc,COMP SCI,15-1252,software developers,15-1252,0.9959571134649912,15-1299,0.0027934502527480784,15-1211,0.0008181467143806386
135089,050,project consultant highway enginee,"Civil & Environmental Consultants, Inc.",CIVIL ENGINEERING,17-2051,civil engineers,17-2051,0.9998696439859153,11-9021,4.732606571634369e-05,13-1051,3.064359259037706e-05
135141,010,nan,"ARCO National Construction, LLC",ARCHITECTURE,17-1011,architects except landscape and naval,17-1011,0.9766348210603311,17-3011,0.013838529065530063,15-1252,0.006147703771050054
135146,300,engineering lead,viagogo Inc.,INFORMATION SYSTEMS,15-1252,software developers,15-1252,0.9659175581656099,15-1299,0.01516304828501303,15-2051,0.01158392742767319
135369,300,systems analyst,Cognizant Technology Solutions US Corp,INFO TECH & MGT,15-1211,computer systems analysts,15-1211,0.9696788995000807,15-1252,0.015358351136512535,15-1299,0.014713110216570081
135755,300,nan,Apple Inc,ELECTRICAL ENGINEERING,15-1252,software developers,15-1252,0.9982195173017717,17-2071,0.0009301056790543012,17-2072,0.0004973788488805858
135790,1410,animator designer ii,Buck Design LLC,GRAPHIC DESIGN,27-1024,graphic designers,27-1024,0.8923945558728982,27-1014,0.10265290374572016,27-1021,0.002667106630021852
136034,,business analyst,"A R Systems Inc.,",COMPUTER INFO SYSTEM,15-1211,computer systems analysts,15-1211,0.3591583653166151,15-1299,0.25518446538880873,15-1252,0.18180159513559196
136310,1860,nan,"Columbia Partners New York, LLC",SALES MANAGEMENT,13-2051,financial and investment analysts,13-2051,0.5007084015196429,13-2099,0.09200456072387914,15-2051,0.09132089529909009
136378,300,nan,Apple Inc,COMPUTER ENGINEERING,15-1252,software developers,15-1252,0.9992680151192029,15-1299,0.0003771280637213443,15-1211,0.00015125138400767283
136624,300,implementation engineer,Apple Inc,ELECTRICAL & COMPUTER ENGINEER,15-1252,software developers,15-1252,0.9847233996165473,17-2072,0.011450034489680834,17-2071,0.0033130376377259584
136857,1990,business systems analyst,"Arvato Systems North America, Inc.",BUSINESS ADMIN,13-1111,management analysts,13-1111,0.6786061529857808,15-2051,0.17573326918636892,15-1252,0.06238161167559077
136922,300,nan,Tata Consultancy Services Limited,COMPUTER SCIENCE,15-1299,computer systems engineers architects,15-1299,0.5710685644902305,15-1252,0.36607430602079993,15-1211,0.056543177468834416
136989,300,design verification engineer elect,Apple Inc,ELECTRICAL ENGINEERING COMPUTE,15-1252,software developers,15-1252,0.9590192366724213,17-2072,0.02507225136183432,17-2071,0.005598651430909036
137175,300,nan,NerdPine Solutions LLC,INFORMATION TECHNOLOGY,15-1252,software developers,15-1252,0.9946555887134295,15-1299,0.0043060788277253575,15-1211,0.000603880894734125
137638,300,nan,Risamsoft Inc,MASTER OF SCIENCE,15-1252,software developers,15-1252,0.9414451996581914,15-1251,0.055384848744084586,15-1299,0.0021132950592797923
137915,300,nan,Tech Mahindra Americas Inc.,COMPUTER APPLICATIONS,15-1252,software developers,15-1252,0.8945725835113914,15-1299,0.0600029583067829,15-1211,0.03576203508586972
138392,300,nan,"BER-IT, INC",INFORMATION TECHNOLOGY,15-1252,software developers,15-1252,0.9696104102366125,15-1299,0.022522021978587627,15-1211,0.006316939065806857
138788,300,nan,"Collaborate Solutions, Inc.",COMPUTER SCIENCE,15-1252,software developers,15-1252,0.9961225705722861,15-1299,0.0027344430267611177,15-1211,0.0007274369538553744
138818,300,nan,"Flexport, Inc.",BUSINESS ADMINISTRATION,15-1252,software developers,15-1252,0.985787093634368,15-1299,0.00807583622134514,15-1211,0.0029878469411121545
139051,300,nan,Apple Inc,BUSINESS ADMINISTRATION,15-1252,software developers,15-1252,0.9977539702328512,15-1299,0.0008729378005107186,15-2031,0.0008033867231660031
139374,390,nan,TBWA Worldwide Inc.,BUSINESS ANALYTICS,15-2051,business intelligence analysts,15-2051,0.6857588924815833,15-1252,0.2081676869471747,15-1299,0.046939902037729034
139696,300,nan,Apple Inc,ELEC & COMP ENGRG,15-1252,software developers,15-1252,0.9991799604361501,17-2072,0.0003534623096379488,17-2071,0.0003097344292019151
140007,300,nan,Larsen & Toubro Infotech Limited,B TECH IN ELECTRONICS & COMMUN,15-1252,software developers,15-1252,0.9238927427118462,15-1211,0.04060578435848893,15-1299,0.026141735731575175
140197,1690,nan,Quickway Imports Inc.,BUSINESS ADMINISTRATION MANAGE,15-1299,computer systems engineers architects,15-1299,0.3526185408486127,13-2051,0.15628472628948845,13-1111,0.14114470672155813
140555,300,nan,Cognizant Technology Solutions US Corp,APPLIED COMPUTER SCIENCE,15-1299,computer systems engineers architects,15-1299,0.6209931462104621,15-1211,0.25964838680528207,15-1252,0.11708298536047108
141212,300,nan,Tata Consultancy Services Limited,CIVIL ENGINEERING,15-1299,computer systems engineers architects,15-1299,0.7531857304512762,15-1252,0.16589565129396414,15-1211,0.07725625902565036
141341,1410,nan,"Technicolor Creative Services USA, Inc.",ANIMATION,27-1014,multimedia artists and animators,27-1014,0.48435219115158884,27-1024,0.4216325389040988,15-1252,0.0317299767914181
141412,1610,product manager,Intuit Inc.,PRODUCT MANAGEMENT,13-1111,management analysts,13-1111,0.3509031374352621,15-1299,0.23059550985781682,15-2051,0.18889208466609964
141473,300,nan,Apple Inc,MARKETING,15-1252,software developers,15-1252,0.9894640491400586,15-1299,0.0053635371719195505,15-2031,0.0020691299481795907
141682,,tech architecture delivery sr mgr,Accenture LLP,BUSINESS ADMIN & COMPUTER ENGI,15-1299,computer systems engineers architects,15-1299,0.4580525556388719,15-1211,0.36200444420554073,15-1251,0.06821211334612372
141985,300,nan,"Itential, LLC",COMPUTER SCIENCE,15-1252,software developers,15-1252,0.9911825395528444,15-1299,0.006219159342370127,15-1211,0.0016544672107919333
142248,,ais identity svcs engineer,Eximius Systems Inc.,CYBER SECURITY,15-1252,software developers,15-1252,0.6867482080722448,15-1299,0.2521024833903734,15-1211,0.02602878605795905
142322,,construction engineer,"Juneau Associates, Inc, P.C.",CIVIL ENGINEERING,17-2051,civil engineers,17-2051,0.9160189178492494,15-1252,0.05342333869720024,15-1299,0.015601613637201802
142462,300,nan,Aetna Resources LLC,COMPUTER SCIENCE,15-1252,software developers,15-1252,0.9961753466852098,15-1299,0.0030174763054099185,15-2051,0.0004700772782895875
142672,1600,accountant,Anytrek Corporation,BUSINESS ADMINISTRATION,13-2011,accountants and auditors,13-2011,0.9983475248503907,13-2051,0.0014844900771090112,13-1111,5.9039429343575424e-05
142778,300,nan,Infosys Limited,SOFTWARE TECHNOLOGY,15-1299,computer systems engineers architects,15-1299,0.9732592814630249,15-1211,0.018310719453495217,15-1252,0.005854951355379748
143610,300,nan,"APPSTEK, INC",INFORMATION TECHNOLOGY,15-1252,software developers,15-1252,0.954946668637669,15-1299,0.03203982011983166,15-1211,0.008986475173890288
143614,300,nan,Kastech Solutions LLC,MSTR OF SCI IN INFO TECH MGT,15-1252,software developers,15-1252,0.9977874394781187,15-1299,0.0014590491689535395,15-1211,0.0004164626033621213
143895,300,nan,IBM Corp,BACHELOR OF SCI IN COMP INFO S,15-1211,computer systems analysts,15-1211,0.7127559281241862,15-1299,0.1407454150930754,15-1252,0.08384821149249469
144007,300,nan,Allied Solutions LLC,COMPUTER HUMAN INTERACTION DES,15-1252,software developers,15-1252,0.889464174391819,15-1299,0.06941400518326182,15-1211,0.02420037526653431
144048,300,nan,Suntek Corporations Inc,INFORMATION TECHNOLOGY MANAGEM,15-1252,software developers,15-1252,0.993993629534856,15-1299,0.003954876281193807,15-1211,0.001042021975420554
144131,1100,associate,Cleary Gottlieb Steen & Hamilton LLP,LAW,23-1011,lawyers,23-1011,0.9999986542138718,13-2011,4.5956583388412516e-07,13-2051,4.243879992511541e-07
144133,300,nan,Birlasoft Solutions Inc.,COMPUTER ENGINEERING,15-1252,software developers,15-1252,0.8776358923152237,15-1211,0.10159338467794282,15-1299,0.02046961695789868
144230,300,nan,PIORION SOLUTIONS INC,COMPUTER SCIENCE,15-1252,software developers,15-1252,0.9715413713241099,15-1299,0.024383684558023904,15-1253,0.0018336100727908231
144356,300,nan,"TAVANT TECHNOLOGIES, INC.",BACHELOR OF TECH COMP SCI & EN,15-1252,software developers,15-1252,0.9771516712073248,15-1299,0.01273854475837716,15-1211,0.00484802260358243
144455,1410,nan,Metaleap Design Inc,ADVERTISING,27-1024,graphic designers,27-1024,0.7054190246986376,15-1299,0.08888186998414803,13-1161,0.08160016406920119
144653,200,product mgmt spec private equity,"Markit North America, Inc.",FINANCE,13-2099,financial quantitative analysts,13-2099,0.43728513401075275,15-2051,0.21020667205227947,13-2051,0.11967985777679244
144760,300,nan,Tata Consultancy Services Limited,COMPUTER INFORMATION SYSTEMS,15-1299,computer systems engineers architects,15-1299,0.8145793545948107,15-1211,0.10682187036937822,15-1252,0.07340148827859269
144881,300,nan,IT Division Inc,ENGRG SCI,15-1252,software developers,15-1252,0.9892113641953132,15-1211,0.0034682177778051293,15-1299,0.0030376678635755136
144968,190,nan,"Global Engineering Resources, LLC",MCHANICAL ENGINEERING MR GARAS,15-1252,software developers,15-1252,0.3451435248565408,15-1299,0.21853666839356622,17-2141,0.12139345063639183
145102,300,nan,"Infolob Solutions, Inc.",COMP SCI,15-1252,software developers,15-1252,0.9859836307903462,15-1299,0.009679168559467816,15-1211,0.0028348383677406154
145113,310,nan,"National Association on Drug Abuse Problems, NYS",TECHNOLOGY MANAGEMENT,15-1252,software developers,15-1252,0.674856363777805,15-1299,0.2271110980665755,15-2051,0.06167451117297598
145591,300,staff developer,"Financial Industry Regulatory Authority, Inc",CYBERSECURITY,15-1252,software developers,15-1252,0.8369826734976198,15-1299,0.09875762982541036,15-1211,0.03678401920013749
145869,300,data and applied scientist,Microsoft Corporation,INFORMATION SYSTEMS MANAGEMENT,15-1252,software developers,15-1252,0.9592597436106296,15-1221,0.018910626189354747,15-2051,0.018634944433403973
146147,1690,nan,Thinktown Education Inc.,INTEGRATED MARKETING COMMUNICA,13-1161,market research analysts and marketing specialists,13-1161,0.8622462687898965,15-2031,0.04422552216230147,15-1299,0.0404167167636079
146251,300,nan,VR ITECH CONSULTING LLC,INFORMATION TECHN MGT,15-1252,software developers,15-1252,0.9756359817299742,15-1299,0.013212661820225059,15-1211,0.005894484858896081
146306,300,nan,Apple Inc,DATA ANALYTICS,15-1252,software developers,15-1252,0.9980984787088828,15-2031,0.0010870760114843996,15-1299,0.00026347235379467026
146367,300,nan,"TechTu Business Solutions, Inc.",INFO SCI,15-1252,software developers,15-1252,0.9457817966790346,15-1299,0.03176582995176808,15-1211,0.019429405300146054
146448,300,business systems analyst,Apple Inc,MGMT INFO SYSTEMS,15-1252,software developers,15-1252,0.9829486318961727,15-1211,0.013225081978954131,15-1299,0.0017200834472199565
146964,300,nan,"Qualcomm Technologies, Inc.",TELECOMMUNICATIONS INFORMATION,15-1252,software developers,15-1252,0.9979065870540018,17-2072,0.0008694369987048474,15-1299,0.0008471628203469755
147390,300,nan,Athena Technology inc,INFO TECH,15-1252,software developers,15-1252,0.755540912440012,15-1299,0.18497541209612112,15-1211,0.043824690647702516
147906,1100,nan,Latham & Watkins LLP,LAW,23-1011,lawyers,23-1011,0.9999788232926258,23-1012,1.0165035458960314e-05,13-2011,3.817962478619709e-06
148252,300,nan,Apple Inc,COMPUTER ENGINEERING,15-1252,software developers,15-1252,0.9992680151192029,15-1299,0.0003771280637213443,15-1211,0.00015125138400767283
148323,300,data scientist,"Caremark, L.L.C.",INFORMATION TECHNOLOGY MGMT,15-1252,software developers,15-1252,0.8968826408387964,15-2051,0.08113011368777992,15-2041,0.01544250335953119
148420,1630,nan,"Aspenstate, Inc.",SALES & MARKETING,13-1161,market research analysts and marketing specialists,13-1161,0.6485847834945547,15-2031,0.05840686030293252,15-2051,0.056487505011983415
148474,300,nan,Worldwide Technology Exchange Ltd.,COMPUTER ENGINEERING,15-1252,software developers,15-1252,0.8518005081097656,15-1299,0.09933521565277854,15-1211,0.03983948767940246
148660,200,associate,PricewaterhouseCoopers LLP,ENGINEERING,15-2031,operations research analysts,15-2031,0.5589514524314084,15-1252,0.20489899508750156,15-2051,0.19232539071175592
148797,300,nan,"Cigniti Technologies, Inc.",ELECTRONICS & COMMUNICATION EN,15-1252,software developers,15-1252,0.7741142973029693,15-1299,0.1758659497076482,15-1253,0.04587845110830722
149074,300,nan,"TechAspect Solutions, Inc.",INFO SYSS,15-1252,software developers,15-1252,0.9932701680811464,15-1299,0.004782982759700491,15-1211,0.0012085616867413779
149088,300,software development engineer soft,Apple Inc,COMPUTER SCIENCE AND MICROBIOL,15-1252,software developers,15-1252,0.9982133796498521,15-2031,0.00041365435357173516,17-2071,0.0003532338174252965
149395,200,nan,"ExlService.com, LLC",PHYSICS,15-2041,statisticians,15-2041,0.9455204408395291,15-1252,0.03561901364004982,15-2031,0.007947851198042083
149420,1990,nan,"Bank of America, N.A.",COMPUTER INFORMATION SYSTEMS,15-1252,software developers,15-1252,0.9874905838644328,15-1299,0.0074200924792989275,15-2031,0.004273793525221065
149491,300,hi designer,Apple Inc,GRAPHIC DESIGN,15-1252,software developers,15-1252,0.9123679148051574,27-1024,0.036951875868874655,15-2031,0.010779424835921876
149577,300,strategic business developer,Apple Inc,MANAGEMENT,15-1252,software developers,15-1252,0.9545852735881539,15-2031,0.023775693491608785,15-1299,0.008849705177439488
149694,300,nan,IBM Corp,BACHELOR OF SCI IN COMP SCI,15-1211,computer systems analysts,15-1211,0.46364326639011677,15-1252,0.293690326931105,15-1299,0.16876823688437276
149795,1600,senior project accountant,LTS Managed Technical Services LLC,BUSINESS ADMINISTRATION AND MA,13-2051,financial and investment analysts,13-2051,0.6685211183337553,13-2011,0.24906913040038148,13-2099,0.02293519113335418
149800,300,nan,"Sagitec Solutions, LLC",COMPUTER ENGINEERING,15-1252,software developers,15-1252,0.9651676931878339,15-1299,0.023695971071335135,15-1211,0.009503531465092566
150070,300,solutions architect,"SOURCE MANTRA, INC.",COMPUTER INFORMATION SCIENCE,15-1252,software developers,15-1252,0.8428853775609042,15-1299,0.15344319851379595,15-1211,0.0028803370728374546
150384,500,nan,"CRA International, Inc.",EPIDEMIOLOGY,15-2041,statisticians,15-2041,0.78457157717402,15-2031,0.13117600612677785,13-2051,0.045774731891054035
150426,190,nan,Magna Seating of America Inc.,TEXTILE ENGINEERING,15-1299,computer systems engineers architects,15-1299,0.226424472736076,15-1252,0.19625720577221697,17-2112,0.1542282528534955
150523,080,nan,"MedExpert International, Inc.",CHEMICAL ENGINEERING,17-2041,chemical engineers,17-2041,0.4538882303688445,15-1252,0.13481406766202214,17-2131,0.11288136036775841
150645,300,full stack engineer,CLOUD BIG DATA TECHNOLOGIES LLC,MASTER OF SCI IN CMPTR SCI,15-1252,software developers,15-1252,0.956941156805501,15-1299,0.03215298731150162,15-1211,0.005448762280360107
150651,390,sr analyst sales operations analyt,"Constant Contact, Inc.",MARKETING ANALYTICS,15-2051,business intelligence analysts,15-2051,0.7224182918949724,15-1252,0.1942136963754394,15-2041,0.024859601059515443
150701,300,nan,SYNECHRON INC,BACHELOR OF SCIENCE IN INFORMA,15-1252,software developers,15-1252,0.8354867281371176,15-1299,0.1319456891898321,15-1211,0.021727972305923965
150967,300,nan,PIONEER CONSULTING LLC,COMPUTER AND INFORMATION SCIEN,15-1252,software developers,15-1252,0.9996503868943857,15-1299,0.00020266663661227066,15-1211,6.427555462082739e-05
151144,300,nan,Apple Inc,COMPUTER INFORMATION SYSTEMS,15-1252,software developers,15-1252,0.9984815535555822,15-1299,0.00100964145519677,15-1211,0.0003557365408173874
151178,300,nan,Apple Inc,ELEC ENGRG & COMP SCIENCES,15-1252,software developers,15-1252,0.990765610462969,15-2031,0.0020718517241905196,15-1299,0.0014769129316764232
151295,300,nan,Apple Inc,OPERATIONS MANAGEMENT,15-1252,software developers,15-1252,0.9847945821503494,15-1299,0.0071303442356873145,15-2031,0.006472291051918618
152044,030,nan,"AtlasPower, Inc.",ELECTRICAL ENGRG,15-1252,software developers,15-1252,0.4958861353729877,17-2071,0.2551943050338222,17-2072,0.22791347927633598
152106,390,java developer,V2Soft Inc.,COMPUTER SCIENCE,15-1252,software developers,15-1252,0.9987863234160049,15-1299,0.0008745169102235828,15-1251,0.0002685130109481443
152157,300,nan,SPLN INTERNATIONAL LLC,MSTR OF COMP APPS,15-1252,software developers,15-1252,0.8332502858924525,15-1299,0.14857217196980604,15-1253,0.008332647242953333
152418,1600,nan,"THOMPSON, PRICE, SCOTT, ADAMS & CO., P.A.",BUSINESS ADMINISTRATION,13-2051,financial and investment analysts,13-2051,0.45398187602089746,13-2011,0.4242944245934192,15-1252,0.056628767374838476
152604,1600,nan,Macquarie Global Services USA LLC,ACCOUNTANCY,13-2011,accountants and auditors,13-2011,0.9954313474478376,13-2051,0.0044646525242844235,15-1252,3.563187026841427e-05
152976,300,consultant us,Infosys Limited,ELECTRICAL ENGINEERING,15-1299,computer systems engineers architects,15-1299,0.9999385018531126,15-1211,3.714991618327842e-05,15-1253,1.1225777979770642e-05
152997,300,nan,Tata Consultancy Services Limited,COMPUTER INFORMATION SYSTEMS,15-1299,computer systems engineers architects,15-1299,0.8145793545948107,15-1211,0.10682187036937822,15-1252,0.07340148827859269
153107,300,nan,Molabs Media LLC,COMPUTER SCIENCE,15-1252,software developers,15-1252,0.9695936543397539,15-1299,0.014195300512749653,15-1251,0.011172837622315912
153182,300,nan,"TrueFort, Inc.",MASTERS OF SCIENCE IN COMPUTER,15-1252,software developers,15-1252,0.984935102298468,15-1299,0.00778084779711598,15-1211,0.003471222540432344
153283,300,nan,Cognizant Technology Solutions US Corp,INFORMATION TECHNOLOGY,15-1299,computer systems engineers architects,15-1299,0.5682612347415633,15-1252,0.256420605317836,15-1211,0.17149172774477092
153360,300,nan,"The MathWorks, Inc.",COMPUTER SCIENCE,15-1252,software developers,15-1252,0.9992550322634688,15-1299,0.0005103333779233269,15-1253,0.00015350467974023252
153398,120,nan,Intel Corporation,CHEMICAL ENGINEERING,17-2131,materials engineers,17-2131,0.5504315458238165,17-2112,0.35415521514552295,15-1252,0.08895064026044187
153735,030,nan,RJE International Inc,ELECTRICAL ENGINEER,17-2071,electrical engineers,17-2071,0.4820330032589416,17-2072,0.28076258330210957,15-1252,0.21775042941306752
153939,1600,revenue operations,"MODERN LIFE, INC.",BUSINESS ADMINISTRATION,13-2051,financial and investment analysts,13-2051,0.4800305227794698,13-2011,0.45637943690658667,13-1111,0.019170011408412766
154101,300,nan,"Concord USA, LLC",COMP SCI,15-1252,software developers,15-1252,0.9857622936922708,15-1299,0.011910148609751562,15-1211,0.0017441243034966181
154123,300,nan,Apple Inc,GRAPHIC DESIGN & VISUAL COMM,15-1252,software developers,15-1252,0.9973528050489214,15-1299,0.0006119569623254524,15-2031,0.000536446745910518
154240,300,solutions consultant,Google LLC,FINANCE,15-1252,software developers,15-1252,0.6932550607839847,15-2051,0.1903798595820113,15-1299,0.11032206001324983
154245,590,nan,AUSTRALIANS IN FILM,MASS COMMS,15-2051,business intelligence analysts,15-2051,0.4111971934211592,15-1252,0.36188703957593926,15-1299,0.06063176192229278
154289,220,nan,"Albany Molecular Research, Inc.",PHARMACEUTICAL ENGRG,19-2031,chemists,19-2031,0.8613207687043193,15-1252,0.02409404266889017,15-2051,0.014013488579971417
154367,300,nan,Infosys Limited,TELE COMMUNICATION ENGINEERING,15-1299,computer systems engineers architects,15-1299,0.9397792131883959,15-1211,0.05304249499183296,15-1253,0.003049573037934262
154429,300,nan,eMeteors Technology Inc,MASTER IN COMPUTER SCIENCE,15-1252,software developers,15-1252,0.9918920417020223,15-1299,0.006621521046905826,15-1211,0.0006300029617666016
154606,120,engineering associate,"BrandFX, LLC",INDUSTRIAL TECHNOLOGY,17-2112,industrial engineers,17-2112,0.9637920601048674,17-2199,0.014168240516914012,17-2131,0.006433293792571905
154652,1690,nan,Deloitte Consulting LLP,MASTER OF BUSINESS ADMIN,15-2031,operations research analysts,15-2031,0.33515865991877686,15-1252,0.2780010435748184,15-1299,0.24272355691077657
154668,500,nan,"AMERICAN BANCARD, LLC",INTL ECONOMICS & FIN,15-1252,software developers,15-1252,0.31010836344729914,13-2051,0.2430985467840956,13-1161,0.19824392006111563
154696,300,hardware systems engineer,Apple Inc,ELECTRICAL & COMPUTER ENGINEER,15-1252,software developers,15-1252,0.9315045856060943,17-2071,0.0376078369178072,17-2072,0.028883263764935354
155294,300,nan,Mphasis Corporation,INFORMATION SYSTEMS,15-1252,software developers,15-1252,0.3817307791123776,15-1299,0.3655233862217028,15-1251,0.2005298689332435
155306,300,machine learning research engineer,Apple Inc,ELECTRICAL & COMPUTER ENGINEER,15-1252,software developers,15-1252,0.9981440542908248,17-2072,0.0007033991136726721,17-2071,0.0006105801008828916
155543,300,nan,Amazon.com Services LLC,BUSINESS ADMINISTRATION,15-1252,software developers,15-1252,0.9906456718365473,15-1299,0.007194702608274547,15-2051,0.0016436336114992844
155655,300,nan,Infosys Limited,COMPUTER SCIENCE AND ENGINEERI,15-1299,computer systems engineers architects,15-1299,0.9725438034993426,15-1211,0.01715367992240814,15-1252,0.008055087442553127
155664,050,transportation consultant,IHS Global Inc.,CIVIL ENG WITH TRANSPORTATION,17-2051,civil engineers,17-2051,0.8613777543703199,15-1252,0.028970826506622936,17-2141,0.02279834015369353
156035,300,nan,NeboSys INC,INFORMATION TECHNOLOGY MANAGEM,15-1252,software developers,15-1252,0.9851176780168349,15-1299,0.009798902184103188,15-1211,0.002581792876653482
156121,300,machine learning engineer,Apple Inc,COMPUTER SCIENCE,15-1252,software developers,15-1252,0.9998948364041018,15-1299,4.946191304396137e-05,15-1221,3.516667052660658e-05
156215,300,nan,Apple Inc,INFORMATION NETWORKING,15-1252,software developers,15-1252,0.9998259366642537,15-1299,5.961675858308819e-05,15-2031,2.7877311160746404e-05
156397,1610,sr product and business insights a,TINYBEANS USA LTD,APPLIED ANALYTICS,15-2051,business intelligence analysts,15-2051,0.3937484110279059,13-1111,0.3884056879590141,15-2031,0.12049250437600655
156469,300,senior backend data engineer,"PhysIQ, Inc",MASTER IN BUSINESS ANALYTICS,15-1252,software developers,15-1252,0.42618838042611307,15-1299,0.16028983766478136,15-1211,0.1273659181260183
156705,070,controls engineer,CNH Industrial America LLC,MECHANICAL ENGINEERING,17-2141,mechanical engineers,17-2141,0.996526325138525,17-2199,0.002898982487070408,17-2112,0.0003768180810717956
156936,200,nan,PricewaterhouseCoopers Advisory Services LLC,BUISINESS ADMINISTRATION,15-2031,operations research analysts,15-2031,0.9058776380146147,15-2051,0.06681905405363413,15-1252,0.012159111478193933
156954,300,nan,"Leia, Inc.",ELECTRICAL ENGINEERING,15-1252,software developers,15-1252,0.9875625223461781,15-1299,0.008421573990149178,15-1211,0.0020450286828738026
157003,300,associate manager,Tredence Inc.,MASTER OF SCIENCE IN BUSINESS,15-2051,business intelligence analysts,15-2051,0.3357173795024569,15-1299,0.3124561603741838,15-1211,0.27231407182473294
157022,030,rf field intergration engineer,"Fusion Solutions, LLC",ELECTRONIC ENGINEERING,17-2072,electronics engineers except computer,17-2072,0.878833951165112,17-2071,0.09413507271962643,15-1252,0.009752107038590564
157225,300,strategic business developer,Apple Inc,BUSINESS ADMINISTRATION,15-1252,software developers,15-1252,0.9767084660262138,15-2031,0.013329848998825314,15-1299,0.003390225773518988
157387,300,nan,Apple Inc,MECHANICAL ENGINEERING,15-1252,software developers,15-1252,0.9944287923795184,17-2141,0.004434085428892532,15-1299,0.0005861673219425312
157388,1650,nan,Kouhigh Inc,COMMUNICATIONS,13-1161,market research analysts and marketing specialists,13-1161,0.7783490449378712,27-3031,0.09241300896210622,15-2031,0.02711898770396552
157948,300,nan,Microsoft Corporation,INFORMATION SYSTEMS,15-1252,software developers,15-1252,0.9923039234448443,15-1299,0.006983266941103504,15-2051,0.0006710421480677011
157984,300,nan,"Lucid Holdings, LLC",COMPUTER SCIENCE,15-1252,software developers,15-1252,0.9698045073404724,15-1299,0.021297581247618005,15-1211,0.005665741606474521
158043,300,nan,Apple Inc,ELECTRICAL AND COMPUTER ENGRG,15-1252,software developers,15-1252,0.9990894448535372,17-2072,0.00040493498162530586,17-2071,0.000342483252805462
158077,330,nan,Semperon Systems Inc.,BUSINESS MANAGEMENT,15-1299,computer systems engineers architects,15-1299,0.8799376593760742,15-1252,0.08674872799034238,15-2051,0.013180270917613531
158474,320,nan,PIONEER CONSULTING LLC,INFORMATION TECHNOLOGY,15-1252,software developers,15-1252,0.9992459987255611,15-1299,0.000618230200336929,15-1211,9.934783647134791e-05
158496,300,research scientist engineer,Apple Inc,ELECTRICAL ENGINEERING,15-1252,software developers,15-1252,0.9595610789176695,17-2071,0.022884008774049197,17-2072,0.011505354409668742
158514,300,nan,Birlasoft Solutions Inc.,COMPUTER APPLICATIONS,15-1252,software developers,15-1252,0.8828482524954775,15-1211,0.08444897823788282,15-1299,0.03220937869199346
158573,300,specialized technology consulting,SYNECHRON INC,BUSINESS ANALYST & INFORMATION,15-1252,software developers,15-1252,0.927901008145503,15-1299,0.05745847819335014,15-1253,0.006953074604272869
158859,300,creative video producer,Interbiz Consulting LLC,MEDIA & CULTURAL STUDIES,15-1252,software developers,15-1252,0.5449602975493856,15-1299,0.13664004250984904,15-1211,0.10857384797806754
159127,300,nan,WIPRO LIMITED,SOFTWARE ENGINEERING,15-1299,computer systems engineers architects,15-1299,0.5173054667655596,15-1251,0.2408819035641297,15-1211,0.1151142780372101
159314,410,nan,"BOEHRINGER INGELHEIM PHARMACEUTICALS, INC.",CHEMISTRY,19-1021,biochemists and biophysicists,19-1021,0.44126773014105164,19-1029,0.1930692599890009,15-2041,0.17631096408788394
159402,300,machine learnig research engineer,Apple Inc,COMPUTER SCIENCE,15-1252,software developers,15-1252,0.9994698262084947,15-1299,0.00023199531788321926,15-1211,8.590468788099575e-05
159424,300,hardware systems engineer electric,Apple Inc,ELECTRICAL ENGINEERING,15-1252,software developers,15-1252,0.9005036579085295,17-2071,0.08590233206159546,17-2072,0.010797242571704675
159756,300,nan,Apple Inc,ELECTRICAL ENGINEERING,15-1252,software developers,15-1252,0.9982195173017717,17-2071,0.0009301056790543012,17-2072,0.0004973788488805858
159784,300,nan,Apple Inc,COMMUNICATION DATA SCIENCE,15-1252,software developers,15-1252,0.9970707671793584,15-1299,0.0007431559464178454,15-2031,0.0005212592076028968
160047,300,nan,"ZS Associates, Inc.",BUSINESS ANALYTICS,15-1211,computer systems analysts,15-1211,0.3777037139990938,15-1299,0.252210542060317,15-1252,0.18491631834565153
160334,300,nan,Cimpress USA Incorporated,TECHNOLOGY MANAGEMENT U S EQUI,15-1252,software developers,15-1252,0.9837343128847884,15-1299,0.008109247023478554,15-1211,0.003617729299918481
160392,010,nan,PLAT Studio Inc.,LANDSCAPE ARCHITECTURE,17-1011,architects except landscape and naval,17-1011,0.5017731759589267,17-1012,0.1720191282871398,15-1252,0.12775417907478687
160453,390,nan,Cummins Inc.,COMPUTER SCIENCE,15-1252,software developers,15-1252,0.9747430235417395,15-1299,0.021182540566905668,15-2051,0.002887426327781336
160593,300,nan,"Kulicke & Soffa Industries, Inc.",COMPUTER AND INFORMATION SCIEN,15-1252,software developers,15-1252,0.988898959619208,15-1299,0.006415581406392578,15-1211,0.002034696287479533
160944,390,nan,ATOS SYNTEL INC,BACHELORS OF ENGRG IN ELECS &,15-1299,computer systems engineers architects,15-1299,0.5677667069799837,15-1252,0.3858200645803865,15-1253,0.03096674112479139
160973,300,nan,Apple Inc,PHYSICS,15-1252,software developers,15-1252,0.9985146281321011,15-2031,0.0005948532135137463,15-1299,0.0003201928856586567
161143,300,nan,HexaCorp LLC,ELECTRONICS & COMM ENGRG,15-1252,software developers,15-1252,0.5687876233099994,15-1299,0.4256497316266465,15-1211,0.003142112362702136
161367,390,nan,JD.com American Technologies Corporation,COMP SCI,15-1252,software developers,15-1252,0.9720730211666272,15-1299,0.020684622572211295,15-1211,0.002384345954333519
161372,1600,senior accountant,"Venture Back Office, LLC",MS-ACCOUNTING,13-2011,accountants and auditors,13-2011,0.987379676581437,13-2051,0.010000772234602414,13-2099,0.0008577501008997111
162581,300,power engineer,Apple Inc,COMPUTER ENGINEERING,15-1252,software developers,15-1252,0.9867239849832694,17-2071,0.005005206159340384,17-2072,0.004528211206452095
162651,300,nan,"Oracle America, Inc.",COMPUTER SCIENCE,15-1252,software developers,15-1252,0.9993074405373807,15-1299,0.0003921530175214615,15-1211,0.0002728460094053333
162663,1600,audit development program auditor,Regions Bank,INFORMATION SYSTEMS MANAGMENT,13-2011,accountants and auditors,13-2011,0.6564621033307787,13-2051,0.23348109249454332,13-2099,0.054828907155767534
162876,1650,nan,VaynerCommere LLC,MECHANICAL ENGRG,15-1299,computer systems engineers architects,15-1299,0.35891888499877217,15-1252,0.23986953306097375,17-2141,0.22179171538474635
162950,300,nan,"Thumbtack, Inc.",STATISTICS & COMPUTER SCIENCE,15-1252,software developers,15-1252,0.9797240064642165,15-1299,0.007521335271028578,15-2051,0.0045462423943742275
163616,300,nan,Apple Inc,COMPUTER SCIENCE & TELECOM,15-1252,software developers,15-1252,0.9973528050489214,15-1299,0.0006119569623254524,15-2031,0.000536446745910518
163629,300,nan,Intuit Inc.,COMPUTER SCIENCE,15-1252,software developers,15-1252,0.9991974194601015,15-1299,0.0006674698109044927,15-1211,4.439132588272479e-05
163790,300,nan,W.L. Gore & Associates Inc,DIGITAL SCIENCES,15-1252,software developers,15-1252,0.946513652659628,15-1299,0.03758472199535471,15-1211,0.008582373508387474
164397,1600,tax associate,Frank Rong CPA LLC,ACCOUNTING,13-2011,accountants and auditors,13-2011,0.9982417831856535,13-2051,0.0017234971935707463,13-2099,2.158575191390289e-05
164603,330,nan,"Indigo Ag, Inc",ENGINEERING MANAGEMENT,15-1299,computer systems engineers architects,15-1299,0.8256559803182895,15-2051,0.07325857238438652,15-1252,0.06000572963148873
164640,300,senior systems analyst,Cognizant Technology Solutions US Corp,COMPUTER INFO SYSTEMS,15-1211,computer systems analysts,15-1211,0.9949802104945085,15-1299,0.004203509580722888,15-1252,0.0007697989071872755
164929,330,nan,"Amazon Web Services, Inc.",ANALYTICS / EVIDENCE-BASED MGT,15-1252,software developers,15-1252,0.6076811955247885,15-1299,0.35277205116169913,15-1211,0.019496326632811194
164956,300,big data developer,Lambdanets Services LLC,MS DEGREE APPLIED COMPUTER SCI,15-1252,software developers,15-1252,0.9811912240505918,15-1299,0.009074432265886645,15-1243,0.0055591876171001645
164967,200,data scientist,"Capital District Physicians' Health Plan, Inc.",STATISTICS,15-2041,statisticians,15-2041,0.8779166326285508,15-2051,0.07537985017466234,15-2031,0.0457805661305036
165138,730,veterinarian dvm,AV Pet Cure Inc.,MASTER OF PREVENTIVE VETERINAR,15-1252,software developers,15-1252,0.21327374785199169,29-1131,0.10024903823325733,15-1299,0.06564611258488953
165241,300,system administrator,Tata Consultancy Services Limited,INFORMATION TECHNOLOGY,15-1299,computer systems engineers architects,15-1299,0.7458157813698029,15-1252,0.09202178483409593,15-1244,0.07822132455364914
165297,300,nan,"The MathWorks, Inc.",COMPUTER SCIENCE,15-1252,software developers,15-1252,0.9992550322634688,15-1299,0.0005103333779233269,15-1253,0.00015350467974023252
165697,330,nan,"Mortgage Research Center, LLC",COMPUTER SCIENCE,15-1252,software developers,15-1252,0.5683583246875425,15-1299,0.39809333311947526,15-1253,0.01956174721650231
165804,300,nan,"Formac, Inc.",SOFTWARE ENGINEERING,15-1252,software developers,15-1252,0.9987400693768431,15-1299,0.0008250662635218402,15-1211,0.00023786506707650372
166036,300,nan,SYNECHRON INC,BACHELOR OF SCI IN COMP SCI,15-1252,software developers,15-1252,0.9430668339987085,15-1299,0.05087510212803849,15-1211,0.002852743701662724
166133,310,nan,Hughes Network Systems LLC,ELECTRICAL AND COMPUTER ENGINE,15-1252,software developers,15-1252,0.9802994809470061,15-1244,0.01400691343408643,17-2071,0.0022219229655340085
166377,300,software developer engineer in tes,"ConnectIQ Labs, Inc.",SOFTWARE ENGRG,15-1252,software developers,15-1252,0.9809801620628508,15-1253,0.006016205721157922,15-1299,0.005481022516429352
166423,300,nan,"SAP America, Inc.",ELECTRICAL ENGRG,15-1252,software developers,15-1252,0.897465219112038,15-1211,0.09759600078330645,15-1299,0.004067799296312941
166538,190,senior scientiest product,Kimberly-Clark Global Sales LLC,MANUFACTURING SYSTEMS MGMT,17-2199,validation engineers,17-2199,0.20975186122604478,15-1299,0.10272481949539136,15-1252,0.09934794037553443
166544,290,data analyst,"iSpring Water Systems, LLC",GLOBAL FINANCE,15-2051,business intelligence analysts,15-2051,0.7031713000723009,15-2031,0.16175171385028975,15-2041,0.10974278904257594
166840,300,hardware development engineer,Apple Inc,ELECTRICAL ENGINEERING,15-1252,software developers,15-1252,0.5037496010432458,17-2071,0.3123543400522267,17-2072,0.18120215026653055
166913,300,nan,Cognizant Technology Solutions US Corp,APPLIED COMPUTER SCIENCE,15-1299,computer systems engineers architects,15-1299,0.6209931462104621,15-1211,0.25964838680528207,15-1252,0.11708298536047108
167056,300,nan,"California Creative Solutions, Inc.",COMP SCI,15-1252,software developers,15-1252,0.9962731322763656,15-1299,0.0023472427600061798,15-2051,0.0007797131978492471
167090,1990,nan,Bloomberg LP,MS COMPUTING & INFORMATION SCI,15-1252,software developers,15-1252,0.9889191593934488,15-2051,0.005202815278351307,13-2051,0.001971874784394024
167118,1410,nan,Patagonia Works,GRAPHIC DESIGN,27-1024,graphic designers,27-1024,0.969391398983622,15-1252,0.01864249353498892,15-1299,0.0028456031338499567
167144,1690,nan,"Bechtel Enterprises, Inc.",ANALYTIC FINANCE FINANCE INTL,15-1299,computer systems engineers architects,15-1299,0.34469592171733654,15-2051,0.16505876273251646,15-2031,0.11784741070471341
167145,070,sr vehicle safety engineer,"RIVIAN AUTOMOTIVE, LLC",INDUSTRIAL ENGINEERING,17-2141,mechanical engineers,17-2141,0.859746672619224,17-2112,0.1270334284460462,17-2199,0.011721919631835158
167341,300,nan,Apple Inc,ELECTRICAL AND COMPUTER ENGINE,15-1252,software developers,15-1252,0.9991878119444071,17-2071,0.0003436923911648738,17-2072,0.0003263437886590015
167596,220,formulation r d scientist,Perrigo Research and Development Company,PHARMACEUTICAL SCIENCES,19-2031,chemists,19-2031,0.9380189281237926,19-1021,0.041185387208511476,19-1029,0.009231966761831656
167826,300,supply demand planner,Apple Inc,BUSINESS ADMINISTRATION,15-1252,software developers,15-1252,0.8933910327834647,15-2031,0.09754204435114248,15-1299,0.003101024932747905
168471,300,sdet soft dev engr in test soc,MOORE INFOTECH INC,COMPUTER SCIENCE,15-1252,software developers,15-1252,0.995700714208376,15-1299,0.0026949515189356654,15-1253,0.0007502284680236428
168578,300,implementation spec,"Gaea Global Technologies, Inc.",ELECTRICAL ENGRG,15-1252,software developers,15-1252,0.7078408135554447,15-1299,0.14145984745970944,15-1211,0.10615900594916518
168669,500,nan,JPMorgan Chase & Co.,ACCOUNTING,13-2051,financial and investment analysts,13-2051,0.8994389473162558,13-2011,0.06988210482491934,15-2051,0.012356608457492792
169161,300,nan,Apptad Inc.,COMP INFO SYSS EQUIVALENCY,15-1252,software developers,15-1252,0.9729881143636273,15-1299,0.02134178248034142,15-1211,0.0020305585494252206
169346,300,java developer,"Baanyan Software Services, Inc.",COMPUTER SCIENCE,15-1252,software developers,15-1252,0.9997201363982271,15-1299,0.0002125397184350386,15-1251,4.4476031939928295e-05
169450,070,occ mgr,JAD & Associates LLC,SCIENCE OF MECHANICAL ENGINEER,17-2141,mechanical engineers,17-2141,0.9608513933195222,17-2199,0.014688820240436221,17-2112,0.008746510217924141
169950,300,nan,URSI TECHNOLOGIES INC,COMPUTER SCIENCE OR EQUIVALENT,15-1252,software developers,15-1252,0.9991417682297642,15-1299,0.00032410163284393294,15-1253,0.00030537678959665634
170092,200,statistician,The Northern Trust Company,BUSINESS ANALYTICS,15-2041,statisticians,15-2041,0.9715243862219366,15-2031,0.018221939794484818,15-2051,0.009245254173495273
170171,300,nan,Apple Inc,COMPUTER SCIENCE,15-1252,software developers,15-1252,0.9997715156026025,15-1299,0.00014210794552699593,15-1211,3.7804616882161956e-05
170336,120,quality engineer ii,"Becton, Dickinson and Company",INDUSTRIAL SYSTEMS ENGINEERING,17-2112,industrial engineers,17-2112,0.9902441806166818,17-2199,0.008055312438586102,17-2141,0.0014674276405421975
170338,1600,nan,PricewaterhouseCoopers LLP,ECONOMICS,13-2011,accountants and auditors,13-2011,0.711100352273262,13-2051,0.28066607225338575,15-2051,0.004242392163685986
170531,1600,accounting manager,JAD & Associates LLC,SCIENCE IN COMMERCE MAJOR IN A,13-2011,accountants and auditors,13-2011,0.9717362398146914,13-2051,0.021600831729024432,13-2099,0.0020290293911241937
170855,190,nan,Aurolife Pharma LLC,MECHANICAL ENGINEERING,17-2141,mechanical engineers,17-2141,0.496445403220888,15-1252,0.20369932050641168,15-1299,0.1239053373854739
171030,300,nan,Apple Inc,COMPUTER SCIENCE,15-1252,software developers,15-1252,0.9997715156026025,15-1299,0.00014210794552699593,15-1211,3.7804616882161956e-05
171042,190,exempt non officer,Credit Suisse Securities USA LLC,INFORMATION TECH MANAGEMENT,15-1252,software developers,15-1252,0.714782815503596,15-1299,0.13786987230591075,15-2051,0.05809046960510793
171610,300,nan,Apple Inc,MATERIALS SCI AND ENGINEERING,15-1252,software developers,15-1252,0.994697430311289,15-2031,0.001040036898876269,17-2072,0.000990609134738982
171865,200,nan,"Homesite Group, Inc.",STATISTICAL PRACTICE,15-2041,statisticians,15-2041,0.9051102502032858,15-2051,0.056463038093254814,15-2031,0.02605887022508025
172694,300,nan,URSI TECHNOLOGIES INC,COMP SCI OR EQUIVALENT,15-1252,software developers,15-1252,0.996187466045071,15-1299,0.0016157165811209568,15-1211,0.0009223616969009872
172776,300,business systems analyst,Savvy IT Group Inc,AEROSPACE ENGINEERING,15-1299,computer systems engineers architects,15-1299,0.6773015127089516,15-1252,0.12233863521899264,15-2051,0.10136919766653218
172777,300,coe expert,Nebula Partners LLC,APPLIED COMPUTER SCIENCE,15-1252,software developers,15-1252,0.9216275309175234,15-1299,0.06745265021207877,15-1211,0.00912122515838598
173821,300,nan,"SurePrep, LLC",COMPUTER SCIENCE,15-1252,software developers,15-1252,0.9686735538264608,15-1299,0.028363659629524317,15-1211,0.001886378136165715
173865,120,nan,"VAStek, Inc.",MECHANICAL ENGINEERING,17-2199,validation engineers,17-2199,0.616793868105009,17-2112,0.29402548630797687,17-2141,0.07147041757380854
174011,1600,nan,Chen & Fan Accountancy Corporation,ACCOUNTING,13-2011,accountants and auditors,13-2011,0.998322262790884,13-2051,0.0016437859892542233,13-2099,7.018438753392979e-06
174016,300,analyst,Tata Consultancy Services Limited,MECHANICAL ENGINEERING,15-1211,computer systems analysts,15-1211,0.732313634900087,15-1299,0.1783159908569212,15-1252,0.0876839744832151
174069,300,computer system analyst,"Universal System Technologies, Inc.",TECHNOLOGY,15-1211,computer systems analysts,15-1211,0.9742291470744657,15-1252,0.013364378100157226,15-1299,0.012068757516441512
174292,300,nan,Thermo Fisher Scientific Inc.,COMPUTER SCIENCE,15-1252,software developers,15-1252,0.9755767081760426,15-1299,0.022551939780156228,15-1211,0.001199887086083344
174434,300,nan,Apple Inc,ELEC AND COMPUTER ENGINEERING,15-1252,software developers,15-1252,0.9984812104174225,17-2071,0.0006592526034671419,17-2072,0.00047102085623833577
174644,1890,consultant,"Bain & Company, Inc.",BUSINESS ADMINISTRATION,13-1111,management analysts,13-1111,0.9996311801506366,15-1299,0.0002469172430691658,15-2051,6.372089225705632e-05
174837,390,it governance risk compliance sp,"Radisson Hospitality, Inc.",INFORMATION ASSURANCE,15-1252,software developers,15-1252,0.9271293644467581,15-1299,0.027052994258559136,15-1253,0.018350140995967757
175114,1860,nan,Novo Platform Inc.,FINANCE,13-2051,financial and investment analysts,13-2051,0.8974037378000908,13-2099,0.04506470096706795,15-2051,0.017718391094498777
175651,450,school based clinician i,VOLUNTEERS OF AMERICA OF ALASKA,CLINICAL MENTAL HEALTH COUNSEL,21-1014,mental health counselors,21-1014,0.3312971109518065,17-2112,0.21553831814655644,13-1161,0.03971533409674328
176650,300,nan,Amazon.com Services LLC,SOFTWARE ENGINEERING,15-1252,software developers,15-1252,0.998410084457785,15-1299,0.0014623974992855923,15-2051,4.741157059861217e-05
176879,300,technology lead us,Infosys Limited,COMPUTER APPLICATIONS,15-1299,computer systems engineers architects,15-1299,0.9999328205619504,15-1211,5.868971022604566e-05,15-1251,4.503892950212502e-06
177539,300,nan,MaxoTech Solutions LLC,COMP APPS,15-1252,software developers,15-1252,0.993934009929349,15-1299,0.004440988317374392,15-1211,0.0011766333578524751
177765,300,nan,Tata Consultancy Services Limited,COMPUTER SCIENCE,15-1299,computer systems engineers architects,15-1299,0.5710685644902305,15-1252,0.36607430602079993,15-1211,0.056543177468834416
177789,300,powertrain virtual anallysis engin,"TEC Group, Inc.",AUTOMOTIVE SYSTEMS ENGINEERING,17-2141,mechanical engineers,17-2141,0.46910535846413315,15-1252,0.4094326294758775,15-1299,0.03849699612160733
177821,300,nan,Tata Consultancy Services Limited,INFORMATION SERVICES,15-1299,computer systems engineers architects,15-1299,0.7322511395229392,15-1211,0.15558280942722988,15-1252,0.08951682654579377
177994,300,nan,Apple Inc,NANO PHOTONICS,15-1252,software developers,15-1252,0.9973528050489214,15-1299,0.0006119569623254524,15-2031,0.000536446745910518
178011,390,research scientist,JD Finance America Corporation,COMPUTER SCIENCE,15-1221,computer and information research scientists,15-1221,0.8104768733880555,15-1252,0.17812299404005802,15-1299,0.004730562707686983
178105,300,nan,CPC Technologies,MECHANICAL ENGINEERING,15-1252,software developers,15-1252,0.9922958639678293,15-1299,0.005020478054188742,15-1211,0.0013264283862106543
178453,300,salesforce developer onet 15 1132,URSI TECHNOLOGIES INC,COMPUTER SCIENCE OR EQUIVALENT,15-1252,software developers,15-1252,0.9977137517677028,15-1253,0.001106096398854332,15-1299,0.0005285085209214369
178553,300,nan,IBM Corp,MSTR OF SCI IN SOFTWARE ENGRG,15-1211,computer systems analysts,15-1211,0.40605910920711785,15-1252,0.3846626796917096,15-1299,0.16177595052132782
179051,300,nan,Tata Consultancy Services Limited,COMPUTER SCIENCE,15-1299,computer systems engineers architects,15-1299,0.5710685644902305,15-1252,0.36607430602079993,15-1211,0.056543177468834416
179273,390,database administrator iii,BOSTON PHARMA LLC,BUSINESS ADMINISTRATION,15-1252,software developers,15-1252,0.40183203538063883,15-1299,0.28840077903088146,15-2051,0.14070027892484696
180125,400,nan,Seneca Foods Corporation,PLANT BREEDING AND GENETICS,15-1252,software developers,15-1252,0.454928441071284,15-1299,0.24998613316276302,15-2051,0.07559823102055616
180365,300,nan,Apple Inc,COMPUTER SCIENCE,15-1252,software developers,15-1252,0.9997715156026025,15-1299,0.00014210794552699593,15-1211,3.7804616882161956e-05
180629,300,big data developer,Sacrosanctinfo LLC,COMPUTER SCIENCE,15-1252,software developers,15-1252,0.9984261495290464,15-1299,0.0012223321686204757,15-1253,0.00010347337853642102
181057,300,nan,3i Infotech Inc.,COMPUTER INFORMATION SYSTEMS,15-1252,software developers,15-1252,0.9791655787396896,15-1211,0.011977344460922256,15-1299,0.006798752505510091
181133,300,nan,SOFTIVA CORP,COMP INFO SYSS,15-1299,computer systems engineers architects,15-1299,0.5586389325686371,15-1252,0.34975551833193713,15-1211,0.08353367962561267
181219,1610,nan,"The Boston Consulting Group, Inc.",BUSINESS ADMINISTRATION,13-1111,management analysts,13-1111,0.9958545028345777,15-2031,0.0018390061033271058,15-2051,0.0014679948997128297
181565,1600,nan,"Zillow, Inc.",ACCOUNTING,13-2011,accountants and auditors,13-2011,0.9470752467965198,13-2051,0.049900969399648214,15-1252,0.0018992051713324126
182290,1600,staff accountant,Chen & Fan Accountancy Corporation,ACCOUNTANCY,13-2011,accountants and auditors,13-2011,0.9999977237175423,13-2051,2.17039253543654e-06,13-2099,4.1864706050720244e-08
182447,300,nan,Consulting Technology Services Inc,ELECTRONICS & COMMUNICATION EN,15-1252,software developers,15-1252,0.9523232367592389,15-1299,0.03906356815321482,15-1211,0.005933070212798999
182801,1600,nan,Chen & Fan Accountancy Corporation,ACCOUNTANCY,13-2011,accountants and auditors,13-2011,0.9991958759358733,13-2051,0.0007702641675936849,13-2099,6.166464095155155e-06
183101,300,nan,"Facebook, Inc.",TELECOMMUNICATIONS ENGINEERING,15-1252,software developers,15-1252,0.994183639476415,15-1299,0.00533162827888977,15-2051,0.00025087547989794507
183213,300,nan,"Qualcomm Atheros, Inc.",COMPUTER ENGINEERING,15-1252,software developers,15-1252,0.9966040124596321,15-1299,0.0020389807228576645,15-1211,0.0008177557863343188
183289,300,nan,"Spotify USA, Inc.",COMPUTER SCIENCE,15-1252,software developers,15-1252,0.991477085109668,15-1299,0.007620734143228196,15-2051,0.00031310647695552163
183386,1600,staff accountant,AMERICAN FUTURE TECH CORP,ECONOMICS AND ACCOUNTING,13-2011,accountants and auditors,13-2011,0.9996881219827164,13-2051,0.00029275820095691485,13-2099,6.874908819321805e-06
183586,1990,nan,"LSEGH, Inc.",MARKETING ANALYTICS,15-2051,business intelligence analysts,15-2051,0.6045137895270389,15-1252,0.1781926620057291,15-2031,0.08171019277779631
183656,390,nan,Amazon.com Services LLC,INFORMATION TECHNOLOGY AUDITIN,15-1252,software developers,15-1252,0.9501101178131552,15-2051,0.0245879269918137,15-1299,0.01911323518707993
183714,070,hardware development engr,Apple Inc,MECHANICAL ENGINEERING,17-2141,mechanical engineers,17-2141,0.9951275152804676,15-1252,0.0021136885062289184,17-2112,0.0019921190128935422
183951,1630,nan,"Myovant Sciences, Inc.",BUSINESS ADMINISTRATION,13-1161,market research analysts and marketing specialists,13-1161,0.4039441080090831,13-1111,0.2235136774996589,15-1299,0.0932004631447709
184232,300,architect,Tata Consultancy Services Limited,COMP ENGRG,15-1299,computer systems engineers architects,15-1299,0.9988657792007096,15-1252,0.0007885179694960766,15-1211,0.000320483948349128
184756,300,manager,Cognizant Technology Solutions US Corp,APPLIED COMPUTER SCIENCE,15-1211,computer systems analysts,15-1211,0.9254076088392711,15-1299,0.07181586099806231,15-1252,0.002688951237001081
184856,300,nan,Apple Inc,ELECTRONIC ENGINEERING,15-1252,software developers,15-1252,0.9974738941848103,15-1299,0.001168019085060781,15-1211,0.0006732484854927188
184886,300,worldwide enterprise mobility part,Apple Inc,ECONOMICS & FINANCE,15-1252,software developers,15-1252,0.9517241584136983,15-2031,0.017353136493996935,17-2071,0.007409222935947811
184943,300,nan,"GMA SOFT, INC.",PROJECT MANAGEMENT,15-1252,software developers,15-1252,0.8799682477750023,15-1299,0.10245858221112449,15-1211,0.012855027884257674
185045,300,nan,Boston Scientific Corporation,ELECTRONIC ENGRG,15-1252,software developers,15-1252,0.9655669556697611,15-1299,0.015965711305856643,15-1211,0.014322505407912599
185174,300,nan,Apple Inc,INFORMATION NETWORKING,15-1252,software developers,15-1252,0.9998259366642537,15-1299,5.961675858308819e-05,15-2031,2.7877311160746404e-05
185578,300,nan,"Ashling Partners, LLC",ENGINEERING,15-1252,software developers,15-1252,0.970280267710642,15-1299,0.019487094391804304,15-1211,0.006484672975565099
185579,300,network engineer,Servesys Corporation,COMPUTER SCIENCE,15-1252,software developers,15-1252,0.8620769121210154,15-1299,0.07336294688466674,15-1244,0.05974626934148321
185634,300,sr analyst analytics,"Nestle Healthcare Nutrition, Inc.",BUS ANALYTICS & INFO MGT,15-2051,business intelligence analysts,15-2051,0.5462972070103319,15-1211,0.15263158850148242,15-2031,0.06789844058631521
186042,300,nan,Shriyan Software LLC,COMPUTER SCIENCE,15-1252,software developers,15-1252,0.8652422652418705,15-1211,0.0909877229540664,15-1299,0.038002643426346266
186056,300,nan,"Cricut, Inc.",COMPUTER SCIENCE,15-1252,software developers,15-1252,0.8628114307913682,15-1299,0.1136876333914665,15-1211,0.01008134440493012
186363,030,nan,Intel Corporation,ELECTRICAL ENGRG,17-2072,electronics engineers except computer,17-2072,0.7536670967572839,15-1252,0.24488112256773809,17-2071,0.0009957058259439486
186527,300,nan,HP Infosystem LLC,COMPUTER AND INFORMATION SCIEN,15-1252,software developers,15-1252,0.8587077523264418,15-1299,0.1169900101026624,15-1211,0.01590140744738123
186841,300,nan,Apple Inc,CHEMISTRY,15-1252,software developers,15-1252,0.9981828364160213,15-2031,0.000549305880976213,15-1299,0.0004176756857452021
186956,010,design staff i,BOWER LEWIS THROWER ARCHITECTS LTD,ARCHITECTURE,17-1011,architects except landscape and naval,17-1011,0.9617732268343473,17-3011,0.035854260476624406,27-1025,0.0006596066941465492
187100,300,nan,Acetech Group Corporation,HAS EQUIVALENT TO COMPUTER SCI,15-1252,software developers,15-1252,0.9650344544267847,15-1299,0.02778211375836746,15-1211,0.001982491692005616
187113,300,nan,"SHOOLIN, INC",INFO TECH MGT,15-1252,software developers,15-1252,0.9742082074804433,15-1299,0.020741733696588008,15-1211,0.0029602005872496943
187336,300,application specific integrated ci,Apple Inc,ELECTRICAL ENGINEERING,15-1252,software developers,15-1252,0.8814687931504624,17-2071,0.08408652680768597,17-2072,0.0317070307114734
187352,300,aem architect,Consult to Hire LLC,COMPUTER INFORMATION SYSTEMS,15-1252,software developers,15-1252,0.7793823397370322,15-1299,0.13255827522475405,15-1211,0.06500987215962957
187401,300,senior systems analyst,Cognizant Technology Solutions US Corp,COMPUTER INFORMATION SYSTEMS,15-1211,computer systems analysts,15-1211,0.9960842787642427,15-1299,0.003383457713302286,15-1252,0.0004958706451155906
187546,300,nan,Apple Inc,MECHANICAL ENGINEERING,15-1252,software developers,15-1252,0.9944287923795184,17-2141,0.004434085428892532,15-1299,0.0005861673219425312
187735,300,nan,IBM Corp,BACHELOR OF SCI IN COMP INFO S,15-1211,computer systems analysts,15-1211,0.7127559281241862,15-1299,0.1407454150930754,15-1252,0.08384821149249469
188115,300,nan,IBM Corp,BACHELOR OF SCIENCE IN COMPUTE,15-1211,computer systems analysts,15-1211,0.6755105521064936,15-1299,0.1386526618273717,15-1252,0.13217637068025082
188176,300,senior systems analyst,Cognizant Technology Solutions US Corp,ELECTRONIC ENGINEERING,15-1211,computer systems analysts,15-1211,0.997644755210417,15-1299,0.002071459509331279,15-1252,0.00026215782321210965
188201,300,nan,"Overstock.com, Inc.",COMPUTER SCIENCE,15-1252,software developers,15-1252,0.9893123098466036,15-1299,0.007900358601327368,15-2051,0.001230756663164308
188463,030,senior reliability engineer,"Tesla, Inc.",INDUSTRIAL & SYSS ENGRG & STAT,17-2071,electrical engineers,17-2071,0.6215006357073458,17-2141,0.15695624783182668,17-2112,0.08075613088064919
188648,300,developer ii java,"Gentis Solutions, LLC",INFORMATION SYSTEMS MANAGEMENT,15-1252,software developers,15-1252,0.961000014429213,15-1299,0.01582918159863862,15-2051,0.010930351373179563
189043,1600,nan,"MK Asset Management, LLC",BUSINESS ADMINISTRATION,13-2051,financial and investment analysts,13-2051,0.45398187602089746,13-2011,0.4242944245934192,15-1252,0.056628767374838476
189100,390,andriod developer,Quality Theorem LLC,COMPUTER SCIENCE & ENGINEERING,15-1252,software developers,15-1252,0.9014806013548727,15-1299,0.06289306317729139,15-1253,0.010367071391673328
189308,300,nan,Sallie Mae Bank,COMPUTER INFORMATION SYSTEMS,15-1252,software developers,15-1252,0.6883245181361947,15-1299,0.2150695106886473,15-1211,0.07577747860279448
189506,300,nan,Apple Inc,PHYSICS BACHELORS IN USER EXPE,15-1252,software developers,15-1252,0.9973528050489214,15-1299,0.0006119569623254524,15-2031,0.000536446745910518
189535,300,nan,"Itlize Global, LLC.",INFORMATION SYSTEMS TECHNOLOGI,15-1252,software developers,15-1252,0.9956314232950638,15-1299,0.003661536006616066,15-1211,0.00032660243098446285
189642,300,nan,"Robinhood Markets, Inc.",COMPUTER SCIENCE,15-1252,software developers,15-1252,0.9980021425265994,15-1299,0.0017302753358681938,15-1211,0.00015343358864881363
189705,300,machine learning engineer,Apple Inc,ELECTRICAL ENGINEERING,15-1252,software developers,15-1252,0.9988108361984638,17-2071,0.000731317422509861,17-2072,0.00026263087453088794
189902,1690,ventures analyst,Plug and Play LLC,FINANCE,13-2051,financial and investment analysts,13-2051,0.551813914058446,13-2099,0.10279686794195116,13-1111,0.09008792169028487
189967,300,user experience design specialist,"SAP America, Inc.",INFORMATION,15-1252,software developers,15-1252,0.8718659842666163,15-1211,0.11484103241798417,15-1299,0.00507620661523342
190026,220,growth associate,Eetho Brands Inc.,CHEMISTRY,19-2031,chemists,19-2031,0.954445006433857,19-1021,0.027518669535639827,17-2131,0.008538560114179621
190040,030,engineer,Siemens Industry Software Inc.,ELECTRICAL ENGINEERING,17-2072,electronics engineers except computer,17-2072,0.6193631542145358,17-2071,0.30779408818694143,15-1252,0.06764700068179749
190053,1890,dir of tennis,"HCC Mississippi, LLC",BUSINESS ADMINISTRATION,13-1111,management analysts,13-1111,0.515769726427398,15-1299,0.34651144841689174,13-1161,0.03346859066124617
190057,300,sap abap crm principal consultant,Logic Loops LLC,US EQUIVALENT BACHELOR OF SCIENCE IN COMPUTER SCIENCE,15-1252,software developers,15-1252,0.9629550380712959,15-1299,0.01097479593958291,15-1211,0.008720546364355082
190088,300,it manager,CCL Label Inc.,IT MANAGEMENT,15-1299,computer systems engineers architects,15-1299,0.9074734187530386,15-1252,0.0689384451944995,15-1211,0.006867392268804379
190252,410,research scientist,"New England Biolabs, Inc.",MOLECULAR AND SYSTEMS BIOLOGY,19-1029,bioinformatics scientists,19-1029,0.7101575608885219,15-2041,0.07891003959768748,19-1021,0.06799504025169882
190287,1590,interface development expert,APM Terminals North America Inc.,INFORMATION TECHNOLOGY,15-1299,computer systems engineers architects,15-1299,0.5338791587867023,15-1252,0.272262889494352,15-1211,0.07868284734374618
190312,120,engineering change coordinator,"Faurecia USA Holdings, Inc.",INDUSTRIAL AND SYSTEMS ENGINEERING,17-2112,industrial engineers,17-2112,0.9846887504465212,17-2199,0.007495970045093296,17-2141,0.00415387085071621
190321,300,strategic planning manager,NIKE INC.,BUSINESS ADMINISTRATION,15-1252,software developers,15-1252,0.7772481603762216,15-1299,0.11437963173092543,13-1111,0.03505736205441488
190393,200,analyst sr analyst revenue management development,"American Airlines, Inc.",QUANTITATIVE MANAGEMENT,15-2031,operations research analysts,15-2031,0.9950176924586186,15-2041,0.0026722932750329093,15-2051,0.0018695942321472056
190506,1680,senior clinical operations regulatory specialist,Unicon Pharma Inc.,HEALTHCARE INFORMATICS,13-1041,regulatory affairs specialists,13-1041,0.8751967236398163,17-2199,0.09502364240573424,15-2041,0.00833893919028528
190621,300,data analyst,"DPR Construction, A General Partnership",INFORMATION MANAGEMENT,15-2051,business intelligence analysts,15-2051,0.5391902645983969,15-1252,0.2706142803663876,15-1299,0.11431530875233994
190723,390,digital data platform sr analyst,United Parcel Service General Services Co.,COMPUTER SCIENCE,15-1252,software developers,15-1252,0.8119048725461508,15-1299,0.1420057876703313,15-2051,0.02331239502098045
190756,1190,employment law case manager,"Disparti Law Group, P.A.",JURIS DOCTOR,23-1011,lawyers,23-1011,0.8968945075762698,23-1012,0.040342625893674634,23-2011,0.035322219553535275
190855,080,manager process engineer,"Applied Materials, Inc.",CHEMICAL ENGINEERING,17-2041,chemical engineers,17-2041,0.6469683349346188,17-2131,0.29564514898809524,17-2112,0.023977755055414548
190864,,data scientist,"nZero, Inc",COMPUTER SCIENCE,15-1252,software developers,15-1252,0.700051696999532,15-2051,0.22275877852891382,15-1299,0.042665067965560445
190887,390,application engineer architect customer engagement,"Cadence Design Systems, Inc.",ELECTRONIC ENGINEERING,15-1252,software developers,15-1252,0.9817030117065346,15-1299,0.013097489663368182,15-1211,0.002067883642695697
190986,300,nan,"Incapsulate, LLC",MANAGEMENT INFORMATION SYSTEMS,15-1252,software developers,15-1252,0.9706269301668499,15-1299,0.0144150985010736,15-1211,0.012723494229840277
191030,120,tos ci process manager,Detroit Diesel Corporation,MECHANICAL ENGINEERING,17-2112,industrial engineers,17-2112,0.7188862561650949,17-2141,0.24534804271903451,17-2199,0.02434578365877841
191040,1420,textile product designer,"Textiles From Europe, Inc.",FASHION DESIGN,27-1021,commercial and industrial designers,27-1021,0.5030753273188086,27-1024,0.16760454881351686,27-1022,0.12076743004694966
191086,300,sftw engr,Cruise LLC,COMPUTER SCIENCE,15-1252,software developers,15-1252,0.9984447768159949,15-1299,0.0011808723384050192,15-1253,0.00013328493799180007
191095,300,r d engineer,"Align Technology, Inc.",MECHANICAL ENGINEERING,15-1252,software developers,15-1252,0.8448133741644589,17-2141,0.09635347373663831,15-1299,0.04439850110762603
191132,070,advanced engineer,"INNIO Waukesha Gas Engines, Inc.",MECHANICAL AND ENERGY ENGINEERING,17-2141,mechanical engineers,17-2141,0.936209223749713,17-2112,0.04090653900608916,17-2199,0.011449686468238148
191252,300,software application developer,US Software Group Inc,COMPUTER SCIENCE AND COMPUTER APPLICATAION,15-1252,software developers,15-1252,0.9916844505738779,15-1211,0.0033487433066226426,15-1299,0.00280959264925946
191392,050,civil engineer,"BMJ Engineers & Surveyors, Inc.",CIVIL ENGINEERING,17-2051,civil engineers,17-2051,0.9999926297097057,11-9021,2.5131975348115114e-06,13-1051,1.627293547228202e-06
191433,030,commodity buyer,"Volkswagen Group of America, Inc.",ELECTRICAL ENGINEERING,17-2071,electrical engineers,17-2071,0.718797382604032,17-2072,0.26406508262898276,15-1252,0.0059161549235721604
191473,070,nan,Siemens Industry Software Inc.,AEROSPACE ENGINEERING,17-2141,mechanical engineers,17-2141,0.9686265228974281,15-1252,0.026672396068346153,15-1299,0.0017227138024377602
191498,390,nan,"Galatea Associates, LLC",COMP SCI,15-1252,software developers,15-1252,0.9907398067188143,15-1299,0.007027276937367544,15-1211,0.0008100442382789049
191505,300,nan,Apple Inc.,COMPUTER SCIENCE AND MATHEMATICS,15-1252,software developers,15-1252,0.9974277441187921,15-1299,0.001827989942206246,15-1253,0.0003566001135749421
191583,300,nan,Apple Inc.,ELEC & COMP ENGRG,15-1252,software developers,15-1252,0.9977585407922016,15-1299,0.0010825666017141335,17-2072,0.0006237938538069415
191763,310,network support specialist,"Bigleaf Networks, Inc.",ELECTRICAL ENGINEERING,15-1244,network and computer systems administrators,15-1244,0.3789093391545268,15-1252,0.3637058107696041,15-1299,0.049983057966442694
191838,300,associate,LatentView Analytics Corporation,COMPUTER INFORMAITON SYSTEMS,15-1252,software developers,15-1252,0.9277662536226652,15-2051,0.06292636268653674,15-1299,0.005250547381885844
191909,1690,trading desk operations specialist,"Jane Street Group, LLC",FINANCIAL ENGINEERING,13-2099,financial quantitative analysts,13-2099,0.7691332803039489,13-2051,0.11277051890185341,15-2031,0.1024082951741108
192135,1610,pricing and valuation analyst,Chicago Mercantile Exchange Inc.,FINANCE,13-2051,financial and investment analysts,13-2051,0.7932703096934637,13-1111,0.13056765837476292,15-2051,0.0528243757177981
192215,300,sdet software development engr in test,Ursi Technologies Inc,COMPUTER SCIENCE OR EQUIVALENT,15-1252,software developers,15-1252,0.9982459040008395,15-1253,0.00047911421653449617,15-1299,0.0004578551131625657
192218,1660,head of hr international,BAM Management US Holdings Inc.,FINANCE,13-2051,financial and investment analysts,13-2051,0.5987899879667625,15-1252,0.07683961782045864,13-1111,0.07005397069593243
192249,300,data engineer ii,NCR Corporation,ELECTRONIC ENGINEERING,15-1252,software developers,15-1252,0.9795778543588022,15-1299,0.017044949690229474,15-1211,0.0023862253110197044
192310,300,senior backend developer,EMERGTECH BUSINESS SOLUTIONS INC,MASTER OF BUSINESS ADMINISTRATION INFORMATION TECHNOLOGY,15-1252,software developers,15-1252,0.8107625175528637,15-1211,0.08013271875436645,15-1299,0.047286083642008626
192373,1190,legal assistant,Earthrights International,MASTER OF ARTS IN INTERNATIONAL AND AFFAIRS,23-2011,paralegals and legal assistants,23-2011,0.3988053933335654,23-1011,0.15343006401247683,23-1012,0.10438272925945946
192419,410,bioinformatics scientist,"D. E. Shaw Research, LLC",BIOCHEMISTRY,19-1029,bioinformatics scientists,19-1029,0.9946671174187913,19-1021,0.00418108435055654,19-2031,0.0003262999640328975
192441,390,bi developer,LatentView Analytics Corporation,BACHELOR OF TECHNOLOGY IN INFORMATION TECHNOLOGY,15-1252,software developers,15-1252,0.9135245580586172,15-2051,0.0857725524171408,15-1299,0.0004077508003442707
192473,390,senior software developer,"Randstad Technologies, LLC",COMPUTER SCIENCE,15-1252,software developers,15-1252,0.998570658062451,15-1211,0.0007228221801603308,15-1299,0.0006346638874202219
192610,300,data engineer,Vitesse Group Inc,AGRICULTURE CHEMISTRY,15-1252,software developers,15-1252,0.988560075095464,15-1299,0.007232046864624831,15-1211,0.002355150402890519
192655,300,dev ops engineer,Ursi Technologies Inc,COMPUTER SCIENCE OR EQUIVALENT,15-1252,software developers,15-1252,0.9994527633671914,15-1211,0.0001415475975333237,15-1299,0.00013921137417045588
192788,030,test engineer,Populus Group LLC,ELECTRICAL AND COMPUTER ENGINEERING,17-2071,electrical engineers,17-2071,0.5948398633493388,17-2072,0.27430977590205646,15-1252,0.10626256379761174
192790,300,nan,Apple Inc.,COMP SCI,15-1252,software developers,15-1252,0.9972423732218292,15-1299,0.0023889966944724756,15-1253,0.00024163162568902584
192818,300,assoc sftw engr,JPMorgan Chase & Co.,COMP SCI,15-1252,software developers,15-1252,0.9851582468133494,15-1299,0.011242517055136101,15-2051,0.0019275765315523257
192874,030,physicist scientist,"Applied Materials, Inc.",ELECTRICAL AND COMPUTER ENGINEERING,17-2072,electronics engineers except computer,17-2072,0.5301998993460049,17-2071,0.42336366277738213,15-1252,0.029003350312897257
192917,390,product manager,KAYAK Software Corporation,INTEGRATED DESIGN AND MANAGEMENT,15-1299,computer systems engineers architects,15-1299,0.7446353981748025,15-1252,0.12589379909613987,15-2051,0.08826489028067876
193047,300,application developer java full stack,IBM Corporation,ELECTRICAL AND ELECTRONIC ENGINEERING,15-1299,computer systems engineers architects,15-1299,0.47083797376352915,15-1211,0.3849739363517435,15-1252,0.09757298070088563
193054,220,research scientist engineer,Apple Inc.,BIOCHEMISTRY,19-2031,chemists,19-2031,0.5346445128870575,19-1021,0.15405811762221078,15-1252,0.05352215320761846
193096,300,test consultant 2,"Capgemini America, Inc.",ELECTRONICS ENGINEERING,15-1253,software quality assurance analysts and testers,15-1253,0.835085257478096,15-1252,0.15091696910621358,15-1211,0.008777459776388713
193106,070,test engineer ii,"Medtronic, Inc.",ELECTRICAL AND COMPUTER ENGINEERING,17-2141,mechanical engineers,17-2141,0.680795525405978,17-2199,0.16658703929357524,15-1252,0.0939601709631575
193122,390,nan,Microsoft Corporation,PHD IN GEOGRAPHY AND MASTERS IN GEOGRAPHY AND GEOSPATIAL INFORMATION SCIENCE AND ENGINEERING,15-1252,software developers,15-1252,0.9705746488332101,15-1299,0.024185203520732352,15-2051,0.004408248711218277
193158,330,senior associate jc60,Cognizant Technology Solutions US Corp,COMP ENGRG,15-1299,computer systems engineers architects,15-1299,0.9950831919442683,15-1253,0.0029725872569341424,15-1211,0.0014143158806487635
193281,300,embedded systems engineer,"Meta Platforms, Inc.",COMPUTER ENGINEERING,15-1252,software developers,15-1252,0.9927214708552975,15-1299,0.006603581317115074,15-1221,0.0003015248558757665
193297,030,antenna engineer,"John Mezzalingua Associates, LLC",ELECTRONICS AND TELECOMMUNICATIONS ENGINEERING,17-2071,electrical engineers,17-2071,0.6135798121404067,17-2072,0.33463110775577826,15-1252,0.017504575186955886
193378,300,data engineer,Softnet LLC,COMPUTER SCIENCE,15-1252,software developers,15-1252,0.9983668045246555,15-1299,0.001315980224302851,15-2051,0.00017199607790641667
193410,1860,management analyst,CTBC Bank Corp. USA,INTERNATIONAL BUSINESS,13-1111,management analysts,13-1111,0.9510691868287005,13-2051,0.028523031774852308,13-1161,0.004912775434217389
193514,1950,nan,HOLA Ohio,INTERNATIONAL RELATIONS,15-1252,software developers,15-1252,0.16738757003205074,15-2051,0.16689487462406924,15-1299,0.15330092821223518
193519,300,data scientist,"Meta Platforms, Inc.",ECONOMETRICS AND QUANTITATIVE ECONOMICS,15-1252,software developers,15-1252,0.5204112932414567,15-2051,0.41248857411682555,15-1221,0.04263504980232444
193703,1890,associate consultant,"Bain & Company, Inc.",ECONOMICS,13-1111,management analysts,13-1111,0.9996508384232708,15-2051,0.00019964405308088896,15-1299,7.066712750993701e-05
193757,300,nan,Apple Inc.,INDUSTRIAL ENGRG,15-1252,software developers,15-1252,0.9820801289814957,15-1299,0.011363836511504731,15-2051,0.0019113259413448094
193774,390,product manager iii,"Amazon Development Center U.S, Inc.",MASTERS DEGREE BUSINESS ADMINISTRATION BACHELORS DEGREE ELECTRICAL ENGINEERING AND COMPUTER SCIENCES,15-1252,software developers,15-1252,0.584760467159573,15-1299,0.308984743252701,15-2031,0.05943520004636377
193783,300,senior associate i data analyst,Turnberry Solutions Inc,INFORMATION SYSTEMS,15-1252,software developers,15-1252,0.7099207689757965,15-1299,0.23547451040926665,15-1211,0.03691806733306266
193882,300,security architect,IBM Corporation,MANAGEMENT INFORMATION SYSTEMS,15-1299,computer systems engineers architects,15-1299,0.6063515775156038,15-1211,0.29723754337444225,15-1252,0.0652097842507856
193951,030,rf wireless staff engineer,Renesas Electronics America Inc.,ELECTRICAL ENGINEERING (ELECTRONIC CIRCUITS & SYSTEMS),17-2072,electronics engineers except computer,17-2072,0.8155598127579895,17-2071,0.1534347232463517,15-1252,0.015955552574292826
194099,1990,associate financial engineer,"MOODY'S ANALYTICS, INC.",QUANTITATIVE FINANCE,13-2051,financial and investment analysts,13-2051,0.627216402247885,13-2099,0.31052756269536264,15-2051,0.04424995316845479
194182,010,architectural designer,Quarra Stone Company LLC,ARCHITECTURE DESIGN AND RESEARCH,17-1011,architects except landscape and naval,17-1011,0.9603149737624522,17-3011,0.039150106380559914,27-1025,0.000135717570774088
194204,1990,senior associate data science,"Capital One Services, LLC",DATA SCIENCE,15-2051,business intelligence analysts,15-2051,0.6985890297664913,15-2041,0.26883617040381,15-2031,0.03059146709051983
194315,1610,consultant,"The Boston Consulting Group, Inc.",BUSINESS ADMINISTRATION,13-1111,management analysts,13-1111,0.9994339800768992,15-2031,0.0004606036273750489,15-2051,7.986755519887788e-05
194354,070,cost driving engineer electrification,BorgWarner PDS Anderson LLC,MECHANICAL ENGINEERING,17-2141,mechanical engineers,17-2141,0.9759658329570758,17-2199,0.017852149075007158,17-2112,0.003718923519378439
194377,300,hr lead,"Ksquare Solutions, Inc.",HUMAN RESOURCES,15-1252,software developers,15-1252,0.8004981981978259,15-1299,0.08028482685632424,15-1211,0.031897064820569546
194437,300,nan,Infosys Limited,COMPUTER SCIENCE,15-1299,computer systems engineers architects,15-1299,0.9361419279855302,15-1252,0.035436763654519594,15-1211,0.024622390167248945
194451,1990,technical talent analyst,"Collabera, Inc.",MASTER OF SCIENCE,15-1252,software developers,15-1252,0.8108266679116247,15-2051,0.14458555694206357,13-1111,0.017622643936429934
194455,1990,associate management consultant,"McKinsey & Company, Inc. United States",CHEMICAL ENGINEERING,13-1111,management analysts,13-1111,0.9998406672040535,15-2031,6.46394680960179e-05,15-2051,4.524860182739227e-05
194478,030,product manager,"Ryzac, Inc.",ELECTRICAL ENGINEERING CONCENTRATION IN COMPUTER ENGINEERING,15-1299,computer systems engineers architects,15-1299,0.5153435317749986,17-2071,0.20156368474030362,15-1252,0.1118062119257022
194582,300,sr test engineer,SUN CLOUD LLC,INFORMATION SCIENCE,15-1252,software developers,15-1252,0.7687476854834906,15-1299,0.10034646272659473,15-1253,0.07412508212195001
194584,300,nan,Cognizant Technology Solutions US Corp,APPLIED COMPUTER SCIENCE,15-1299,computer systems engineers architects,15-1299,0.6209931462104621,15-1211,0.25964838680528207,15-1252,0.11708298536047108
194599,1100,associate,"Law Offices of Mike P. Gao, P.C.",LAW JURIS DOCTOR,23-1011,lawyers,23-1011,0.99981819522431,13-2051,7.314068007763704e-05,13-1111,3.9923676195469556e-05
194615,190,research scientist,"Palo Alto Research Center, Inc.",MECHANICAL ENGINEERING,17-2141,mechanical engineers,17-2141,0.768424550729728,17-2199,0.0987757724069786,15-1221,0.09199179483060922
194646,390,nan,MicroStrategy Incorporated,DESIGN SCIENCE,15-1252,software developers,15-1252,0.8847556696341089,15-1299,0.077945043464932,15-1253,0.014476153879267104
194711,050,nde engineer,Space Exploration Technologies Corp.,STRUCTURAL ENGINEERING,17-2051,civil engineers,17-2051,0.9950824764377799,17-2141,0.002988872373673144,17-2071,0.0005536615002546055
194786,390,ux researcher makerting analyst 2,Dynatrace LLC,EDUCATIONAL TECHNOLOGY AND APPLIED LEARNING SCIENCES,15-1252,software developers,15-1252,0.4054241816119148,15-1299,0.3718321330925786,15-2051,0.10263183932122114
195011,300,nan,Deloitte Consulting LLP,ELECTRONICS AND COMMUNICATIONS ENGRG,15-1252,software developers,15-1252,0.8923744244895527,15-1211,0.07301592023019797,15-1299,0.028347943690794575
195042,300,business systems analyst,Tangent Technologies LLC,INDUSTRIAL TECH AND OPERATIONS,15-1211,computer systems analysts,15-1211,0.597416331520214,15-1299,0.22095114742500363,15-1252,0.12239132593370221
195131,030,engineer,"Dominion Energy Technical Solutions, Inc",ELECTICAL AND COMPUTER ENGINEERING,17-2072,electronics engineers except computer,17-2072,0.4466935810897599,17-2071,0.3971206851272642,15-1252,0.061700203398097855
195186,110,nan,Dresser-Rand Company,INDUSTRIAL ENGINEERING TECHNOLOGY,17-2112,industrial engineers,17-2112,0.6270935291044235,17-2141,0.10018469261871661,17-2131,0.05508178677098584
195222,300,business data analyst,Intuit Inc.,ELECTRONICS ENGINEERING,15-1252,software developers,15-1252,0.9174714287274203,15-1299,0.04844576104574129,15-2051,0.013867321505658472
195292,970,afterschool enrichment math teacher,"The Russian School of Mathematics, Inc.",PHYSICS,15-1221,computer and information research scientists,15-1221,0.11682361840591296,25-3021,0.09583965088788197,15-2041,0.09117752829576033
195293,070,sr engineer r d,Edwards Lifesciences LLC,MECHANICAL & MANUFACTURING ENGINEERING,17-2141,mechanical engineers,17-2141,0.9232802611023558,17-2199,0.03128147483482519,17-2112,0.027021998729770735
195397,330,nan,Cognizant Technology Solutions US Corp,COMPUTER INFORMATION SYSTEMS,15-1299,computer systems engineers architects,15-1299,0.9741019549857715,15-1211,0.017155204778111454,15-1252,0.004439553664565137
195434,190,associate product manager,"Superpedestrian, Inc.",CITY PLANNING,15-1299,computer systems engineers architects,15-1299,0.5737745307771405,15-2051,0.08151151127080289,17-2199,0.06285852923474602
195462,300,java full stack developer,Intellisoft Systems LLC,MASTER OF SCIENCE,15-1252,software developers,15-1252,0.9969178077702356,15-1251,0.00274360826970784,15-1299,0.00026290606405897783
195479,1990,senior advisor product management,Dell Marketing L.P.,BUSINESS ADMINISTRATION,13-1161,market research analysts and marketing specialists,13-1161,0.7344871457300002,13-1111,0.10657477082355497,15-2031,0.05921885443886501
195582,500,senior analyst,"McKinsey & Company, Inc. United States",APPLIED ECONOMICS,15-2051,business intelligence analysts,15-2051,0.4210376691958989,15-2031,0.18263999484126295,15-2041,0.15460416416129422
195602,300,nan,Cubic Technologies LLC,COMPUTER SCIENCE,15-1252,software developers,15-1252,0.9983220113137384,15-1299,0.0009965384300888527,15-1211,0.0005302131899542992
195669,1650,paid social coordinator,PMG Worldwide LLC,JOURNALISM,27-3031,public relations specialists,27-3031,0.5299662190666516,13-1161,0.43184248450577395,15-2051,0.009902300636333329
195695,9990,sushi chef,Dawn Sushi Corporation,BUSINESS ADMINISTRATION,15-1252,software developers,15-1252,0.49494912579985545,15-1299,0.12629655245495913,13-1111,0.08967485996457855
195882,390,technical business data analyst,"Smart IT Staffing, Inc.",INFORMATION SYSTEMS,15-2051,business intelligence analysts,15-2051,0.38814278399448504,15-1299,0.26799249396986247,15-1252,0.2386612277009873
196055,1990,associate management consultant,"McKinsey & Company, Inc. United States",BUSINESS ADMINISTRATION,13-1111,management analysts,13-1111,0.999947235916511,15-2051,2.842373631704589e-05,15-2031,1.346788642297341e-05
196064,300,nan,AppLovin Corporation,INFORMATION SYSTEMS AND TECHNOLOGIES,15-1252,software developers,15-1252,0.9846557615366233,15-1299,0.009162662211983067,15-1211,0.002615337604603859
196080,300,digital design consultant,Trimble Inc.,BUILDING SCIENCES,15-1252,software developers,15-1252,0.4776616111176992,15-1299,0.287438346500964,15-1211,0.1427486352226018
196143,070,systems engineer performance testing,"Siemens Energy, Inc.",MECHANICAL ENGINEERING,17-2141,mechanical engineers,17-2141,0.9922786694035178,17-2199,0.0041251226901115445,17-2112,0.0030936139184831713
196235,1690,vice president,Morgan Stanley Services Group Inc.,COMMERCE,13-2051,financial and investment analysts,13-2051,0.6009449113461824,15-1299,0.17136322489578185,15-1252,0.1103092562281598
196254,390,sftw engineer,Twilio Inc.,COMP ENGRG,15-1252,software developers,15-1252,0.9803118175735448,15-1299,0.018012528023647393,15-1253,0.0005961129653534007
196322,1410,nan,Apple Inc.,DESIGN AND HUMAN-COMPUTER INTERACTION,15-1252,software developers,15-1252,0.9084637780887491,27-1024,0.03435727084824432,15-1299,0.02537965334171484
196457,390,consultant,ClearView Healthcare Partners,BIOLOGY,13-1111,management analysts,13-1111,0.32120460829011926,15-1252,0.25120055825783294,15-2031,0.1285933319622247
196459,300,application developer,Teamitserve Inc,MASTERS OF SCIENCE,15-1252,software developers,15-1252,0.9918854433527511,15-1211,0.004570858996284885,15-1251,0.003204909318400646
196504,300,oracle cloud analyst,Avalon Software Services LLC,BUSINESS ADMINISTRATION,15-1252,software developers,15-1252,0.691608396735656,15-1299,0.20355381396425454,15-1211,0.05241206313121524
196581,390,programmer i,"Disbelief, LLC",ENTERTAINMENT ARTS AND ENGINEERING,15-1252,software developers,15-1252,0.6482756338924631,15-1299,0.13212483381057294,15-2051,0.05470297013281651
196597,330,autonomous technology systems integration engineer,"Daimler Truck North America, LLC",ELECTRICAL AND COMPUTER ENGINEERING,15-1299,computer systems engineers architects,15-1299,0.5878963798166642,15-1252,0.1869619670651738,15-1253,0.09890494528096494
196644,030,electronic and test engineer,"ZeroAvia, Inc.",ELECTRICAL ENGINEERING,17-2071,electrical engineers,17-2071,0.4875753385720405,17-2072,0.3611905580627859,15-1252,0.13652721789044903
196661,300,machine learning engineer software developer systems softwar,Apple Inc.,COMPUTER INFO SYSTEMS & MATERIALS SCIENCE & ENGINEERIN,15-1252,software developers,15-1252,0.9414147029807177,15-1299,0.021600900017831257,15-1253,0.014039671935751456
196671,1990,associate management consultant,"McKinsey & Company, Inc. United States",BUSINESS ADMINISTRATION,13-1111,management analysts,13-1111,0.999947235916511,15-2051,2.842373631704589e-05,15-2031,1.346788642297341e-05
196785,1990,financial engineer,"MOODY'S ANALYTICS, INC.",MATHEMATICS AND STATISTICS,13-2051,financial and investment analysts,13-2051,0.6283661359905954,15-2051,0.14587691597586783,13-2099,0.12846467137421946
196853,200,nan,Guy Carpenter & Company LLC,ACTUARIAL SCIENCE,15-2031,operations research analysts,15-2031,0.4430566879490944,15-2041,0.42746710111473446,15-2051,0.10499920770227433
196859,300,director solutions engineering,"CaptivateIQ,Inc.",COMPUTER SCIENCE,15-1252,software developers,15-1252,0.9570120572514482,15-1299,0.028253582210139547,15-1211,0.008175806842765154
196943,300,it project group manager,"Citicorp Credit Services, Inc. USA",INFORMATION TECHNOLOGY,15-1252,software developers,15-1252,0.8419997622447334,15-1299,0.12917333797928826,15-1211,0.021612577845673484
196989,300,sr techinical architect,Pentangle Tech Services LLC,BACHELOR OF SCIENCE IN ELECTRONICS ENGINEERING,15-1252,software developers,15-1252,0.785527143298063,15-1299,0.10226681769507642,15-1253,0.05775426996552883
197026,1640,digital marketing manager,The Firstgen Agency LLC,INTERNATIONAL MARKETING,13-1161,market research analysts and marketing specialists,13-1161,0.9844468205446983,11-2021,0.008052831472150291,15-2051,0.002942892053665539
197052,080,process engineer,"Cyanco International, LLC",CHEMICAL ENGINEERING,17-2131,materials engineers,17-2131,0.504256507841332,17-2041,0.43954060492373015,17-2112,0.04370140096802636
197095,410,embryologist,Exemplar Genetics LLC,DEVELOPMENTAL BIOLOGY AND EMBRYOLOGY/ANIMAL SCIENCE,19-1029,bioinformatics scientists,19-1029,0.712228680615452,19-1021,0.06549796184306961,15-2041,0.04723758753499103
197154,1990,senior knowledge analyst,"McKinsey & Company, Inc. United States",ENVIRONMENTAL SCIENCE AND POLICY,13-1111,management analysts,13-1111,0.9158331338488155,15-2051,0.03590770752852839,15-2031,0.030559093165180854
197233,1690,analyst 1,Moelis & Company Group LP,FINANCE,13-2051,financial and investment analysts,13-2051,0.9956271253569299,13-2099,0.0019345737006334362,15-2031,0.0008782704452448827
197272,300,systems engineer,"GEX Management, Inc",COMPUTER SCIENCE AND ENGINEERING,15-1299,computer systems engineers architects,15-1299,0.7146442054671746,15-1252,0.2847880454951172,15-1211,0.0002766715464038484
197333,010,junior designer,Wimberly Allison Tong & Goo N.A. Inc.,ARCHITECTURE,17-1011,architects except landscape and naval,17-1011,0.9987552238172978,17-3011,0.0011358576970554193,27-1025,9.14520154538836e-05
197361,300,nan,Ursi Technologies Inc,COMP SCI OR EQUIVALENT,15-1252,software developers,15-1252,0.9967231637132878,15-1299,0.0013997264082434545,15-1211,0.0007990597114556102
197450,300,react js developer,Advithri Technologies LLC,INFORMATION SYSTEMS SECURITY,15-1252,software developers,15-1252,0.9970976453037146,15-1299,0.0019132820036977297,15-1253,0.0007152455523291284
197481,300,senior professional product developer,Computer Sciences Corporation,DATA SCIENCE,15-1252,software developers,15-1252,0.9440517808115937,15-1299,0.031981155401336815,15-2051,0.020753920383480676
197555,1610,consultant,"The Boston Consulting Group, Inc.",PUBLIC ADMINISTRATION BUSINESS ADMINISTRATION,13-1111,management analysts,13-1111,0.997616435824573,15-2031,0.0018795723649238623,15-2051,0.0003982924817598425
197585,300,devops engineer,"Trans American Information Systems, Inc.",ELECTRICAL ENGINEERING,15-1252,software developers,15-1252,0.9973321225489973,15-1299,0.0024438675304592223,15-1251,9.744751415460641e-05
197603,300,bi analyst b2b ecommerce,"Adi Worldlink, LLC",INFORMATION TECHNOLOGY,15-1252,software developers,15-1252,0.9414496081373305,15-1299,0.03868665892054346,15-1211,0.0075516473756931015
197722,300,devops engineer,RedShift Technologies LLC,COMPUTER SCIENCE,15-1252,software developers,15-1252,0.9988805393719279,15-1299,0.0009504994701625325,15-1251,0.0001234131384249644
197755,300,devops engineer,"AutoNation, Inc.",COMPUTER SCIENCE,15-1252,software developers,15-1252,0.9921541371314379,15-1299,0.00699484470727009,15-1251,0.0005977783423509269
197759,310,data analyst,"Conflux Systems, Inc",COMPUTER APPLICATIONS,15-1252,software developers,15-1252,0.7801480303774291,15-1299,0.13853453017108736,15-2051,0.05883466239363832
197830,390,sr staff technical lead sw qa,FireEye Security Holdings US LLC,SOFTWARE ENGRG,15-1252,software developers,15-1252,0.9305393879133046,15-1299,0.042961080693126395,15-1253,0.00938186841083306
197889,1990,associate management consultant,"McKinsey & Company, Inc. United States",MANAGEMENT SCIENCE,13-1111,management analysts,13-1111,0.9998200118942618,15-2051,0.0001075107383166218,15-2031,5.5213423769269e-05
197905,030,nan,Knapp Inc.,ELECTRICAL ENGRG,17-2071,electrical engineers,17-2071,0.3457451126290945,15-1252,0.3257915393034285,17-2072,0.3075211548326772
198028,300,data scientist,"Wal-Mart Associates, Inc.",POLITICAL SCIENCE M S STATISTICS,15-1252,software developers,15-1252,0.5836853962163429,15-2051,0.3900721635411704,15-1299,0.016953385615362162
198056,300,nan,Platinum Infosys Inc,COMPUTER APPLICATIONS,15-1252,software developers,15-1252,0.9936177106715349,15-1299,0.004898734360959124,15-1211,0.0010378885820435167
198126,300,nan,Srivin Infosystems Inc,EMBEDDED SYSTMES,15-1252,software developers,15-1252,0.9917063330076537,15-1211,0.005114760727556249,15-1299,0.0022929774323731267
198149,300,senior curriculum developer,"Ryzac, Inc.",COMPUTER SCIENCE AND VISUAL ARTS,15-1211,computer systems analysts,15-1211,0.29113932303918505,15-1252,0.2435506263961003,15-1299,0.18319922438596292
198158,300,back end developer,"Terrasmart, Inc.",INFORMATION SYSTEMS,15-1252,software developers,15-1252,0.8898230214492198,15-1299,0.06146144568060964,15-1211,0.02157825969888415
198187,300,automation test specialist,Convergence Acceleration Solutions LLC,INFORMATION TECHNOLOGY MANAGEMENT,15-1253,software quality assurance analysts and testers,15-1253,0.32672974133834876,15-1252,0.2930529198166488,15-1299,0.267770259545749
198219,1610,consultant,"The Boston Consulting Group, Inc.",BUSINESS ADMINISTRATION,13-1111,management analysts,13-1111,0.9994339800768992,15-2031,0.0004606036273750489,15-2051,7.986755519887788e-05
198228,390,data engineeri,Tekshapers Inc,US MASTER OF SCIENCE IN HEALTH INFORMATICS EDUCATION EQUIVALENT TO US BACHELORS DEGREE OF COMPUTER ENGINEERING,15-1252,software developers,15-1252,0.4784935638147283,15-1299,0.31916162796912495,15-2051,0.08809390583538192
198280,300,principal engineer systems engineer,VERIZON DATA SERVICES LLC,ELECTRONIC ENGINEERING,15-1252,software developers,15-1252,0.4591116561997618,15-1299,0.4069193943088949,15-1211,0.10882376432410178
198305,070,nan,"Airbus Americas, Inc.",AEROSPACE ENGINEERING,17-2141,mechanical engineers,17-2141,0.9849366156379175,15-1252,0.006258811331183055,17-2199,0.005189232998531535
198582,200,marketing scientist strategist,Blend360 LLC,STATISTICS,15-2041,statisticians,15-2041,0.8362414395820666,15-2051,0.14716554886027558,15-2031,0.014185012157774343
198626,1840,nan,"Concierge Auctions, LLC",BUSINESS ADMINISTRATION,15-1299,computer systems engineers architects,15-1299,0.26362481672196997,13-1111,0.19620805649029938,15-1252,0.15140429867154953
198655,120,quality engineer,"Vitesco Technologies USA, LLC",INDUSTRIAL ENGINEERING,17-2112,industrial engineers,17-2112,0.9936125735017575,17-2199,0.005609300095489596,17-2141,0.0006665018151133343
198781,030,associate product manager,SmartBear Software Inc.,ENGINEERING,15-1299,computer systems engineers architects,15-1299,0.4721255995456193,15-1252,0.2489384663345495,17-2072,0.09407508714474265
198784,050,engineer ports maritime,"Jacobs Civil Consultants, Inc.",CIVIL ENGINEERING,17-2051,civil engineers,17-2051,0.9996380013197984,11-9021,0.0001554201071810338,13-1051,0.00010090284096092684
198793,410,scientist cell therapy,"Cytovia Therapeutics, Inc.",MEDICAL SCIENCES,19-1029,bioinformatics scientists,19-1029,0.6254036129729326,19-1042,0.12199839310990031,19-1021,0.08627003466840683
198798,300,consultant us,Infosys Limited,Finance,15-1299,computer systems engineers architects,15-1299,0.9998979828008344,15-1211,6.82479548663224e-05,15-1251,1.609462650152582e-05
198801,300,it consultant enterprise solutions,"The Boston Consulting Group, Inc.",COMPUTER INFORMATION SYSTEMS,15-1252,software developers,15-1252,0.5993670974306213,15-1299,0.3039500144040179,15-1211,0.04238797431025568
198821,390,associate technical consultant,"Salesforce.com, Inc.",INFORMATION MANAGMENT,15-1252,software developers,15-1252,0.8679572734655517,15-1299,0.08084301847498664,15-1253,0.034095480063783525
198847,300,senior technical marketing manager,"Red Hat, Inc.",BUSINESS ADMINISTRATION,15-1252,software developers,15-1252,0.9427769867352009,15-1211,0.03704624908637911,15-1299,0.010276948860476962
198873,1100,law clerk,"Cooley, LLP",LAW,23-1011,lawyers,23-1011,0.9992574853341782,23-1012,0.0007321830315256375,23-2011,9.830056444633827e-06
198874,1600,fso tax staff transfer pricing itts,Ernst & Young U.S. LLP,FINANCE,13-2011,accountants and auditors,13-2011,0.5787127073566452,13-2051,0.4190335138406337,13-2099,0.0013823562313587004
198880,300,engineer,"Ibase Of Fairfield County, LLC",ENGINEERING,15-1252,software developers,15-1252,0.45658517927346737,15-1253,0.4084439614977009,15-1299,0.12254678055064501
198973,1600,trade operations developer fqa,Verition Group LLC,FINANCIAL ENGINEERING,13-2051,financial and investment analysts,13-2051,0.8897832922142174,13-2099,0.09296137377086618,13-2011,0.01134576008740326
199124,200,senior budget analyst commercial property managenent,BH Central Services LLC,ACCOUNTING & FINANCIAL MANAGEMENT,15-2031,operations research analysts,15-2031,0.3978143883089711,15-2041,0.3215643896968118,15-2051,0.13381996975893373
199184,1100,associate attorney,Mayer Brown LLP,LAW,23-1011,lawyers,23-1011,0.9999989324288215,23-1012,8.958982881086257e-07,23-2011,8.986992408461582e-08
199188,300,sftw engr ii,"Sezzle, Inc.",COMPUTER SCIENCE,15-1252,software developers,15-1252,0.9899023682507999,15-1299,0.005461563948071285,15-1211,0.002022342306655228
199200,300,software qa analyst and tester,Technosoft Corporation,COMPUTER AND INFORMATION SCIENCE,15-1252,software developers,15-1252,0.9457249767806463,15-1299,0.023418268419681757,15-1253,0.01703273997617534
199308,300,engineer,Tezerakt LLC,INFORMATION SYSTEMS TECHNOLOGIES,15-1252,software developers,15-1252,0.8885586608185035,15-1299,0.05945261099672294,15-1253,0.023647690878846862
199345,1890,senior vp of customer success and chief customer officer cco,"BMC Software, Inc.",TECHNOLOGY MANAGEMENT,15-1299,computer systems engineers architects,15-1299,0.8500605776853433,13-1111,0.08497129552201656,15-2051,0.03034239430953092
199362,1990,business analyst management consultant,"McKinsey & Company, Inc. United States",CHEMICAL ENGRG,13-1111,management analysts,13-1111,0.9986644910703333,15-2031,0.0005950530587051818,15-2051,0.0004661349314358935
199473,1890,senior supply chain ai,"Invent Analytics, LLC.",ENGINEERING MANAGEMENT,15-1299,computer systems engineers architects,15-1299,0.6840606469326628,13-1111,0.09944404471176166,15-2051,0.08861679544383028
199538,300,systems analyst,AF&G LLC,ELECTRICAL ENGINEERING,15-1252,software developers,15-1252,0.6936325355800654,15-1211,0.2898488783331305,15-1299,0.012879197170636653
199543,1690,data scientist i,"SparkCognition, Inc.",FINANCIAL ENGINEERING,15-2051,business intelligence analysts,15-2051,0.5326981980507328,15-2031,0.2800713074424825,13-2099,0.11831985066579308
199545,390,implementation analyst,"BROADRIDGE FINANCIAL SOLUTIONS, INC.",INFORMATION SYSTEMS AND ACCOUNTING,15-1252,software developers,15-1252,0.786939144304694,15-1299,0.061524127099786226,15-2051,0.055713018252019894
199576,300,nan,Tavant Technologies Inc,BACHELOR OF SCIENCE DEGREE IN ELECTRONIC ENGINEERING,15-1252,software developers,15-1252,0.9821213232532002,15-1299,0.009574272327003967,15-1211,0.004099237842815598
199627,200,sr operations analyst,"NEAL ANALYTICS, LLC",ENGINEERING,15-2031,operations research analysts,15-2031,0.6320641883465459,15-2051,0.20104721041005977,15-2041,0.09578854047666686
199797,300,architect,Tata Consultancy Services Limited,INFORMATION TECHNOLOGY AND ANALYTICS,15-1299,computer systems engineers architects,15-1299,0.9992838886455347,15-1211,0.0003935218018676074,15-1252,0.0002865957192430276
199804,300,business analyst,Codex Software Solutions Inc,COMPUTER APPLICATION,15-1211,computer systems analysts,15-1211,0.5961979986330815,15-1252,0.30839874979775606,15-1299,0.07904860745293715
199922,1890,nan,WorkBoard Inc.,BUSINESS MBA,15-1299,computer systems engineers architects,15-1299,0.6729980826787582,13-1111,0.12721810895044014,15-1252,0.07502861520449461
199935,300,application developer,Astir Technologies LLC,ELECTRONICS ENGINEERING,15-1252,software developers,15-1252,0.9568218514951583,15-1211,0.026608882986285765,15-1251,0.01505507418529808
200015,1690,manager appraisals,"Fund That Flip, Inc.",BUSINESS ADMINISTRATION,13-1111,management analysts,13-1111,0.2683433356617972,13-1161,0.19363153690301266,15-1299,0.17027786935415556
200024,070,technology program leader,Regal Rexnord Corporation,MECHANICAL ENGINEERING,17-2141,mechanical engineers,17-2141,0.9960408880697904,17-2199,0.0022774196875248722,17-2112,0.0009488549085990985
200155,490,life sciences specialist,L.E.K. Consulting LLC,MOLECULAR BIOLOGY,13-1111,management analysts,13-1111,0.45481282765131176,19-1029,0.2966914241686655,15-2031,0.08742516264145468
200179,150,data scientist,"SPRINGCOIN, INC.",DATA SCIENCE,15-1252,software developers,15-1252,0.7827240735622527,15-2051,0.17479133117767817,15-2031,0.020439622895007347
200259,390,nan,American Express Company,MECHANICAL ENGINEERING,15-1299,computer systems engineers architects,15-1299,0.8070196582999453,15-1252,0.12388348505080556,15-2051,0.05581025515704938
200269,300,lead technical architect,TechCORE Management Solutions Services LLC,COMPUTER ENGINEERING,15-1252,software developers,15-1252,0.6552196752532601,15-1299,0.24955955408578445,15-1211,0.069657177844274
200283,300,software development engineering advisor ii,"Fiserv Solutions, LLC",COMPUTER ENGINEERING,15-1252,software developers,15-1252,0.9050247903332985,15-1299,0.07324984005216634,15-1211,0.016837494587044095
200322,1990,data scientist,"McKinsey & Company, Inc. United States",MANAGEMENT INFORMATION SYSTEMS,15-2051,business intelligence analysts,15-2051,0.8232275987336748,15-2031,0.05525891881695749,13-1111,0.05275121379465606
200325,1690,hw commodity specialist ii,"Amazon Data Services, Inc.",SUPPLY CHAIN MANAGEMENT,13-1081,logisticians,13-1081,0.6860523875674596,15-2051,0.15173942416194372,15-2031,0.11465585626253152
200403,300,applied cryptographer,"Manta Ray Labs, Inc.",COMPUTER SCIENCE,15-1252,software developers,15-1252,0.8897555663472233,15-1299,0.06381734404826175,15-1211,0.02363068820474927
200413,1890,consultant,"Bain & Company, Inc.",BUSINESS ADMIN,13-1111,management analysts,13-1111,0.9996448757505396,15-1299,0.0002032877843772506,15-2051,7.355723507981301e-05
200521,590,data scientist,Biomason Inc.,INFORMATION TECHNOLOGY AND MANAGEMENT,15-2051,business intelligence analysts,15-2051,0.9635914689755752,15-2031,0.01934218093724019,15-2041,0.00840950882520663
200568,390,solutions architect,NVIDIA Corporation,GEOPHYSICS,15-1252,software developers,15-1252,0.9019361219794649,15-1299,0.0944658882156038,15-1221,0.0026201802032874296
200610,300,it technical trainer,Info Junction LLC,COMPUTER SCIENCE AND ENGINEERING,15-1252,software developers,15-1252,0.8184815365699222,15-1299,0.11846884342095516,15-1211,0.029261692901404752
200636,1690,nan,JPMorgan Chase & Co.,BUSINESS ANALYTICS,15-2051,business intelligence analysts,15-2051,0.8243408772273055,15-2031,0.08099075340581652,13-2051,0.02618346874044718
200647,300,sap abap consultant,Atruz Solutions LLC,ELECTRONIC AND COMMUNICATION ENGINEERING,15-1252,software developers,15-1252,0.9929118527043616,15-1211,0.0027743619159950744,15-1299,0.0027285714593702844
200655,300,associate analyst csg product senior specialist,"Salesforce.com, Inc.",ANALYTICS PROFESSIONAL STUDIES,15-1252,software developers,15-1252,0.9444841840461768,15-1299,0.04583987623915817,15-1253,0.004040777395528322
200720,390,systems engineer battery,"Freudenberg Battery Power Systems, LLC",MECHANICAL ENGINEERING,15-1252,software developers,15-1252,0.6595190425477706,15-1299,0.15945468858923081,17-2141,0.09563689076631278
200794,390,full stack developer,FireEye Security Holdings US LLC,COMPUTER SCIENCE,15-1252,software developers,15-1252,0.9969571645354312,15-1299,0.002775155329458738,15-1211,8.987602284395458e-05
200832,300,mobile application developer,Ursi Technologies Inc,COMPUTER SCIENCE OR EQUIVALENT,15-1252,software developers,15-1252,0.9996906576123269,15-1253,8.86167607097144e-05,15-1211,5.663251573182985e-05
200991,720,nan,Patricia Arroyo DDS Corporation,DENTISTRY,29-1021,dentists general,29-1021,0.983328162310556,15-1252,0.005033195862028296,15-1299,0.0023048115143053205
201004,1600,analyst,"The Ayco Company L.P., A Goldman Sachs Company",FINANCE,13-2051,financial and investment analysts,13-2051,0.9923341456491409,13-2011,0.006178491661844357,13-2099,0.0010943446596927834
201055,300,engineer 1,"McKinsey & Company, Inc. United States",INFORMATION TECHNOLOGY,15-1252,software developers,15-1252,0.9684094654361398,15-1299,0.02745118749754362,13-1111,0.0015335836156591762
201075,300,nan,APPLIXA TECHNOLOGIES LLC,ELECTRICAL AND ELECTRONICS ENGINEERING,15-1252,software developers,15-1252,0.9730749096996774,15-1299,0.02371889805228659,15-1211,0.0022152446333146805
201083,500,mss commodities analyst,Citigroup Energy Inc.,COMPUTER SCIENCE AND ECONOMICS,13-2051,financial and investment analysts,13-2051,0.8901039206659327,13-1161,0.07363642104880207,15-2051,0.008973922912595326
201163,1610,associate management consultant,"McKinsey & Company, Inc. United States",EPIDEMIOLOGY AND CLINICAL RESEARCH,13-1111,management analysts,13-1111,0.9999430041745274,15-2051,2.667242284779315e-05,15-2031,2.141243324331709e-05
201177,300,azure data lake developer,Thinklusive Inc.,COMPUTER SCIENCE AND ENGINEERING,15-1252,software developers,15-1252,0.8912467110834289,15-1299,0.08849730569791162,15-1211,0.008541119773869938
201178,1690,director consulting services,CGI Technologies and Solutions Inc.,APPLIED SCIENCE,15-1252,software developers,15-1252,0.5136967753558023,15-1299,0.39440921892198877,15-2031,0.014050842280685387
201197,300,java full stack developer,Collaborate Solutions Inc,COMPUTER TECHNOLOGY,15-1252,software developers,15-1252,0.9990069504140784,15-1299,0.000810292003339284,15-1211,9.011299020510875e-05
201295,300,business analyst i,Amazon.com Services LLC,INDUSTRIAL ENGINEERING,15-2051,business intelligence analysts,15-2051,0.7513262465612908,15-1252,0.20638100633353254,15-2031,0.031462536653420144
201401,1990,associate management consultant,"McKinsey & Company, Inc. United States",ENDOCRINOLOGY,13-1111,management analysts,13-1111,0.9997080251979615,15-2051,0.00014197095162296988,15-2031,5.5044984295387624e-05
201484,120,supply chain specialist,Unimacts Global LLC,INDUSTRIAL ENGINEERING,17-2112,industrial engineers,17-2112,0.9849667244847491,13-1081,0.01030875860570214,17-2199,0.002404494936060469
201530,390,data and appliied scientist,Microsoft Corporation,COMPUTER SCIENCE,15-1252,software developers,15-1252,0.9891111188730479,15-1299,0.009324023357140956,15-2051,0.0010143055416657891
201561,1990,associate management consultant,"McKinsey & Company, Inc. United States",BUSINESS ADMINISTRATION,13-1111,management analysts,13-1111,0.999947235916511,15-2051,2.842373631704589e-05,15-2031,1.346788642297341e-05
201625,300,nan,Cognizant Technology Solutions US Corp,COMPUTER ENGRG,15-1252,software developers,15-1252,0.5465173474609899,15-1299,0.30791922086482826,15-1211,0.14185020760972408
201632,300,software developer applications,RJT Compuquest Inc. dba Apolis,COMPUTER SCIENCE AND ENGINEERING,15-1252,software developers,15-1252,0.9998770069064802,15-1299,5.496699312929651e-05,15-1253,4.766139518336412e-05
201737,300,healthcare it product owner,Veena Corp.,INFORMATION TECHNOLOGY,15-1252,software developers,15-1252,0.9384214875906292,15-1299,0.038562225423787,15-1211,0.015054715839924316
201861,300,applications development technical analyst,"Citibank, N.A.",MANAGEMENT INFORMATION SYSTEMS AND ELECTRONIC ENGINEERING,15-1252,software developers,15-1252,0.811742254084612,15-1299,0.1073379394514943,15-2051,0.03360902940417718
201876,030,camera engineer,"Qualcomm Technologies, Inc.",ELECTRICAL ENGINEERING,17-2072,electronics engineers except computer,17-2072,0.9975668292664351,15-1252,0.0022243404266266377,17-2071,0.0002016802660560084
201923,1990,associate management consultant,"McKinsey & Company, Inc. United States",BUS ADMIN,13-1111,management analysts,13-1111,0.9999378254273462,15-2051,3.292662226245623e-05,15-2031,1.861465011926428e-05
202013,300,devops engineer,KYORYOUNA INC,BACHELOR OF TECHNOLOGY,15-1252,software developers,15-1252,0.9983611359501157,15-1251,0.0008115677939560194,15-1299,0.0007677008613141905
202033,300,data engineer,TAITConsultingGroup LLC,INFO TECH,15-1252,software developers,15-1252,0.9933289031050163,15-1299,0.005473857692410871,15-1211,0.0005680041209627303
202037,1990,knowledge analyst,"McKinsey & Company, Inc. United States",INDUSTRIAL/ORGANIZATIONAL PSYCHOLOGY,13-1111,management analysts,13-1111,0.9392642958748096,15-2031,0.0313409332590325,15-2051,0.018413194708583963
202137,030,system test engineer,"Communications Test Design, Inc.",ELECTRICAL ENGINEERING,17-2071,electrical engineers,17-2071,0.9542844284788827,17-2072,0.03895290206738855,15-1252,0.006283489235401034
202191,9990,regulatory affairs specialist,"Apothecary Products, LLC",REGULATORY AFFAIRS AND SERVICES,13-1041,regulatory affairs specialists,13-1041,0.6279499627440861,17-2141,0.04337664861914853,13-2051,0.03151860892498146
202234,450,behavioral health clinician i,Bartlett Regional Hospital,PSYCHOLOGY,17-2112,industrial engineers,17-2112,0.43369727467134506,13-1161,0.17580980996222062,13-1111,0.08266672502001587
202296,300,retail rotation program mba,Amazon.com Services LLC,MANAGEMENT SCIENCE,15-1252,software developers,15-1252,0.8354362781303482,15-2051,0.06941903787630903,15-1299,0.06562295476032158
202341,300,developer user interface,Tata Consultancy Services Limited,INFORMATION TECHNOLOGY AND MANAGEMENT,15-1299,computer systems engineers architects,15-1299,0.613851774020456,15-1211,0.2125334884134607,15-1254,0.13410754394983698
202479,1990,business analyst management consultant,"McKinsey & Company, Inc. United States",MARKETING,13-1111,management analysts,13-1111,0.9991337706340448,15-2051,0.0004520046185920169,13-1161,0.000225952408680494
202491,1600,senior associate,Brookfield Capital Partners LLC,ECONOMICS,13-2051,financial and investment analysts,13-2051,0.8715007564610627,13-2011,0.12537326820687827,15-2051,0.0012787233227137733
202540,1100,nan,Simpson Thacher & Bartlett LLP,LAW,23-1011,lawyers,23-1011,0.9999805929452392,23-1012,9.38312625962102e-06,13-2011,3.524279294058508e-06
202548,300,systems analyst,Globe Serve LLC,COMMERCE/COMP INFO SYS,15-1211,computer systems analysts,15-1211,0.9620165458314907,15-1252,0.027215166032537246,15-1299,0.004736613751518921
202592,300,salesforce developer,SYRAINFOTEK LLC,COMPUTER ENGINEERING,15-1252,software developers,15-1252,0.9980951141822374,15-1299,0.0014686783538982956,15-1211,0.0004035111654206721
202636,300,data analyst,BROADRANGE TECHNOLOGIES INC.,APPLIED ECONOMICS AND PREDICTIVE ANALYTICS,15-1252,software developers,15-1252,0.7756194417661276,15-2051,0.07663212717051857,15-1211,0.06628361349022455
202678,1990,associate management consultant,"McKinsey & Company, Inc. United States",BUSINESS ADMINISTRATION,13-1111,management analysts,13-1111,0.999947235916511,15-2051,2.842373631704589e-05,15-2031,1.346788642297341e-05
202713,010,junior designer,"Bechtel Frank Erickson Architects, Inc.",ARCHITECTURE,17-1011,architects except landscape and naval,17-1011,0.9951716462846999,17-3011,0.004402186287616464,27-1025,0.00035268442896039555
202722,390,site reliability engineer,"Cricut, Inc.",COMPUTER SCIENCE,15-1252,software developers,15-1252,0.7621899793180464,15-1299,0.21923775917466495,15-1253,0.015519535540583121
202723,390,senior analyst strategic insights innovation,"Media Storm, LLC",INTEGRATED MARKETING MARKETING ANALYTICS,15-2031,operations research analysts,15-2031,0.2135437567055214,15-1299,0.17445154931311174,15-2051,0.14445456794867906
202747,410,laboratory molecular technology,Health Lynks LLC,ORTHOPEDIC  SURGERY,19-1029,bioinformatics scientists,19-1029,0.4272531280979627,19-1021,0.11552014817545642,15-2041,0.09479806905778762
202837,300,machine learning engineer,Apple Inc.,INTELLIGENT INFORMATION SYSTEMS,15-1252,software developers,15-1252,0.9960196489859298,15-2051,0.002008062025812641,15-1299,0.0013915466909532586
202954,1630,regional mgr,"HSBC Bank USA, N.A.",BACHELOR OF BUSINESS ADMINISTRATION,13-1161,market research analysts and marketing specialists,13-1161,0.35439589425196993,13-1111,0.18783673395057526,13-2051,0.1531926742422104
202978,500,operations senior associate energy analyst,"Avant Energy, Inc.",BUS ANALYTICS,15-2051,business intelligence analysts,15-2051,0.3298984256533735,13-1161,0.27125442329360794,13-2051,0.1581841358110551
203037,200,data scientist,Alphonso Inc.,MASTER OF SCIENCE IN OPERATION RESEARCH,15-2031,operations research analysts,15-2031,0.5048199990927846,15-2051,0.2550765031804651,15-2041,0.2297161778235858
203049,300,net developer,M9 consulting Inc,ELECTRONICS ENGINEERING,15-1252,software developers,15-1252,0.9955490056465859,15-1299,0.0023804278233418566,15-1251,0.0010026653502920374
203072,1100,law clerk associate,Cleary Gottlieb Steen & Hamilton LLP,JURIS DOCTORATE,23-1011,lawyers,23-1011,0.9999796210386811,23-1012,5.655495344630799e-06,13-2051,1.2788635949700545e-06
203092,1600,senior analyst financial analysis and valuation,"Private National Mortgage Acceptance Company, LLC",FINANCIAL ENGINEERING,13-2051,financial and investment analysts,13-2051,0.7804442899160381,13-2099,0.12230703921459321,15-2051,0.05756103362413129
203127,050,civil engineer,American Water,CIVIL ENGINEERING,17-2051,civil engineers,17-2051,0.9999926297097057,11-9021,2.5131975348115114e-06,13-1051,1.627293547228202e-06
203133,030,lead sales operations analyst,"BMC Software, Inc.",ELECTRONICS ENGINEERING,17-2072,electronics engineers except computer,17-2072,0.33207756289411133,15-1252,0.21501553407546198,17-2071,0.21167036438388723
203347,1610,enviromental operations analyst,Orion Group Management Inc.,ENVIROMENTAL CHEMISTRY,13-1111,management analysts,13-1111,0.6283083447373773,15-2051,0.10629618172275333,13-2051,0.10184983192498885
203356,200,technology banking senior associate,"Progress Partners IB, Inc.",MASTER OF BUSINESS ADMINISTRATION MBA,15-2031,operations research analysts,15-2031,0.34940501113865874,15-2041,0.3054879126672067,15-2051,0.19515986442248898
203374,500,business analyst,Cboe Global Markets Inc,FINANCE,13-2051,financial and investment analysts,13-2051,0.7614754196306829,13-2099,0.12258062464675575,15-2051,0.055306494810976645
203390,300,nan,GLOBALVOX LLC,TELECOMMUNICATION ENGINEERING,15-1252,software developers,15-1252,0.5928735286975705,15-1299,0.30039810856241955,15-1211,0.0727524071523451
203417,300,autonomous vehicle soft engineer,Boson Motor Inc.,ELECTRONIC ENGINEERING,15-1252,software developers,15-1252,0.7018120553336837,15-1299,0.17068986412305076,15-1211,0.10701971792577533
203469,300,nan,Amazon.com Services LLC,COMP SCI,15-1252,software developers,15-1252,0.9988012189522304,15-1299,0.0010536189887573526,15-2051,7.016215746190271e-05
203499,300,nan,NVIDIA Corporation,COMPUTER ENGINEERING,15-1252,software developers,15-1252,0.996706494461583,15-1299,0.002626753727508532,15-1211,0.0003950582457447472
203518,300,business analyst,"Valiant IT Services, Inc",COMPUTER SCIENCE,15-1252,software developers,15-1252,0.9337085127370629,15-1211,0.04383663805794207,15-1299,0.015951115558859294
203549,300,systems engineer,ELOGICSQUARE INC,BACHELOR OF TECHNOLOGY COMPUTER SCIENCE AND ENGINEERING,15-1252,software developers,15-1252,0.7354666296271073,15-1299,0.25105891273776637,15-1211,0.010803053111026405
203574,1600,nan,Deluxe Corporation,DATA ANALYTICS,15-2051,business intelligence analysts,15-2051,0.5426877249779151,13-2051,0.2135152878435395,13-2011,0.06557163375453708
203596,300,technical writer technical i,Amazon.com Services LLC,INFORMATION MANAGEMENT,15-1252,software developers,15-1252,0.9816332059894782,15-2051,0.01004436053680563,15-1299,0.006572255039490305
203602,300,vice president software engineering,JPMorgan Chase & Co.,ELECTRICAL AND ELECTRONIC ENGINEERING,15-1252,software developers,15-1252,0.8449866110268537,15-1299,0.13405392560858007,15-1211,0.012048264420258177
203622,1990,sale engineer,Hydrion Scientific Instrument LLC,ELECTRICAL ENGINEERING,15-1252,software developers,15-1252,0.9197518298659029,15-2051,0.02205854467830001,15-1299,0.020589989706384145
203756,200,data scientist,"Uber Technologies, Inc.",MATHEMATICS,15-2041,statisticians,15-2041,0.9171829642273135,15-2031,0.055448882697347074,15-2051,0.025844783108989446
203782,1420,hi designer,Apple Inc.,BUSINESS,15-1252,software developers,15-1252,0.26559474089372836,13-1161,0.13350927298414883,17-2141,0.10140129612476971
203827,1410,designer,Bullish Inc.,COMMUNICATIONS DESIGN,27-1024,graphic designers,27-1024,0.9912708423471138,15-1211,0.003247611019850956,27-1014,0.0014316145792701166
203885,200,applied scientist,"Uber Technologies, Inc.",ECONOMICS,15-2041,statisticians,15-2041,0.9494252912662479,15-2051,0.029036711110746717,15-2031,0.02050981924571936
203892,030,senior rfic design engineer,"Qualcomm Technologies, Inc.",ELECTRICAL ENGINEERING,17-2072,electronics engineers except computer,17-2072,0.9963546787441483,15-1252,0.003332456422221247,17-2071,0.0003021528044036433
203911,1990,associate implementation,"McKinsey & Company, Inc. United States",BUSINESS ADMINISTRATION,13-1111,management analysts,13-1111,0.9991801479164893,15-2051,0.00044165003730520355,15-2031,0.00020926497750970702
203975,1610,risk data management analytics insight senior consultant,Deloitte & Touche LLP,FINANCIAL ENGINEERING,13-1111,management analysts,13-1111,0.4627048411301315,13-2051,0.3088045558279978,15-2031,0.18570076383421594
203979,1690,systems analyst ii,Amazon.com Services LLC,INFORMATION TECHNOLOGY,15-1299,computer systems engineers architects,15-1299,0.4215599545559159,15-1252,0.2523064784448628,15-2051,0.23473166317627936
204032,300,decision scientist,"Uber Technologies, Inc.",BUSINESS ANALYTICS,15-2051,business intelligence analysts,15-2051,0.5857705733051723,15-1252,0.3364987931437077,15-2041,0.05672828689181781
204118,300,nan,Cognizant Technology Solutions US Corp,COMPUTER ENGINEERING,15-1299,computer systems engineers architects,15-1299,0.45116194929475273,15-1252,0.35142626128993415,15-1211,0.19468783061031067
204214,300,atsv qca cons ii,National General Management Corp,COMPUTER ENGINEERING,15-1252,software developers,15-1252,0.6536216304460855,15-1299,0.24895089203769588,15-1211,0.06948728781266979
204289,010,architect non licensed,"SmithGroup, Inc., subsidiary of SmithGroup Co., Inc.",ARCHITECTURE,17-1011,architects except landscape and naval,17-1011,0.9993239562502712,17-3011,0.0006566470451917951,27-1025,6.10027280031888e-06
204297,200,data scientist,"Lyft, Inc.",CIVIL ENGINEERING STATISTICS INDUSTRIAL ENGINEERING,15-2041,statisticians,15-2041,0.6016457339639595,15-2031,0.33494858645582776,15-2051,0.059383691621145894
204333,970,afterschool enrichment math teacher,"The Russian School of Mathematics, Inc.",COMPUTER SCIENCE / TEACHER TRAINING,25-3021,self enrichment education teachers,25-3021,0.5896072271413765,15-1253,0.040693741758714784,15-1211,0.015092573382950175
204399,300,data scientist,"Robinhood Markets, Inc.",DATA SCIENCE AND BUSINESS ANALYTICS,15-1252,software developers,15-1252,0.8262660263437465,15-2051,0.10709782471990881,15-2041,0.04213604125269063
204426,220,associate clinical data team lead ii,"PPD Development, L.P.",COMPUTER SCIENCE,15-1252,software developers,15-1252,0.40779218218686464,15-2041,0.23339887157732742,15-2051,0.10710063572649026
204532,390,senior regulatory compliance analyst,"JDX Consulting, Inc.",FINANCIAL MANAGEMENT,15-1252,software developers,15-1252,0.7021452991403028,15-1299,0.17670998915533914,15-2051,0.04300780221241021
204679,1600,nan,Whitehall Dental Group LLC,ACCOUNTAS AND AUDITOR,13-2011,accountants and auditors,13-2011,0.586034072495506,13-2051,0.32001953856583837,15-2051,0.0237938557973029
204760,050,project engineer junior estimator,"Transdev North America, Inc.",CIVIL ENGINEERING,17-2051,civil engineers,17-2051,0.9980673027595807,15-1252,0.0005438556411297467,11-9021,0.0005177402395486325
204906,300,it engineer,"SRS Consulting, Inc.",COMPUTER SCIENCE,15-1252,software developers,15-1252,0.9764356625550615,15-1299,0.021595543549481705,15-1211,0.0013953427434053645
204914,300,data scientist,"Revelio Labs, Inc.",DATA SCIENCE,15-2051,business intelligence analysts,15-2051,0.6887268290584696,15-1252,0.24727030559690466,15-2041,0.030742882998909028
204923,070,nan,"Moh's Performance Motorsport, LLC",MANUFACTURING ENGINEERING,17-2141,mechanical engineers,17-2141,0.921655907957693,17-2199,0.030931646756614854,17-2112,0.030375629550947157
204950,1990,nan,"McKinsey & Company, Inc. United States",BUSINESS ADMINISTRATION,13-1111,management analysts,13-1111,0.9507067681514358,15-1252,0.02787186612677931,15-2051,0.01381813581437102
204967,300,developer user interface,Tata Consultancy Services Limited,COMPUTER SCIENCE AND ENGINEERING,15-1299,computer systems engineers architects,15-1299,0.8286716030065815,15-1211,0.07618039702971456,15-1254,0.043293475966155175
204993,1890,vp r d strategy planning,"E.R. Squibb & Sons, LLC",MEDICINE,13-1111,management analysts,13-1111,0.4428250977338055,15-1299,0.18931891454376262,15-2041,0.13588396020909577
204998,500,analyst,"BLACKROCK FINANCIAL MANAGEMENT, INC.",MATH AND COMPUTER SCIENCE,13-2051,financial and investment analysts,13-2051,0.6990216860135631,13-2099,0.2668299590119432,15-1252,0.021433252876815016
205067,1600,associate,PricewaterhouseCoopers LLP,ENVIRONMENTAL ECONOMICS AND POLICY,13-2011,accountants and auditors,13-2011,0.78058411275341,13-2051,0.2082872000592633,13-2099,0.004953875774127311
205231,1100,associate attorney,Ahdoot & Wolfson PC,LAW,23-1011,lawyers,23-1011,0.99998708947315,23-1012,1.1220585028282418e-05,23-2011,5.599875120830838e-07
205348,490,psm consultant relief systems,"Trinity Consultants, Inc.",CHEMICAL ENGINEER,19-1029,bioinformatics scientists,19-1029,0.20955113062575179,15-2041,0.0885526444923833,17-2199,0.08372692684949809
205394,300,technology lead us,Infosys Limited,COMPUTER APPLICATIONS,15-1299,computer systems engineers architects,15-1299,0.9999328205619504,15-1211,5.868971022604566e-05,15-1251,4.503892950212502e-06
205400,030,embedded controls engineer,LHP Engineering Solutions LLC,DATA SCIENCE,17-2071,electrical engineers,17-2071,0.8979627729993518,15-1252,0.07469628608586536,15-2051,0.009945002038792764
205429,410,scientist 1,"Beyond Meat, Inc.",BIOLOGICAL SCIENCES,19-1029,bioinformatics scientists,19-1029,0.8741938383280399,19-1021,0.09765107995980556,19-2031,0.007482318961841491
205512,390,lead vfx artist,"Electronic Arts, Inc.",GRAPHIC ARTS AND COMPUTER ANIMATION,15-1252,software developers,15-1252,0.6936852392673527,15-1299,0.1514783034131607,15-2051,0.08780210362999456
205528,300,oracle developer,Ursi Technologies Inc,COMPUTER SCIENCE OR EQUIVALENT,15-1252,software developers,15-1252,0.9997708391119391,15-1253,6.564730987642078e-05,15-1211,4.195337630888099e-05
205534,1640,nan,Nathan Horowicz Inc.,MARKETING,13-1161,market research analysts and marketing specialists,13-1161,0.9480415679371205,11-2021,0.01788365325657273,15-1299,0.010836566156606045
205632,300,system test engineer hil and dyno,METHODICA TECHNOLOGIES LLC,MASTER OF SCIENCE IN MECHANICAL ENGINEERING,15-1299,computer systems engineers architects,15-1299,0.2654902383936928,15-1252,0.2647131043249199,17-2199,0.14426807782241324
205725,1990,machine learning engineer,PB Tech & Advisory LLC,INDUSTRIAL ENGINEERING OPERATIONS RESEARCH,15-2051,business intelligence analysts,15-2051,0.45819943264786644,15-1252,0.41204959082615245,15-2041,0.05528870357102913
205741,1100,associate attorney,Mayer Brown LLP,LAWS LL M,23-1011,lawyers,23-1011,0.999969389377125,23-1012,4.595459718911268e-06,13-2011,1.7743542865372716e-06
205746,1600,associate cross asset latin american structuring,JPMorgan Chase & Co.,FINANCE,13-2051,financial and investment analysts,13-2051,0.931627567751487,13-2011,0.05580016745859682,13-2099,0.009750491043884969
205757,1690,nan,Microsoft Corporation,MASTER IN BUS ADMIN & BACHELOR IN ELEC ENGRG,15-1252,software developers,15-1252,0.5241646052083971,15-1299,0.3128279858223712,15-2051,0.09926419748675644
205832,390,applied scientist i,Amazon.com Services LLC,COMPUTATIONAL SCIENCE,15-1252,software developers,15-1252,0.7740622344965631,15-1221,0.19110012627736322,15-2051,0.0310378693966791
205982,720,nan,Norwalk Orthodontics LLC,DENTISTRY,29-1021,dentists general,29-1021,0.983328162310556,15-1252,0.005033195862028296,15-1299,0.0023048115143053205
206006,200,finance business analyst,Curriculum Associates LLC,FINANCIAL MATHEMATICS,15-2041,statisticians,15-2041,0.3806416838219277,15-2031,0.3446623170884066,13-2099,0.11973871588376386
206062,1990,business analyst management consultant,"McKinsey & Company, Inc. United States",BUSINESS ADMINISTRATION MANAGEMENT CONSULTING AND ECONOMICS,13-1111,management analysts,13-1111,0.9984884435333734,15-2051,0.0007349850346688999,15-2031,0.0002849684335295308
206163,300,product manager,"Guidewire Software, Inc.",SOFTWARE ENGINEERING,15-1252,software developers,15-1252,0.9360370660189247,15-1299,0.06298666685631225,15-1211,0.0004430566993422879
206176,1690,hw commodity specialsit iii,Amazon.com Services LLC,INTERNATIONAL BUSINESS,15-2051,business intelligence analysts,15-2051,0.40349660244183333,13-1161,0.1944728584793369,15-2031,0.19304798252002497
206365,1630,digital marketing executive,"SUPRA INTERNATIONAL, INC.",MBA WITH CONCENTRATION IN MARKETING MGT BACHELOR OF SCI COMP SCI,13-1161,market research analysts and marketing specialists,13-1161,0.37390467625421697,11-2021,0.09194825766673952,13-1081,0.08479082448407645
206398,200,associate applied ai ml,JPMorgan Chase & Co.,APPLIED MATHEMATICS,15-2051,business intelligence analysts,15-2051,0.6741030944549489,15-2041,0.23972517984129452,15-2031,0.04711850033818355
206450,390,senior web experience design lead,BYND LLC,INTERACTIVE TELECOMMUNICATIONS,15-1252,software developers,15-1252,0.8738983851608417,15-1299,0.07331178430528977,15-2051,0.013877635290192829
206581,190,global logistician,"FNS, INC.",LOGISTICS,13-1081,logisticians,13-1081,0.901816320109001,17-2199,0.02520682412132513,17-2131,0.00920047671217456
206649,030,p and c engineering associate,"Mesa Associates, Inc.",ELECTRICAL ENGINEERING,17-2071,electrical engineers,17-2071,0.8282143218724112,17-2072,0.152755662208934,15-1252,0.014057335919223927
206698,300,design development quality engineer,Intellectt Inc,INDUSTRIAL MANAGEMENT,15-1252,software developers,15-1252,0.6555437443340666,15-1299,0.13560282929587794,17-2141,0.08389554661604647
206706,030,sales engineering manager,Gerling Applied Engineering,BUSINESS ADMINISTRATION,15-1252,software developers,15-1252,0.3962928134174931,15-1299,0.2153929678391308,17-2071,0.08079121599709922
206709,1860,analyst,Goldman Sachs & Co LLC,SYSTEMS ENGINEERING,13-2051,financial and investment analysts,13-2051,0.6444243759736303,13-2099,0.3196509512064288,13-2054,0.012644995168279289
206749,500,investment banking associate,Citigroup Global Markets Inc.,MASTER OF BUSINESS ADMINISTRATION BACHELOR OF BUSINESS ADMINISTRATION DEGREE WITH A CONCENTRATION IN FINANCE,13-2051,financial and investment analysts,13-2051,0.9918046199209593,13-2099,0.007088476119870129,13-1161,0.0004554760415205205
206794,300,senior data scientist,IBM Corporation,SCIENTIST,15-1299,computer systems engineers architects,15-1299,0.40566303448004937,15-1252,0.21870987481684412,15-2051,0.14954497752565413
206921,300,nan,Infosys Limited,IND AND PRODUCTION ENGINEERING,15-1299,computer systems engineers architects,15-1299,0.9429568886257513,15-1211,0.04159196187233202,15-1252,0.008268937848622135
206949,230,laser design engineer,"Atonarp US, Inc.",ELECTRO OPTICS,17-2199,validation engineers,17-2199,0.7391577446559523,17-2071,0.06458724738792661,17-2131,0.027700549848681925
207067,070,cnc programmer,Arbor Gage & Tooling,MECHANICAL ENGINEERING,17-2141,mechanical engineers,17-2141,0.9710324586495449,17-2199,0.019682606972934794,17-2112,0.007931045769211453
207072,200,data scientist analytics,"Expedia, Inc.",DATA SCIENCE,15-2051,business intelligence analysts,15-2051,0.6800865350925251,15-2041,0.3007835049240806,15-2031,0.009467010752492639
207156,300,salesforce developer,"Forrester Research, Inc.",MATHEMATICS,15-1252,software developers,15-1252,0.9968666601404889,15-1299,0.0022220818162704136,15-1211,0.00037076881123284706
207168,300,qa etl engineer,Mastro Services Inc,ELECTRONICS TELECOMMUNICATION ENGINEERING,15-1252,software developers,15-1252,0.7875695472932855,15-1299,0.11848224933692361,15-1211,0.05648742560957306
207256,030,embedded system engineer,"Easy Aerial, Inc.",MECHATRONICS AND ROBOTICS,17-2071,electrical engineers,17-2071,0.43967482515152045,17-2072,0.24077252875457839,17-2199,0.1439429852019153
207296,300,developer,Tata Consultancy Services Limited,COMPUTER SCIENCE,15-1252,software developers,15-1252,0.8656863458470103,15-1251,0.07017100676118411,15-1299,0.05639749345130343
207303,1990,asst dir sr devops engineer,"MOODY'S ANALYTICS, INC.",COMPUTER SCIENCE AND ENGINEERING,15-1252,software developers,15-1252,0.9226536078184686,15-2051,0.038961700860483256,15-1299,0.019168176196179682
207353,1610,consultant,L.E.K. Consulting LLC,BUSINESS ADMINISTRATION,13-1111,management analysts,13-1111,0.9987580278057667,15-2031,0.0011015909701595646,15-2051,6.420612116402829e-05
207362,1640,global strategy and operations associate,"Carrot Fertility, Inc.",MEDIA MANAGEMENT,13-1161,market research analysts and marketing specialists,13-1161,0.9374527272839671,15-2051,0.016901098547038255,11-2021,0.013451398290511144
207385,120,quality analyst,I3INFOTEK INC.,INDUSTRIAL ENGINEERING,17-2112,industrial engineers,17-2112,0.9308144545160678,17-2199,0.05638785453776959,17-2141,0.007350269009698462
207400,1990,product mgr,Hoist Inc.,COGNITIVE SCIENCE,13-1111,management analysts,13-1111,0.26800166832105016,15-2051,0.225171818265652,15-1252,0.2193668914710699
207480,300,lead engineer,Include AI Inc.,COMPUTER SCIENCE,15-1252,software developers,15-1252,0.8156758696751399,15-1251,0.1367745927902031,15-1299,0.044574483000989394
207550,300,nan,Apple Inc.,COMP ENGRG,15-1252,software developers,15-1252,0.9936653480300521,15-1299,0.0055072017892864355,15-1253,0.0005101729136823979
207684,300,software developer data,ACloudX Consulting LLC,COMP SCI,15-1252,software developers,15-1252,0.9483043415951208,15-1299,0.024622302443390663,15-1211,0.012844305154178084
207692,290,investigator,"AI Proteins, Inc.",MOLECULAR BIOLOGY,19-1029,bioinformatics scientists,19-1029,0.32265096021924483,15-2031,0.20247415408875702,15-2041,0.16996899758409564
207696,120,direcor of new product development,"Therabody, Inc.",INDUSTRIAL ENGINEERING AND INDUSTRIAL TECHNOLOGY AND OPERATIONS,17-2112,industrial engineers,17-2112,0.8172257462380268,17-2199,0.056185832055720884,17-2131,0.04669256494012656
207926,300,systems engineer,Codemoxie Solutions LLC,TECHNOLOGY,15-1252,software developers,15-1252,0.9189729765491814,15-1299,0.07673405273071618,15-1211,0.003552003760515983
208189,200,senior analyst data engineering,"FCB Worldwide, Inc.",MANAGEMENT INFORMATION SYSTEMS,15-2031,operations research analysts,15-2031,0.6251710976979316,15-2041,0.18087472042415165,15-2051,0.16721868597456088
208209,390,data scientist,Source Consulting LLC,INFORMATICS,15-1252,software developers,15-1252,0.6789588585614194,15-2051,0.27681768095347353,15-1299,0.02128290153499338
208226,050,engineer water resources,Department of Water Resources,CIVIL AND ENVIRONMENTAL ENGINEERING,17-2051,civil engineers,17-2051,0.9969709539552597,17-2141,0.0005100060914492281,11-9021,0.000469794596681351
208302,300,nan,IBM Corporation,COMPUTING SCIENCE,15-1252,software developers,15-1252,0.6876438749574897,15-1211,0.23415304524429,15-1299,0.05480924587249982
208342,200,data scientist,"Unilever United States, Inc.",DATA SCIENCE,15-2041,statisticians,15-2041,0.5039554885533318,15-2051,0.4401211334910709,15-2031,0.05485717149883526
208392,030,robotics engineer iii,"Vicarious FPC, Inc.",MECHANICAL ENGINEERING,17-2199,validation engineers,17-2199,0.8510034193604061,17-2141,0.060796358558710205,15-1252,0.026420134886945255
208399,300,program management associate,"Salesforce.com, Inc.",INFORMATION MANAGEMENT,15-1252,software developers,15-1252,0.8236601532483291,15-1299,0.15635263520898954,15-1211,0.007475384977229973
208489,300,nan,"ALERTENTERPRISE, INC.",INFORMATION SYSTEMS,15-1252,software developers,15-1252,0.851224463283169,15-1299,0.12349749553761852,15-1211,0.01947466865563766
208526,030,senior analog mixed signal design engineer,"Qualcomm Technologies, Inc.",ELECTRICAL ENGINEERING,17-2072,electronics engineers except computer,17-2072,0.9891431893576613,15-1252,0.009925009569963934,17-2071,0.0008998975816460055
208709,410,scientist lab services,"Vizgen, Inc.",PHYSIOLOGY & BIOPHYSICS,19-1029,bioinformatics scientists,19-1029,0.5820127062156629,19-1021,0.1638397001932131,15-2041,0.051923892556003534
208767,510,head of policy,Center for Countering Digital Hate,POLITICAL SCIENCE,13-1161,market research analysts and marketing specialists,13-1161,0.16927427602583073,13-1111,0.11224749963535652,15-2051,0.09656264318675778
208841,390,crm campaign specialist,"LEGO Brand Retail, Inc.",COMPUTER ENGINEERING,15-1252,software developers,15-1252,0.8546338883081701,15-1299,0.10890983706758052,15-1211,0.018699916050501395
208876,030,senior engineer,"Arm, Inc.",MATHEMATICS,15-1252,software developers,15-1252,0.549441020667243,17-2072,0.436345531040057,15-1299,0.008537778750342765
208879,1610,senior associate,PricewaterhouseCoopers Advisory Services LLC,BUSINESS ADMINISTRATION AND MANAGEMENT DIGITAL TECHNOLOGY,15-2031,operations research analysts,15-2031,0.5104758847265742,13-1111,0.38082784837180206,15-2051,0.05531825720944318
208900,300,architect,Tata Consultancy Services Limited,DATA SCIENCE,15-1299,computer systems engineers architects,15-1299,0.9978550010272986,15-1252,0.0017409242202052904,15-1211,0.0003659913190750299
208920,300,nan,Apple Inc.,COMPUTER ENGINEERING,15-1252,software developers,15-1252,0.9920317637027403,15-1299,0.007057930994570498,15-1253,0.00048364813321147174
208944,1840,pathways operations manager,Amazon.com Services LLC,BUSINESS ADMINISTRATION,11-3071,transportation storage and distribution managers,11-3071,0.8660137558054667,15-1252,0.03766020688181847,15-2031,0.03718512594096747
209034,200,nan,Amazon.com Services LLC,INFO AND OPERATIONS AND MARKETING,15-1252,software developers,15-1252,0.5920153995293679,15-2031,0.1979864345120783,15-2051,0.13848500655502427
209058,300,nan,Apple Inc.,ELECTRICAL AND COMPUTER ENGRG,15-1252,software developers,15-1252,0.9973948116851615,15-1299,0.0013036397053141906,17-2072,0.0007144375490915727
209113,1600,business analyst,"Amtrust North America, Inc.",INTERNATIONAL RELATIONS DATA ANALYTICS,13-2051,financial and investment analysts,13-2051,0.3268164540106106,15-2051,0.23603148266344834,13-2011,0.22830212773562816
209138,330,data analyst,"Chartboost, Inc.",BUSINESS ANALYTICS,15-2051,business intelligence analysts,15-2051,0.9066026148281296,15-1299,0.0687965175002024,15-1252,0.010237152152882739
209232,120,team leader production,Lamb Weston Inc.,ENGINEERING TECHNOLOGY MANAGEMENT,17-2112,industrial engineers,17-2112,0.7990718104759397,17-2199,0.05680407453073398,17-2131,0.04934733185664858
209357,300,business analyst i,Amazon.com Services LLC,INDUSTRIAL ENGINEERING,15-2051,business intelligence analysts,15-2051,0.7513262465612908,15-1252,0.20638100633353254,15-2031,0.031462536653420144
209416,1600,senior accountant,Joe Desmond CPA PLC,ACCOUNTING,13-2011,accountants and auditors,13-2011,0.9994962641547903,13-2051,0.0004883952158849255,13-2099,4.587639309200421e-06
209457,120,quality and technical engineer,Kyodo Shipping & Trading Corporation USA,MECHANICAL ENGINEERING,17-2112,industrial engineers,17-2112,0.7615093840667653,17-2141,0.12994742582062294,17-2199,0.07736777227117281
209463,300,nan,Cloudinfo Inc,MECHANICAL ENGINEERING INFORMATION SYSTEM SECURITY,15-1252,software developers,15-1252,0.9181396769367355,15-1299,0.05802538718392127,15-1211,0.012943257416293276
209503,310,data analyst,EveryMundo,APPLIED DATA SCIENCE,15-2051,business intelligence analysts,15-2051,0.9220935629950949,15-1252,0.04948279203095559,15-2041,0.01148864990270939
209532,1870,nan,Goma Inc.,MARKETING,13-1161,market research analysts and marketing specialists,13-1161,0.5853390222086436,13-1111,0.17316851108437092,15-1299,0.09353495861011743
209544,1610,analyst,Morgan Stanley Investment Management Inc.,BUSINESS ADMINISTRATION,13-2051,financial and investment analysts,13-2051,0.8426853284487581,13-1111,0.13175066421086676,15-2051,0.011552459622853952
209598,300,nan,"ITC Infotech USA, Inc.",ENGRG,15-1252,software developers,15-1252,0.5944042430614251,15-1299,0.40071876119214855,15-1211,0.0027602741126368175
209665,1100,associate attorney,Chapman and Associates P.C.,LAW,23-1011,lawyers,23-1011,0.99998708947315,23-1012,1.1220585028282418e-05,23-2011,5.599875120830838e-07
209681,300,consultant,"Outbox Systems, Inc dba Simplus",INFORMATION TECHNOLOGY,15-1211,computer systems analysts,15-1211,0.4733587402981779,15-1252,0.3305409880065562,15-1299,0.1885659703824331
209704,,mushroom cultivation technologist,"Green Box Mushrooms, Inc",,15-1252,software developers,15-1252,0.8695317164358918,15-1299,0.07846736575981222,15-1211,0.02116426252094462
209845,1660,senior people business partner,iManage LLC,US EQUIVALENT OF BACHELOR OF ARTS IN HUMAN RESOURCE MANAGEMENT,15-1252,software developers,15-1252,0.553446052993244,13-1071,0.1355577630079305,15-2031,0.06009596151870042
209854,390,business analyst i,Amazon.com Services LLC,INDUSTRIAL ENGINEERING,15-2051,business intelligence analysts,15-2051,0.9261508440060094,15-1252,0.04716758503223136,15-2031,0.022500578836951484
209868,080,senior continuous improvement specialist,"Cargill, Incorporated",CHEMICAL ENGINEERING,17-2041,chemical engineers,17-2041,0.7802942444979949,17-2131,0.08693099243463627,17-2112,0.036197467275500224
209883,1990,associate management consultant,"McKinsey & Company, Inc. United States",MATERIAL SCIENCE AND ENGINEERING,13-1111,management analysts,13-1111,0.9996647242758367,15-2051,0.00012602749543580264,15-2031,0.00010725513377141333
209890,190,sr manager resource management,"Regeneron Pharmaceuticals, Inc.",BIOCHEMISTRY,19-1029,bioinformatics scientists,19-1029,0.404848734098095,17-2199,0.1847645009944532,15-1252,0.07657388652713781
209919,1890,senior technical program manager,Intuit Inc.,SYSTEMS ENGINEERING AND MANAGEMENT,15-1252,software developers,15-1252,0.2453981505130466,11-3021,0.1833226244030136,13-1111,0.1652966336892383
210018,030,engineer ii,Seagate US LLC,ELEC ENGRG,17-2071,electrical engineers,17-2071,0.9771200232834901,15-1252,0.011297505498585695,17-2072,0.011027417303361271
210025,190,director of strategic alliances revenue operations,Keyavi Data Corp.,TECHNICAL WRITING AND PSYCHOLOGY,17-2199,validation engineers,17-2199,0.20992167012092172,15-1299,0.10280798246697591,15-1252,0.09942836952579256
210113,300,engineer,Apple Inc.,ELECTRICAL AND COMPUTER ENGINEERING,15-1252,software developers,15-1252,0.9882894086849868,17-2072,0.006739263574252003,15-1299,0.0020268825533625513
210226,080,scientist,Nektar Therapeutics,CHEMICAL ENGINEERING,17-2041,chemical engineers,17-2041,0.5377234895280248,19-2031,0.4017682376662809,19-1021,0.020255359420716806
210237,220,r d scientist,"Entegris, Inc.",BACHELOR OF SCI IN CHEMICAL ENGRG,19-2031,chemists,19-2031,0.9772457968369634,19-1021,0.005516705900139093,19-2032,0.004616555715443003
210267,1600,senior analyst catastrophe modeling,"Ryan Specialty Group Services, LLC",QUANTITATIVE FINANCE RISK MANAGEMENT,13-2011,accountants and auditors,13-2011,0.5961450843079362,13-2051,0.3200200505057078,13-2099,0.027447603462205466
210307,1610,associate data analytics,JPMorgan Chase & Co.,DATA SCIENCE,15-2051,business intelligence analysts,15-2051,0.9327817147790367,15-2031,0.045400769784285484,15-2041,0.0089343059382953
210397,300,data analyst,"Ikigai Labs, Inc.",DATA SCIENCE,15-1252,software developers,15-1252,0.6409108562536778,15-2051,0.3139576918121372,15-1211,0.012569416472667143
210401,300,senior manager,PricewaterhouseCoopers Advisory Services LLC,MECHANICAL ENGINEERING,15-1252,software developers,15-1252,0.6906863184401507,15-1299,0.2450957306908164,15-1211,0.02865933425237462
210436,300,infrastructure tech lead analyst,"Citibank, N.A.",TECHNOLOGY MANAGEMENT,15-1252,software developers,15-1252,0.7619719536863293,15-1299,0.18718904158819297,15-1211,0.02604577171906021
210447,120,nan,Jabil Inc.,INDUSTRIAL AND HUMAN FACTORS ENGINEERING,17-2112,industrial engineers,17-2112,0.9585568885229561,17-2199,0.025553764135042623,17-2141,0.00819570207546813
210477,1190,law clerk,"Barakat Bossa, PLLC.",JURIS DOCTOR IN LAW,23-1011,lawyers,23-1011,0.7602261428163192,23-1012,0.20337110988651283,23-2011,0.035011178155129885
210555,300,nan,"RIVIAN AUTOMOTIVE, LLC",COMPUTER SCIENCE AND ENGINEERING,15-1252,software developers,15-1252,0.991314629124146,15-1299,0.006235552637121417,15-1211,0.0017294521098559672
210558,300,full stack developer,Alamedatech Solutions LLC,COMPUTER SCIENCE,15-1252,software developers,15-1252,0.9991320016380767,15-1299,0.0007556857867089992,15-1211,7.956955419472404e-05
210590,190,senior systems engineer,"Medtronic, Inc.",BIOMEDICAL ENGINEERING,17-2199,validation engineers,17-2199,0.5804580398450907,15-1252,0.19644793221141402,17-2031,0.11182562251513467
210593,1990,associate management consultant,"McKinsey & Company, Inc. United States",ELECTRICAL & COMPUTER ENGINEERING,13-1111,management analysts,13-1111,0.9986076401529693,15-2051,0.0007553653745421731,15-1252,0.0004925911733339414
210629,300,staff auditor,Emerson Electric Co.,BUSINESS ADMINISTRATION AND MANAGEMENT,15-1211,computer systems analysts,15-1211,0.2584771861091562,15-2051,0.18502770787313394,15-1252,0.17388341687071104
210649,1410,character artist ii league personalization,"Riot Games, Inc.",GAME DESIGN,27-1024,graphic designers,27-1024,0.6694285896070893,27-1014,0.2605534369020577,15-1252,0.04946642372912046
210679,300,nan,ICONMA LLC,ANALYTICS,15-1252,software developers,15-1252,0.6014453455733184,15-1299,0.2234005700728539,15-2051,0.15297515199536393
210695,500,finance and operations analyst,Fireblocks Inc.,FINANCE,13-2051,financial and investment analysts,13-2051,0.8805908441229275,13-2099,0.04932899394210425,13-1161,0.024643316389183247
210773,300,dc analyst,Deloitte Consulting LLP,SUPPLY CHAIN MANAGEMENT,15-1252,software developers,15-1252,0.46120881088151544,15-2031,0.30581137656109814,15-1211,0.16231691550292718
210785,300,data analyst,Datalore Technologies Inc,BACHELOR OF COMPUTER SCIENCE AND ENGINEERING,15-1252,software developers,15-1252,0.9582471653868664,15-2051,0.01886547224475916,15-1299,0.010181115837179535
210828,070,acs design engineer,"Marmon Utility, LLC",MECHANICAL ENGRG DESIGN & MANUFACTURING,17-2141,mechanical engineers,17-2141,0.8304053063866661,15-1252,0.0603446527688457,17-2199,0.041351839554748554
210836,120,monorail block supervisor,"Showa Best Glove, Inc.",MECHANICAL ENGINEERING,17-2112,industrial engineers,17-2112,0.7615093840667653,17-2141,0.12994742582062294,17-2199,0.07736777227117281
210903,300,solution delivery specialist,"McKinsey & Company, Inc. United States",BUSINESS ADMINISTRATION,13-1111,management analysts,13-1111,0.9068744191297906,15-1252,0.04062021442347143,15-2051,0.02707142037818924
210916,1990,senior associate data science,"Capital One Services, LLC",BUS INTELLIGENCE & DATA ANALYTICS,15-2051,business intelligence analysts,15-2051,0.5685513691200604,15-2041,0.34416508866340995,15-2031,0.07906479655928525
210947,1610,consultant,Deloitte Consulting LLP,ECONOMICS,13-1111,management analysts,13-1111,0.904920779954238,15-2031,0.08729633019996794,15-2051,0.0035618585519548033
210956,1600,audit senior associate,Grant Thornton LLP,ACCOUNTING,13-2011,accountants and auditors,13-2011,0.9998401821922877,13-2051,0.00015577391418924845,13-2054,2.0660277673976026e-06
211002,1600,associate investment banking,JPMorgan Chase & Co.,BUSINESS ADMINISTRATION,13-2051,financial and investment analysts,13-2051,0.9913109803836545,13-2011,0.007561475550026625,15-2051,0.0006497490138893567
211049,1600,senior accountant,"Barder, Ltd",BUSINESS ANALYTICS,13-2011,accountants and auditors,13-2011,0.9654074238369652,13-2051,0.016196337949226768,15-2051,0.012710434235908777
211336,070,mechatronics engineer,Rohinni Inc.,MECHANICAL ENGINEERING,17-2141,mechanical engineers,17-2141,0.9348891625317064,17-2199,0.06412793922133153,17-2112,0.0005937334377128224
211382,300,nan,Core Laboratories LP,ENGINEERING,15-1252,software developers,15-1252,0.870653905623291,15-1299,0.069944800099898,15-1211,0.04655072181308554
211439,1990,nan,"McKinsey & Company, Inc. United States",BUSINESS ADMINISTRATION,13-1111,management analysts,13-1111,0.9507067681514358,15-1252,0.02787186612677931,15-2051,0.01381813581437102
211450,070,nan,"Robert Ettinger, P.E., P.C.",ENERGY MANAGEMENT,17-2141,mechanical engineers,17-2141,0.8400478542123638,17-2199,0.08222900887124114,15-1252,0.050766614375645426
211466,1410,ux ui designer,"Inverse Paradox, LLC.",INTERIOR DESIGN,27-1024,graphic designers,27-1024,0.9127686896553944,27-1025,0.0634900565449387,27-1014,0.00745312665802621
211529,1890,product manager,"Integral Ad Science, Inc.",QUANTITATIVE MANAGEMENT,15-2051,business intelligence analysts,15-2051,0.5240089115235465,15-1299,0.3965238283433903,15-2031,0.03930608303659348
211534,300,nan,IBM Corporation,BACHELOR OF SCI IN INFORMATION TECHNOLOGY,15-1252,software developers,15-1252,0.4014480260423053,15-1211,0.2784873426893982,15-1299,0.25024261674788
211546,500,associate advisory,PWP Employer LP,FINANCIAL MATHEMATICS,13-2051,financial and investment analysts,13-2051,0.9798897222708584,13-2099,0.014526816254299347,15-2041,0.0013224658129521864
211662,200,research associate ii,"Evidera, Inc",PUBLIC HEALTH SYSTEMS AND POLICY,15-2031,operations research analysts,15-2031,0.8836581880166381,15-2041,0.08584335807789763,15-2051,0.013710180852805325
211716,300,nan,Apple Inc.,COMP SCI,15-1252,software developers,15-1252,0.9972423732218292,15-1299,0.0023889966944724756,15-1253,0.00024163162568902584
211764,390,technical program manager,"Expedia, Inc.",SOFTWARE ENGINEERING,15-1252,software developers,15-1252,0.9455719052506537,15-1299,0.05346160151214504,15-2051,0.0007851389810793262
211837,300,developer,"California Creative Solutions, Inc.",INFORMATION TECHNOLOGY,15-1252,software developers,15-1252,0.997732135771245,15-1251,0.0015069913852941636,15-1299,0.0005032776459756743
211839,300,nan,Popular Tech,COMPUTER INFORMATION SYSTEMS,15-1252,software developers,15-1252,0.977260991571856,15-1299,0.01850598591081168,15-1211,0.00326019468517387
211846,300,business systems analyst 2,"Capgemini America, Inc.",ELECTRONICS ENGINEERING,15-1211,computer systems analysts,15-1211,0.9509793400717418,15-1252,0.04419148386967608,15-1299,0.0020058927381203496
211882,150,nan,Neo Infotech Inc,COMPUTER SCIENCE & ENGINEERING,15-1252,software developers,15-1252,0.9948258455234608,15-1211,0.005081851335860055,15-1299,4.310143079883604e-05
211885,190,staff research engineer,"Jingce Electronic USA Co., Ltd.",BIOENGINEERING,17-2199,validation engineers,17-2199,0.41560089754784535,17-2031,0.2790432690821485,17-2141,0.08907932749142382
211993,070,material flow engineer,Deere and Company,MECHANICAL ENGINEERING,17-2141,mechanical engineers,17-2141,0.9799788378161339,15-1252,0.012400996789312833,17-2112,0.0037342150978843173
212005,290,global transaction banking product specialist,"Santander Bank, N.A.",MBA WITH COGNATE STUDIES IN FINANCE,15-2041,statisticians,15-2041,0.4332099563737659,15-2051,0.3974968295118845,13-2051,0.07158482981835693
212079,1990,senior data analyst,"Capital One Services, LLC",BUSINESS ANALYTICS,15-2051,business intelligence analysts,15-2051,0.6493402620789243,15-2031,0.33386204034040196,15-2041,0.01664645196046424
212090,1600,executive director,Morgan Stanley Smith Barney LLC,FINANCE,13-2051,financial and investment analysts,13-2051,0.9790947730927836,13-2011,0.017237348215780993,13-2099,0.0023563403201205353
212100,1990,business analyst management consultant,"McKinsey & Company, Inc. United States",MATHEMATICS AND ECONOMICS,13-1111,management analysts,13-1111,0.9985839731899222,15-2031,0.0005553380767397283,15-2051,0.0004350241924444377
212116,300,strategic sourcing manager,Apple Inc.,ENGINEERING MANAGEMENT,15-1252,software developers,15-1252,0.8975145315216428,15-1299,0.04685885033140612,15-2051,0.020389605590802055
212119,200,digital product business analyst,"Lucid USA, Inc.",INFORMATION SCIENCE,15-1252,software developers,15-1252,0.36552464052249634,15-2031,0.342816100967785,15-2051,0.18140175889539606
212139,1860,vice president,Goldman Sachs Bank USA,FINANCE,13-2051,financial and investment analysts,13-2051,0.9140085755298496,13-2099,0.07354171989280486,13-2054,0.006665932842736798
212154,300,nan,"Oracle America, Inc.",MGT INFO SYSS/ENGRG MGT EQUIVALENT,15-1252,software developers,15-1252,0.9960699699305763,15-1211,0.0019687558153912584,15-1299,0.0016873328126146014
212313,1600,associate,"Morgan Stanley & Co, LLC",BUS ADMIN,13-2051,financial and investment analysts,13-2051,0.9947045649333599,13-2011,0.004235715552927324,13-2099,0.0007360388558189541
212315,300,ad ops analyst,"InMarket Media, LLC",INFORMATION SYSTEMS,15-1252,software developers,15-1252,0.8707433117653324,15-1299,0.06188955886460365,15-1211,0.03396100130294512
212393,300,data engineer,"Align Technology, Inc.",INFORMATION SYSTEMS,15-1252,software developers,15-1252,0.9153382268321221,15-2051,0.04765344464586807,15-1299,0.03443440206703389
212395,030,automation engr,Weiler Labeling Systems LLC,ELECTRICAL AND COMP ENGRG,17-2071,electrical engineers,17-2071,0.4696670980899314,17-2072,0.38579512088610196,15-1252,0.12433986745765976
212408,300,nan,"Uber Technologies, Inc.",COMPUTER ENGINEERING AND MATHEMATICS/APPLIED SCIENCE,15-1252,software developers,15-1252,0.9953067242655708,15-2051,0.0016000790629841955,15-1299,0.0010721975647593608
212417,200,sales operations manager,"Biohaven Pharmaceuticals, Inc.",BUSINESS ADMINISTRATION,15-2031,operations research analysts,15-2031,0.6506712437605348,15-2051,0.14869383942255743,13-2051,0.06954415229806385
212426,300,nan,"SRS Consulting, Inc.",ELECTRONICS AND COMMUNICATION ENGINEERING,15-1252,software developers,15-1252,0.954135684056678,15-1299,0.04357917560660394,15-1211,0.0016626371767664593
212429,200,director fidelity consulting,FMR LLC,BUSINESS ADMINISTRATION,15-2031,operations research analysts,15-2031,0.7269066433679792,15-2051,0.1107436264120788,13-2051,0.07769223981790367
212450,300,nan,POINTCLICKCARE TECHNOLOGIES USA CORP.,PRODUCT MANAGEMENT,15-1252,software developers,15-1252,0.4853065325770215,15-1299,0.4830654611360748,15-1211,0.020524482934591463
212472,010,architectural designer,Fougeron Architecture Inc.,ARCHITECTURE,17-1011,architects except landscape and naval,17-1011,0.9813333440222146,17-3011,0.018636703600694315,27-1025,1.9321121992057935e-05
212507,300,java developer,Hance Inc,COMPUTER SCIENCE AND INFORMATION TECHNOLOGY,15-1252,software developers,15-1252,0.9988130173006523,15-1299,0.0005825595660420516,15-1251,0.0005110349591741079
212536,330,senior consultant,Core BTS Inc,COMPUTER SCIENCE,15-1299,computer systems engineers architects,15-1299,0.5986383555002166,15-1252,0.36526957456334763,15-1211,0.028962034530129604
212671,1600,executive director payments business development manager,JPMorgan Chase & Co.,ACCOUNTING,13-2011,accountants and auditors,13-2011,0.8037591742991994,13-2051,0.19458199981805915,13-2099,0.0008161186450782632
212681,1600,audut senior associate,Grant Thornton LLP,ACCOUNTING,13-2011,accountants and auditors,13-2011,0.9977592268397145,13-2051,0.00218982717483759,13-2054,2.5377519788666134e-05
212721,1600,analyst,Deutsche Bank Securities Inc.,ECONOMICS MATHEMATICS,13-2051,financial and investment analysts,13-2051,0.9989174358490327,13-2099,0.000879722843826024,13-2011,0.00010373149293213101
212750,300,privacy law fellow,DR TECHNOLOGIES INC,CYBERSECURITY AND CRISIS MANAGEMENT,15-1252,software developers,15-1252,0.7885379094406152,15-1299,0.10049238456596833,15-1211,0.04876624453127915
212872,1990,business analyst management consultant,"McKinsey & Company, Inc. United States",FINANCE,13-1111,management analysts,13-1111,0.998695546833193,15-2051,0.0004950828396792213,13-2051,0.000459930091761153
212883,1990,associate management consultant,"McKinsey & Company, Inc. United States",BUSINESS ADMINISTRATION,13-1111,management analysts,13-1111,0.999947235916511,15-2051,2.842373631704589e-05,15-2031,1.346788642297341e-05
212959,1690,vice president,Morgan Stanley Services Group Inc.,TECHNOLOGY MANAGEMENT,15-1299,computer systems engineers architects,15-1299,0.37041818809865107,15-1252,0.20787436846296403,11-3021,0.179692244033455
212973,1860,director,JPMorgan Chase & Co.,FINANCIAL MANAGEMENT,13-2051,financial and investment analysts,13-2051,0.9666559655372795,11-3031,0.0089062722273593,13-2011,0.00844942671294939
212983,300,nan,CAMP4 Therapeutics Corporation,BIOINFORMATICS AND GENOMICS,15-1252,software developers,15-1252,0.5020100026864583,15-1299,0.23123566523034095,15-1211,0.1320051567570804
212992,300,gis applications developer,Access Services,URBAN PLANNING,15-1252,software developers,15-1252,0.36699164314068605,15-1299,0.27605178181787593,15-1211,0.10967503977104112
213043,300,senior associate trust safety,Maplebear Inc,DATA SCIENCE,15-1252,software developers,15-1252,0.97259122533762,15-2051,0.01135813225253679,15-1299,0.0065285790673860955
213055,1630,account executive 8,"Salesforce.com, Inc.",BUSINESS ADMINISTRATION,13-1161,market research analysts and marketing specialists,13-1161,0.31486469912228165,15-1252,0.2536586055711089,15-1299,0.190791783458393
213059,1990,assoc data science prgm ops research analyst,"Bertelsmann, Inc.",COMPUTATIONAL SOCIAL SCIENCE,15-2051,business intelligence analysts,15-2051,0.6221630768552513,15-1252,0.09324980309842612,15-2031,0.0873825612047921
213078,300,sales analyst,"Mindlance, Inc.",FINANCE,15-1299,computer systems engineers architects,15-1299,0.5144187758432883,15-2051,0.23761275053120612,15-1252,0.08390713332087786
213171,300,java developer,"Conflux Systems, Inc",COMPUTER SCIENCE,15-1252,software developers,15-1252,0.9994649870568288,15-1299,0.0003670203639828081,15-1251,0.00015360526071358957
213186,1990,associate analyst 3,"MOODY'S INVESTORS SERVICE, INC.",ECONMICS,13-2051,financial and investment analysts,13-2051,0.9632182099296379,15-2051,0.008647222984805972,15-1252,0.00777627478078978
213224,300,research scientist,"Meta Platforms, Inc.",COMPUTER SCIENCE,15-1252,software developers,15-1252,0.792872393588138,15-1221,0.2030409525377202,15-1299,0.0026071466520142393
213387,1100,law clerk,Willkie Farr & Gallagher LLP,LAW,23-1011,lawyers,23-1011,0.9999041296560635,23-1012,9.453636714054974e-05,23-2011,1.2692151894395425e-06
213486,200,sr revenue science analyst,"FedEx Corporate Services, Inc.",BUSINESS ANALYTICS INFORMATION SYSTEMS,15-2041,statisticians,15-2041,0.8625341031288182,15-2051,0.11652779947360792,15-1252,0.010000357543102387
213503,300,consultant,Deloitte Consulting LLP,Biochemistry,15-1252,software developers,15-1252,0.6411084021750051,15-1211,0.28531314628949367,15-1299,0.04751161643332258
213522,300,software developer application,Horizon International Trd Inc,COMPUTER APPLICATIONS,15-1252,software developers,15-1252,0.9987266965042829,15-1299,0.0005249075777654249,15-1211,0.000396160696644256
213625,1690,nan,Honeywell International Inc.,BUSINESS ADMINISTRATION,15-1299,computer systems engineers architects,15-1299,0.5146165797004669,15-2051,0.13231278962609963,15-1252,0.09166594097582081
213779,300,network engineer,Linkpro Technologies Inc,ELECTRICAL ENGINEERING,15-1252,software developers,15-1252,0.9758475140229265,15-1299,0.015048807188215836,15-1244,0.005881956339144111
213796,500,analyst,"BLACKROCK FINANCIAL MANAGEMENT, INC.",ECONOMICS,13-2051,financial and investment analysts,13-2051,0.9240130383737861,13-2099,0.07092607725050656,19-3011,0.0017490106818989428
213845,750,nan,Prospect Acquisition III,NURSING BUSINESS ADMINISTRATION,15-1252,software developers,15-1252,0.43118824036144376,15-1299,0.16254611167845615,15-1211,0.08212587383217658
213860,300,nan,Infosys Limited,COMPUTER APPLICATIONS,15-1299,computer systems engineers architects,15-1299,0.968182097052603,15-1211,0.02028083928697273,15-1252,0.008824278248157319
213892,1990,associate management consultant,"McKinsey & Company, Inc. United States",BUS ADMIN,13-1111,management analysts,13-1111,0.9999378254273462,15-2051,3.292662226245623e-05,15-2031,1.861465011926428e-05
213936,390,senior research associate,"Arrakis Therapeutics, Inc.",BIOINFORMATICS,19-1029,bioinformatics scientists,19-1029,0.5578759035402221,15-1252,0.1333520472748705,15-1299,0.08103589425639492
214014,390,senior engineer wireless,Dish Wireless L.L.C.,COMPUTER SCIENCE,15-1252,software developers,15-1252,0.599501940777872,15-1299,0.34951855481572996,15-2051,0.034427250117195926
214078,390,scientific software developer,"Openeye Scientific Software , Inc.",CHEMISTRY,15-1252,software developers,15-1252,0.6456004142759633,19-1029,0.07870143925913022,15-1299,0.07691283078928728
214139,300,nan,Tata Consultancy Services Limited,COMPUTER ENGINEERING,15-1299,computer systems engineers architects,15-1299,0.7157291822934606,15-1252,0.17279869384474703,15-1211,0.10683774342860994
214161,400,regulatory scientist,"Ocean Spray Cranberries, Inc.",AGRICULTURE FOOD AND ENVIRONMENT,15-1252,software developers,15-1252,0.41138892506991115,15-1299,0.1519516619179469,15-2051,0.0650637130387702
214166,200,program manager ii,Amazon.com Services LLC,INDUSTRIAL ENGINEERING,15-2031,operations research analysts,15-2031,0.9942132281737865,15-2051,0.003758513164604283,15-2041,0.001111970648231099
214237,1990,associate management consultant,"McKinsey & Company, Inc. United States",BUSINESS ADMINISTRATION,13-1111,management analysts,13-1111,0.999947235916511,15-2051,2.842373631704589e-05,15-2031,1.346788642297341e-05
214247,300,nan,"Meta Platforms, Inc.",COMPUTER SCIENCE,15-1252,software developers,15-1252,0.9975126016884253,15-1299,0.002204679448394304,15-2051,0.00013940595161953672
214303,410,quality system compliant analyst,"Bar Bakers, LLC",FOOD SCIENCE,19-1012,food scientists and technologists,19-1012,0.33817130034332615,19-1029,0.3108530678035748,19-1021,0.11667574238881896
214346,410,sr regulatory affairs specialist,"Intuitive Surgical Operations, Inc.",MEDICAL AND PREVENTIVE CARE,19-1029,bioinformatics scientists,19-1029,0.6541671517878894,13-1041,0.13037406051553876,17-2199,0.03470168850443384
214365,300,senior software developer,"Kforce, Inc",INFORMATION SYSTEMS,15-1252,software developers,15-1252,0.9997981476144142,15-1211,0.0001530018913335261,15-1299,1.7202470335612226e-05
214384,1990,nan,"McKinsey & Company, Inc. United States",BUSINESS ADMINISTRATION,13-1111,management analysts,13-1111,0.9507067681514358,15-1252,0.02787186612677931,15-2051,0.01381813581437102
214396,300,nan,"SAP America, Inc.",INFORMATION TECHNOLOGY AND MANAGEMENT,15-1252,software developers,15-1252,0.6327185257225378,15-1211,0.357305613767481,15-1299,0.007686757099037619
214483,490,sr scientist,PFIZER INC.,INDUSTRIAL AND PHYSICAL PHARMACY,19-1021,biochemists and biophysicists,19-1021,0.5803814797775774,19-1042,0.11061027658866977,17-2199,0.09961476188727526
214496,300,systems engineer,ACI Worldwide Corp.,COMPUTER SCIENCE,15-1252,software developers,15-1252,0.8798564254733369,15-1299,0.11813594689688592,15-1211,0.0015792543352850822
214575,300,member of technical staff,"VMware, Inc.",SOFTWARE ENGINEERING,15-1252,software developers,15-1252,0.9997908126823161,15-1299,0.00019798260559116763,15-1253,5.518321972690441e-06
214621,300,business analyst,"Iris Software, Inc.",COMPUTER INFORMATION SYSTEMS AND INFORMATION TECHNOLOGY,15-1252,software developers,15-1252,0.9619164642364101,15-1211,0.031192036699594965,15-2051,0.0028311557336113723
214635,390,senior backend engineer,"DrKumo, Inc.",COMPUTER SCIENCE,15-1252,software developers,15-1252,0.9437911192332723,15-1299,0.03819437320334157,15-2051,0.004571342424300964
214646,1600,product analyst,Pacific Investment Management Company LLC,FINANCE AND ECONOMICS,13-2051,financial and investment analysts,13-2051,0.9862873243569665,15-2031,0.006810846561772083,13-2011,0.004088374260401159
214711,300,planning analysis associate,CITADEL ENTERPRISE AMERICAS SERVICES LLC,ECONOMICS,15-1252,software developers,15-1252,0.35793101444902586,15-2051,0.1860576845313649,15-2031,0.12752660167908342
214727,1600,assurance advisory senior associate,"Frank, Rimerman & Co. LLP",ACCOUNTANCY,13-2011,accountants and auditors,13-2011,0.9957815792789333,13-2051,0.004024606949827588,13-2099,7.088308471778393e-05
214741,740,scientist pharmacometrics,"Janssen Research & Development, LLC",INDUSTRIAL PHYSICAL PHARMACY,15-2041,statisticians,15-2041,0.15606529978495218,19-1042,0.10299345828823185,29-1051,0.09132469289465238
214743,190,nan,"DSP Concepts, Inc",ELECTRICAL ENGINEERING,15-1252,software developers,15-1252,0.6403189357936893,15-1299,0.1276489054520895,17-2072,0.07738419129523125
214757,1860,compliance manager,"Netcapital, Inc.",FINANCE,13-2051,financial and investment analysts,13-2051,0.8219463540787145,13-2099,0.09945012652245441,11-3031,0.02740518496806711
214774,1990,digital marketing data analyst,"Intermix Holdco, LLC",MANAGEMENT OF TECHNOLOGY,15-2051,business intelligence analysts,15-2051,0.4190086664023346,15-2031,0.18308765559320303,13-1111,0.17239294184208512
214785,300,sap consultant,Classroom Support Services LLC,INFORMATION TECHNOLOGY,15-1252,software developers,15-1252,0.9883143686550597,15-1299,0.007973076847250054,15-1211,0.0034298581341013486
214845,300,nan,AGREEYA SOLUTIONS INC.,COMPUTER INFORMATION SYSTEMS,15-1252,software developers,15-1252,0.9817065145487829,15-1211,0.010292936300270124,15-1299,0.007303280652989671
214936,1990,senior data analyst,"Capital One Services, LLC",BUSINESS ANALYTICS,15-2051,business intelligence analysts,15-2051,0.6493402620789243,15-2031,0.33386204034040196,15-2041,0.01664645196046424
214944,300,nan,Geminisoft Solutions Inc,COMP SCI,15-1252,software developers,15-1252,0.9943490968558156,15-1299,0.003904516146056997,15-1211,0.00114355609268506
214962,030,engineering services engineer associate,Siemens Industry Software Inc.,ELECTRICAL AND COMPUTER ENGINEERING,17-2072,electronics engineers except computer,17-2072,0.7427826618085235,17-2071,0.1348301689118371,15-1252,0.11505748903618214
215031,1990,principal data analyst,"Capital One Services, LLC",STATISTICS (ANALYTICS),15-2031,operations research analysts,15-2031,0.5666117452543832,15-2051,0.3819824421823205,15-2041,0.044043436981323736
215046,190,mr research scientist,"Siemens Medical Solutions USA, Inc.",BIOENGINEERING,17-2031,biomedical engineers,17-2031,0.7709353592255475,17-2199,0.06754200823815251,17-2112,0.06320133478955484
215061,300,nan,Amazon.com Services LLC,SOFTWARE ENGRG,15-1252,software developers,15-1252,0.9987525240194495,15-1299,0.0011335817831922357,15-1253,4.1786550087846025e-05
215078,410,scientist i process development,Thermo Fisher Scientific Inc.,BIOLOGICAL SCIENCE,19-1029,bioinformatics scientists,19-1029,0.9401763252823484,19-1021,0.03375694208688215,19-2031,0.005388663050253902
215102,300,oevops engineer,Ecclesiastes Inc,BACHELOR OF TECHNOLOGY,15-1252,software developers,15-1252,0.9916583930685791,15-1251,0.0030032885511181,15-1299,0.0025545453694365856
215112,300,research staff member,IBM Corporation,PHYSICS,15-1211,computer systems analysts,15-1211,0.3439742214064047,15-1221,0.23133416559495223,15-1299,0.20907396007113688
215118,300,product manager iii,Amazon.com Services LLC,DENTAL SURGERY,15-1299,computer systems engineers architects,15-1299,0.49511592310549285,15-1252,0.43222276774834856,15-2031,0.047969261016901
215156,300,nan,Accelerated Technologies Inc.,COMP ENGINEERING,15-1252,software developers,15-1252,0.58594777698194,15-1299,0.23616167081559727,15-1251,0.11162444434905239
215230,300,senior data scientist,"MARRIOTT INTERNATIONAL, INC.",COMPUTER SCIENCE,15-1252,software developers,15-1252,0.6186526076666518,15-2051,0.26250481710183016,15-1299,0.08085148964922614
215321,300,senior program manager,Amazon.com Services LLC,MECHANICAL ENGINEERING,15-1252,software developers,15-1252,0.9884451019007323,15-1299,0.010964805116168432,15-2051,0.0002247756543573061
215380,1690,origination associate,Credit Agricole Securities USA Inc.,FINANCIAL ENGINEERING,13-2099,financial quantitative analysts,13-2099,0.5773677984744989,13-2051,0.23178064387693464,15-2031,0.07230943727759283
215418,410,food scientist and technologist,"Golden Platter Foods, Inc",MASTER OF SCIENCE IN FOOD SAFETY AND TECHNOLOGY,19-1029,bioinformatics scientists,19-1029,0.4450887287220856,19-1021,0.12279372635806386,15-2041,0.08855969307082386
215459,390,data scienc eengineer,"Forethought Technologies, Inc.",ELECTRICAL ENGINEERING AND COMPUTER SCIENCE,15-1252,software developers,15-1252,0.9239021970867152,15-1299,0.02778199506678498,15-1221,0.01306180481447828
215550,1410,software product designer,Stratasys Inc.,COMMUNICATIONS DESIGN,27-1024,graphic designers,27-1024,0.9583708651126829,27-1014,0.010991630818264906,27-1021,0.005708276628525001
215567,300,applied scientist,"Salesforce.com, Inc.",COMPUTER SCIENCE AND ENGINEERING,15-1252,software developers,15-1252,0.92499894078235,15-1299,0.06995866474690578,15-1221,0.0017819056160678253
215568,390,associate product manager,"Salesforce.com, Inc.",COMPUTER SCIENCE,15-1252,software developers,15-1252,0.8206024247410081,15-1299,0.17612757428022638,15-2051,0.0019300406225826667
215764,300,software full stack developer,Stacklogy Inc,COMPUTER AND INFORMATION SCIENCES,15-1252,software developers,15-1252,0.9997355954405309,15-1299,7.213527427314975e-05,15-2051,6.125433238398387e-05
215807,300,nan,Apple Inc.,DATA SCI,15-1252,software developers,15-1252,0.9945514456741871,15-1299,0.003105372324304479,15-2051,0.0018570813318292542
215881,1600,rko associate ii,"Human Interest, Inc.",FINANCE,13-2051,financial and investment analysts,13-2051,0.6276915392956385,13-2011,0.35143909324842343,13-2099,0.014712878825558806
215950,210,process controls engineering,Air Liquide Large Industries U.S. LP,CHEMICAL ENGINEERING,17-2112,industrial engineers,17-2112,0.15525735367182342,15-2031,0.12544747570474524,15-1252,0.1126614972461071
215967,300,senior solutions specialist data,Sirius Computer Solutions LLC,COMPUTER ENGINEERING,15-1252,software developers,15-1252,0.890500082121313,15-1299,0.06980384353218906,15-1211,0.030452325662534925
216116,300,nan,"TransUnion Interactive, Inc.",INFORMATION STUDIES,15-1252,software developers,15-1252,0.9588037905215749,15-1299,0.031545989570522466,15-1211,0.004802296444095604
216203,300,technology analyst us,Infosys Limited,ELECTRICAL AND ELECTRONICS ENGINEERING,15-1299,computer systems engineers architects,15-1299,0.9999595815131477,15-1211,3.1445729764512635e-05,15-1253,4.23682704329457e-06
216219,390,senior ad insertion technologies software developer,Invidi Technologies Corporation,MASTERS DEGREE IN MATHEMATICS AND BACHELORS DEGREE IN COMPUTER SCIENCE EVALUATED AS EQUIVALENT OF U S BACHELORS IN COMPUTER SCIENCE,15-1252,software developers,15-1252,0.684020428479402,15-1299,0.11476565002203126,15-2051,0.0651740719424587
216327,500,investment banking associate,Citigroup Global Markets Inc.,MASTER OF BUSINESS ADMINISTRATION IN GENERAL MANAGEMENT SPECIALIZATION IN CORPORATE FINANCE AND FINANCE,13-2051,financial and investment analysts,13-2051,0.9918046199209593,13-2099,0.007088476119870129,13-1161,0.0004554760415205205
216331,1690,business analyst,reAlpha Tech Corp,COMMERCE,13-1111,management analysts,13-1111,0.37545878237343466,15-1299,0.23698908079352815,15-2051,0.22479376867822348
216380,1990,business analyst management consultant,"McKinsey & Company, Inc. United States",ECONOMICS,13-1111,management analysts,13-1111,0.9990401838870441,15-2051,0.0004697644394632427,15-2041,0.00021455932832086132
216483,300,manager,Cognizant Technology Solutions US Corp,APPLIED COMPUTER SCIENCE,15-1211,computer systems analysts,15-1211,0.9254076088392711,15-1299,0.07181586099806231,15-1252,0.002688951237001081
216581,410,associate director project clinical pharmacokineticist,"BOEHRINGER INGELHEIM PHARMACEUTICALS, INC.",PHARMACEUTICAL SCIENCES,19-1021,biochemists and biophysicists,19-1021,0.4903113039507227,19-1029,0.260052596977969,19-1042,0.16241072562758246
216611,300,nan,Apple Inc.,COMPUTER SCIENCE,15-1252,software developers,15-1252,0.9968931343610998,15-1299,0.002671229313552118,15-1253,0.00029111845374013914
216652,300,full stack java developer,Slesha Inc,COMPUTER SCIENCE,15-1252,software developers,15-1252,0.9998722596956233,15-1299,9.52079785970698e-05,15-1211,1.5037314210463417e-05
216728,300,machine learning engineer,Syrup Tech Inc.,COMPUTER SCIENCE,15-1252,software developers,15-1252,0.9787750212852513,15-1299,0.01496090760549719,15-1221,0.002127395711823376
216741,300,system architect iii,HCL America Inc,COMPUTER INFORMATION SYSTEMS,15-1299,computer systems engineers architects,15-1299,0.9960785471855494,15-1211,0.0026415719924303568,15-1251,0.000907776188049491
216776,1690,analyst,"Morgan Stanley & Co, LLC",COMPUTER ENGINEERING,13-2051,financial and investment analysts,13-2051,0.45916502513758567,15-1299,0.17363715722884782,13-2099,0.08731534727979083
216807,300,product manager iii technical,Amazon.com Services LLC,ENGINEERING MANAGEMENT,15-1252,software developers,15-1252,0.8107737561411297,15-1299,0.167757533562275,15-2051,0.01869808061463802
216808,1860,associate,Morgan Stanley Fund Services Inc.,FINANCE,13-2051,financial and investment analysts,13-2051,0.9939864722689963,13-2099,0.0031596116840485896,13-2011,0.0022863503314187908
216843,030,product engineer,Siemens Industry Software Inc.,ELECTRICAL ENGINEERING,17-2072,electronics engineers except computer,17-2072,0.9127151182189083,17-2071,0.07845640470311649,15-1252,0.006995577301111139
216892,300,machine learning research engineer,Apple Inc.,COMPUTER SCIENCE,15-1252,software developers,15-1252,0.9982246083667671,15-1299,0.0009647215664714247,15-1253,0.0003550696397263771
216943,1890,nan,Adobe Inc.,BUS ADMIN,15-1299,computer systems engineers architects,15-1299,0.7686226077787572,15-1252,0.10431776529730495,15-2051,0.060961938000308205
216947,390,nan,Myntra Inc.,DATA SCI,15-1252,software developers,15-1252,0.7356228447717365,15-2051,0.17456593447883267,15-1299,0.0612063911362814
216970,070,data scientist,ZF Active Safety US Inc.,MECHANICAL ENGINEERING,17-2141,mechanical engineers,17-2141,0.9659829495790052,17-2112,0.01051973758054575,15-1252,0.00654711768534455
216986,390,nan,Digital iTechnology,COMPUTER SCIENCE,15-1252,software developers,15-1252,0.9268924528458852,15-1299,0.06618309202903103,15-1211,0.002309849575506019
217104,300,vice president,Morgan Stanley Services Group Inc.,APPLIED COMPUTER SCIENCE,15-1252,software developers,15-1252,0.919069358344652,15-1299,0.05753129484751144,15-1211,0.02310969284872068
217154,300,associate application developer,"ADP Technology Services, Inc.",COMPUTER SCIENCE,15-1252,software developers,15-1252,0.9997785857524025,15-1299,0.00020070769341028774,15-1211,9.057178054495356e-06
217172,300,consulting staff digital emerging technology,Ernst & Young U.S. LLP,ECONOMETRICS,15-1211,computer systems analysts,15-1211,0.4709767904953451,15-1252,0.41344885707490553,15-2031,0.03826344678503313
217183,500,analysis and reporting analyst,"Citizens Financial Group, Inc.",COMPUTER SCIENCE AND ECONOMICS,15-1252,software developers,15-1252,0.28239744194934413,13-2051,0.22681275174967774,13-1161,0.2149891641369505
217187,300,research engineer,"Indeed, Inc.",ELECTRICAL ENGINEERING,15-1252,software developers,15-1252,0.989672529508711,15-1211,0.006859030720642989,15-1299,0.0013992884399901284
217342,300,scrum master,Adbakx LLC,MANAGEMENT INFORMATION SYSTEMS,15-1252,software developers,15-1252,0.7536784974756876,15-1299,0.2441206180308144,15-2051,0.0007458911811941676
217388,300,dc consultant,Deloitte Consulting LLP,COMPUTER ENGINEERING,15-1252,software developers,15-1252,0.9144326005388007,15-1211,0.06049960831932049,15-1299,0.024019887517378175
217460,1690,vice president,Credit Suisse Asset Management LLC,FINANCE AND ELECTRONIC ENGRG,13-2051,financial and investment analysts,13-2051,0.8585015398801809,13-2099,0.05607933407538354,15-1299,0.021914519897647783
217485,410,sr associate,Eli Lilly and Company,BIOLOGICAL SCIENCE,19-1029,bioinformatics scientists,19-1029,0.8531791576544446,15-2041,0.08958794858642219,19-1042,0.0188210597686309
217490,200,sr revenue science analyst,"FedEx Corporate Services, Inc.",BUSINESS ANALYTICS,15-2041,statisticians,15-2041,0.8105567296718942,15-2051,0.17501547890694175,15-2031,0.01231953118825914
217493,390,java developer,Logicera Inc,SOFTWARE ENGINEERING,15-1252,software developers,15-1252,0.9980212563035069,15-1251,0.0010469489569985438,15-1299,0.000813581171377141
217575,310,systems engineer l2,WIPRO LIMITED,COMPUTER AND INFORMATION SCIENCE,15-1299,computer systems engineers architects,15-1299,0.5819941908734633,15-1251,0.22184511495235035,15-1244,0.12010297045612937
217627,300,network engineer,MOORE INFOTECH INC,COMPUTER SCIENCE,15-1252,software developers,15-1252,0.9924284188303282,15-1299,0.006374029479123154,15-1244,0.0005767738774921026
217629,1990,business analyst management consultant,"McKinsey & Company, Inc. United States",ACTUARIAL SCIENCE STATISTICS AND ECONOMICS,13-1111,management analysts,13-1111,0.9984884435333734,15-2051,0.0007349850346688999,15-2031,0.0002849684335295308
217647,300,technical support mgr,OATH HOLDINGS INC,COMPUTER SCIENCE,15-1252,software developers,15-1252,0.9164280989996694,15-1299,0.07665130424907489,15-1211,0.003026610173904708
217710,300,data scientist,Visa U.S.A. Inc.,BUSINESS ANALYTICS,15-2051,business intelligence analysts,15-2051,0.7663163162092511,15-1252,0.1440275272224381,15-2031,0.05178879500177578
217716,490,life sciences specialist,L.E.K. Consulting LLC,BIOLOGICAL SCIENCES,13-1111,management analysts,13-1111,0.4011431505343995,19-1029,0.3532689257620956,19-1021,0.05526905333768331
217786,500,specialist,"McKinsey & Company, Inc. United States",ECONOMICS,13-1111,management analysts,13-1111,0.7156454665933969,15-2041,0.10068666154545827,15-2051,0.070627964936294
217828,390,analyst aim data engineer,Cervello Inc.,COMPUTER SOFTWARE ENGINEERING,15-1252,software developers,15-1252,0.8946756640175035,15-2051,0.02704290061447523,15-1299,0.016329272161859906
217875,300,architect,Tata Consultancy Services Limited,APPLIED COMPUTER SCIENCE,15-1299,computer systems engineers architects,15-1299,0.9994987594167929,15-1211,0.00033938404576709023,15-1252,0.00014877534538928298
217948,300,nan,Criteo Corp,SYSS ENGRG AND MGT,15-1252,software developers,15-1252,0.9313391916784155,15-1299,0.035315748935065894,15-1211,0.015755201352362736
218017,190,nan,Cummins Inc.,COMPUTER  SCIENCE,15-1252,software developers,15-1252,0.7175776782883949,17-2141,0.1549025790693285,15-1299,0.06719015001665904
218027,300,associate software development engineering,"Charles Schwab & Company, Inc.",COMPUTER SCIENCE AND ECONOMICS,15-1252,software developers,15-1252,0.9645589022803629,15-1211,0.015721644321970995,15-1299,0.009277296464599441
218102,200,actuarial analyst,"Auto Club Services, Inc.",ACTUARIAL MATHEMATICS AND STATISTICS,15-2041,statisticians,15-2041,0.5784739173562073,15-2031,0.15904505436050456,15-2011,0.15474380161260723
218225,390,nan,"Poulomi Technologies, Inc.",COMPUTER SCI,15-1252,software developers,15-1252,0.9903155286178885,15-1299,0.0076904531566416405,15-1211,0.0004936866505088158
218324,300,technology lead us,Infosys Limited,COMPUTER SCIENCES AND ENGINEERING,15-1299,computer systems engineers architects,15-1299,0.9998920674301098,15-1211,7.906485934386319e-05,15-1251,1.4758777393357144e-05
218335,300,assistant vice president,Credit Suisse Securities USA LLC,COMPUTER ENGINEERING,15-1252,software developers,15-1252,0.8936225759477299,15-1299,0.06784825410698223,15-1211,0.03634981044481718
218367,1890,strategy consultant,"Telesto Strategy, LLC.",BUSINESS ANALYTICS,15-2051,business intelligence analysts,15-2051,0.7594916090947444,13-1111,0.1602031808241414,15-1299,0.03557279632339272
218438,030,nan,Apple Inc.,ELEC ENGRG,15-1252,software developers,15-1252,0.40171680694633444,17-2072,0.35787726992221525,17-2071,0.23665415018711758
218607,070,calibration engineer,"LER TechForce, LLC",AUTOMATIVE ENGINEERING,17-2141,mechanical engineers,17-2141,0.9997675720322615,17-2071,9.425993725844523e-05,17-2199,5.534791862561815e-05
218691,1990,i20022111093858,"Capital One Services, LLC",ANALYTICS BUSINESS ADMINISTRATION,15-2031,operations research analysts,15-2031,0.37492322165428543,15-2051,0.3370069870897143,15-2041,0.23314599351768642
218746,070,embedded systems engineer iii,"Rogers, Freels & Associates, Inc.",MECHANICAL ENGINEERING,17-2141,mechanical engineers,17-2141,0.9492818813165567,17-2199,0.04341013047587849,17-2112,0.0036172441654555563
218772,070,qc commissioning engineer,"KINKISHARYO INTERNATIONAL, LLC",AEROSPACE ENGINEERING,17-2141,mechanical engineers,17-2141,0.9954287145302578,17-2199,0.0028667033896428423,17-2112,0.0009225638506240512
218826,190,systems engineer ii,"Medtronic, Inc.",BIOMEDICAL ENGINEERING,17-2199,validation engineers,17-2199,0.7163098513906576,17-2031,0.13799756321208162,15-1252,0.08080836136804088
218944,1860,director finance,Armor Defense Inc.,FINANCE,13-2051,financial and investment analysts,13-2051,0.7417066973156184,11-3031,0.12364924505792106,13-2099,0.08974165348451206
219019,1990,data analyst,LVEB LOGISTICS LLC,ANALYTICS,15-2051,business intelligence analysts,15-2051,0.9292195655413904,15-2031,0.03594936514625184,15-2041,0.02806952412587471
219089,9990,organizational development analyst,Exacare,BUSINESS ECONOMICS,13-2051,financial and investment analysts,13-2051,0.3042814116019931,15-1252,0.14335106245349852,13-2011,0.13965964385642865
219419,1690,product manager,Intuit Inc.,MANAGEMENT SCIENCE,15-2031,operations research analysts,15-2031,0.5084900073997072,15-2051,0.16593317306745414,15-1299,0.1613271666505369
219564,1600,analyst,Fidelity Management & Research Company LLC,FINANCE,13-2051,financial and investment analysts,13-2051,0.9944616617966165,13-2011,0.0030958690237424796,13-2099,0.002193381762842446
219609,300,senior director cpce enterprise solutions,"Expedia, Inc.",MANAGEMENT,15-1252,software developers,15-1252,0.9058049819222033,15-1299,0.07697724477236255,15-2051,0.010620637243289963
219642,300,business systems analyst,Implify LLC,ENGINEERING MANAGEMENT,15-1211,computer systems analysts,15-1211,0.40241016840130384,15-1252,0.3755639020028124,15-1299,0.1587511355194098
219645,300,systems analyst,Coforge Limited,COMPUTER SCIENCE,15-1211,computer systems analysts,15-1211,0.9642338129645943,15-1252,0.034423437873446365,15-1299,0.0012853676782760726
219646,300,balance sheet management lead analyst,"Citibank, N.A.",MBA GENERAL MANAGEMENT BS FINANCE AND ECONOMICS,15-1252,software developers,15-1252,0.5931983533384045,15-1299,0.19056666787461443,15-2051,0.08700479157706018
219665,300,devops engineer,Info-Solutions Inc.,DATA ANALYTICS,15-1252,software developers,15-1252,0.9564308680379515,15-1299,0.030423450775237223,15-1251,0.00740298723887603
219725,190,sourcing specialist,American Crafts,BUSINESS ADMINISTRATION,13-1081,logisticians,13-1081,0.24476867498492513,15-1299,0.2422915176813238,15-1252,0.1643364582151934
219752,390,nan,Waters Technologies Corporation,ENVIRONMENTAL SCIENCE AND POLICY,15-1252,software developers,15-1252,0.5294274151191258,15-1299,0.2643012653428928,15-1253,0.0736300658292028
219780,290,manager analytics,"IPG DXTRA, Inc.",BIOLOGY,15-2041,statisticians,15-2041,0.45900129548999763,15-2051,0.29632895690580424,15-2031,0.10953018824048935
219794,300,data engineer,Syntax Technologies LLC,MASTER OF SCIENCE,15-1252,software developers,15-1252,0.9801657375360925,15-1251,0.01352177093111067,15-1299,0.0037637660012354206
219878,200,model analysis validation senior analyst,"Citibank, N.A.",PH D ECONOMICS,13-2099,financial quantitative analysts,13-2099,0.5949009764284738,15-2051,0.1844840028055584,15-2041,0.18096676833997258
219902,390,senior product manager,"iHeart Media Entertainment, Inc.",INFO SCI/STUDIES,15-1299,computer systems engineers architects,15-1299,0.6882809779066277,15-2051,0.18467292001438068,15-1252,0.05148317766322082
219944,180,nan,Spanco Infotech Inc,INFORMATION TECHNOLOGY,15-1252,software developers,15-1252,0.809651893159273,15-1299,0.11809807804090544,15-1211,0.06400432150099919
219982,300,systems engineer,Collaborate Solutions Inc,COMPUTER SCIENCE,15-1252,software developers,15-1252,0.9600024054429205,15-1299,0.03966059423293064,15-1211,0.000265093593557124
220088,390,manager product development,"American Express TRS Co, Inc.",BUSINESS ANALYTICS AND BUSINESS ADMINISTRATION,15-1299,computer systems engineers architects,15-1299,0.82164929458116,15-2051,0.11200639003954124,15-1252,0.041633571234105535
220119,050,nan,City of Lawton,CIVIL ENGINEERING,17-2051,civil engineers,17-2051,0.999009167768838,15-1252,0.00046732099524455947,15-1299,0.00021641718617295503
220152,200,clinical data team lead,"PVR Technologies, Inc.",INFORMATION TECHNOLOGY,15-2041,statisticians,15-2041,0.9107141737517048,15-2051,0.06674960846471328,15-2031,0.013165392769221827
220210,070,sr engineer,"OmniAb, Inc.",ELECTRONICS & COMMUNICATION ENGINEERING,17-2141,mechanical engineers,17-2141,0.5947507769517161,15-1252,0.3355858917808657,17-2071,0.021448383080944978
220240,500,main research analyst,S-PLATFORM LLC,MBA,13-1161,market research analysts and marketing specialists,13-1161,0.7081748352860286,13-2051,0.2001219005234953,13-1111,0.024019288010567793
220267,1630,lead technical director,Yawal USA Inc,TECHNOLOGY,15-1252,software developers,15-1252,0.39761742436828074,15-1299,0.15868658112322456,13-1161,0.1525223078775194
220365,390,data analyst,"McKinsey & Company, Inc. United States",INFORMATION SYSTEMS,15-2051,business intelligence analysts,15-2051,0.8230796813761926,15-1252,0.1474852068434916,15-1299,0.015720077458596753
220385,1600,accountant,"Zero Hash Holdings, Ltd",ACCOUNTING,13-2011,accountants and auditors,13-2011,0.9999619942397426,13-2051,3.683784909815555e-05,13-2099,3.4602870604062344e-07
220601,1860,analyst,Goldman Sachs & Co LLC,FINANCE,13-2051,financial and investment analysts,13-2051,0.9488236811455479,13-2099,0.04697676079412324,13-2054,0.0038341264964608635
220745,190,engineer equipment engineering,"MAXIM INTEGRATED PRODUCTS, INC.",MATERIAL SCIENCE AND ENGINEERING,17-2131,materials engineers,17-2131,0.5108349201511607,17-2199,0.13995498700890646,17-2072,0.11309012030902764
220821,300,nan,Purepath Technologies Inc,DATA SCIENCE,15-1252,software developers,15-1252,0.9946523408952261,15-1299,0.00272568987024785,15-2051,0.0011484273015423053
220828,390,associate director operations,Microland Limited,MECHANICAL ENGINEERING,15-1299,computer systems engineers architects,15-1299,0.6052447252621345,15-1252,0.3576210048345022,15-1211,0.01251452271031273
220860,300,it analyst,Adroit Associates Inc,INFORMATION SYSTEMS,15-1252,software developers,15-1252,0.6262005300555789,15-1299,0.19586098614411393,15-1211,0.09455059783424544
220884,410,research scientist purification process sciences,Incyte Corporation,BIOTECHNOLOGY,19-1029,bioinformatics scientists,19-1029,0.829574949533998,19-1021,0.10768318566603648,15-2041,0.04008875014866127
220888,200,data management operations lead,Nexpro Technologies Inc,PUBLIC HEALTH,15-2041,statisticians,15-2041,0.9424157156944207,15-2031,0.03898779568442077,15-2051,0.016652693579999385
220928,300,dc manager,Deloitte Consulting LLP,BUSINESS ADMINISTRATION,15-1252,software developers,15-1252,0.8159106157645689,15-1211,0.11544011584762498,15-1299,0.0496838020724551
221074,790,senior scientist study director,"Medtronic, Inc.",COMPARITIVE MEDICINE AND INTEGRATIVE BIOLOGY,15-2041,statisticians,15-2041,0.20876644051946527,13-1041,0.17587988945747965,17-2199,0.1266874158241904
221178,780,nan,"HCA Health Services of Tennessee, Inc.",MEDICAL LABORATORY SCIENCE,29-2011,medical and clinical laboratory technologists,29-2011,0.9914562569939765,15-1252,0.0033517875966767637,15-2051,0.0008911791488567801
221329,190,nan,"ConData Global, Inc.",MECHANICAL ENGRG,15-1252,software developers,15-1252,0.4368382908792759,17-2141,0.3440764916074482,15-1299,0.11297567277918755
221374,300,collibra admin developer,"Lib N Leo, LLC",MS INFORMATION TECHNOLOGY MANAGEMENT,15-1252,software developers,15-1252,0.5544335318733639,15-1299,0.17166112937239328,15-1211,0.106595449774054
221412,300,integration developer,"Skygen USA, LLC",COMPUTER SCIENCE,15-1252,software developers,15-1252,0.9923154990322169,15-1299,0.004448338257251815,15-1211,0.0016471587145162393
221414,1890,head of marketing,Endor Labs Inc.,MARKETING,13-1161,market research analysts and marketing specialists,13-1161,0.37595290723909247,15-1299,0.2290063800993349,11-2021,0.21173307557400214
221422,390,sr data engineer,"General Mills, Inc.",MGMT INFORMATION SYSTEMS,15-1252,software developers,15-1252,0.8656248202020609,15-2051,0.10133006366573467,15-1299,0.020981105196317993
221448,1990,associate,"McKinsey & Company, Inc. United States",BUSINESS ADMINISTRATION,13-1111,management analysts,13-1111,0.9903111502338251,15-2051,0.0038475615644443526,13-2051,0.002343300144832804
221512,300,knowledge base scientist drug discovery,"Sumitovant Biopharma, Inc.",INFORMATION DATA ENGINEERING,15-1252,software developers,15-1252,0.2511105102088226,15-1299,0.18888578274728804,15-1211,0.1500881870681804
221628,330,nan,"ExOne Operating, LLC",,15-1299,computer systems engineers architects,15-1299,0.6903579445531755,15-1252,0.2739923447675143,15-1253,0.019169933408075938
221660,300,network hardware engineer,"Meta Platforms, Inc.",COMPUTER NETWORKING,15-1252,software developers,15-1252,0.9872592401208037,15-1299,0.0094419524842478,15-2051,0.0013947122623475658
221677,300,data consultant,Horizon Soft Solutions Inc,MASTER OF SCIENCE IN INFORMATION TECHNOLOGY,15-1299,computer systems engineers architects,15-1299,0.5103653245559059,15-1252,0.24824605455604376,15-1211,0.1729767316923123
221680,300,vice president product development,JPMorgan Chase & Co.,ELECTRICAL ENGINEERING,15-1252,software developers,15-1252,0.9769450557799824,15-1299,0.016948297007673026,15-2051,0.003325109254907824
221693,300,nan,Infosys Limited,OPERATIONS MANAGEMENT,15-1299,computer systems engineers architects,15-1299,0.9900962971451925,15-1211,0.008218009385758486,15-1252,0.0007357707974219392
221757,1600,associate,Goldman Sachs & Co LLC,FINANCE,13-2051,financial and investment analysts,13-2051,0.9754461325300813,13-2011,0.018061337534593828,13-2099,0.00626640084476664
221773,190,scientist il r d computer science electrical engineering,"Palo Alto Research Center, Inc.",ELECTRICAL ENGRG,15-1252,software developers,15-1252,0.3708705024589493,17-2199,0.18574339172834992,17-2072,0.13362787054569794
221913,310,nan,DeeBeCon Inc,BUSINESS MANAGEMENT,15-1252,software developers,15-1252,0.7829726562346607,15-1299,0.16202447884856336,15-2051,0.03714330892285757
221923,1890,sr pricing analyst,"McLane Company, Inc.",BUSINESS ANALYTICS,15-2051,business intelligence analysts,15-2051,0.5951436683827362,15-2031,0.2808023717880002,13-1111,0.05656468072446546
221961,1600,associate,"Morgan Stanley & Co, LLC",ECONOMICS,13-2051,financial and investment analysts,13-2051,0.9967864034220177,13-2099,0.0016759886779682885,13-2011,0.0013654279637428373
222059,1100,associate attorney,Mayer Brown LLP,LAW JD,23-1011,lawyers,23-1011,0.9999916553150503,23-1012,2.385009167620757e-06,13-2011,3.976570135721499e-07
222071,220,senior research scientist medicinal chemistry,Ideaya Biosciences Inc.,CHEMISTRY,19-2031,chemists,19-2031,0.9753655646938107,19-1021,0.0140609267534115,17-2131,0.004362858756292307
222083,1410,senior ui ux designer developer,"Nutreense, Inc.",DESIGN SPECIALIZATION COMPUTER GRAPHICS DESIGNER,27-1024,graphic designers,27-1024,0.5280898941843599,15-1252,0.1581724805204839,27-1021,0.055598173458272504
222123,300,business program manager,IBM Corporation,TECHNOLOGY MANAGEMENT,15-1299,computer systems engineers architects,15-1299,0.44176045674338643,15-1211,0.40222281424811,15-1252,0.09614898969794557
222162,120,process engineer,Intel Corporation,PHYSICS,17-2131,materials engineers,17-2131,0.9923017366711113,17-2112,0.007576898276177305,17-2072,5.012778267144644e-05
222171,300,nan,"Consultveda Info Technologies, Inc.",ELECS & COMMS,15-1252,software developers,15-1252,0.9909968972084839,15-1299,0.00414975119186171,15-1211,0.002368962227513291
222188,330,data warehousing specialist,Maveric NXT Inc.,COMP INFO SYSS,15-1299,computer systems engineers architects,15-1299,0.5958195215979807,15-1253,0.32371358923848653,15-1252,0.06018836080546073
222243,300,civil engineer,"SHOOLIN, INC.",SCIENCE,15-1252,software developers,15-1252,0.7516069693985815,15-1299,0.12857212656405395,15-1211,0.06058210417623216
222283,300,software development engineer in test,"ProKarma, Inc.",COMPUTER INFORMATION SYSTEMS,15-1252,software developers,15-1252,0.9940400570317655,15-1253,0.004507271642955208,15-1299,0.0010313742579333384
222294,300,solution advisor associate,"SAP America, Inc.",BUSINESS ANALYTICS,15-1211,computer systems analysts,15-1211,0.5762592605240725,15-1252,0.38281694026165886,15-2051,0.0194642702125695
222571,220,integration lead chemical engineer,"Miroculus, Inc.",CHEMICAL ENGINEERING,19-2031,chemists,19-2031,0.8487594883013183,17-2041,0.039739411261314556,17-2131,0.03653100398805887
222643,1690,intl regulatory compliance specialist routing,SHIPCO TRANSPORT INC.,INTERNATIONAL BUSINESS,13-1161,market research analysts and marketing specialists,13-1161,0.7137653126754211,15-2051,0.09349247371948657,13-1111,0.04996864790588601
222695,1690,senior vice president of human resources,BAMIA 2 LLC,HUMAN RESOURCE MANAGEMENT,13-1111,management analysts,13-1111,0.316890698155724,15-1299,0.3021296500021281,13-1161,0.11418324580504055
222716,1660,hr specialist,Amazon.com Services LLC,HUMAN RESOURCE MANAGEMENT AND BUSINESS ADMINISTRATION,15-1252,software developers,15-1252,0.6539848527153546,13-1071,0.264009133698762,15-2051,0.04660067059128038
222722,300,sw engineer i,NCR Corporation,COMPUTER SCIENCE,15-1252,software developers,15-1252,0.9994786028215038,15-1299,0.00036283751040934204,15-1211,9.377540065614075e-05
222863,390,product designer,"Gro Intelligence, Inc.",HUMAN COMPUTER INTERACTION,15-1252,software developers,15-1252,0.9519465437526089,15-1299,0.025380718205597542,17-2112,0.010115016410076682
222922,300,nan,Apple Inc.,MECH ENGRG,15-1252,software developers,15-1252,0.979144559796114,15-1299,0.012857661159422187,17-2141,0.00603902860840993
223050,1990,principal associates data science,"Capital One Services, LLC",ELECTRICAL AND COMPUTER ENGINEERING,15-1252,software developers,15-1252,0.41704756046085045,15-2051,0.3956569131002494,15-2031,0.14275841431675634
223056,300,systems test engineer,"Qualcomm Technologies, Inc.",ELECTRICAL ENGINEERING,15-1252,software developers,15-1252,0.9995719580263,17-2072,0.0003951199740464809,15-1299,1.944887816215931e-05
223186,190,senior technical writer,"GSG Consultants, Inc.",LITERATURE,17-2199,validation engineers,17-2199,0.2431486562063032,13-1081,0.11649531860751904,17-2131,0.09277422723534912
223197,1100,counsel,SOCIETE GENERALE,LAWS,23-1011,lawyers,23-1011,0.9969255153841724,23-1012,0.002537200130542807,23-2011,9.512111286185352e-05
223203,300,ace technical lead,"Rogers, Freels & Associates, Inc.",MANAGEMENT INFORMATION SYSTEMS,15-1252,software developers,15-1252,0.7617878144746082,15-1299,0.11085173131598414,15-1211,0.06809456210610068
223207,050,lead algorithm engineer,ENGIE North America Inc.,CIVIL & ENVIRONMENTAL ENGRG,17-2051,civil engineers,17-2051,0.9943988731535801,15-2031,0.0010546944058676393,17-2081,0.0008361914858376428
223310,300,nan,Apple Inc.,INFO AND COMM TECHS,15-1252,software developers,15-1252,0.983486214776605,15-1299,0.011375888033390664,15-1253,0.0021893612830584277
223366,1990,associate implementation,"McKinsey & Company, Inc. United States",BUSINESS ADMINISTRATION,13-1111,management analysts,13-1111,0.9991801479164893,15-2051,0.00044165003730520355,15-2031,0.00020926497750970702
223398,030,senior engineer yleld engineers,"GlobalFoundries U.S., Inc.",ELECTRICAL ENGINEERING,17-2071,electrical engineers,17-2071,0.5662835838911708,17-2072,0.41778086454617286,15-1252,0.00961156835141827
223401,500,trader,Citigroup Global Markets Inc.,ECONOMICS,13-2051,financial and investment analysts,13-2051,0.9834163723385125,13-2099,0.015916296501840396,15-2051,0.00026551622094756757
223411,120,process engineer,Systemsoft Inc,MECHANIAL ENGINEERING,17-2112,industrial engineers,17-2112,0.5971153410771151,17-2131,0.35434457607412934,17-2199,0.03964214517164912
223430,300,associate application developer,"ADP Technology Services, Inc.",COMPUTER SCIENCE,15-1252,software developers,15-1252,0.9997785857524025,15-1299,0.00020070769341028774,15-1211,9.057178054495356e-06
223436,300,nan,Tata Consultancy Services Limited,APPLIED COMPUTER SCIENCE,15-1299,computer systems engineers architects,15-1299,0.8284317073310387,15-1211,0.1198188575820406,15-1252,0.04841207258801077
223460,410,bioprocess scientist ii,Ohayo Valley Inc.,BIOLOGY,19-1029,bioinformatics scientists,19-1029,0.8543668317303152,19-1021,0.06611316460758433,19-1042,0.028454587079905776
223528,300,research staff member,IBM Corporation,STATISTICS AND OPERATIONS RESEARCH,15-1211,computer systems analysts,15-1211,0.5963541912895259,15-1251,0.12645860286839747,15-1299,0.11755953156445496
223622,300,java developer,"Eliassen Group, LLC",COMPUTER INFORMATION SYSTEMS,15-1252,software developers,15-1252,0.9975351622856192,15-1299,0.0012740030966820416,15-1251,0.0006017204781897132
223652,1820,assistant estimator,Joy Construction Corporation Corp,CONSTRUCTION ENGINEERING AND MANAGEMENT,17-2051,civil engineers,17-2051,0.6509360637815814,11-9021,0.31298526612261346,13-1051,0.01611473301549913
223785,910,nan,Culver Educational Foundation,ENGLISH/PHILOSOPHY/SPANISH,15-1252,software developers,15-1252,0.436089981579586,15-1299,0.09984761554786603,15-1211,0.06455377691314736
223856,9990,jr project mgr,"CyberGrants, LLC",ENGINEERING MGMT,15-1252,software developers,15-1252,0.6531987923091116,15-1299,0.11617703001175278,15-2051,0.06769926442673398
223906,300,machine learning engineer,"Varian Medical Systems, Inc.",ELECTRICAL ENGINEERING MACHINE LEARNING & DATA SCIENCE,15-1252,software developers,15-1252,0.9859267848586891,15-1221,0.005387228222759143,15-1299,0.003951173542425783
223960,1630,vice president,Morgan Stanley Services Group Inc.,BUSINESS ADMINISTRATION,13-2051,financial and investment analysts,13-2051,0.6291471128434426,13-1111,0.15319613213832187,15-1252,0.11832570221351345
224008,390,machine learning engineer,e2log Inc.,COMPUTER ENGINEERING,15-1252,software developers,15-1252,0.9681949371656686,15-1299,0.02629401202959677,15-2051,0.0029183403724085464
224015,300,nan,Apple Inc.,ECONOMICS,15-1252,software developers,15-1252,0.9639484337500392,15-2051,0.02136650182943403,15-1299,0.008406732880323342
224031,1690,sr associate customer engagement strategy planning,"RIVIAN, LLC",BUSINESS ADMINISTRATION,13-1111,management analysts,13-1111,0.2852535898628974,13-1161,0.21646573695275645,15-1299,0.11020203677671443
224038,300,oracle production support,EALEARN INC,COMPUTER SCIENCE,15-1252,software developers,15-1252,0.9900134550194293,15-1299,0.0040576170843839455,15-1211,0.003004960034150842
224039,300,retail and ecommerce,"Wal-Mart Associates, Inc.",COMPUTER SCIENCE,15-1252,software developers,15-1252,0.9870413562153026,15-1299,0.010934692796536045,15-2051,0.0018521086861728788
224069,300,data engineer,IBM Corporation,MASTER OF APPLIED COMPUTER SCIENCE,15-1299,computer systems engineers architects,15-1299,0.40221373484165696,15-1211,0.35201593003756704,15-1251,0.1601599558794468
224213,300,machine learning engineer,Apple Inc.,ELECTRICAL AND COMPUTER ENGINEERING,15-1252,software developers,15-1252,0.9980439177096906,15-1299,0.0006396525231242287,17-2072,0.0004477487326917274
224270,390,data analyst,"DataSync, Inc",COMPUTER SCIENCE,15-1252,software developers,15-1252,0.4644823033748198,15-2051,0.44754615480131715,15-1299,0.06120011710386128
224290,1600,associate global credit risk,JPMorgan Chase & Co.,ECONOMICS,13-2051,financial and investment analysts,13-2051,0.9478128762346099,13-2011,0.034085901247545215,13-2099,0.007993871131828955
224319,300,senior database engineer,"VisiQuate, Inc.",COMPUTER SCIENCE AND BUSINESS INFORMATION SYSTEMS,15-1252,software developers,15-1252,0.8193893251310723,15-1299,0.08217948553059863,15-1211,0.032649810425344115
224366,200,nan,"IMC Americas, Inc.",COMPUTATIONAL FINANCE,15-2041,statisticians,15-2041,0.5633452628097814,15-2031,0.23416433193448283,13-2051,0.12883409648127186
224415,300,nan,"Edubrite Systems, Inc.",COMPUTER SCIENCE,15-1252,software developers,15-1252,0.9796631415607188,15-1299,0.01434272247294,15-1211,0.0038155581387507055
224417,390,research scientist,"Salesforce.com, Inc.",COMPUTER SCIENCE,15-1252,software developers,15-1252,0.890237761430967,15-1221,0.09196111204398091,15-1299,0.014824671890066027
224608,390,vice president program management shipping logistics,Saks.com LLC,COMPUTER SCIENCE,15-1252,software developers,15-1252,0.9105476941954261,15-1299,0.053086285884752595,15-2051,0.008714915687909044
224612,760,nan,"Interface Rehab, Inc.",PHYSICAL THERAPY,29-1123,physical therapists,29-1123,0.9607483228353161,29-1128,0.013095825467861007,15-1299,0.0052125617928954525
224644,300,nan,Infinera Corporation,COMPUTER SCIENCE,15-1252,software developers,15-1252,0.9846545094054514,15-1299,0.010811848808789737,15-1211,0.0028762487592680604
224655,1610,program operations manager,Draper University LLC,ELECTRICAL ENGINEERING,13-1111,management analysts,13-1111,0.5381829782807931,15-2051,0.17972054403715426,15-2031,0.08335794704487653
224687,1990,associate management consultant,"McKinsey & Company, Inc. United States",PUBLIC AFFAIRS,13-1111,management analysts,13-1111,0.9998170088040306,15-2051,8.403112927351168e-05,15-2031,7.15143150312342e-05
224729,1990,data analyst,"McKinsey & Company, Inc. United States",ANALYTICS,15-2051,business intelligence analysts,15-2051,0.864624624672859,15-2041,0.0581223335774087,15-2031,0.03957504497768536
224733,300,devleoper user interface,Tata Consultancy Services Limited,MANAGEMENT INFORMATION SYSTEMS,15-1299,computer systems engineers architects,15-1299,0.7483434709818403,15-1211,0.17109463848789927,15-1252,0.07239683724058846
224805,300,business analyst,G-INFOTECH INC,BUSINESS ADMINSTRATION,15-1252,software developers,15-1252,0.4848905940962565,15-1211,0.35862758036384057,15-2051,0.06975204281579507
224816,1600,analytical reporting analyst,Transamerica Life Insurance Company,ACTUARIAL SCIENCE,13-2051,financial and investment analysts,13-2051,0.46020522914161693,13-2054,0.2630154360029048,13-2011,0.1928846315135135
224903,300,associate,"The Ayco Company L.P., A Goldman Sachs Company",INFORMATION TECHNOLOGY AND MANAGEMENT,15-1252,software developers,15-1252,0.9630558924049445,15-2051,0.014327021204915328,15-1299,0.010349995427130186
224905,300,nan,DeeBeCon Inc,ELECTRONICS AND COMMUNICATION,15-1252,software developers,15-1252,0.9099000510060183,15-1299,0.0830828076793293,15-1211,0.004517081674314231
225019,300,associate data engineer,"Mosaic Learning, Inc.",INFORMATION SCIENCES TECHNOLOGIES,15-1252,software developers,15-1252,0.8380894147751036,15-1299,0.055604002174422025,15-1211,0.04603747427807377
225101,190,system analysis engineer,Wal Fuel Systems USA Inc,ROBOTICS,17-2199,validation engineers,17-2199,0.7203214532993927,15-1252,0.12333648727690763,17-2141,0.06540591068316504
225184,1990,associate management consultant,"McKinsey & Company, Inc. United States",BUSINESS  ADMINISTRATION,13-1111,management analysts,13-1111,0.9999107087840916,15-2051,5.4025074276257086e-05,15-2031,1.5325932245904655e-05
225266,200,product manager,"Uber Technologies, Inc.",BUSINESS ADMINISTRATION,15-2031,operations research analysts,15-2031,0.6090469149188077,15-2051,0.27203694202891615,15-1252,0.06852818873733765
225475,1620,investment banking associate,HSBC Securities USA Inc.,FINANCE,13-2051,financial and investment analysts,13-2051,0.9914555361840114,13-2099,0.0035081916438505696,15-2031,0.001011613327753703
225515,200,data analyst 2,Cimetrix Incorporated,AGRICULTURAL AND BIOLOGICAL ENGINEERING,15-2031,operations research analysts,15-2031,0.44402128477958813,15-2041,0.4037452359470662,15-2051,0.13558507604283884
225623,300,quality engineer,Intellectt Inc,SCIENCE,15-1252,software developers,15-1252,0.7327512395657514,15-1253,0.0979777822630812,17-2141,0.07849774707040155
225716,300,nan,"Amazon Development Center U.S, Inc.",COMPUTER SCIENCE,15-1252,software developers,15-1252,0.9993227242510214,15-1299,0.0005418721435509465,15-1211,7.207643707074737e-05
225753,300,business systems analyst,CEO Foundry LLC,COMPUTER SCIENCE AND ENGINEERING,15-1252,software developers,15-1252,0.8554113093948585,15-1299,0.1114327270082537,15-1211,0.031219100914175145
225981,300,machine learning enginer,Apple Inc.,MECH ENGRG,15-1252,software developers,15-1252,0.947298748972992,17-2141,0.025055359748587917,15-1299,0.020313934884127426
225998,1990,client service specialist,"MOODY'S ANALYTICS, INC.",QUANTITATIVE FINANCE,13-2051,financial and investment analysts,13-2051,0.43707252950234654,13-2099,0.4327790753591332,15-2051,0.09250605800031315
226065,1990,associate management consultant,"McKinsey & Company, Inc. United States",BUSINESS ADMINISTRATION,13-1111,management analysts,13-1111,0.999947235916511,15-2051,2.842373631704589e-05,15-2031,1.346788642297341e-05
226114,220,senior scientist,"PPD Development, L.P.",CHEMISTRY,19-2031,chemists,19-2031,0.9957950034447978,19-1021,0.003685195968123775,19-1029,0.0004307767878853327
226122,070,senior engineer mems characterization engineering,Knowles Electronics LLC,MECHANICAL ENGINEERING,17-2141,mechanical engineers,17-2141,0.9670211626130873,17-2199,0.026532802743743523,17-2112,0.0036848398006743143
226124,300,associate software engineering,JPMorgan Chase & Co.,INFORMATION TECHNOLOGY ASSURACE ADMINISTRATION BACHELORS IN COMPUTER SCIENCE,15-1252,software developers,15-1252,0.9670455912783503,15-1299,0.012945493665384706,15-2051,0.012924014361171536
226206,120,product and materials test engineer,"DDL, Inc.",ENGINEERING BIOMEDICAL ENGINEERING,17-2112,industrial engineers,17-2112,0.6848571952582824,17-2199,0.09417048234730094,17-2131,0.07825925507490422
226218,1840,americas head operations change management,HSBC Technology & Services USA Inc.,BACHELOR OF SCIENCE IN MANAGEMENT,15-2051,business intelligence analysts,15-2051,0.2475674297090362,11-3071,0.12676342702955376,13-1111,0.07409661317258447
226227,150,nan,Apple Inc.,APPLIED PHYSICS,15-1252,software developers,15-1252,0.999062166313349,15-2051,0.00033528398777597285,15-1253,0.0001366850909854584
226266,300,data engineer,VTech Info Inc,INFORMATION SYSTEMS,15-1252,software developers,15-1252,0.9961206833637943,15-1299,0.001734878851171524,15-2051,0.001371932856825629
226387,1990,associate management consultant,"McKinsey & Company, Inc. United States",BUSINESS ADMINISTRATION,13-1111,management analysts,13-1111,0.999947235916511,15-2051,2.842373631704589e-05,15-2031,1.346788642297341e-05
226430,070,plant modeling sw tools engineer,"Lucid USA, Inc.",MECHANICAL ENGINEERING,17-2141,mechanical engineers,17-2141,0.9956661822176964,17-2112,0.0024946795499530645,17-2199,0.0013721749185527502
226448,1990,associate management consultant,"McKinsey & Company, Inc. United States","BUSINESS, ENGERGY, ENVIRONMENT AND SUSTAINABILITY",13-1111,management analysts,13-1111,0.9997080251979615,15-2051,0.00014197095162296988,15-2031,5.5044984295387624e-05
226483,720,dentist associate,"Igor Elperin DDS, PLLC",DENTAL HEALTH,29-1021,dentists general,29-1021,0.959009750852396,15-1252,0.002917625271060702,15-1299,0.0021817904024582164
226635,1890,operations manager,"Segur Texas, LLC",BUSINESS,13-1111,management analysts,13-1111,0.4095734298368497,11-1021,0.37140885946578145,15-2031,0.06720421788188834
226826,1890,senior product marketing manager,Finco Services Inc,BUSINESS  ADMINISTRATION,13-1111,management analysts,13-1111,0.511416479059868,13-1161,0.17925494016203408,15-1299,0.09508227627825303
227083,300,technology analyst us,Infosys Limited,COMPUTER SCIENCE,15-1299,computer systems engineers architects,15-1299,0.9999328069165032,15-1211,4.478363579872634e-05,15-1252,9.121109183773963e-06
227251,300,sales support lead specialist,"Citibank, N.A.",MASTER OF BUSINESS ADMINISTRATION & BACHELOR OF ARTS IN ECONOMICS,15-1252,software developers,15-1252,0.811742254084612,15-1299,0.1073379394514943,15-2051,0.03360902940417718
227265,300,machine learning engineer,"Epic Creations, Inc.",MATHEMATICS,15-1252,software developers,15-1252,0.9623709321266833,15-2051,0.015839154941934597,15-1299,0.010518468391407331
227273,070,product development engineer i,"Midwest Interventional Systems, Inc",MECHANICAL ENGINEERING,17-2141,mechanical engineers,17-2141,0.9903887786365242,17-2199,0.004528992594152414,17-2112,0.0037738822383158377
227279,1990,associate management consultant,"McKinsey & Company, Inc. United States",BUSINESS ADMINISTRATION,13-1111,management analysts,13-1111,0.999947235916511,15-2051,2.842373631704589e-05,15-2031,1.346788642297341e-05
227282,330,product manager,"Omaze, Inc.",SOFTWARE MANAGEMENT,15-1299,computer systems engineers architects,15-1299,0.987759749402806,15-2051,0.005480047065550265,15-1252,0.004952497991641881
227315,390,data governace practice lead iii,"CareSource Management Services, LLC",INFORMATION SYSTEMS MANAGEMENT,15-1252,software developers,15-1252,0.6280270294353063,15-2051,0.19263638510690814,15-1299,0.08408625944165019
227342,330,senior professional application delivery,DXC Technology Services LLC,NETWORK AND COMMUNICATIONS MANAGEMENT,15-1299,computer systems engineers architects,15-1299,0.9982784888564046,15-1253,0.0010368370730755912,15-1212,0.00020579007121299532
227379,500,growth product mgr,"Scopely, Inc.",MASTER OF BUSINESS ADMINISTRATION,13-1161,market research analysts and marketing specialists,13-1161,0.8179128595062358,13-2051,0.08167961520524873,15-2051,0.04124582043666639
227416,300,analytical associate,"A.T. Kearney, Inc.",MATHEMATICS,15-1252,software developers,15-1252,0.7737192605690908,15-1299,0.059522015025621246,15-2041,0.04673616556713981
227483,1610,chief of staff to ceo,"OMH HealthEdge Holding, Inc.",GENERAL MANAGEMENT ACCOUNTING FINANCE AND STRATEDY,13-1111,management analysts,13-1111,0.6283083447373773,15-2051,0.10629618172275333,13-2051,0.10184983192498885
227540,1600,financial auditor,"Gerson Preston Klein Lips Eisenberg & Gelber, P.A.",BUSINESS ADMINISTRATION,13-2011,accountants and auditors,13-2011,0.7756088922855945,13-2051,0.20269062725804754,13-1111,0.008061178145367772
227711,300,test automation engineer,Astir Technologies LLC,BACHELOR OF SCIENCE DEGREE IN COMPUTER INFORMATION SYSTEMS US EQUIVALENT,15-1252,software developers,15-1252,0.6029553084423643,15-1253,0.35062202989788865,15-1299,0.01836454425331706
227751,300,vice president,Goldman Sachs Services LLC,COMPUTER SCIENCE,15-1252,software developers,15-1252,0.9980423019966337,15-1299,0.0017776617473960346,15-1211,0.00012148571992110378
227767,300,splunk engineer,EALEARN INC,INFORMATION SCIENCE,15-1252,software developers,15-1252,0.9936963141949774,15-1299,0.0033690790115104255,15-1211,0.0015415282642630703
227768,200,data sciencde analyst,"Tiger Analytics, Inc.",DATA SCIENCE,15-2031,operations research analysts,15-2031,0.9396558327405178,15-2041,0.03708773221692326,15-2051,0.021270180452394184
227790,1990,associate management consultant,"McKinsey & Company, Inc. United States",BUSINESS ADMINISTRATION,13-1111,management analysts,13-1111,0.999947235916511,15-2051,2.842373631704589e-05,15-2031,1.346788642297341e-05
227833,1990,product manager,"McKinsey & Company, Inc. United States",BUSINESS ADMINISTRATION,13-1111,management analysts,13-1111,0.95487400853275,15-2051,0.027921300696675356,15-1299,0.005865893246367924
227898,300,nan,Apple Inc.,COMP ENGRG,15-1252,software developers,15-1252,0.9936653480300521,15-1299,0.0055072017892864355,15-1253,0.0005101729136823979
227902,1690,program manager ii,Amazon.com Services LLC,BUS ADMIN,15-2031,operations research analysts,15-2031,0.9332632939804077,13-1161,0.025617989277984456,15-2051,0.016639233399939665
227923,300,business systems analyst,INNOVALY CORP,BUSINESS MANAGEMENT,15-1211,computer systems analysts,15-1211,0.7935496433434267,15-1299,0.10648735790386336,15-1252,0.05789737438451975
227957,200,commercial advisor,"Wood Group USA, Inc.",FINANCE,13-2051,financial and investment analysts,13-2051,0.34512480008380186,15-2031,0.3241733676634933,15-2041,0.11501412374696726
227968,220,associate scientist chemistry,"Agios Pharmaceuticals, Inc.",CHEMISTRY,19-2031,chemists,19-2031,0.9834780021161951,19-1021,0.009627365353866048,17-2131,0.002908838389590414
228018,1630,senior marketing manager,Maplebear Inc,BUSINESS ANALYTICS,13-1161,market research analysts and marketing specialists,13-1161,0.4977992583083921,15-2031,0.2513265759489534,15-2051,0.1707512099009815
228049,300,net sql developer,Info Junction LLC,ELECTRICAL AND COMPUTER ENGINEERING,15-1252,software developers,15-1252,0.9646488558076599,15-1299,0.011552662447048839,15-1251,0.004112127293092852
228144,500,paid media specialist,"Brainlabs USA, LLC",LIBERAL STUDIES SOCIAL AND HISTORICAL STUDIES CONCENTRATION,13-1161,market research analysts and marketing specialists,13-1161,0.7105957411622904,13-2051,0.14056421408634803,13-2099,0.03455890433127316
228148,300,big data engineer i,Rock Central LLC,DATA SCIENE AND BUSINESS ANALYTICS,15-1252,software developers,15-1252,0.8793860539014524,15-1299,0.027561491251748924,15-2031,0.02337055799369054
228202,300,nan,"Uber Technologies, Inc.",COMP SCI,15-1252,software developers,15-1252,0.9995739983454496,15-1299,0.00022301322703896964,15-2051,8.334125225670083e-05
228221,300,big data support engineer,Amazon.com Services LLC,INDUSTRIAL ENGINEERING,15-1252,software developers,15-1252,0.9737772713774772,15-2051,0.012203915708744588,15-1299,0.008433219687859012
228223,300,nan,Apple Inc.,COMPUTER SCIENCE,15-1252,software developers,15-1252,0.9968931343610998,15-1299,0.002671229313552118,15-1253,0.00029111845374013914
228277,300,associate data scientist,"ProKarma, Inc.",DATA ANALYTICS,15-1252,software developers,15-1252,0.7760059781477484,15-2051,0.2078687425675157,15-2031,0.005671147695738971
228282,300,full stack net developer,"ITSTAC, LLC",INFORMATION TECHNOLOGY AND COMPUTING,15-1252,software developers,15-1252,0.9959097478981297,15-1299,0.0018958109727934154,15-1211,0.0006425420580161424
228296,300,machine learning engineer,CALYPSO SOFT INC,COMPUTER SCIENCE,15-1252,software developers,15-1252,0.9956864580248342,15-1299,0.002174200663162104,15-2051,0.0014902528695433027
228306,1610,consultant,"The Boston Consulting Group, Inc.",BUSINESS ADMINISTRATION,13-1111,management analysts,13-1111,0.9994339800768992,15-2031,0.0004606036273750489,15-2051,7.986755519887788e-05
228311,1410,story artist,Pixar,APPLIED ARTS ANIMATION,27-1014,multimedia artists and animators,27-1014,0.7504990133174804,27-1024,0.1767539038428421,27-1021,0.019297638867089406
228317,1990,ops professional mkts mgr,"Bank of America, N.A.",FINANCIAL MATHEMATICS,13-2051,financial and investment analysts,13-2051,0.5170549320120728,15-2031,0.2794206556141846,15-1252,0.18238580897241832
228370,300,consultant data engineer,"Capgemini America, Inc.",COMPUTER SCIENCE AND SOFTWARE ENGINEERING,15-1252,software developers,15-1252,0.8474232441238966,15-1211,0.07187114544065457,15-1299,0.05026796260420881
228401,390,senior analyst marketing science,"Omnicom Media Group Holdings, Inc.",BUSINESS ANALYTICS,15-2051,business intelligence analysts,15-2051,0.9913815573805684,15-1299,0.0028177137824557893,15-2031,0.0018673246162004557
228505,300,it project mgr,Xoriant Corporation,ENGINEERING,15-1252,software developers,15-1252,0.8458305190914542,15-1299,0.14284548026150362,15-1211,0.009545460108773942
228516,010,architectural designer,"Lumen Architectural Engineering, P.C.",ARCHITECTURE,17-1011,architects except landscape and naval,17-1011,0.9813333440222146,17-3011,0.018636703600694315,27-1025,1.9321121992057935e-05
228563,390,nan,ATOS SYNTEL INC,MASTER IN COMPUTER MANAGEMENT,15-1299,computer systems engineers architects,15-1299,0.6223262649474596,15-1252,0.34247089229057226,15-1253,0.022324251266165548
228565,1600,manager,Morgan Stanley Services Group Inc.,INFORMATION TECHNOLOGY AND TECHNOLOGY MANAGEMENT,13-2011,accountants and auditors,13-2011,0.7438757923158351,13-2051,0.2052513091565255,15-1211,0.039003596263448244
228566,300,ux researcher,"Meta Platforms, Inc.",FAMILY SOCIAL SCIENCE & BUSINESS,15-1252,software developers,15-1252,0.9203170808485763,15-1221,0.04094639309357168,15-1299,0.02902963651042112
228577,300,nan,Apple Inc.,COMPUTER SCIENCE,15-1252,software developers,15-1252,0.9968931343610998,15-1299,0.002671229313552118,15-1253,0.00029111845374013914
228592,030,nan,"Siemens Energy, Inc.",ELECTRICAL ENGINEERING,17-2071,electrical engineers,17-2071,0.875477485110653,15-1252,0.061476625469004835,17-2072,0.0570145031023847
228708,300,data scientist with nlp and ai,"Dun & Bradstreet, Inc.",DATA SCIENCE,15-1252,software developers,15-1252,0.8997836543226319,15-2051,0.05253934786898608,15-1299,0.015099634301007936
228744,1600,portfolio manager,"Tower Research Capital, LLC",FINANCE AND ACCOUNTING,13-2051,financial and investment analysts,13-2051,0.9559936886282268,13-2011,0.04325556955836747,13-2099,0.0003725285699656012
228765,300,data scientist,IBM Corporation,DATA SCIENCE,15-1252,software developers,15-1252,0.4343419722905893,15-2051,0.3916557871490137,15-1211,0.08237124672183062
228882,300,sr analyst gtm analytics,"Palo Alto Networks, Inc.",BUSINESS ADMINISTRATION BUSINESS ANALYTICS,15-1252,software developers,15-1252,0.8348656379971859,15-1299,0.11271569654530876,15-1211,0.017059737222756235
228950,300,battery algorithm simulation engineer,Apple Inc.,CHEMICAL ENGINEERING,15-1252,software developers,15-1252,0.9692501659728908,15-1299,0.017791671076439915,15-1253,0.004730659421308529
229058,200,nan,Goldman Sachs & Co LLC,MATHEMATICS IN FINANCE,13-2099,financial quantitative analysts,13-2099,0.47351338609028315,13-2051,0.3560229825723652,15-2051,0.09605902824779641
229257,300,human fact design engineer,Apple Inc.,BIOMEDICAL ENGINEERING,15-1252,software developers,15-1252,0.9123196442279284,15-1299,0.02542844500811403,15-1253,0.025128798607077788
229315,300,data engineer,LatentView Analytics Corporation,COMPUTER INFORMATION SYSTEMS,15-1252,software developers,15-1252,0.9862310959913414,15-2051,0.007502491273149192,15-1299,0.005201995542326782
229323,1600,finance analyst,"Siemens Industry, Inc.",CORPORATE FINANCE MANGEMENT SCIENCE,13-2051,financial and investment analysts,13-2051,0.7265389037129516,13-2011,0.2476069718159511,15-2051,0.010035355174945389
229362,300,data analyst sr,"Pyramid Consulting, Inc.",ELECTRICAL ENGINEERING,15-1252,software developers,15-1252,0.6617836901384567,15-1299,0.10448533574632321,15-2051,0.07846175499148454
229453,1690,vice persident of engineering,"LHP Data Analytic Solutions, LLC",MD SURGERY EQUIVALENT COMBINATION OF EDUCATION AND EXPERIENCE IN COMPUTER INFORMATION SYSTEMS,13-1161,market research analysts and marketing specialists,13-1161,0.16862359529263896,15-1299,0.13600763826006027,15-2051,0.13446118323602424
229469,300,solution specialist,Deloitte Consulting LLP,INDUSTRIAL ENGINEERING,15-1252,software developers,15-1252,0.9561851847309251,15-2031,0.02870402494878894,15-1299,0.010460113491660416
229509,080,s t research engineer expert,"PPG Industries, Inc.",CHEMICAL ENGINEERING,17-2041,chemical engineers,17-2041,0.872292046373426,19-2031,0.08005736874741395,17-2131,0.019436056031110933
229536,300,nan,"Staffigo Technical Services, LLC",INFORMATION SYSTEMS,15-1252,software developers,15-1252,0.5827792497592929,15-1299,0.20292211298243001,15-1211,0.19999600477884452
229543,330,rf bench test engineer,"Innophase, Inc.",ELECTRICAL ENGINEERING,15-1299,computer systems engineers architects,15-1299,0.6252166783957381,17-2071,0.12456707793191185,15-1253,0.10801949308173761
229573,300,it project sr mgr,"Citibank, N.A.",INFORMATION TECHNOLOGY & BUSINESS ADMIN,15-1252,software developers,15-1252,0.811742254084612,15-1299,0.1073379394514943,15-2051,0.03360902940417718
229596,500,search associate,"Merkley and Partners, Inc.",ADVERTISING & INTERGRATED MARKETING COMMUNICATIONS,13-1161,market research analysts and marketing specialists,13-1161,0.3353619367651857,13-2051,0.2910677779403633,15-1252,0.07273046318854769
229599,110,product analyst,"Alto Pharmacy, LLC.",QUANTITATIVE MANAGEMENT,15-2031,operations research analysts,15-2031,0.6622420751779778,15-2051,0.2131997220208847,17-2112,0.0429444318976294
229625,120,manufacturing specialist material plan execution,GE RENEWABLES GRID LLC,INDUSTRIAL ENGINEERING,17-2112,industrial engineers,17-2112,0.9638041947718956,17-2199,0.01820422542710994,15-2031,0.005686613518738307
229727,070,sr pt thermal product engineer,Lordstown Motors Corp.,AUTOMOTIVE ENGINEERING,17-2141,mechanical engineers,17-2141,0.9984033667556094,17-2112,0.0007128110699349922,17-2199,0.0006529577923574981
229752,190,sales operations planning manager,"Siemens Gamesa Renewable Energy, Inc.",MANAGEMENT INFORMATION SYSTEMS,15-1252,software developers,15-1252,0.3558001211383029,15-1299,0.345810828181338,15-2051,0.12640272644571454
229799,300,system development engineer i,Amazon.com Services LLC,COMPUTER SCIENCE,15-1252,software developers,15-1252,0.9997427646490478,15-1299,0.00017333274156666105,15-2051,4.0112506007901336e-05
229863,300,nan,Apple Inc.,ELEC ENGRG,15-1252,software developers,15-1252,0.9927908293655118,15-1299,0.004979505811167606,17-2072,0.0007647421961312983
229867,300,nan,Apple Inc.,TELECOMMUNICATIONS,15-1252,software developers,15-1252,0.9906230967059731,15-1299,0.007732766267918395,15-1253,0.0010559432992514447
229903,790,ehs specialist,Weee Inc.,BACHELOR OF ARTS MAJOR IN SUSTAIABLE ENVIRONMENT DESIGN,15-2041,statisticians,15-2041,0.29242092478087556,15-2051,0.12566144086747963,19-1042,0.053516685590661736
229948,300,consultant,"ProKarma, Inc.",INFORMATION TECHNOLOGY MANAGEMENT COMPUTER SCIENCE,15-1252,software developers,15-1252,0.9355949830815996,15-1299,0.030154428909630573,15-1211,0.025678148472330485
229975,300,implementation engineer,Apple Inc.,COMP ENGRG,15-1252,software developers,15-1252,0.9816387252943889,15-1299,0.010792358556273274,17-2072,0.005315497548064433
229980,390,research scientist,Amazon.com Services LLC,COMPUTER SCIENCE,15-1252,software developers,15-1252,0.8704545502198334,15-1221,0.12149945033810472,15-2051,0.005086050176630749
230019,500,nan,Zorbis Inc,MARKETING,13-1161,market research analysts and marketing specialists,13-1161,0.9320140146173064,15-2051,0.017003627938103505,13-2051,0.015114146600659588
230024,1610,consultant,"The Boston Consulting Group, Inc.",BUSINESS ADMINISTRATION,13-1111,management analysts,13-1111,0.9994339800768992,15-2031,0.0004606036273750489,15-2051,7.986755519887788e-05
230044,300,associate consultant technology implementation l1,WIPRO LIMITED,INFORMATION AND TECHNOLOGY MANAGEMENT,15-1211,computer systems analysts,15-1211,0.4719299080346904,15-1251,0.39552543457539363,15-1299,0.10022087249073992
230102,300,java full stack developer,Raven Software Solutions Inc,TECHNOLOGY,15-1252,software developers,15-1252,0.9997108266577258,15-1211,0.00019647817466903367,15-1299,5.3222876436380826e-05
230164,300,associate cloud operations engineer,"Zscaler, Inc.",TELECOMUNICATION NETWORKS,15-1252,software developers,15-1252,0.8593651417058494,15-1299,0.09802676027019513,15-1253,0.019276171647035968
230199,390,system engineer erp,"Trikaiser, LLC",COMPUTER ENGINEERING,15-1252,software developers,15-1252,0.8145072649338596,15-1299,0.1260851292456114,15-1211,0.02770237201172039
230250,300,nan,"EAC Design, Inc",MGT INFO SYSTEMS,15-1252,software developers,15-1252,0.9273886011580456,15-1299,0.0462709805638453,15-1211,0.018578333287099385
230264,300,database engineer,"Sanra Solutions, Inc.",INFORMATION SYSTEMS,15-1252,software developers,15-1252,0.9649060472927175,15-1299,0.011901347471639208,15-1211,0.008356795505404404
230292,300,data engineer,Selfbook Inc.,BACHELOR OF SCIENCE IN COMPUTER SYSTEMS ENGINEERING,15-1252,software developers,15-1252,0.6859308886944909,15-1299,0.17067836101186332,15-2051,0.05625916074579125
230455,1690,senior analyst decision sciences,"Universal McCann Worldwide, Inc.",INFORMATICS WITH CONCENTRATION IN ANALYTICS,15-2051,business intelligence analysts,15-2051,0.42559118006878466,15-2041,0.11185537577509913,13-1161,0.10537823702407763
230456,300,junior developer,Akuna Capital LLC,MECHANICAL ENGINEERING,15-1252,software developers,15-1252,0.9973420471108001,15-1299,0.0014890490145209648,17-2141,0.00046164700394925827
230470,300,quality engineer,IBM Corporation,COMPUTER ENGINEERING,15-1252,software developers,15-1252,0.6878073439609377,15-1253,0.1103464993028422,15-1299,0.10462546139147064
230484,300,sdet software dev engineer in test,Ursi Technologies Inc,COMPUTER SCIENCE OR EQUIVALENT,15-1252,software developers,15-1252,0.9982459040008395,15-1253,0.00047911421653449617,15-1299,0.0004578551131625657
230492,070,engineer staff algorithm development engineer,The Goodyear Tire & Rubber Company,MECHANICAL ENGINEERING,17-2141,mechanical engineers,17-2141,0.9916035694748635,17-2199,0.0045345477648378665,17-2112,0.001889255602958113
230615,390,chromebook product manager,Lenovo United States Inc.,INTEGRATED INNOVATION FOR PRODUCTS AND SERVICES,15-1299,computer systems engineers architects,15-1299,0.3210505506594531,15-1252,0.2625411681232139,15-2051,0.13292291976713044
230905,1370,localization producer,"Riot Games, Inc.",TRANSLATION AND LOCALIZATION MANAGEMENT,15-1299,computer systems engineers architects,15-1299,0.163223196707578,15-2051,0.1018932686175035,27-3091,0.09023233054174111
230959,390,nan,"ORDWAY LABS, INC.",COMPUTER SCIENCE,15-1252,software developers,15-1252,0.9654127853563514,15-1299,0.02837388803863137,15-1211,0.0023216471213290965
231027,1600,tax associate,"N&K CPAs, Inc.",TAXATION,13-2011,accountants and auditors,13-2011,0.998777466830534,13-2051,0.0011459062780836274,13-2099,4.783925909011882e-05
231147,1990,asst dir sr financial engineer,"MOODY'S ANALYTICS, INC.",BUSINESS ADMINISTRATION,13-1111,management analysts,13-1111,0.38182138606629146,13-2051,0.1969253803095845,15-1252,0.18810785181777653
231162,1600,assurance staff audit services,Ernst & Young U.S. LLP,ACCOUNTING,13-2011,accountants and auditors,13-2011,0.9998807097776345,13-2051,0.00011855755707123941,13-2054,2.844705236107666e-07
231226,390,engineer 1,"McKinsey & Company, Inc. United States",COMPUTER SCIENCE,15-1252,software developers,15-1252,0.9849600334089346,15-1299,0.009903215387427614,15-2051,0.004207740465006456
231271,300,design release engineer,"Zoox, Inc.",MECHANICAL ENGINEER,17-2141,mechanical engineers,17-2141,0.8734349324064684,15-1252,0.11514004205302178,15-1299,0.0029224034352202657
231272,390,senior data engineer,Storj Labs Inc.,BUSINESS ADMINISTRATION INFORMATION SYSTEMS AND DATA SCIENCE,15-1252,software developers,15-1252,0.8709604321754947,15-2051,0.05658128248632434,15-1299,0.046496111404029816
231274,200,associate,PricewaterhouseCoopers LLP,MANAGEMENT INFORMATION SYSTEMS AND BUSINESS ADMINISTRATION,15-2031,operations research analysts,15-2031,0.7138035419355432,13-2051,0.1223805533663237,15-2051,0.06549527428999063
231299,390,principal consultant,GLOBAL APPLICATIONS SOLUTION LLC,BACHELOR OF SCIENCE COMPUTER SCIENCE,15-1252,software developers,15-1252,0.8244972157755703,15-1299,0.08283326814053314,15-1211,0.047355012757657244
231300,050,nan,Thornton Tomasetti,CIVIL ENGINEERING,17-2051,civil engineers,17-2051,0.9999053307290392,15-1252,4.454668632180254e-05,15-1299,2.0629649866359194e-05
231371,300,business analyst,"Colsh Consultants, LLC",PROFESSIONAL STUDIES,15-1211,computer systems analysts,15-1211,0.901006925397672,15-2051,0.03774470655537459,15-1299,0.03133990916751337
231489,300,consultant us,Infosys Limited,ELECTRONICS AND COMMUNICATION ENGINEERING,15-1299,computer systems engineers architects,15-1299,0.9999676179111051,15-1211,2.1401994887080512e-05,15-1251,5.4780473184965525e-06
231565,330,senior data operations supervisor,"Blue Box Air, LLC",BUSINESS ADMINISTRATION BUSINESS INTELLIGENCE ANALYTICS,15-1299,computer systems engineers architects,15-1299,0.7321060038026721,15-1253,0.09280890238360208,15-1252,0.09005686087499122
231600,290,optical scientist,"Meta Platforms, Inc.",PHYSICS AND MATHEMATICS,15-2051,business intelligence analysts,15-2051,0.6086849337261999,15-2041,0.18375003812157248,15-1221,0.10776346000667184
231609,300,software applications developer,Riese Cloud Tek LLC,MASTER OF SCIENCE,15-1252,software developers,15-1252,0.9958169400613415,15-1251,0.0035404504683165207,15-1299,0.00028271950843525794
231615,200,model analysis validation senior analyst,"Citibank, N.A.",BIOSTATISTICS PROBABILITY AND STATISTICS,13-2099,financial quantitative analysts,13-2099,0.5949009764284738,15-2051,0.1844840028055584,15-2041,0.18096676833997258
231624,190,lead research development engineer,"Phuc Labs, INC",PH D CHEMICAL ENGINEERING,17-2199,validation engineers,17-2199,0.2094287874991586,15-1299,0.10256659591594804,15-1252,0.0991949180892578
231688,300,product specialist iii,Thermo Fisher Scientific Inc.,BIOLOGY,15-1252,software developers,15-1252,0.8144455283155642,15-1299,0.06448709563349425,15-2031,0.03417584054553875
231714,300,supplier quality engineer,Satya Soft Solutions LLC,ENGINEERING,15-1252,software developers,15-1252,0.8959891481073304,15-1299,0.02596114117877073,17-2141,0.02463698405262483
231748,070,product development engineer,"SPX FLOW, Inc.",MECHANICAL ENGINEERING,17-2141,mechanical engineers,17-2141,0.9967592539266401,17-2199,0.0024244899910709455,17-2112,0.0007327055727152912
231759,1600,analyst,"Morgan Stanley & Co, LLC",FINANCE,13-2051,financial and investment analysts,13-2051,0.9960232660818235,13-2099,0.0033982152693852797,13-2011,0.0005329380496020973
231778,030,senior signal integrity engineer,Cruise LLC,ELECTRICAL ENGINEERING,17-2071,electrical engineers,17-2071,0.7880845988003894,17-2072,0.14475958715023238,15-1252,0.055134674783030295
231785,1990,nan,"McKinsey & Company, Inc. United States",JURIS DOCTOR,13-1111,management analysts,13-1111,0.951392702777462,15-2051,0.020443172325427535,15-1252,0.014258795038358486
231821,1620,buyer asian unit business manager,Thai Imports Limited,MANAGEMENT INFORMATION SYSTEMS,15-2051,business intelligence analysts,15-2051,0.25475216418468666,15-2031,0.21137307446991518,15-1299,0.11946793605283752
231827,300,machine learning engineer software developer systems softwar,Apple Inc.,COMPUTER ENGINEERING,15-1252,software developers,15-1252,0.9794890005756346,15-1299,0.013823729634608675,15-1253,0.003199118500591079
231867,1860,chief investment officer,VAULT DEVELOPMENT PARTNERS LLC,ACCOUNTING,13-2011,accountants and auditors,13-2011,0.5157871718290202,13-2051,0.3878209000849517,11-3031,0.04901141841621295
231958,330,senior data engineer,"Blackbaud, Inc.",INFORMATION TECHNOLOGY,15-1299,computer systems engineers architects,15-1299,0.6717496151506769,15-1252,0.3020317507074858,15-2051,0.012670905782970825
232016,300,application developer,IBM Corporation,BACHELOR OF SCIENCE IN COMPUTER ENGINEERING,15-1211,computer systems analysts,15-1211,0.5559864149428977,15-1251,0.354035050830849,15-1252,0.08485256233900826
232021,1690,nan,NFE Management LLC,GLOBAL AFFAIRS ENVIRONMENT / ENERGY POLICY,15-1299,computer systems engineers architects,15-1299,0.2883089495650937,13-2051,0.21905477392645573,15-2051,0.13805767780144992
232080,130,head of business development and strategy,"Re-Nuble, Inc.",SUSTAINABILITY MANAGEMENT,13-2051,financial and investment analysts,13-2051,0.16263360152674108,15-1252,0.14135885543418525,15-2051,0.10559744767157263
232110,300,pathways operations manager,Amazon.com Services LLC,BUS ADMIN,15-1252,software developers,15-1252,0.929272693444437,15-1299,0.02647937309443173,15-2051,0.026067683294275137
232143,300,nan,Apple Inc.,CHEMICAL ENGRG,15-1252,software developers,15-1252,0.977052869749005,15-1299,0.018876423039469025,15-2051,0.001443134463460212
232163,300,seo product lead,The Sage Board Inc,SOFTWARE ENGINEERING,15-1252,software developers,15-1252,0.9428934134625604,15-1299,0.03455595670810973,15-1211,0.01083665834249082
232303,9990,r d chef,A & R All God's Children LLC,BACHELOR OF SCIENCE HOTEL AND CATERING MANAGEMENT,15-1252,software developers,15-1252,0.23258318145503326,15-1299,0.10111914176921473,15-2051,0.07576027187488106
232489,120,quality manager product production,"ams OSRAM Automotive Lighting Systems USA, Inc.",MECHATRONICS ENGINEERING,17-2112,industrial engineers,17-2112,0.7488281477367074,17-2199,0.15445009928166165,17-2141,0.044298493010855367
232498,790,senior scientist,Sanofi US Services Inc.,COMPULATIONAL AND DATA ENABLED SCIENCES,19-1029,bioinformatics scientists,19-1029,0.34304005935991466,19-1021,0.2398443100288044,19-1042,0.20710753795378994
232517,1100,associate,"Weil, Gotshal & Manges LLP",JURIS DOCTOR,23-1011,lawyers,23-1011,0.9999855447918826,13-2051,5.276243836960576e-06,13-2011,3.0248447212964007e-06
232527,300,developer,Luminary Creative and Marketing LLC,COMPUTER INFORMATION SYSTEMS,15-1252,software developers,15-1252,0.9531471510903758,15-1251,0.03741261353882255,15-1299,0.00621864541809116
232531,9990,senior surgery veterinarian technician,"Hope Animal Clinic, PC",VETERINARY,15-1252,software developers,15-1252,0.23324587857779594,15-1299,0.10140725961113034,15-2051,0.07597613492171494
232542,1610,strategy consultant,Siemens Advanta Solutions Corp.,MANAGEMENT SCIENCE AND QUANTITATIVE METHODS,13-1111,management analysts,13-1111,0.8741122726312093,15-2051,0.06215556652966426,13-2051,0.038097876673192727
232559,300,solutions architect,"Defense In Depth Solutions, Inc.",BUSINESS ADMINISTRATION,15-1252,software developers,15-1252,0.5114771543788691,15-1299,0.4754452161989982,15-1211,0.009640058482341134
232585,300,devops engineer,Strategic Resources International Inc,COMPUTER SCIENCE,15-1252,software developers,15-1252,0.9943735619197237,15-1299,0.005450174147364463,15-1251,8.845653227637218e-05
232622,1990,practice specialist,"McKinsey & Company, Inc. United States",BUSINESS ADMINISTRATION,13-1111,management analysts,13-1111,0.9781748520972241,15-2051,0.009740838441777352,15-1252,0.0058276010202877575
232643,300,nan,Pro IT Inc,COMPUTER SCIENCE,15-1252,software developers,15-1252,0.9801672354242209,15-1299,0.01614386547084661,15-1211,0.002863141099578559
232737,070,principal product development engineer,"Gener8, LLC",MATERIAL SCIENCE AND ENGINEERING,17-2141,mechanical engineers,17-2141,0.9230551188501964,17-2199,0.02822203476432119,17-2112,0.028008184841287188
232786,1410,associate designer,Visual Concepts,GAMES AND PLAYABLE MEDIA,27-1024,graphic designers,27-1024,0.8376671611783696,27-1014,0.060960908500740874,27-1021,0.04656588928974202
232912,190,nan,Modern Market Master Inc,BACHELOR OF ARTS IN LEGAL STUDIES,15-1299,computer systems engineers architects,15-1299,0.19766811693997235,13-1081,0.14404937193686215,17-2199,0.13741404429817639
232969,200,data scientist,"SFL SCIENTIFIC, LLC",GEOLOGY,15-2041,statisticians,15-2041,0.7977207553120249,15-2031,0.11237401108986159,15-2051,0.086227144957919
232987,1990,capabilities and insights analytics specialist,"McKinsey & Company, Inc. United States",BUSINESS ANALYTICS,13-1111,management analysts,13-1111,0.5679632888054682,15-2051,0.31637693322452654,15-2031,0.061521324448806355
232996,1610,nan,"Golden Qi Holdings, LLC",FINANCIAL ENGINEERING,13-2051,financial and investment analysts,13-2051,0.8185678903479726,15-2051,0.09543449880952899,13-1111,0.02650919629005318
233021,410,research associate ii oes 19 1021,"Hengenix Biotech, Inc.",PHYSIOLOGY,19-1029,bioinformatics scientists,19-1029,0.8371298596076543,19-1021,0.07855218265634856,19-1042,0.027961389643855493
233143,300,project product manager,"One Sky Flight, LLC",PROJECT MANAGEMENT,15-1299,computer systems engineers architects,15-1299,0.7221714182600282,15-1252,0.13027883795329023,15-1211,0.08069129508761427
233228,300,nan,Amazon.com Services LLC,INFO SYSS,15-1252,software developers,15-1252,0.9968187368981293,15-1299,0.001934260936393839,15-2051,0.0010696816974362568
233255,300,sftw developer,Wise IT Inc,ELECTRONICS AND COMMUNICATION ENGINEERING,15-1252,software developers,15-1252,0.9819409660830777,15-1299,0.011948023931272679,15-1211,0.0029769921905508684
233317,030,head of research,Devron Corporation,ELECTRICAL AND COMPUTER ENGINEERING,17-2072,electronics engineers except computer,17-2072,0.6432655779471342,17-2071,0.3126543323162881,15-1221,0.019255577811439432
233340,390,business analyst,"Tzadik Properties, LLC",INFORMATION TECHNOLOGY,15-1252,software developers,15-1252,0.5170152810208886,15-1299,0.2167149905800987,15-1211,0.19313404644354842
233396,300,data analyst,MACHINE LEARNING TECHNOLOGIES LLC,MASTER OF SCIENCE IN BUSINESS ANALYTICS,15-2051,business intelligence analysts,15-2051,0.48284610275196893,15-1252,0.39017905820716836,15-1211,0.10495639874055786
233405,1600,program manager ii,Amazon.com Services LLC,ACCOUNTING,13-2011,accountants and auditors,13-2011,0.9944233809353221,15-2031,0.003832719047558069,13-2051,0.001446013174478419
233432,1990,business analyst,"McKinsey & Company, Inc. United States",ECONOMICS AND COMPUTER SCIENCE,13-1111,management analysts,13-1111,0.921023937793568,15-2051,0.06816718250743928,15-2031,0.004765971268799764
233464,410,organism engineer,"Ginkgo Bioworks, Inc.",PHD CELLULAR MELECULAR BIOMEDICAL STUDIES,19-1029,bioinformatics scientists,19-1029,0.8227323209461984,19-1021,0.16212249449963154,15-2041,0.0024466513175706232
233467,300,technology lead us,Infosys Limited,COMPUTER APPLICATIONS,15-1299,computer systems engineers architects,15-1299,0.9999328205619504,15-1211,5.868971022604566e-05,15-1251,4.503892950212502e-06
233527,300,solution analyst,Deloitte Consulting LLP,COMPUTER SCIENCE,15-1252,software developers,15-1252,0.9894963413119697,15-1299,0.008588097225809749,15-1211,0.0014123154456944453
233571,9990,international relations specialist,Gorin Tennis Academy,INTERNATIONAL RELATIONS,13-1161,market research analysts and marketing specialists,13-1161,0.210949015052377,13-2051,0.15846051277794168,15-2051,0.11286649250242005
233775,190,nan,Halomine Inc.,MATERIALS SCIENCE AND ENGINEERING,17-2131,materials engineers,17-2131,0.4303119290267845,15-1252,0.1809277915819148,17-2199,0.1251929961269221
233867,1690,client director,"Oceanside Ten Management, Inc.",ENGINEERING MANAGEMENT,15-2051,business intelligence analysts,15-2051,0.2823099126016874,15-2031,0.23750609823716395,15-1299,0.22788527754180013
233966,790,prosthetist orthotist,"Bionic Prosthetics & Orthotics Group, LLC",PROSTHETICS & ORTHOTICS,15-2041,statisticians,15-2041,0.2044088934568679,15-2051,0.10026206036431187,15-2031,0.07772754402080838
234055,200,senior clinical sas programmer,"TruMinds Technologies, Inc.",EPIDEMIOLOGY,15-2041,statisticians,15-2041,0.9974500940065998,15-2031,0.0023525314812618656,15-2051,8.551932367986925e-05
234105,1600,accountant,Citi Diamonds Inc.,COMMERCE,13-2011,accountants and auditors,13-2011,0.9995088684896853,13-2051,0.00042425461089896417,15-1252,1.571096064473119e-05
234182,220,sr scientist bio process,Merck Sharp & Dohme Corp.,PHARMACEUTICS,19-2031,chemists,19-2031,0.9575671244626108,19-1021,0.02617028750032781,19-1029,0.007657409717624868
234196,1100,corporate associate,"Wachtell, Lipton, Rosen & Katz",LAW,23-1011,lawyers,23-1011,0.9999453933667162,23-1012,4.779734741522989e-05,23-2011,2.397339095669689e-06
234474,300,senior associate,WILLIS TOWERS WATSON US LLC,INFORMATION TECHNOLOGY,15-1252,software developers,15-1252,0.6261490086298027,15-1299,0.315843088335144,15-1211,0.03287162351680812
234484,300,java developer,Agiletal Technologies Inc.,BUS ADMIN,15-1252,software developers,15-1252,0.9936943322165523,15-1299,0.005330832710561733,15-1251,0.0005649785181898556
234592,1990,data scientist,Lazard Freres & Co LLC,MANAGEMENT SCIENCE AND ENGINEERING,15-2051,business intelligence analysts,15-2051,0.8323386360262611,15-2031,0.09100433366555662,15-2041,0.05221377888143888
234691,070,global operational excellence director,HVL LLC,MECHANICAL ENGINEERING,17-2141,mechanical engineers,17-2141,0.9847811813738878,17-2199,0.009006698729852774,17-2112,0.003752514456122061
234734,1420,industrial designer,"Enlisted Ventures, LLC",INDUSTRIAL DESIGN,27-1021,commercial and industrial designers,27-1021,0.9975699326239199,27-1024,0.0009401489245955588,17-2112,0.0008063533010624253
234755,300,azure data engineer,Logic Loops LLC,BACHELOR OF SCIENCE IN COMPUTER SCIENCE,15-1252,software developers,15-1252,0.9777580584436858,15-1299,0.01037792042878602,15-1251,0.0069382622839601355
234816,1610,consultantt,"The Boston Consulting Group, Inc.",BUSINESS ADMINISTRATION,13-1111,management analysts,13-1111,0.9966885521571416,15-2031,0.001630608685156149,15-2051,0.0010066189481526325
234948,1610,vice president product development,JPMorgan Chase & Co.,OPERATIONS MANAGEMENT AND INDUSTRIAL ENGINEERING,13-2051,financial and investment analysts,13-2051,0.3622670557707741,13-1111,0.28984930122649327,15-2051,0.26118784864739814
234974,1630,sales manager,PERKINS ROOFING CORP,COMMERCE,13-1161,market research analysts and marketing specialists,13-1161,0.5134860971149624,11-2022,0.16032918773525287,15-1299,0.07380579957373358
235035,1850,pathways operations manager,Amazon.com Services LLC,SUPPLY CHAIN MANAGEMENT AND BUSINESS ANALYTICS,11-3071,transportation storage and distribution managers,11-3071,0.8504376017745354,15-2051,0.05548658395371697,15-2031,0.03669779716938473
235046,300,nan,Amazon.com Services LLC,DATA ANALYTICS ENGRG,15-1252,software developers,15-1252,0.9894809261252734,15-2051,0.005802649300954642,15-1299,0.004081359088848319
235060,500,nan,Saks.com LLC,MASTER OF SCIENCE IN INTEGRATED MARKETING MARKETING ANALYTICS,13-1161,market research analysts and marketing specialists,13-1161,0.571469968330729,13-2051,0.21295431383709404,15-2051,0.05883528499096948
235079,300,technical test lead us,Infosys Limited,COMPUTER SCIENCE MATHEMATICS AND PHYSICS,15-1299,computer systems engineers architects,15-1299,0.9817014067141567,15-1253,0.017803758941837704,15-1211,0.0004146443406692068
235107,200,team lead revenue management,The Hertz Corporation,BUSINESS ADMINISTRATION WITH A CONCENTRATION IN FINANCE,15-2031,operations research analysts,15-2031,0.8276505860007545,13-2051,0.05263964706505603,15-2041,0.048241485167638175
235169,200,legal systems analyst,Charlee.ai,INSURANCE LAW,15-2031,operations research analysts,15-2031,0.3978143883089711,15-2041,0.3215643896968118,15-2051,0.13381996975893373
235322,300,java developer,Emonics LLC,COMPUTER SCIENCE AND INFORMATION TECHNOLOGY,15-1252,software developers,15-1252,0.9996963595040957,15-1299,0.0002605227727196863,15-1251,3.264810091812745e-05
235376,300,device engineer,"Power Integrations, Inc.",ELECTRONICS ENGINEERING,15-1299,computer systems engineers architects,15-1299,0.3326711299850859,15-1252,0.2874599706010042,15-1211,0.20209241099980396
235381,120,engineer ii,SMITHS MEDICAL ASD INC.,ENGINEERING MANAGEMENT,17-2112,industrial engineers,17-2112,0.9226507418203509,17-2199,0.030688234495370108,17-2141,0.020140931422575344
235407,1830,nan,WHIRLPOOL CORPORATION,BUSINESS ADMINISTRATION,15-1252,software developers,15-1252,0.397517882235979,13-1111,0.19318195993611795,15-2031,0.09881198920312868
235458,500,associate,"Cornerstone Research, Inc.",BUSINESS ADMIN W CONCENTRATION IN ECONOMICS,19-3011,economists,19-3011,0.6630054277832935,13-2051,0.2829661465606171,13-2099,0.02010498404091109
235516,300,machine learning engineer,Apple Inc.,SYMBOLIC SYSTEMS,15-1252,software developers,15-1252,0.9911129164088068,15-1299,0.00484642010032492,15-2051,0.0023311978984408305
235744,010,designer,Elysian Landscapes Inc.,LANDSCAPE ARCHITECTURE,17-1011,architects except landscape and naval,17-1011,0.7152778187352988,17-1012,0.1784121523969147,17-3011,0.10074470151514993
235897,300,nan,"Keep Truckin, Inc.",INFORMATION TECHNOLOGY AND MANAGEMENT,15-1252,software developers,15-1252,0.9604593953734809,15-1299,0.02250335879911759,15-1211,0.011753142996677273
235899,1190,law clerk,Hogan Lovells US LLP,LAW,23-1011,lawyers,23-1011,0.9649248373651736,23-1012,0.033937002617402165,23-2011,0.0011165968115726236
235930,080,nan,"Nissan North America, Inc.",CHEMICAL ENGINEERING,17-2041,chemical engineers,17-2041,0.44255121226198546,17-2141,0.13323509102738013,17-2131,0.10692204557466535
235943,500,product manager,Maplebear Inc,ECONOMICS,13-2051,financial and investment analysts,13-2051,0.6266450544877841,13-1161,0.250189291727222,15-2051,0.06693164876139032
235957,1690,associate psychometrician measurement testing examinations,"National Council of State Boards of Nursing, Inc.",Education,13-1161,market research analysts and marketing specialists,13-1161,0.16501238350297573,15-1299,0.13309492378545423,15-2051,0.13158158735674463
235983,390,program manager,Microsoft Corporation,COMPUTER SCIENCE,15-1252,software developers,15-1252,0.979005522910324,15-1299,0.020512845592838818,15-2051,0.0004540123485688602
236016,1600,vice president,Credit Suisse Securities USA LLC,FINANCE,13-2051,financial and investment analysts,13-2051,0.993297829063908,13-2011,0.005642992488523169,13-2099,0.0009749580460370064
236100,300,technology analyst us,Infosys Limited,COMPUTER SCIENCE,15-1299,computer systems engineers architects,15-1299,0.9999328069165032,15-1211,4.478363579872634e-05,15-1252,9.121109183773963e-06
236162,1100,associate attorney,"Gibson, Dunn & Crutcher LLP",LAW,23-1011,lawyers,23-1011,0.9999993352861913,23-1012,5.823341218683554e-07,23-2011,2.920773709406006e-08
236218,990,educational counselor,"THINKTOWN EDUCATION, INC.",DIVISION OF THE HUMANITIES,21-1012,educational guidance school and vocational counselors,21-1012,0.7643851371103343,13-1161,0.019646164956330512,25-9031,0.018738960988735745
236316,1600,senior staff accountant,Kohan Retail Investment Group LLC,BUSINESS AND FINANCIAL OPERATIONS,13-2011,accountants and auditors,13-2011,0.8646348230679108,13-2051,0.12224831016428464,13-2099,0.006288127745451875
236359,300,specialist,"McKinsey & Company, Inc. United States",BUSINESS ADMINISTRATION,13-1111,management analysts,13-1111,0.6624182599713305,15-1252,0.2596183638181487,15-2051,0.03707639145701704
236364,300,developer devops,Barclays Services LLC,COMPUTER SCIENCE,15-1252,software developers,15-1252,0.964013144324894,15-1299,0.0262268211660584,15-1211,0.007062860051543377
236389,300,nan,CPC TECHNOLOGIES LLC,COMPUTER SCIENCE AND ENGINEERING,15-1252,software developers,15-1252,0.99601791964372,15-1299,0.0030794742197380594,15-1211,0.0004270514176135365
236458,290,clinical statistical analyst,Simple Health LLC,BUSINESS ANALYTICS MS ACTUARIAL SCIENCE BS,15-2041,statisticians,15-2041,0.46155886177582006,15-2051,0.1552865222652611,15-2031,0.14295709106946836
236480,300,infotainment engineer,"C-Vision, Inc.",MECHANICAL ENGINEERING,15-1252,software developers,15-1252,0.627063192183968,17-2141,0.14048260863144935,15-1299,0.11328216589216117
236496,1600,product analyst,Pacific Investment Management Company LLC,ECONOMICS,13-2051,financial and investment analysts,13-2051,0.9847458838264516,15-2031,0.006159603335637286,15-2051,0.0041441179435576505
236667,200,nan,"Uber Technologies, Inc.",AERONAUTICS & ASTRONAUTICS,15-1252,software developers,15-1252,0.40530714280863644,15-2041,0.35063101601827734,15-2031,0.14991009647460557
236750,300,research scientist machine learning,BYTEDANCE INC.,COMPUTER SCIENCE AND ENGINEERING,15-1252,software developers,15-1252,0.9679030303269206,15-1299,0.021890069335553094,15-1221,0.003233838413472535
236845,1690,director of it,Housing Authority of the City of Pittsburgh,ELECTRICAL ENGINEERING,15-1299,computer systems engineers architects,15-1299,0.4417693477058262,15-2051,0.1251479559307625,15-1252,0.11639068100278291
237036,500,credit portfolio senior group manager,"Citibank, N.A.",ECONOMICS,13-2051,financial and investment analysts,13-2051,0.8828371591169207,13-2099,0.0609665787626329,15-2051,0.02362309517127132
237054,300,research scientist,"Meta Platforms, Inc.",COMPUTER SCIENCE,15-1252,software developers,15-1252,0.792872393588138,15-1221,0.2030409525377202,15-1299,0.0026071466520142393
237168,300,architect,Tata Consultancy Services Limited,ELECTRICAL AND COMPUTER ENGINEERING,15-1299,computer systems engineers architects,15-1299,0.9974355987375574,15-1252,0.0023696526278783403,15-1211,0.0001382052745734039
237228,300,cloud data engineer,Lyve Tech LLC,BUSINESS ANALYTICS,15-1252,software developers,15-1252,0.9893398089858138,15-1299,0.005917642530090301,15-2051,0.0029053690794937754
237261,590,analyst campaign insights,"MullenLowe U.S., Inc.",DATA SCIENCE,15-2051,business intelligence analysts,15-2051,0.9896482948827376,15-2041,0.0050368717824146,15-2031,0.00344611687943297
237397,1990,business analyst management consultant,"McKinsey & Company, Inc. United States",MANAGEMENT,13-1111,management analysts,13-1111,0.9997967709749089,15-2051,9.930597842949332e-05,15-2031,5.782530463774292e-05
237498,300,hardware development engineer,Apple Inc.,APPLIED SCI & TECH,15-1252,software developers,15-1252,0.5509377294219095,17-2072,0.2333437699308728,17-2071,0.10950207088090794
237556,500,monetization analyst lion studios,AppLovin Corporation,MARKETING,13-1161,market research analysts and marketing specialists,13-1161,0.9820038463745593,15-2051,0.00471264839640406,13-2051,0.003587293382255733
237577,200,nan,"Getir US, Inc.",MATHEMATICS,15-2041,statisticians,15-2041,0.5168855897081036,15-2031,0.32005621917119387,15-2051,0.08580958943657423
237638,390,nan,"Salesforce.com, Inc.",COMPUTER SYSTEMS ENGINEERING,15-1252,software developers,15-1252,0.9860280039269941,15-1299,0.012785707001680042,15-1253,0.0007283238655111324
237685,1990,business analyst management consultant,"McKinsey & Company, Inc. United States",ECONOMICS,13-1111,management analysts,13-1111,0.9990401838870441,15-2051,0.0004697644394632427,15-2041,0.00021455932832086132
237712,200,senior analyst,Horizon Media LLC,DATA SCIENCE,15-2041,statisticians,15-2041,0.6338748521282855,15-2051,0.2627574979399919,15-2031,0.10174956308183918
237720,1690,program manager,BYTEDANCE INC.,COMPUTER INFORMATION SYSTEMS,15-1299,computer systems engineers architects,15-1299,0.5529745150205724,15-1252,0.4007156696961225,15-2051,0.025343773296721498
237802,,systems engineer,OMA4 LLC,INFORMATION TECHNOLOGY,15-1252,software developers,15-1252,0.8913074029580198,15-1299,0.1077014196114997,15-1211,0.00063398399576606
237882,300,nan,Apple Inc.,ELEC ENGRG,15-1252,software developers,15-1252,0.9927908293655118,15-1299,0.004979505811167606,17-2072,0.0007647421961312983
238112,300,nan,Apple Inc.,ELEC & COMP ENGRG,15-1252,software developers,15-1252,0.9977585407922016,15-1299,0.0010825666017141335,17-2072,0.0006237938538069415
238256,070,product solutions engineer,"AES Clean Energy Services, LLC",MECHANICAL ENGINEERING,17-2141,mechanical engineers,17-2141,0.9757783984697326,17-2199,0.017848720565220386,17-2112,0.0037182092991672544
238307,390,scientific software developer,"Openeye Scientific Software , Inc.",CHEMISTRY,15-1252,software developers,15-1252,0.6456004142759633,19-1029,0.07870143925913022,15-1299,0.07691283078928728
238323,500,analyst,Goldman Sachs & Co LLC,GLOBAL MANAGEMENT GLOBAL BUSINESS,13-2051,financial and investment analysts,13-2051,0.8928401269096657,13-2099,0.08982445319662731,15-1252,0.005744813786024055
238326,070,nan,"Radia, Inc.",MECHANICAL ENGINEERING,17-2141,mechanical engineers,17-2141,0.9857647051513934,15-1252,0.005731519743106571,17-2199,0.004569350190582086
238327,780,nan,Guardian Healthcare Providers,MEDICAL CLINICAL LABORATORY TECHNOLOGY,29-2011,medical and clinical laboratory technologists,29-2011,0.9897344908278412,15-1252,0.0015587233696801614,15-2051,0.0014681248527587587
238335,1600,fund accounting,JPMorgan Chase & Co.,ECONOMICS,13-2051,financial and investment analysts,13-2051,0.9478128762346099,13-2011,0.034085901247545215,13-2099,0.007993871131828955
238412,1410,jr 3d designer,AppLovin Corporation,ANIMATION,27-1024,graphic designers,27-1024,0.7156430251477901,27-1014,0.23874935305221726,15-1252,0.013448637338788184
238440,300,firmware developer,IBM Corporation,COMPUTER SCIENCE,15-1252,software developers,15-1252,0.6589851709008753,15-1211,0.14874505535446395,15-1299,0.12584492365949337
238451,1690,associate,Morgan Stanley Bank N.A.,MATHEMATICS OF FINANCE,13-2051,financial and investment analysts,13-2051,0.7795916741768792,13-2099,0.19648269707488783,15-2051,0.007135448067471501
238479,300,data engineer,"Chartboost, Inc.",BUSINESS ANALYTICS,15-1252,software developers,15-1252,0.8227616780642086,15-2051,0.13929613458683845,15-1299,0.025374941134740772
238572,300,analytics engineer,"Health Catalyst, Inc.",COMPUTER SCIENCE AND QUANTITATIVE METHODS,15-1252,software developers,15-1252,0.5799363987115838,15-2051,0.2429850407569382,15-1299,0.0847845338515307
238582,300,software development engineer applications,Apple Inc.,APPLIED MATHEMATICS AND COMPUTER INFORMATION SYSTEMS,15-1252,software developers,15-1252,0.9797535987152316,15-1299,0.01213688190393734,15-1253,0.0029984655076687387
238653,300,strategic sales operations specialist,Hitachi Vantara LLC,BUSINESS ADMINISTRATION CONCENTRATION FINANCE,15-1252,software developers,15-1252,0.9006364523233261,15-1211,0.05904027410374522,15-1299,0.021853560593746775
238758,120,process engineering specialist,HSBC Technology & Services USA Inc.,BUS ADMIN,15-1252,software developers,15-1252,0.3003856417689672,17-2112,0.18679972017291463,15-2051,0.1612775627763114
238821,390,engineer 2,"McKinsey & Company, Inc. United States",COMPUTER SCIENCE,15-1252,software developers,15-1252,0.9747601517188836,15-1299,0.01878460092633668,15-2051,0.005320879623069263
238836,300,research scientist,"Meta Platforms, Inc.",COMPUTER SCIENCE,15-1252,software developers,15-1252,0.792872393588138,15-1221,0.2030409525377202,15-1299,0.0026071466520142393
238889,1610,consultant,"The Boston Consulting Group, Inc.",BUSINESS ADMINISTRATION,13-1111,management analysts,13-1111,0.9994339800768992,15-2031,0.0004606036273750489,15-2051,7.986755519887788e-05
238893,1990,associate analyst 3,"MOODY'S INVESTORS SERVICE, INC.",QUANTITATIVE FINANCE,13-2051,financial and investment analysts,13-2051,0.9904183672109624,13-2099,0.00694820341563921,15-2051,0.0016124713113072331
238899,1690,it manager,Safeway Inc.,COMPUTER INFORMATION SYSTEMS,15-1299,computer systems engineers architects,15-1299,0.8507174447878669,11-3021,0.09642750929954759,15-1211,0.015235563519638137
238911,490,senior climate change and sustainability specialist,"ICF Incorporated, LLC",ENVIRONMENTAL AND SUSTAINABILITY SCIENCE,19-1029,bioinformatics scientists,19-1029,0.23148880221476187,15-1252,0.08665901374951326,15-2041,0.07272353640372885
238926,300,nan,"Citibank, N.A.",M S COMPUTER SCIENCE M S INFORMATION TECHNOLOGY MANAGEMENT,15-1252,software developers,15-1252,0.8973447053332362,15-1299,0.0726611846951998,15-1211,0.015812631514611375
238959,300,mulesoft developer,ISOLVE TECHNOLOGY INC,BUSINESS ANALYTICS,15-1252,software developers,15-1252,0.9923475743214872,15-2051,0.0032963923216351326,15-1299,0.0014920170870354418
238994,1600,staff accountant,Chen & Fan Accountancy Corporation,ACCOUNTING,13-2011,accountants and auditors,13-2011,0.9999952101076345,13-2051,4.635778228921028e-06,13-2099,4.769041905588057e-08
239006,1600,business analyst,"Miku, Inc",BUSINESS ADMINISTRATION,13-2051,financial and investment analysts,13-2051,0.39555858817873174,13-1111,0.24515233310367102,15-2051,0.1490414199086671
239060,1690,account executive,IPG Health LLC,NEUROSCIENCE AND BEHAVIOR,13-1161,market research analysts and marketing specialists,13-1161,0.7648353131170512,15-2051,0.09900452124316937,13-1111,0.02721325153411728
239079,1410,designer,"Maisonette, Inc.",DESIGNER,27-1024,graphic designers,27-1024,0.8987643352771663,15-1211,0.02650086284516946,27-1021,0.022028128226030994
239087,1190,legal consultant,Davis Polk & Wardwell LLP,LAW,23-1011,lawyers,23-1011,0.9991430000294346,23-1012,0.000819125327196963,23-2011,3.356149682103608e-05
239093,1990,director of mineralized co2 commercialization,Blue Planet Systems Corporation,U S BACHELORS DEGREE IN BUSINESS ADMINISTRATION EQUIVALENT,15-1252,software developers,15-1252,0.460854254794622,13-1111,0.15321826099835303,15-2051,0.12251212777171804
239144,9990,pathways operations manager mba,Amazon.com Services LLC,BUSINESS ADMINISTRATION,15-1252,software developers,15-1252,0.7825498315020929,15-2051,0.09531091457127634,15-1299,0.03166233412523641
239225,1690,operations program manager,Microsoft Corporation,BUSINESS ADMINISTRATION,13-1111,management analysts,13-1111,0.44884459446707503,15-1299,0.20617441624976868,15-2051,0.16919288992811538
239234,010,global account director,"M. Arthur Gensler Jr. & Associates, Inc.",BACHELOR OF ARCHITECTURE,17-1011,architects except landscape and naval,17-1011,0.7162089834815525,17-3011,0.25541775360667396,27-1025,0.015790167586081275
239340,1420,product designer,"Brave Software, Inc.",WEB DESIGN NEW MEDIA,27-1021,commercial and industrial designers,27-1021,0.49941413570467275,27-1024,0.42889568296078784,17-2112,0.04140394829434199
239449,300,support engineer,Adroit Associates Inc,BUSINESS  ANALYTICS,15-1299,computer systems engineers architects,15-1299,0.448345188211865,15-1211,0.25642645119544466,15-2051,0.23454852416131625
239455,300,nan,Truverse Inc.,COMPUTER SCIENCE,15-1252,software developers,15-1252,0.9769081594606143,15-1299,0.017661106746144895,15-1211,0.0036716718112507355
239465,410,associate biologics cmc,"WuXi Biologics USA, LLC",BIOTECHNOLOGY,19-1029,bioinformatics scientists,19-1029,0.9431600241783631,19-1021,0.03497917855521176,17-2031,0.005966305335965842
239651,300,manager,Deloitte Consulting LLP,BUSINESS ADMINISTRATION,15-1211,computer systems analysts,15-1211,0.8832113936540352,15-1252,0.09143138306198603,15-1299,0.017168012588962476
239684,300,data engineer,NESTOR TECHNOLOGIES INC.,COMP SCI & INFO SYSS,15-1252,software developers,15-1252,0.9860720549849712,15-1299,0.009087470006001718,15-2051,0.0019969468998462117
239687,1600,senior vice president asset management,"Bedrock Management Services, LLC",BUSINESS ADMINISTRATION,13-2051,financial and investment analysts,13-2051,0.4800305227794698,13-2011,0.45637943690658667,13-1111,0.019170011408412766
239855,390,product manager,Crystal Equation Corporation,MASTER OF SCIENCE IN INFORMATION SYSTEMS & TECHNOLOGY,15-1299,computer systems engineers architects,15-1299,0.9487742719191485,15-1252,0.023981817759919158,15-2051,0.02373178101979389
239892,1630,international sales director,"Advance 2000, Inc.",BUSINESS,13-1161,market research analysts and marketing specialists,13-1161,0.6856337696392535,13-1111,0.05840345352354676,11-2021,0.05706063112501055
240216,390,net developer,Wafts Solutions Inc,,15-1252,software developers,15-1252,0.9922852620962543,15-1299,0.005075722168142865,15-1251,0.0011104865004528508
240225,200,strategy associate,"UMA Education, Inc.",BUSINESS ADMINISTRATION,15-2031,operations research analysts,15-2031,0.6546549039811951,15-2051,0.2244063006546411,13-1111,0.0363008175469062
240248,1610,associate,"The Boston Consulting Group, Inc.",MATHEMATICAL ECONOMICS,13-1111,management analysts,13-1111,0.9934433497763272,13-2051,0.005010960066270714,15-2031,0.0011328785692435043
240300,300,software developer data analyst,Eversoft Technologies LLC,COMPUTER SCIENCE AND ENGINEERING,15-1252,software developers,15-1252,0.9387213826516202,15-1299,0.033968156741601835,15-1211,0.016780205534170346
240318,300,nan,Ursi Technologies Inc,COMP SCI OR EQUIVALENT,15-1252,software developers,15-1252,0.9967231637132878,15-1299,0.0013997264082434545,15-1211,0.0007990597114556102
240392,400,chief agronomist,"GroGuru, Inc.",AGRONOMY,15-1252,software developers,15-1252,0.14661819792555547,15-1299,0.13156871661317862,15-2051,0.08214469887077146
240468,080,staff scientist research development,Thermo Fisher Scientific Inc.,CHEMISTRY,19-2031,chemists,19-2031,0.8100244665408216,17-2131,0.06744436588581676,17-2199,0.04991863254399084
240585,300,senior consultant data analyst,Turnberry Solutions Inc,COMPUTER SCIENCE,15-1252,software developers,15-1252,0.6676261101855894,15-1299,0.2714501045070863,15-1211,0.03674854542430875
240636,300,technology analyst us,Infosys Limited,COMPUTER SCIENCE,15-1299,computer systems engineers architects,15-1299,0.9999328069165032,15-1211,4.478363579872634e-05,15-1252,9.121109183773963e-06
240656,300,nan,Apple Inc.,BUS MGT AND NUTRITION,15-1252,software developers,15-1252,0.983486214776605,15-1299,0.011375888033390664,15-1253,0.0021893612830584277
240684,300,production engineer,Intellectt Inc,ENGINEERING AND OPERATIONS MANAGEMENT,15-1252,software developers,15-1252,0.7524726265329491,17-2141,0.14897627154481938,17-2199,0.041009497800078856
240712,1600,broker dealer,"SG AMERICAS SECURITIES, LLC",INTERNATIONAL AFFAIRS AND BUSINESS ADMINISTRATION,13-2051,financial and investment analysts,13-2051,0.627932965710132,13-2011,0.25994145623164266,13-2099,0.08976132910225776
240733,100,geomechanical engineer i,Freeport-McMoRan Chino Mines Company,MINERAL ENGINEERING (SPECIALIZATION IN GEOTECHNICAL ENGINEERING),15-2051,business intelligence analysts,15-2051,0.12852141396454897,15-1221,0.07016763644403282,15-2031,0.06906308741969328
240769,390,software developer applications,"Enduring Games, Inc.",INTERACTIVE TECHNOLOGY DIGITAL GAME DEVELOPMENT,15-1252,software developers,15-1252,0.9633278377654099,15-1251,0.012287061760735,15-1253,0.005635990572662002
240794,120,quality engineer,"Westfall Technik, Inc.",INDUSTRIAL ENGINEERING,17-2112,industrial engineers,17-2112,0.9875200132912356,17-2199,0.010783471526711988,17-2141,0.0014198557990474652
240999,300,nan,Apple Inc.,ELEC & COMP ENGRG,15-1252,software developers,15-1252,0.9977585407922016,15-1299,0.0010825666017141335,17-2072,0.0006237938538069415
241193,300,vice president,Credit Suisse Securities USA LLC,COMPUTER SCIENCE,15-1252,software developers,15-1252,0.970291469557739,15-1299,0.02531197208726449,15-1211,0.003747953459081101
241201,1890,head of engineering,"Product Science, Inc.",COMPUTER INFORMATION SYSTEMS,15-1299,computer systems engineers architects,15-1299,0.8564284453227341,15-1252,0.058412431339894634,13-1111,0.031043809564239844
241250,1990,senior manager risk management,American Express Company,COMPUTER INFORMATION SYSTEMS,15-1299,computer systems engineers architects,15-1299,0.49975386849833997,15-2051,0.3702929267196834,15-2041,0.05688054879572196
241256,300,salesforce business system analyst,"Incapsulate, LLC",INFORMATION SYSTEMS TECHNOLOGY,15-1252,software developers,15-1252,0.9570857448141944,15-1211,0.021556138418802582,15-1299,0.007950134009825591
241269,300,data scientist,"Oracle America, Inc.",ELECTRICAL ENGINEERING,15-1252,software developers,15-1252,0.9970947931783615,15-1221,0.0012670786313927955,15-2051,0.0006251732758132426
241336,300,power engineer electrinics engineer except computer,Apple Inc.,ELECTRICAL AND COMPUTER ENGINEERING,15-1252,software developers,15-1252,0.9884542717497413,17-2072,0.004922990440644895,15-1299,0.0029726514919454607
241343,030,firmware engineer,SONY ELECTRONICS INC.,COMPUTER ENGINEERING,17-2072,electronics engineers except computer,17-2072,0.4495198583679393,15-1252,0.43103543742793177,17-2071,0.1079361771685632
241431,120,buyer,"Vizgen, Inc.",INDUSTRIAL ENGINEERING,17-2112,industrial engineers,17-2112,0.9869038303353773,17-2199,0.006642855065465984,13-1081,0.0028332129910341518
241454,120,nan,"Medical Device Business Services, Inc.",INDUSTRIAL ENGINEERING,17-2112,industrial engineers,17-2112,0.9328601396970563,17-2141,0.02968886396964471,17-2199,0.014467907436018378
241576,1990,analyst,"McKinsey & Company, Inc. United States",INFORMATION SYSTEMS MANAGEMENT,15-2051,business intelligence analysts,15-2051,0.44909089299149907,15-1252,0.2755471755423404,13-1111,0.21000277654057822
241589,1690,managing director it organizational management,JPMorgan Chase & Co.,COMPUTER SCIENCE,15-1252,software developers,15-1252,0.46366854964219734,15-2051,0.2634409009979961,15-1299,0.23044732369276416
241634,1600,staff accountant,Critical Systems LLC,ACCOUNTING,13-2011,accountants and auditors,13-2011,0.9999230275444847,13-2051,7.462823849231683e-05,13-2099,7.010049020717772e-07
241689,1610,nan,"The Boston Consulting Group, Inc.",BUS ADMIN,13-1111,management analysts,13-1111,0.9949578260055298,15-2031,0.0025395190272336754,15-2051,0.0016990393239641427
241743,190,research associate,"Akoya Biosciences, Inc.",BIOMEDICAL ENGINEERING,17-2031,biomedical engineers,17-2031,0.6140803102773945,17-2199,0.16393026452364193,19-1029,0.16362746737925382
241863,9990,nan,7 Kings Code LLC,COMPUTER MATHEMATICAL AND INFORMATION TECHNOLOGY,15-1252,software developers,15-1252,0.9669303149571931,15-1299,0.01975003481467739,15-2051,0.006096142832722373
241866,1990,sata journalist,"MOODY'S INVESTORS SERVICE, INC.",JOURNALISM,13-2051,financial and investment analysts,13-2051,0.6744871965711905,13-1111,0.12491978714402174,15-2051,0.07871709097407935
241882,300,nan,Majestic IT Services Inc,COMPUTER APPLICATIONS,15-1252,software developers,15-1252,0.8967278703992467,15-1299,0.09542095350568923,15-1211,0.0057762043845760915
241911,300,nan,Apple Inc.,COMP ENGRG,15-1252,software developers,15-1252,0.9936653480300521,15-1299,0.0055072017892864355,15-1253,0.0005101729136823979
241916,030,wireless hardware engineer,"Eridan Communications, Inc.",ELECTRICAL ENGINEERING,17-2072,electronics engineers except computer,17-2072,0.669637752931851,17-2071,0.30255483900712826,15-1252,0.02054113237884878
242041,1610,manager,"ExlService.com, LLC",BUS ANALYTICS,13-1111,management analysts,13-1111,0.9888224382877792,15-2041,0.006689520416252504,15-2051,0.001469495157960897
242046,300,nan,Apple Inc.,MECH ENGRG,15-1252,software developers,15-1252,0.979144559796114,15-1299,0.012857661159422187,17-2141,0.00603902860840993
242049,190,nan,Populus Group LLC,COMP ENGRG & WIRELESS COMM,15-1252,software developers,15-1252,0.5586214176094879,15-1299,0.15158819617980712,15-2051,0.12071658362999386
242072,300,config release engineer,Apple Inc.,COMP SCI,15-1252,software developers,15-1252,0.9947857371584452,15-1299,0.0038916726852136646,15-1253,0.0008743004699807098
242088,030,camera engineer,"Qualcomm Technologies, Inc.",COMP ENGINEERING,17-2072,electronics engineers except computer,17-2072,0.9977020975395705,15-1252,0.002226076370758117,17-2071,3.396812241879596e-05
242095,300,manager,Cognizant Technology Solutions US Corp,ELECTRICAL & ELECTRONIC ENGINEERING,15-1211,computer systems analysts,15-1211,0.8208297259448346,15-1299,0.17344719517208818,15-1252,0.005094584409954298
242113,300,principal qa engineer i,"Cambridge Mobile Telematics, Inc.",EMBEDDED SYSTEMS ENGINEIRRING US EQUIVALENT,15-1252,software developers,15-1252,0.8732870595041028,15-1299,0.08111492232129858,15-1211,0.0167898262890353
242120,1620,sr supply chain supervisor logistics,"ZF Transmissions Gray Court, LLC",BUSINESS ADMINISTRATION,13-1111,management analysts,13-1111,0.2084483171430291,13-1161,0.20306608726707756,15-2031,0.12751998063839037
242182,030,staff product engineer,Navitas Semiconductor Corporation,ELECTRONIC AND COMPUTER ENGINEERING,17-2072,electronics engineers except computer,17-2072,0.4711898464671388,17-2071,0.43021999733570354,15-1252,0.02169459527880039
242262,1690,business analyst 2,"Capgemini America, Inc.",BUSINESS ADMINISTRATION,13-1111,management analysts,13-1111,0.9369725495027275,15-1211,0.030293540364815075,15-1299,0.020204529823577767
242290,590,analyst campaign insights,"MullenLowe U.S., Inc.",BUSINESS ANALYTICS,15-2051,business intelligence analysts,15-2051,0.9848776529128354,15-2031,0.005994782691647303,13-1161,0.005456071192703812
242307,300,senior data science analyst,TECH INSPIRON LLC,BUSINESS ADMINISTRATION,15-2051,business intelligence analysts,15-2051,0.4443648735127776,15-1252,0.2634885382758877,15-1299,0.09420254195582599
242344,1860,nan,"Mirador, LLC",FINANCE,13-2051,financial and investment analysts,13-2051,0.9028808191350918,13-2099,0.04139886395536762,13-2011,0.017116353155702684
242376,390,data engineer,"Citizens Financial Group, Inc.",DATA SCIENCE,15-1252,software developers,15-1252,0.8995686672937915,15-2051,0.09282844983134689,15-2041,0.003189857725794427
242407,1100,associate,KIRKLAND & ELLIS LLP,LAW,23-1011,lawyers,23-1011,0.9999992875245398,13-2011,2.432997131995387e-07,13-2051,2.24676141893451e-07
242427,300,senior platform engineer multi platform,"Nuvalence, LLC",SCIENCE TECHNOLOGY,15-1252,software developers,15-1252,0.25447051801376214,15-1299,0.19141318673266972,15-1211,0.15209645617471418
242535,1600,analyst,"The Ayco Company L.P., A Goldman Sachs Company",BUSINESS ADMINISTRATION FINANCE,13-2051,financial and investment analysts,13-2051,0.9950887376706857,13-2011,0.004014567700592788,13-2099,0.00042558277318541937
242565,300,vice president,"BLACKROCK FINANCIAL MANAGEMENT, INC.",COMPUTER SCIENCE ELECTRONIC ENGINEERING,15-1252,software developers,15-1252,0.9683978548061473,13-2051,0.010678981991003839,15-1299,0.007526642571624182
242672,390,nan,Strategic Business Decisions Consulting LLC,MSTRS IN BUS ANALYTICS,15-1252,software developers,15-1252,0.8379731503604065,15-1299,0.10631397911926993,15-2051,0.02005527423643899
242675,1990,associate management consultant,"McKinsey & Company, Inc. United States",PUBLIC POLICY,13-1111,management analysts,13-1111,0.9999070859407523,15-2051,5.1569202237380224e-05,15-2031,2.6820284255616025e-05
242678,300,associate,Bank of China,FINANCIAL MATHEMATICS,13-2051,financial and investment analysts,13-2051,0.5110119695872084,15-1252,0.40705852364654116,15-2051,0.02570998210264561
242780,070,assistant plant manager,Louis Dreyfus Company Agricultural Industries LLC,MECHANICAL ENGINEERING,17-2141,mechanical engineers,17-2141,0.9819466945006419,17-2199,0.008104399205607873,15-1252,0.005148968165642494
242998,1990,engagement manager management consultant,"McKinsey & Company, Inc. United States",BUSINESS ADMINISTRATION,13-1111,management analysts,13-1111,0.9983616390466197,15-2051,0.0008825764924342257,15-2031,0.0004181871034513514
243105,070,senior opto mechanical systems engineer,"Carbon, Inc.",MECHANICAL ENGINEERING,17-2141,mechanical engineers,17-2141,0.9834124069633062,17-2199,0.00899418007192306,17-2112,0.0037472987332183077
243143,390,senior product designer,"Anheuser-Busch InBev Services, LLC",BUSINESS ANALYTICS AND MACHINE LEARNING,15-1299,computer systems engineers architects,15-1299,0.363117744420137,15-2051,0.2922847630122907,15-1252,0.12222486421866001
243204,080,process engineer,Blue Ridge Paper Products LLC,CHEMICAL ENGINEERING,17-2131,materials engineers,17-2131,0.5208779832793371,17-2041,0.4410764814012879,17-2112,0.02439619117240407
243206,050,control systems engineer,"Control Engineering, Inc.",ELECTRICAL ENGINEERING,17-2071,electrical engineers,17-2071,0.6169037317721844,17-2051,0.10609986436115479,17-2199,0.10020248957521366
243309,1990,business analyst management consultant,"McKinsey & Company, Inc. United States",PHILOSOPHY,13-1111,management analysts,13-1111,0.9960849296983891,15-2051,0.0019527097790659688,15-2041,0.0010107939324329944
243343,1890,consultant,"Bain & Company, Inc.",BUSINESS ADMINISTRATION,13-1111,management analysts,13-1111,0.9996311801506366,15-1299,0.0002469172430691658,15-2051,6.372089225705632e-05
243350,790,clinical director,American Hospice and Home Health Care Services Inc.,PHARMACY,15-2041,statisticians,15-2041,0.25380921944412044,13-1041,0.1748903399860511,19-1042,0.12193193439850104
243402,1990,associate management consultant,"McKinsey & Company, Inc. United States",EDUCATION,13-1111,management analysts,13-1111,0.9997413079808233,15-2051,0.0001260371503253834,15-2031,7.150890034787585e-05
243495,300,java developer,Slesha Inc,COMPUTER SCIENCE,15-1252,software developers,15-1252,0.9999195151942174,15-1251,3.756502835558409e-05,15-1299,3.590275571563496e-05
243591,300,data quality specialist i,"Charter Communications, Inc.",INFORMATION TECHNOLOGY,15-1252,software developers,15-1252,0.8371990682402821,15-1299,0.14639458726637572,15-1211,0.011430506863013166
243626,390,avp senior anaplan developer,"Cerberus Capital Management, L.P.",BUSINESS ADMINISTRATION,15-1252,software developers,15-1252,0.4035814919991362,15-1299,0.28965638985140113,15-2051,0.14131284589939475
243737,190,nan,Modern Market Master Inc,ENGLISH LANGUAGE AND LITERATURE,15-1299,computer systems engineers architects,15-1299,0.19762487497394354,13-1081,0.14401785963156885,17-2199,0.13738398354013706
243778,330,engineer,"inContact, Inc.",COMPUTER INFORMATION SYSTEMS,15-1299,computer systems engineers architects,15-1299,0.6362560235986092,15-1252,0.2579842891438916,15-1253,0.10147893137730864
243818,300,nan,"Idugg Software Solutions, Inc",BACHELOR OF PHARMACY,15-1252,software developers,15-1252,0.8727597410568476,15-1211,0.04917750036835468,15-1251,0.0300023107263238
244029,300,data and cloud engineer,"APPRIDAT SOLUTIONS, LLC",COMPUTER SCIENCE AND ENGINEERING,15-1252,software developers,15-1252,0.9693632692384632,15-1299,0.024191000342242596,15-1211,0.002987577166079045
244044,490,associate director biostatistics,PFIZER INC.,STATISTICS,15-2041,statisticians,15-2041,0.9461927857639062,15-2051,0.027214460939934498,15-2031,0.010790624955752023
244126,300,java developer,DWBI SERVICES INC,MECHANICAL ENGINEERING,15-1252,software developers,15-1252,0.9988754518884346,15-1299,0.0005577449657694359,15-1251,0.00042574990668368164
244225,100,scientist ii field applications,Thermo Fisher Scientific Inc.,INORGANIC CHEMISTRY,15-2051,business intelligence analysts,15-2051,0.19833507987798127,19-2031,0.18564796580573878,15-2031,0.1462125231690189
244293,300,technology lead us,Infosys Limited,COMPUTER APPLICATIONS,15-1299,computer systems engineers architects,15-1299,0.9999328205619504,15-1211,5.868971022604566e-05,15-1251,4.503892950212502e-06
244378,300,nan,Nutech Systems Inc.,ELECTRONICS AND COMMUNICATION ENGINEERING,15-1252,software developers,15-1252,0.8591308538933315,15-1299,0.1159361472125767,15-1211,0.01621842851804946
244419,1410,creative lead,GARAGE SOLUTIONS LLC,GRAPHIC DESIGN,27-1024,graphic designers,27-1024,0.9856768329356321,27-1014,0.008098803093465123,27-1021,0.0029459001053744613
244441,300,programmer,INFOMATICS INC,COMPUTER SCIENCE AND ENGINEERING,15-1251,computer programmers,15-1251,0.6272923169811552,15-1252,0.33405097195419653,15-1299,0.035256143752688984
244472,300,product analyst,Google LLC,STATISTICS,15-1252,software developers,15-1252,0.714432620020031,15-2051,0.2392866697518726,15-2041,0.03670342611374523
244482,1990,senior business analyst,"Capital One, National Association",BUSINESS ADMINISTRATION WITH AN ADDITIONAL UNDERGRADUATE MAJOR IN ECONOMICS,15-2051,business intelligence analysts,15-2051,0.8586972120242742,15-2031,0.10273647507239485,19-3011,0.01583044585424378
244493,1690,senior analyst decision sciences,"Universal McCann Worldwide, Inc.",APPLIED STATISTICS IN SOCIAL SCIENCE RESEARCH WITH CONCENTRATION IN COMPUTATIONAL METHODS,15-2051,business intelligence analysts,15-2051,0.42559118006878466,15-2041,0.11185537577509913,13-1161,0.10537823702407763
244588,300,data engineer,Datalore Technologies Inc,BACHELOR OF TECHNOLOGY IN INFORMATION TECHNOLOGY,15-1252,software developers,15-1252,0.9948128341958674,15-1299,0.003570239928391874,15-2051,0.0006973782632815109
244753,300,forward deployed engineer,"Element Analytics, Inc.",MANAGEMENT INFORMATION SYSTEMS,15-1252,software developers,15-1252,0.9721173913072406,15-1299,0.014145788869451363,15-1211,0.008689546724037036
244792,300,nan,"Speridian Technologies, LLC",INFORMATION TECHNOLOGY,15-1252,software developers,15-1252,0.9939031174484112,15-1299,0.004446248591036192,15-1211,0.0012470763703058315
244854,,pv design technician,Green Convergence,MECHANICAL ENGINEERING,15-1252,software developers,15-1252,0.71931661281502,15-1299,0.12320516571852684,17-2141,0.08995537486178472
244884,390,senior strategy manager,JumpCloud Inc.,ECONOMICS,15-2051,business intelligence analysts,15-2051,0.4323901904198328,15-1252,0.3225580492981998,15-1299,0.05038676764002069
244885,300,program manager ii,Amazon.com Services LLC,INDUSTRIAL AND SYSTEMS ENGINEERING,15-2031,operations research analysts,15-2031,0.47193238656676745,15-1252,0.3878553365524944,15-1299,0.09520554510862206
244889,720,dental associate ii,Todays Dental At Greenville LLC,DOCTORATE IN DENTAL MEDICINE,29-1021,dentists general,29-1021,0.6235545864496004,15-1252,0.08794707279780167,15-1299,0.027070295807820628
244917,300,nan,"EvonSys, Inc.",INFO TECH,15-1252,software developers,15-1252,0.8888537427347353,15-1299,0.08957244315113191,15-1211,0.016584360710702753
244924,300,product design engineer,Apple Inc.,MECHANICAL ENGINERING,17-2141,mechanical engineers,17-2141,0.5156773861453603,15-1252,0.31409440322592,15-1253,0.06921096176946918
244968,190,packaging engineer,eco.logic brands inc.,PACKAGING SCIENCE,17-2199,validation engineers,17-2199,0.35108812647575355,17-2131,0.2902921154528077,17-2112,0.13380559421539134
245089,390,research engineer ii,"TuSimple, Inc.",ELECTRICAL & COMPUTER ENGINEERING AND MECHANICAL ENGINEERING,15-1252,software developers,15-1252,0.7886564425259179,15-1221,0.13235052019843793,15-1299,0.03909789683509245
245103,1620,nan,"Live Oak Contracting, LLC",BUSINESS ADMINISTRATION,13-1111,management analysts,13-1111,0.21158563291990787,15-2031,0.149959459160936,13-1161,0.1337172824295126
245110,1990,nan,"VectorGlobal WMG, Inc.",MANAGEMENT AND INTERNATIONAL BUSINESS,15-1252,software developers,15-1252,0.7794074786931668,15-2051,0.06145495851579121,13-1111,0.052658120232932
245199,300,associate site reliability engineer,JPMorgan Chase & Co.,COMPUTER SCIENCE,15-1252,software developers,15-1252,0.9288560906857968,15-1299,0.05760970230314562,15-2051,0.008313087740381775
245215,300,front end engineer i,"Amazon Development Center U.S, Inc.",INTERACTIVE TELECOMMUNICATIONS,15-1252,software developers,15-1252,0.9997684937419883,15-1299,0.00010740918351704423,15-1211,3.64039025078457e-05
245221,300,associate technical program mgr,STOCKX LLC,MGMT INFORMATION SYSTEMS,15-1252,software developers,15-1252,0.6843611367116677,15-1211,0.11012645320747039,15-1299,0.07919656806577943
245385,300,api engineer,Palni Inc.,COMPUTER SCIENCE,15-1252,software developers,15-1252,0.9319927437684079,15-1299,0.05413413368352335,15-1211,0.006412529624923363
245408,300,net full stack developer,INFOMATICS TECHNOLOGIES INC,INFORMATION TECHNOLOGY MANAGEMENT,15-1252,software developers,15-1252,0.9975702243525758,15-1299,0.0011129505354225996,15-1211,0.0009231701257469918
245446,050,civil associate i,"Michael Baker International, Inc.",CIVIL ENGINEERING,17-2051,civil engineers,17-2051,0.9999924344210902,11-9021,4.348957011466211e-06,13-1051,1.4117289121501527e-06
245475,300,associate implementation,"McKinsey & Company, Inc. United States",BUSINESS ADMINISTRATION,13-1111,management analysts,13-1111,0.9793241320810234,15-1252,0.010966335414274685,15-1299,0.004800843944497838
245504,300,nan,Apple Inc.,COMP SCI,15-1252,software developers,15-1252,0.9972423732218292,15-1299,0.0023889966944724756,15-1253,0.00024163162568902584
245535,010,graduate bim coordinator,"BURO HAPPOLD CONSULTING ENGINEERS, INC.",BLDG SCIENCE,17-1011,architects except landscape and naval,17-1011,0.6485975500942769,17-3011,0.0736194370187986,15-1252,0.06903955947436427
245596,300,salesforce business analyst,GenPx Inc,INFORMATION SYSTEMS,15-1252,software developers,15-1252,0.9250491901827602,15-1211,0.04486499265325062,15-1299,0.021298190458035472
245603,1890,plant manager,"SATHI, LLC",CHEMICAL ENGINEERING,13-1111,management analysts,13-1111,0.4367964716849151,15-1299,0.320671296531938,15-2031,0.06885192789733582
245658,1310,process engineer,LONZA BIOLOGICS INC.,ENVIRONMENTAL TECHNOLOGY SUSTAINABILTY,17-2131,materials engineers,17-2131,0.42632799030454893,17-2112,0.19738358810447676,17-2141,0.09209947497291773
245709,410,msat scientist,LONZA BIOLOGICS INC.,CHEMICAL ENGINEERING,19-1029,bioinformatics scientists,19-1029,0.28565975842415225,19-1021,0.22114057625122702,19-2031,0.1327111003259227
245895,200,senior data analyst,Beyond 12 Education Inc.,ENVIRONMENTAL SCIENCE AND POLICY,15-2031,operations research analysts,15-2031,0.7831372460416877,15-2051,0.13024322015386178,15-2041,0.08462632076404396
245899,070,engineer i,"SOLVED ENGINEERING, INC",MASTER OF SCIENCE IN MECHANICAL ENGINEERING,17-2141,mechanical engineers,17-2141,0.9887960486236872,17-2199,0.007155511703915161,17-2112,0.0029825424129254624
245904,1610,consultant,"The Boston Consulting Group, Inc.",BUSINESS ADMINISTRATION,13-1111,management analysts,13-1111,0.9994339800768992,15-2031,0.0004606036273750489,15-2051,7.986755519887788e-05
245923,300,qa engineer,Oremda Infotech Inc,INFORMATION TECHNOLOGY,15-1252,software developers,15-1252,0.5470734310348875,15-1253,0.2925833611276135,15-1299,0.11565788628884642
245951,300,nan,NVIDIA Corporation,COMMUNICATIONS ENGINEERING,15-1252,software developers,15-1252,0.9943333889703372,15-1299,0.003696606010727484,17-2072,0.0009775588054512583
245980,080,manager batch furnace,"Ardagh Glass, Inc.",CHEMICAL ENGINEERING,17-2041,chemical engineers,17-2041,0.7836402280687437,17-2131,0.0873037616489758,17-2112,0.03635268581217476
246030,300,java developer,STRATEGIC SYSTEMS INC.,COMPUTER SCIENCE,15-1252,software developers,15-1252,0.9999250094576457,15-1299,4.5510785481181796e-05,15-1251,2.3808951611213006e-05
246037,300,quality engineer,Intellectt Inc,MECHANICAL ENGINEERING,17-2141,mechanical engineers,17-2141,0.8945652138665428,15-1252,0.04788423625816762,17-2199,0.027706570189696755
246096,300,senior machine learning engineer,Cruise LLC,DATA SCIENCE,15-1252,software developers,15-1252,0.9940093632877903,15-1221,0.0020376643888594145,15-2051,0.0019351450875176436
246106,410,senior scientist ii,Sanegene Bio USA Inc.,MORPHOLOGY,19-1029,bioinformatics scientists,19-1029,0.5156927073723193,19-1021,0.2177553969149934,19-1042,0.06889963157730482
246205,390,salesforce developer,"Lanco Global Systems, Inc.",COMPUTER SCIENCE,15-1252,software developers,15-1252,0.9986777314167185,15-1299,0.0011247150501463399,15-1251,7.79786972928681e-05
246219,1860,head of personnal investing,Fidelity Brokerage Services LLC,BUSINESS ADMIN,13-2051,financial and investment analysts,13-2051,0.5185481771633056,15-2031,0.19436725755267548,15-2051,0.10800088294470561
246267,410,senior process development engineer,"Orbillion Bio, Inc.",BIOPHARMACEUTICAL PROCESSING,19-1029,bioinformatics scientists,19-1029,0.6550691968685877,19-1021,0.12048292473701948,15-2041,0.04344656340126167
246291,050,structural engineer,"DESIGN ENGINEERING, INC.",CIVIL ENGINEERING,17-2051,civil engineers,17-2051,0.9999846069567955,11-9021,5.071232911155512e-06,13-1051,3.283619563725849e-06
246389,1600,senior associate,Brookfield Asset Management LLC,BUSINESS ADMISTRATION,13-2051,financial and investment analysts,13-2051,0.7107501829452199,13-2011,0.2850545951443128,15-2051,0.002116391320590073
246485,300,senior software developer,"Kforce, Inc",COMPUTER SCIENCE,15-1252,software developers,15-1252,0.9999221525989913,15-1211,5.209979123217206e-05,15-1251,1.4600564170889956e-05
246750,070,nan,"LaBella Associates, D.P.C.",MASTER OF ENGRG ENGRG MGT,17-2141,mechanical engineers,17-2141,0.9162711798818843,15-1252,0.03691534588918965,17-2199,0.01281288757218874
246786,200,nan,"ExlService.com, LLC",BUSINESS ANALYTICS,15-2041,statisticians,15-2041,0.9446308020417199,15-2051,0.022820851153098426,15-2031,0.015846999328633586
246794,300,devops cloud engineer,Bruhat Technologies Inc,MASTER OF SCI,15-1252,software developers,15-1252,0.9495011594116508,15-1251,0.04138902770173746,15-1299,0.007627116512974664
246825,490,scientist i computational chemistry,Blueprint Medicines Corporation,CHEMICAL ENGINEERING,17-2199,validation engineers,17-2199,0.25099881355828035,19-1029,0.12690868004964323,15-2041,0.09653290129704778
246940,390,digital architect,Rising Sun Technologies LLC,COMPUTER SCIENCE AND ENGINEERING,15-1299,computer systems engineers architects,15-1299,0.5972820118332491,15-1252,0.38074464747388903,15-1211,0.007257986687806976
246967,300,partner engineer,"Uber Technologies, Inc.",ENGNIEERING AND MANAGEMENT,15-1252,software developers,15-1252,0.9878667729122591,15-2051,0.003793511586720834,15-2041,0.002400583628081638
246993,300,data engineer,CALYPSO SOFT INC,INFORMATION TECH AND CYBERSECURITY,15-1252,software developers,15-1252,0.8410525671236452,15-2051,0.09854577052950282,15-1299,0.029896696601335135
247030,1410,ui ux design developer,"Rhombus Power, Inc.",VISUAL COMMUNICATION DESIGN,27-1024,graphic designers,27-1024,0.9293983692358655,27-1014,0.02242179354527913,15-1252,0.017289189191624258
247036,030,process development engineer,Texas Instruments Incorporated,ELECTRICAL ENGINEERING,17-2071,electrical engineers,17-2071,0.9940373621237253,17-2072,0.0058727806859974535,15-1252,4.7845340418789e-05
247085,1610,quality measurements analytical consultant ii,"Excellus Health Plan, Inc.",INFORMATION MANAGEMENT,15-2051,business intelligence analysts,15-2051,0.6063225638090165,15-2031,0.20945172074588858,13-1111,0.14437071028445103
247113,300,principal data scientist i,"Charter Communications, Inc.",BUSINESS ANALYTICS,15-1252,software developers,15-1252,0.6609968758465367,15-2051,0.23168266299928456,15-1299,0.07963806967108408
247190,390,senior web developer,Camunda Inc.,COMPUTER INFORMATION SYSTEMS,15-1252,software developers,15-1252,0.7195497996094468,15-1299,0.19895679058738755,15-1211,0.0384027790254459
247196,300,java developer,Rab3 Tech LLC,COMPUTER SCIENCE,15-1252,software developers,15-1252,0.9998353856068212,15-1251,7.683109316768663e-05,15-1299,7.34312761128156e-05
247252,390,machine learning engineer,"Pinterest, Inc.",COMPUTER SCIENCE,15-1252,software developers,15-1252,0.99828611446657,15-2051,0.0014221453348076307,15-1299,0.00020846097205949019
247345,300,nan,WIPRO LIMITED,COMPUTER APPLICATIONS,15-1299,computer systems engineers architects,15-1299,0.7036835529511225,15-1251,0.1266816377072027,15-1211,0.11507594079426804
247500,390,data engineer,Iquest Solutions Corp,BUSINESS ANALYTICS,15-1252,software developers,15-1252,0.8111094362823746,15-2051,0.18412563899694387,15-2031,0.00175131865928587
247531,300,nan,Google LLC,COMPUTER SCIENCE AND MATHEMATICS,15-1252,software developers,15-1252,0.9986625992965633,15-1299,0.0011326698516995102,15-2051,0.00015631003841754584
247547,720,associate dentist,Toral Pandya Professional Dental Corporation,DOCTOR IN DENTAL SURGERY,29-1021,dentists general,29-1021,0.9926485317258424,15-1252,0.0005118585734090918,15-1299,0.00038276612625921965
247609,300,nan,Tekxel LLC,BACHELORS IN ELECS & COMM ENGRG,15-1252,software developers,15-1252,0.9761767263728562,15-1299,0.016825435348108382,15-1211,0.00375311482474885
247681,200,consultant analytics,"Fractal Analytics, Inc.",BUSINESS ANALYTICS,15-2031,operations research analysts,15-2031,0.964223079285522,15-2051,0.018215536255757704,15-2041,0.01745428925199364
247748,300,nan,"Capgemini America, Inc.",MASTER OF SCIENCE IN COMPUTER INFORMATION SYSS,15-1252,software developers,15-1252,0.9492893862788812,15-1211,0.026570690754459517,15-1299,0.014118564815744531
247854,1600,intl audit mgr mortgage regulatory,"Zillow, Inc.",ACCOUNTING,13-2011,accountants and auditors,13-2011,0.9492306064942111,13-2051,0.04916633366487655,15-1252,0.00036654038559263616
247889,1610,consultant,"The Boston Consulting Group, Inc.",CHEMISTRY,13-1111,management analysts,13-1111,0.9986227128892905,15-2031,0.0011954996968535987,15-2051,0.00013849664386266948
247900,300,analyst,Tata Consultancy Services Limited,INFIRMATION TECHNOLOGY,15-1211,computer systems analysts,15-1211,0.8227019693565201,15-1299,0.11863665825486303,15-1252,0.056043427415815396
247976,080,sr research specialist,The Dow Chemical Company,CHEMICAL ENGINEERING,17-2041,chemical engineers,17-2041,0.9890669064721685,19-2031,0.007807222960428022,17-2131,0.002432874124936319
247983,300,nan,Marlabs LLC,ARTIFICIAL INTELLIGENCE FOR ELECTRICAL & COMPUTER ENGINEERS,15-1252,software developers,15-1252,0.672362588550031,15-1251,0.14245759900715216,15-1211,0.1421770937357283
247992,300,nan,"Meta Platforms, Inc.",COMPUTER SCIENCE,15-1252,software developers,15-1252,0.9975126016884253,15-1299,0.002204679448394304,15-2051,0.00013940595161953672
248077,300,advanced analytics associate,KYORYOUNA INC,BACHELOR OF TECHNOLOGY,15-1252,software developers,15-1252,0.9634337507168829,15-1251,0.013462513717355996,15-1253,0.01005000949256799
248115,310,data analyst,Hughes Network Systems LLC,INDUSTRIAL ENGINEERING,15-2051,business intelligence analysts,15-2051,0.5938225141784309,15-1252,0.20659909560085846,15-2031,0.1746466114921048
248135,300,ui developer,Symplore Inc,COMP & INFO SCI,15-1252,software developers,15-1252,0.9994489862829772,15-1211,0.00022124984647430598,15-1251,0.00012070636810514235
248200,1600,accountant associate,"PRAGER METIS CPAS, LLC",ACCOUNTING,13-2011,accountants and auditors,13-2011,0.9986720877095059,13-2051,0.0012851893125153432,13-2099,1.322134361338101e-05
248207,070,cost and value engineering professional,"Siemens Mobility, Inc.",GLOBAL AUTOMOTIVE AND MANUFACTURING ENGINEERING,17-2141,mechanical engineers,17-2141,0.9918625766907702,17-2112,0.004815360611568214,17-2199,0.0013478131020997037
248305,1990,transaction manager self storager,"Highline Storage Partners, LLC",BUSINESS ADMINISTRATION,13-1111,management analysts,13-1111,0.4870943504372224,15-1252,0.23939802783527936,13-2051,0.08339588358568639
248399,300,data analyst,Fortune Minds Inc,ANALYTICS,15-1252,software developers,15-1252,0.7130637950707981,15-2051,0.2533250428518588,15-2031,0.008466813285720257
248444,070,quality engineer,TREMEC Corporation,MECHANICAL ENGINEERING,17-2141,mechanical engineers,17-2141,0.9922769204818505,17-2199,0.004413028792231681,17-2112,0.0031802715310599557
248446,030,r d engineer ic design,Broadcom Corporation,ELECTRICAL ENGINEERING,17-2072,electronics engineers except computer,17-2072,0.993801580914073,17-2071,0.005367408575021726,15-1252,0.0007068344195222244
248622,990,mandarin teacher,ZGT LLC,TEACHING CHINESE,25-9031,instructional coordinators,25-9031,0.08986608347241434,15-2041,0.06090373222434312,15-2051,0.05706893345849642
248650,300,sr sdet engineer,Equitas IT Inc,INFORMATION SYSTEMS,15-1252,software developers,15-1252,0.6862289958694718,15-1299,0.11849723241987987,15-1211,0.0832054640576696
248658,300,software development engineer applications,Apple Inc.,DATA SCI,15-1252,software developers,15-1252,0.9954419162157598,15-1299,0.00205520398107962,15-2051,0.0018499793731650519
248682,300,java developer,Kanap Systems LLC,Computer Science,15-1252,software developers,15-1252,0.9998153732200452,15-1251,0.00012213425145809936,15-1299,2.9311199598510027e-05
248710,120,manager i operations,Amazon.com Services LLC,INDUSTRIAL ENGINEERING,17-2112,industrial engineers,17-2112,0.9320844269518829,13-1081,0.0344125073857961,15-2031,0.016428500971109875
248850,300,solutions architect,TechnoFlair Solutions LLC,ENGINEERING,15-1252,software developers,15-1252,0.702179611929382,15-1299,0.29094123773289715,15-1211,0.005305845699588079
248852,500,originator,Citigroup Global Markets Inc.,MASTER OF BUSINESS ADMINISTRATION,13-2051,financial and investment analysts,13-2051,0.9145093269822835,13-1161,0.04769581385132055,13-2099,0.020074160597285607
248880,300,network security engineer,Marlabs LLC,COMPUTER SCIENCE & ENGINEERING,15-1252,software developers,15-1252,0.8493873823289451,15-1251,0.09335941654033751,15-1211,0.04075670729658125
248938,300,data engineer iii,Cars.com,INFORMATION SYSTEMS,15-1252,software developers,15-1252,0.8543347188299234,15-2051,0.11592336113364173,15-1299,0.014752553499039065
248946,300,nan,Ursi Technologies Inc,COMP SCI OR EQUIVALENT,15-1252,software developers,15-1252,0.9967231637132878,15-1299,0.0013997264082434545,15-1211,0.0007990597114556102
249189,500,vice president strategy and business development,Ameream Management LLC,ACCOUNTING,13-2051,financial and investment analysts,13-2051,0.5337571436427352,13-2011,0.3919088868271009,13-1161,0.023421502194333057
249361,300,applications development senior programmer analyst,"Citibank, N.A.",M S CYBER SECURITY AND PRIVACY B S ELECTRONIC ENGINEERING,15-1252,software developers,15-1252,0.8825046917782434,15-1299,0.05670143133386376,15-2051,0.0258875083997886
249430,190,quality engineer,Silgan Dispensing Systems Corporation,ENGINEERING,17-2199,validation engineers,17-2199,0.37803167475632277,17-2141,0.30987326413608246,17-2112,0.16002387471803547
249475,1890,associate consultant,"Bain & Company, Inc.",ECONOMICS,13-1111,management analysts,13-1111,0.9996508384232708,15-2051,0.00019964405308088896,15-1299,7.066712750993701e-05
249512,300,nan,Goldman Sachs & Co LLC,COMPUTER SCIENCE,15-1252,software developers,15-1252,0.9937261782268306,15-1299,0.004392033765447395,15-1211,0.001606552228154507
249558,050,contracts development manager,Transurban USA Inc.,CIVIL ENGINEERING,17-2051,civil engineers,17-2051,0.9984898447469359,11-9021,0.0005671290808015891,13-1051,0.0003672156608665079
249571,1860,senior analyst portfolio construction and risk,The Beneficient Company Group USA,FINANCIAL ENGINEERING,13-2051,financial and investment analysts,13-2051,0.5473386221749049,13-2099,0.40428301933665917,13-2054,0.022390170807265804
249653,300,nan,Apple Inc.,ELECTRICAL & COMP ENGRG,15-1252,software developers,15-1252,0.9974123094596905,15-1299,0.0014751971251222833,17-2072,0.0006057008722113873
249812,390,program manager,Microsoft Corporation,BUSINESS ANALYTICS AND INFORMATION TECHNOLOGY MANAGEMENT,15-1252,software developers,15-1252,0.9108060925791429,15-1299,0.08237988117863146,15-2051,0.006307321984804267
249830,030,nan,"AMEO SOLUTIONS, LLC",ELEC ENGRG,15-1252,software developers,15-1252,0.6882208500132795,17-2071,0.15660783336315975,17-2072,0.13957992384558152
249865,070,nan,"Epitec, Inc.",AUTOMOTIVE SYSTEMS ENGINEERING,17-2141,mechanical engineers,17-2141,0.9969475299350811,15-1252,0.002051450336861578,17-2112,0.0005720239952664695
249891,1660,management associate,"Citibank, N.A.",INDUSTRIAL LABOR RELATIONS WITH A CONCENTRATION IN HR OPERATIONS,13-2051,financial and investment analysts,13-2051,0.21459400241153942,13-1111,0.2098571134681305,15-1252,0.18240049370804096
249946,300,sw engineer i,NCR Corporation,INFORMATION SYSTEMS,15-1252,software developers,15-1252,0.9987416324525028,15-1299,0.0007185898102801235,15-1211,0.0002752220717140767
249988,730,veterinarian,SAGE VETERINARY CENTERS,VETERINARY MEDICINE,29-1131,veterinarians,29-1131,0.9990862885769736,11-9111,0.00012001239040933107,15-1211,3.027586835936855e-05
250040,390,java full stack developer,Smart Info Solutions LLC,INFORMATION TECHNOLOGY,15-1252,software developers,15-1252,0.9879638752033082,15-1299,0.007247286995789999,15-1211,0.0021374164739439857
250047,310,systems administrator,"ONS Computer & IT Solutions, INC.",INFORMATION SYSTEMS IT SECURITY NETWORKING,15-1244,network and computer systems administrators,15-1244,0.9376361156010313,15-1252,0.01962561560781456,15-1299,0.01692501428925437
250199,1600,portfolio manager,Pacific Investment Management Company LLC,FINANCE,13-2051,financial and investment analysts,13-2051,0.9918871425710306,13-2011,0.005373096279141443,13-2099,0.002570752262342637
250461,1610,nan,Foremost Maritime Company LLC,FOREIGN SERVICE WITH A CONCENTRATION IN GLOBAL BUSINESS & FINANCE,13-1111,management analysts,13-1111,0.6042672125839872,15-2051,0.13245901296023221,13-2051,0.09480744358901207
250475,410,nan,"Deciphera Pharmaceuticals, LLC",CELL BIOLOGY GENETICS & MOLECULAR MEDICINE,19-1029,bioinformatics scientists,19-1029,0.2791122857211747,15-2041,0.18759178293087617,15-1252,0.08177102783917237
250505,1840,purchasing specialist analyst,"Zinus, Inc.",BUSINESS,13-1161,market research analysts and marketing specialists,13-1161,0.13197122672329534,15-2051,0.11830199783120222,15-1252,0.11037623446055538
250510,1990,data scientist i,"McKinsey & Company, Inc. United States",BUSINESS ANALYTICS AND INFO SYSTEMS,15-2051,business intelligence analysts,15-2051,0.581588355701212,13-1111,0.19778033671040024,15-2041,0.16557826108122975
250569,300,gp p sr analyst,"Citibank, N.A.",BACHELOR OF SCIENCE IN MECHANICAL ENGINEERING AND INDUSTRIAL ENGINEERING BACHELOR OF BUSINESS ADMINISTRATION IN FINANCE,15-1252,software developers,15-1252,0.811742254084612,15-1299,0.1073379394514943,15-2051,0.03360902940417718
250615,030,deep learning engineer,"Femtosense, Inc.",COMPUTATIONAL AND MATHEMATICAL ENGINEERING,17-2072,electronics engineers except computer,17-2072,0.37274104877495834,17-2071,0.3417291121231802,15-1252,0.10027598760188267
250673,300,nan,Apple Inc.,APPLIED DATA SCI,15-1252,software developers,15-1252,0.9927306895724523,15-1299,0.003487148126003419,15-2051,0.0017595492511163486
250675,190,engineer ii design,Microchip Technology Inc.,COMPUTER ENGINEERING,17-2072,electronics engineers except computer,17-2072,0.4997064100224796,15-1252,0.37653117288933174,17-2071,0.05982718550772257
250686,500,associate,Primavera USA LLC,BUSINESS ADMINISTRATION,13-2051,financial and investment analysts,13-2051,0.8834233863995327,13-1111,0.05168706448114056,13-1161,0.018819807307660596
250736,300,data engineer,Scipher Medicine Corporation,MASTER OF SCIENCE IN INFORMATION SYSTEMS,15-1252,software developers,15-1252,0.9058717758153582,15-1299,0.037567611288396155,15-2051,0.028304162550014358
250739,300,professional services i,"Amazon Web Services, Inc.",COMPUTER SCIENCE,15-1252,software developers,15-1252,0.9990809952979552,15-1211,0.00045907213330034677,15-1299,0.0003633239389531225
250818,1830,program manager,"Tesla, Inc.",SUPPLY CHAIN MANAGEMENT,17-2112,industrial engineers,17-2112,0.561196648945967,13-1081,0.22087246083303336,15-1252,0.11200044638750287
250849,300,support engineer ii external,"Amazon Web Services, Inc.",COMPUTER ENGINEERING,15-1252,software developers,15-1252,0.8466087139406787,15-1211,0.14325971516392505,15-1299,0.009400764077791056
250913,1610,engagement manager,"ExlService.com, LLC",MANAGMENT SCIENCE,13-1111,management analysts,13-1111,0.9992217366102688,15-2041,0.0004178830647487206,15-2051,0.0002091725908419881
250938,300,nan,Google LLC,STATISTICS,15-1252,software developers,15-1252,0.9884977397414855,15-2051,0.007186851141129345,15-1299,0.0023595255096751657
250950,300,nan,Apple Inc.,MACHINE LEARNING,15-1252,software developers,15-1252,0.9971980225939777,15-1299,0.0017886844852875066,15-2051,0.000601690996548544
250965,390,data engineer,Eficens Systems LLC,DATA SCIENCE,15-1252,software developers,15-1252,0.9962702739348821,15-2051,0.0014316072997661961,15-1243,0.0012897698496066152
250967,1990,practice specialist,"McKinsey & Company, Inc. United States",BUSINESS MANAGEMENT,13-1111,management analysts,13-1111,0.9742806433416942,15-2051,0.012456036344381336,15-1252,0.007262067680952009
250969,300,technical architect,"Gaea Global Technologies, Inc.",COMPUTER SYSTEMS ENGINEERING,15-1252,software developers,15-1252,0.6254793642095045,15-1299,0.33575122644052785,15-1211,0.03439964379115171
250992,1620,supply chain manager,Lexora Inc.,MASTER OF SCIENCE IN INDUSTRIAL ENGINEERING,13-1081,logisticians,13-1081,0.41012932141783964,11-3071,0.24700938317877846,17-2112,0.09662616027126403
251025,300,principal research scientist,"Runway AI, Inc.",SCIENTIFIC COMPUTING,15-1252,software developers,15-1252,0.5629783488992571,15-1211,0.11623134090090667,15-1221,0.10566781199839782
251046,300,machine learning engineer,Apple Inc.,LANGUAGE TECHNOLOGIES,15-1252,software developers,15-1252,0.9972131763575861,15-1221,0.0008993171687462018,15-1299,0.0008127082700324098
251115,300,salesforce developer,EMERGTECH BUSINESS SOLUTIONS INC,BUSINESS ADMINISTRATION,15-1252,software developers,15-1252,0.9977311044284665,15-1299,0.0016293181930624066,15-1211,0.0005505970029885187
251141,300,data analyst,Advanced Instruments LLC,INFORMATION MANAGEMENT,15-1252,software developers,15-1252,0.5407033930057358,15-2051,0.304120019503971,15-1211,0.07515748875919728
251172,200,associate data scientist,Caterpillar Inc.,SCIENCE IN ECONOMICS AND SCIENCE IN ANALYTICS,15-2041,statisticians,15-2041,0.7786344434865718,15-2031,0.1484285548452808,15-2051,0.06783106903795093
251174,1620,senior aortic sales representative,"Medtronic, Inc.",EMERGENCY MEDICAL SERVICES,13-1081,logisticians,13-1081,0.1530438788630898,15-2051,0.13644595585232525,15-2031,0.07933416439954752
251212,1990,associate managment consultant,"McKinsey & Company, Inc. United States",BUSINESS ADMINISTRATION,13-1111,management analysts,13-1111,0.9918615302374131,15-2051,0.004384151173783739,15-2031,0.002077321904870584
251260,050,civil engineer,"Mehta & Associates, Inc.",CIVIL ENGINEERING,17-2051,civil engineers,17-2051,0.9999976421041036,11-9021,9.172626715732682e-07,13-1051,5.955111674279359e-07
251287,300,nan,Apple Inc.,ELECTRICAL AND COMPUTER ENGRG,15-1252,software developers,15-1252,0.9973948116851615,15-1299,0.0013036397053141906,17-2072,0.0007144375490915727
251331,070,reliability engineer,"CONSTELLIUM AUTOMOTIVE USA, LLC",US MASTERS DEGREE MECHANICAL ENGINEERING,17-2141,mechanical engineers,17-2141,0.9557731561355587,17-2112,0.016236010664925773,17-2199,0.01318537658719124
251395,1100,associate attorney,Bevilacqua PLLC,LAW,23-1011,lawyers,23-1011,0.9999955685913012,23-1012,3.882212855946249e-06,23-2011,1.9471751384901947e-07
251489,1990,principal associate data science,"Capital One Services, LLC",ANALYTICS,15-2051,business intelligence analysts,15-2051,0.776207108711087,15-2041,0.1920131394141481,15-2031,0.03071353951731873
251525,300,nan,"Samsung Research America, Inc.",ELECTRICAL AND COMPUTER ENGINEERING,15-1252,software developers,15-1252,0.9920130770387379,15-1221,0.0040286020921358546,15-1299,0.0019963428793224962
251655,300,lead developer,Luminary Creative and Marketing LLC,COMPUTER SCIENCE,15-1252,software developers,15-1252,0.9775318988441103,15-1299,0.011355848604135693,15-1251,0.007473920058374002
251665,010,architectural designer,"DORIN & COPPEL, LLC",ARCHITUURAL & BUIDING SCIENCE,17-1011,architects except landscape and naval,17-1011,0.9436019735368444,17-3011,0.05456202562891286,27-1025,0.00037455934690568105
251790,300,machine learning engineer 5,Snap Inc.,ASTRONOMY,15-1252,software developers,15-1252,0.9785733827763262,15-2051,0.007204542741151273,15-1253,0.0028767974699166654
251830,300,nan,"McKinsey & Company, Inc. United States",BUS ADMIN,15-1252,software developers,15-1252,0.6942158893468746,13-1111,0.19290189806582825,15-1299,0.0757552906849879
251910,300,java developer,IT CATS LLC,INFORMATION SYSTEMS,15-1252,software developers,15-1252,0.999339294297056,15-1251,0.00030562704506522314,15-1299,0.00017778901999825246
251925,1990,client service specialist,"MOODY'S ANALYTICS, INC.",BUSINESS ADMINISTRATION AND MANAGEMENT,13-1111,management analysts,13-1111,0.26040896663346597,15-2051,0.18209095397969383,13-2051,0.17648064730987015
252084,300,product manager iii technical,Amazon.com Services LLC,BUSINESS ADMINISTRATION,15-1252,software developers,15-1252,0.7790856460417046,15-1299,0.20203473704581018,15-2051,0.015438333098796431
252112,300,business analyst,"KeySource Acquisition, LLC",BUSINESS ADMINISTRATION INFORMATION SYSTEMS,15-1211,computer systems analysts,15-1211,0.4654133678851306,15-1252,0.3668027999539252,15-2051,0.14299196358901772
252136,030,asic design engineer,Apple Inc.,ELECTRICAL & COMP ENGRG,17-2072,electronics engineers except computer,17-2072,0.8399103757346634,17-2071,0.159408744417878,15-1252,0.0006539024144348212
252184,1960,captain,"Air Ambulance Worldwide, LLC",AVIATION SCIENCE,15-1252,software developers,15-1252,0.13498699212525025,15-1299,0.0830985657803455,15-1211,0.058439717860876386
252304,300,software development engineer in test ii,S&P GLOBAL MARKET INTELLIGENCE INC.,COMPUTER SCIENCE,15-1252,software developers,15-1252,0.9691190224003049,15-1299,0.014072646773444246,15-1211,0.006667975134753811
252313,500,fin solutions sr group manager,"Citibank, N.A.",BUSINESS ADMINISTRATION WITH A MAJOR IN FINANCE,13-2051,financial and investment analysts,13-2051,0.7585854278906955,13-2099,0.13025722421472805,15-2051,0.041193705949135455
252316,290,mts analytical characterization engineer,"QuantumScape Battery, Inc.",PHYSICS,15-2041,statisticians,15-2041,0.30064791679854314,15-2051,0.27311756663418546,15-2031,0.14384485354953191
252364,320,nan,McLaughlin Gormley King Company,INFO SYSS,15-1252,software developers,15-1252,0.9657006072555764,15-1299,0.020580314962486634,15-1211,0.0059588287873586785
252393,120,managing director and chief engineer,Interstate Resources Inc.,MBA H 1B IS BASED ON HIS BACHELOR S IN INDUSTRIAL ENGINEERING,17-2112,industrial engineers,17-2112,0.6640256000474498,17-2199,0.08830609754290697,17-2131,0.0702018140814409
252425,300,cloud architect,Lucid Technology Inc,INFO AND COMMS TECH,15-1252,software developers,15-1252,0.8377390985220441,15-1299,0.14494590363726995,15-1211,0.009474341654894525
252443,300,nan,"Orasys, LLC",SOFTWARE ENGRG,15-1252,software developers,15-1252,0.9963675413815758,15-1299,0.002715855476113773,15-1211,0.0004915890817738226
252473,1100,associate,KIRKLAND & ELLIS LLP,LAW,23-1011,lawyers,23-1011,0.9999992875245398,13-2011,2.432997131995387e-07,13-2051,2.24676141893451e-07
252481,300,nan,Apple Inc.,BUS ADMIN,15-1252,software developers,15-1252,0.979189222515612,15-1299,0.01597120242952167,15-2051,0.002265517071768679
252496,010,junior designer,"Skidmore, Owings & Merrill LLP",ARCHITECTURE,17-1011,architects except landscape and naval,17-1011,0.9999287278221746,17-3011,5.7579356551075196e-05,27-1025,9.271844912940168e-06
252535,1860,nan,Goldman Sachs & Co LLC,MANAGEMENT SCIENCE AND ENGINEERING,13-2051,financial and investment analysts,13-2051,0.7555436117313963,13-2099,0.16457864035038705,15-2051,0.047671130418287765
252630,300,hedge fund research analyst,"CAPTION MANAGEMENT, LLC",MGMT INFORMATION SYSTEMS,15-1252,software developers,15-1252,0.8826838754823192,15-1211,0.04568977961940071,15-1299,0.042044995819598606
252700,300,business systems analyst,Innovative Consulting Solutions LLC,COMPUTERS SCIENCE,15-1252,software developers,15-1252,0.616771377963087,15-1299,0.1932207217269585,15-1211,0.16713025610047844
252732,070,system engineer,Rorze Automation Inc.,MECHANICAL ENGINEERING,17-2141,mechanical engineers,17-2141,0.9618385367987418,15-1252,0.02053931013308928,17-2199,0.008796867864211933
252807,1630,business development manager,Cameron International Corporation,BUSINESS ADMINISTRATION,13-1161,market research analysts and marketing specialists,13-1161,0.6862734127036266,11-2021,0.179355618135217,13-1111,0.08798007507870988
252813,330,nan,"TARANA WIRELESS, INC.",ELECTRICAL ENGINEERING,15-1252,software developers,15-1252,0.674350840891624,15-1299,0.2853098014933364,15-1253,0.02219228867190638
252875,300,data scientist,The Nielsen Company US LLC,INDUSTRIAL AND SYSTEMS ENGINEERING,15-1252,software developers,15-1252,0.419437847295996,15-2051,0.2712814660571799,15-2041,0.18062278442446145
252880,390,junior security operations analyst,"McKinsey & Company, Inc. United States",CYBER SECURITY AND PRIVACY,15-1252,software developers,15-1252,0.6542283498055191,15-2051,0.13712796878745,15-1299,0.09329776428589139
253185,300,devops engineer,V-Soft Solutions Inc,TELECOMMUNICATIONS ENGINEERING,15-1252,software developers,15-1252,0.9892569373666679,15-1299,0.010577353589312296,15-1211,0.0001086983043221261
253204,120,planning materials associate,Grocery Delivery E-Services USA Inc.,ENGINEERING,17-2112,industrial engineers,17-2112,0.9457775262204691,17-2199,0.01603249119716475,15-1252,0.008751237484746275
253238,500,trader,Citigroup Global Markets Inc.,BACHELOR OF BUSINESS ADMINISTRATION IN FINANCE,13-2051,financial and investment analysts,13-2051,0.9231425486611152,13-2099,0.07430010954937183,15-2051,0.0010116320075574225
253288,590,account supervisor,"Saatchi & Saatchi North America, LLC",COMMUNICATIONS,13-1161,market research analysts and marketing specialists,13-1161,0.6647634518377864,15-2051,0.1405932537305772,15-2031,0.06799628992712803
253326,790,clinical data scientist,Sanofi US Services Inc.,PHARMACY,15-2041,statisticians,15-2041,0.6003789980538062,15-2051,0.12557504042521705,19-1042,0.09790614775444584
253435,450,applied behavioral scientist,"BetterUp, Inc.",PSYCHOLOGY,17-2112,industrial engineers,17-2112,0.40462342057728135,13-1161,0.16606868075802675,13-1111,0.14850209907017412
253443,200,analyst predictive analytics data science,"Domino's Pizza, Inc.",DATA SCIENCE,15-2041,statisticians,15-2041,0.8491868236171978,15-2051,0.10666965794066735,15-2031,0.04009159740369506
253462,1610,nan,Apple Inc.,SUPPLY CHAIN MGT,13-1111,management analysts,13-1111,0.4306571842841397,15-2051,0.3831075780575916,15-2031,0.08157135764611544
253464,1990,engagement manager management consultant,"McKinsey & Company, Inc. United States",BUSINESS ADMINISTRATION,13-1111,management analysts,13-1111,0.9983616390466197,15-2051,0.0008825764924342257,15-2031,0.0004181871034513514
253511,1100,associate,Latham & Watkins LLP,LAW,23-1011,lawyers,23-1011,0.999998985866891,13-2011,3.446744897255453e-07,13-2051,3.182911050006789e-07
253533,190,manager ii operations,Amazon.com Services LLC,PROJECT MANAGEMENT,15-1252,software developers,15-1252,0.4546364226349119,13-1081,0.29753517624085213,15-1299,0.11305008095002245
253558,,sales administrator,"F & P America Mfg., Inc.",HOSPITALITY TOURISM,15-1252,software developers,15-1252,0.6880124609607915,15-1299,0.12266743501048773,15-1211,0.049723245380452814
253562,1990,business analyst management consultant,"McKinsey & Company, Inc. United States",PHILOSOPHY POLITICS ECONOMICS,13-1111,management analysts,13-1111,0.9984884435333734,15-2051,0.0007349850346688999,15-2031,0.0002849684335295308
253594,1990,associate management consultant,"McKinsey & Company, Inc. United States",BUSINESS ADMINISTRATION,13-1111,management analysts,13-1111,0.999947235916511,15-2051,2.842373631704589e-05,15-2031,1.346788642297341e-05
253596,030,engineer tcad device,"Micron Technology, Inc.",ELECTRICAL ENGINEERING,17-2071,electrical engineers,17-2071,0.8831025426068813,17-2072,0.10726193407640394,15-1252,0.008042855128002025
253599,070,bsm automation engineer,"Advantex Solutions, Inc.",MECHANICAL ENGINEERING,17-2141,mechanical engineers,17-2141,0.9819466945006419,17-2199,0.008104399205607873,15-1252,0.005148968165642494
253641,500,model analysis validation sr officer,"Citibank, N.A.",RISK MANAGEMENT,13-2051,financial and investment analysts,13-2051,0.569129027602011,13-2099,0.19545107150712965,13-2054,0.06981375577875008
253672,390,python developer,Rising Sun Technologies LLC,COMPUTER APPLICATIONS EQUIVALENCY TO US MASTERS DEGREE IN COMPUTER INFORMATION SYSTEMS,15-1252,software developers,15-1252,0.9702639241192664,15-1299,0.02119526662590511,15-1251,0.00301899997883728
253713,1610,business data analyst,Detroit Tool Metal Products Co.,BUSINESS ANALYTICS,15-2051,business intelligence analysts,15-2051,0.7828659209246075,15-2031,0.18353622341736292,13-1111,0.023308177699909245
253734,120,nan,Southern Minnesota Beet Sugar Cooperative,MECH ENGRG,17-2141,mechanical engineers,17-2141,0.44309724823544483,17-2112,0.4228693003026217,17-2199,0.07415692683120387
253758,300,data analyst,"CONEXUS SOLUTIONS, INC.",INFORMATION TECHNOLOGY AND SYSTEMS,15-2051,business intelligence analysts,15-2051,0.5866396474749541,15-1252,0.279352491818381,15-1211,0.05566263299381562
253760,300,hardware development engineer electronic engineer except com,Apple Inc.,ELECTRICAL ENGINEERING,15-1252,software developers,15-1252,0.9819918556387439,15-1299,0.005840002204816427,17-2072,0.005066107007348613
253912,1690,engineer manager,"Sezzle, Inc.",MATHEMATICS COMPUTER SCIENCE,15-1252,software developers,15-1252,0.34305926387050195,15-2031,0.18208173276938547,15-2051,0.10782156059616176
253962,300,consultant,"Forrester Research, Inc.",BUSINESS ADMINISTRATION INTERNATIONAL BUSINESS,15-1211,computer systems analysts,15-1211,0.4409508304938401,15-1252,0.26446491281745876,15-1299,0.172606168562567
254084,500,associate global index research,JPMorgan Chase & Co.,MATHEMATICAL FINANCE ENGINEERING MANAGEMENT,13-2051,financial and investment analysts,13-2051,0.6998004229314846,15-2051,0.11285341652817794,13-2099,0.07014577973431302
254167,200,data science analyst,"Tiger Analytics, Inc.",INFORMATION TECHNOLOGY AND MANAGEMENT,15-2031,operations research analysts,15-2031,0.9894036391611594,15-2051,0.008557406257584001,15-2041,0.0019670504243291653
254170,030,staff engineer product applications,"MAXIM INTEGRATED PRODUCTS, INC.",ELECTRICAL ENGINEERING,17-2072,electronics engineers except computer,17-2072,0.9372064297867185,17-2071,0.0617206282202602,15-1252,0.0003386664145496407
254186,300,data analyst,Technova Systems Inc,COMPUTER INFORMATION TECHNOLOGY,15-1252,software developers,15-1252,0.6811865950300312,15-2051,0.2258669087736111,15-1299,0.06094671610058999
254250,030,machine learning engineer,Devron Corporation,ELECTRONICS AND COMMUNICATION ENGINEERING,15-1252,software developers,15-1252,0.8185405741646968,15-1299,0.09465287618751113,17-2072,0.04412820033704912
254254,300,director product management,"Virsec Systems, Inc.",COMPUTER SCIENCE,15-1252,software developers,15-1252,0.9148889041670257,15-1299,0.05314066936132382,15-1211,0.01258969501793154
254365,1600,analyst,Morgan Stanley Services Group Inc.,QUANTITATIVE FINANCE,13-2051,financial and investment analysts,13-2051,0.945346171213489,13-2099,0.04292632966035632,13-2011,0.009263073625633578
254379,300,nan,Ursi Technologies Inc,COMP SCI OR EQUIVALENT,15-1252,software developers,15-1252,0.9967231637132878,15-1299,0.0013997264082434545,15-1211,0.0007990597114556102
254486,300,research scientist,"Meta Platforms, Inc.",ELECTRICAL ENGINEERING,15-1252,software developers,15-1252,0.5962992458892225,15-1221,0.3993118711443379,15-1299,0.0026648762821776858
254502,070,design engineer i,Milwaukee Electric Tool Corporation,MECHANICAL ENGINEERING,17-2141,mechanical engineers,17-2141,0.9996811013789493,17-2112,0.0001801111243008362,17-2199,0.00011919593201117768
254526,300,technology analyst us,Infosys Limited,INFORMATION SYSTEMS,15-1299,computer systems engineers architects,15-1299,0.9999191219160429,15-1211,6.636496361626055e-05,15-1253,7.046699923965115e-06
254613,1600,associate model risk auditor,JPMorgan Chase & Co.,COMPUTATIONAL FINANCE,13-2051,financial and investment analysts,13-2051,0.8029404398798271,13-2099,0.1770377286732538,13-2011,0.01215045556348929
254627,300,data engineer i,"Amazon Web Services, Inc.",ELECTRICAL ENGINEERING,15-1252,software developers,15-1252,0.9927803162094401,15-1299,0.004836688876000941,15-1211,0.0009297441902157991
254754,300,team lead devops,"Acronis, Inc.",SOFTWARE ENGINEERING,15-1252,software developers,15-1252,0.7934482638472816,15-1299,0.1412930603043498,15-1211,0.028349397705209143
254811,300,supply operations manager,"Airbus Americas, Inc.",MANAGEMENT,15-1299,computer systems engineers architects,15-1299,0.39530183943393704,15-1252,0.33524953639925775,15-1211,0.15163732499843494
254843,1990,associate management consultant,"McKinsey & Company, Inc. United States",BUSINESS ADMINISTRATION,13-1111,management analysts,13-1111,0.999947235916511,15-2051,2.842373631704589e-05,15-2031,1.346788642297341e-05
254892,300,nan,Datalore Technologies Inc,BACHELOR OF TECH IN COMPUTER SCIENCE AND ENGINEERING,15-1252,software developers,15-1252,0.9797704853011383,15-1299,0.009402115110973072,15-1211,0.005367371325854034
254915,390,product designer ii,Twilio Inc.,INFORMATION,15-1252,software developers,15-1252,0.8172439779775639,15-2051,0.09341122623667178,15-1299,0.06876961418645886
254991,300,fullstack developer,OAK TECHNOLOGIES INC,COMPUTER AND INFORMATION SCIENCES,15-1252,software developers,15-1252,0.9981996523037756,15-1299,0.0009568962548672294,15-1211,0.00027026520476545123
255011,1990,business analyst management consultant,"McKinsey & Company, Inc. United States",CHEMICAL ENGRG,13-1111,management analysts,13-1111,0.9986644910703333,15-2031,0.0005950530587051818,15-2051,0.0004661349314358935
255017,390,it services head,New Digital IT Inc.,BUSINESS ADMINISTRATION,15-1299,computer systems engineers architects,15-1299,0.45187220882383,15-1252,0.31479930465822825,15-2051,0.1102260299600162
255101,990,data and assessment coordinator,"Charter One, LLC",BUSINESS ANALYTICS,15-2041,statisticians,15-2041,0.4460689607277217,15-2051,0.33401627817567087,15-2031,0.11732184388390489
255142,1600,audit and assurance assistant,Deloitte & Touche LLP,ACCOUNTING,13-2011,accountants and auditors,13-2011,0.9999899215345833,13-2051,9.48610666735464e-06,13-1111,3.6019654795160634e-07
255191,300,sap associates functional consultant,RADIANT INFOSYS INC,COMPUTER SCIENCE AND ENGINEERING,15-1252,software developers,15-1252,0.935913310121063,15-1299,0.04646626196905801,15-1211,0.008969174954918618
255281,300,data engineer,GVKTEK Inc,,15-1252,software developers,15-1252,0.982453953446035,15-1299,0.015278837972924396,15-2051,0.001074394632719857
255298,300,business analyst,"Autodesk, Inc.",BUS ANALYTICS,15-2051,business intelligence analysts,15-2051,0.6144685397833669,15-1252,0.3051114073726396,15-1299,0.03331111646241773
255400,070,mechanical design engineer,"Tesla, Inc.",MECHANICAL ENGINEERING,17-2141,mechanical engineers,17-2141,0.9999671991014965,17-2112,2.5678735988036744e-05,17-2199,4.3574251100708e-06
255516,300,software development engineer in test,Datalore Technologies Inc,BACHELOR OF TECHNOLOGY IN MECHANICAL ENGINEERING,15-1252,software developers,15-1252,0.9964387157694949,15-1253,0.0024242844300764706,15-1299,0.0005673433443271497
255537,390,account manager,Intouch Group LLC,SOCIAL MEDIA MOBILE MARKETING,15-1299,computer systems engineers architects,15-1299,0.7741615268136238,15-2051,0.0427362857361364,15-1252,0.04220504032739128
255540,030,technical services manager,"Oncare Digital Assets, Inc.",ELECTRONIC ENGINEERING,17-2072,electronics engineers except computer,17-2072,0.6116251617965831,17-2071,0.26205350399376093,15-1299,0.04797917321943305
255574,390,director of business operations strategy,"Automaton, Inc.",INFORMATION SYSTEMS,15-1252,software developers,15-1252,0.7751312782967412,15-1299,0.08956619568936985,15-2051,0.08896506496139213
255594,300,software development analyst,"NTT DATA, Inc.",COMPUTER SCIENCE,15-1252,software developers,15-1252,0.9760817970613681,15-1299,0.020010005256374225,15-1211,0.0031245013252166887
255726,500,gallery manager,"Gallery Diet, Inc.",HISTORY OF ART,13-1161,market research analysts and marketing specialists,13-1161,0.3656357115936874,13-2051,0.3030015618899514,13-2099,0.0680204405791942
255751,300,qa automation test engineer,Datad Solutions Inc,INFORMATION TECHNOLOGY,15-1252,software developers,15-1252,0.9706481102284908,15-1299,0.013600441064522526,15-1211,0.0067942888581859805
255993,300,nan,Ursi Technologies Inc,COMPUTER SCIENCE OR EQUIVALENT,15-1252,software developers,15-1252,0.9993463697436779,15-1299,0.0002806820500691854,15-1211,0.00016023254017226708
256060,300,applications developer,"Oracle America, Inc.",INFORMATION SYTEMS,15-1252,software developers,15-1252,0.9997613783520356,15-1211,0.00015285090123033589,15-1299,2.8739199108911735e-05
256069,1410,ux designer,Roblox Corporation,INFORMATION MANAGEMENT,15-1252,software developers,15-1252,0.720283953112268,27-1024,0.2613043682333118,15-1299,0.005851849605252083
256170,300,rf engineer,MobileComm Professionals Inc.,ELECTRICAL ENGINEERING,15-1252,software developers,15-1252,0.40226657334915594,17-2071,0.35423847595911856,17-2072,0.173863835218705
256274,1890,president and chief executive officer,Center for Breakthrough Medicines LLC,INDUSTRIAL ENGINEERING,15-1299,computer systems engineers architects,15-1299,0.49106680657855534,15-2051,0.13381469480517738,15-2031,0.12353804814847423
256324,1600,nan,Credit Suisse Securities USA LLC,DATA SCIENCE,13-2051,financial and investment analysts,13-2051,0.5509344547193175,15-1252,0.24133044184208594,15-2051,0.1622811676155917
256325,1860,financial analysis mgr,"MUFG Bank, Ltd.",ECONOMICS,13-2051,financial and investment analysts,13-2051,0.8698936481218784,13-2099,0.042408060667550214,15-2051,0.030265557091189405
256348,300,nan,eMaestro Technologies Inc,ELECTRONICS AND COMMUNICATIONS ENGINEERING,15-1252,software developers,15-1252,0.9939524913153733,15-1299,0.004347901574449718,15-1211,0.0009928320154728113
256384,300,nan,NGA GROUP INC,COMPUTER SCIENCE,15-1252,software developers,15-1252,0.9914388772331935,15-1211,0.004267887326666726,15-1299,0.002291861794944978
256396,300,associate,"A.T. Kearney, Inc.",BUSINESS ADMINISTRATION,13-1111,management analysts,13-1111,0.7795158356074027,15-1252,0.18901354596257647,15-1299,0.010045112127280265
256414,300,sr developer,MODULAR SOFTWARE CONSULATING LLC,VLSI AND EMBEDDED SYSS DESIGN,15-1252,software developers,15-1252,0.976109686209305,15-1299,0.008394959374112904,15-1211,0.005212970889741734
256477,300,nan,LatentView Analytics Corporation,COMP INFO SYSS,15-1252,software developers,15-1252,0.9833051036561102,15-1299,0.00981600869579454,15-1211,0.0036694870236956764
256495,300,business analyst,"ISITE TECHNOLOGIES, INC.",MASTER OF SCIENCE IN FINANCE MASTER OF BUSINESS ADMINISTRATION,15-1211,computer systems analysts,15-1211,0.6901516903061456,15-1252,0.15864454492294516,15-1299,0.09359428658092468
256610,1600,nan,Deloitte & Touche LLP,ACCOUNTING,13-2011,accountants and auditors,13-2011,0.9995687257912091,13-2051,0.0004076379816703249,13-1111,1.6124178618565187e-05
256732,300,nan,"Meta Platforms, Inc.",COMPUTER ENGINEERING,15-1252,software developers,15-1252,0.9938736427167648,15-1299,0.005832402658260142,15-2051,0.00013122844948848107
256879,300,business analyst expert,MACHINE INTELLIGENCE TECHNOLOGIES LLC,MASTER OF SCIENCE IN COMPUTER SCIENCE,15-1252,software developers,15-1252,0.9757439430733503,15-1299,0.013912909204489217,15-1253,0.0038582625623523725
256886,120,solutions analyst,"Facility Interiors, Inc.",INDUSTRIAL ENGINEERING,17-2112,industrial engineers,17-2112,0.938843033973864,15-2031,0.031174954761308115,17-2199,0.0183351844469808
256912,1600,client data oversight analyst,Pacific Investment Management Company LLC,INFORMATION TECHNOLOGY,15-1252,software developers,15-1252,0.3412171563744815,15-1211,0.21134033034804592,13-2051,0.12729651540629047
256942,070,nan,Apple Inc.,IND & SYSS ENGRG,17-2141,mechanical engineers,17-2141,0.8018053135015986,17-2112,0.09055285920706566,15-1252,0.08397166309544297
256950,300,java developer,RedShift Technologies LLC,COMPUTER SCIENCE,15-1252,software developers,15-1252,0.9997988122743715,15-1251,9.39012344550331e-05,15-1299,8.974605449843798e-05
256985,1600,product strategist,Pacific Investment Management Company LLC,QUANTITATIVE FINANCE,13-2051,financial and investment analysts,13-2051,0.9517637456225474,13-2099,0.028726760910560572,13-2011,0.017703119180619065
256988,300,professional application designer,CSC Covansys Corporation,ELECTRONIC ENGINEERING BUSINESS ADMINISTRATION,15-1299,computer systems engineers architects,15-1299,0.9481368121250878,15-1211,0.04665517673718757,15-1253,0.001915570961447632
257052,200,applied scientist,"Uber Technologies, Inc.",ALGORITHMS COMBINATORICS AND OPTIMIZATION,15-2041,statisticians,15-2041,0.9321477543393395,15-2051,0.033539181457229984,15-2031,0.032218534100864685
257097,390,project delivery manager,Mitsogo Inc,ELECTRONICS AND COMMUNICATION ENGINEERING,15-1299,computer systems engineers architects,15-1299,0.6730156479428231,15-1252,0.1933126004757903,15-1253,0.042839592307440555
257125,300,nan,Apple Inc.,ELECTRICAL AND COMPUTER ENGRG,15-1252,software developers,15-1252,0.9973948116851615,15-1299,0.0013036397053141906,17-2072,0.0007144375490915727
257129,300,program developer,Rumisoft Inc.,TECHNOLOGY,15-1252,software developers,15-1252,0.9405029566511792,15-1299,0.03397300508038091,15-1211,0.01393501456755848
257210,300,process control engineer,Harvey Nash Inc,MANUFACTURING ENGINEERING,17-2141,mechanical engineers,17-2141,0.39592353147516895,17-2199,0.19721637257020092,17-2112,0.1046611856524082
257298,330,data analyst,"Curate Partners, LLC",ENGINEERING MANAGEMENT,15-2051,business intelligence analysts,15-2051,0.7036529281900719,15-1299,0.2586929039454486,15-1252,0.02037711647745668
257314,300,engineer i,AIR Worldwide,CIVIL ENVIROMENTAL ENGINEERING,15-1252,software developers,15-1252,0.9037705588874971,15-1299,0.06042825413930121,15-2051,0.0075409988651603055
257342,300,software developer applications,IT Vertex Inc,MASTER OF COMPUTER APPLICATIONS,15-1252,software developers,15-1252,0.9999112348786882,15-1251,3.001783141997313e-05,15-1299,2.8677575640131973e-05
257490,1600,associate tax,JPMorgan Chase & Co.,ACCOUNTING,13-2011,accountants and auditors,13-2011,0.9251720198564227,13-2051,0.07419694916068101,13-2099,0.00034082175499057553
257498,1610,associate strategy,JPMorgan Chase & Co.,BUSINESS ADMINISTRATION,13-1111,management analysts,13-1111,0.8137011231700824,13-2051,0.13059800324340282,15-2051,0.04342969316657083
257521,1860,analyst,Goldman Sachs & Co LLC,DATA SCIENCE AND ECONOMICS,13-2051,financial and investment analysts,13-2051,0.8031856912095039,13-2099,0.159360247540367,13-2054,0.03152046869496709
257529,070,application support engineer advanced,Siemens Industry Software Inc.,MECHANICAL ENGINEERING,17-2141,mechanical engineers,17-2141,0.9962574154731157,17-2199,0.0016828259256389917,15-1252,0.0007567241893165268
257556,300,sap basis administrator,Marvel Technologies Inc,MSTR OF COMPUTER APPLICATIONS BACHELOR OF COMPUTER APPS,15-1252,software developers,15-1252,0.6030870625749793,15-1299,0.27218591157615696,15-1211,0.04806183741752058
257569,1600,analyst,"Morgan Stanley & Co, LLC",ECONOMICS,13-2051,financial and investment analysts,13-2051,0.9967525334959022,13-2099,0.0027404326547265817,13-2011,0.0003202237943612518
257614,1690,technical sales specialist,"Anton Paar USA, Inc.",CHEMISTRY,13-1111,management analysts,13-1111,0.2472927742086044,15-2031,0.23169176608480224,15-2051,0.12501015880738792
257671,010,architectural designer,GF55 ARCHITECTS LLP,ARCHITECTURE,17-1011,architects except landscape and naval,17-1011,0.9446247519865804,17-3011,0.05534616691867614,27-1025,1.922122332472984e-05
257801,030,field engineer,"Hoffman Building Technologies, Inc.",MECHANICAL ENGRG,17-2141,mechanical engineers,17-2141,0.5419626064434798,17-2071,0.1709756939345416,17-2199,0.09808933825475809
257896,390,engineer,Exegy Incorporated,COMPUTER SCIENCE,15-1252,software developers,15-1252,0.9524184159796346,15-1299,0.03786731013502121,15-1253,0.005805118349332645
257955,200,associate,Goldman Sachs & Co LLC,FINANCIAL MATHEMATICS,13-2051,financial and investment analysts,13-2051,0.7171146108315057,13-2099,0.26813835986892187,15-2051,0.00830954228740074
257973,1600,associate,Goldman Sachs & Co LLC,MANAGEMENT,13-2051,financial and investment analysts,13-2051,0.9667931861123598,13-2011,0.02809211052940759,13-2099,0.003888973364196002
258122,1990,vice president,Lazard Freres & Co LLC,FINANCE,13-2051,financial and investment analysts,13-2051,0.9974588602878101,13-1111,0.0007126980667510589,15-2051,0.0005292864017330299
258168,300,data scientist,"MARRIOTT INTERNATIONAL, INC.",DATA SCIENCE,15-2051,business intelligence analysts,15-2051,0.8462901467168474,15-1252,0.10127983712032765,15-2041,0.025184052530873375
258234,030,digital product owner,Deere and Company,ENGRG INSTRUMENTATION ENGRG,17-2071,electrical engineers,17-2071,0.7459185682141284,15-1252,0.1620306045063786,17-2072,0.06284249164298887
258238,1690,senior product and business analytics manager,"Inmar, Inc.",QUANTITATIVE MANAGEMENT,15-2051,business intelligence analysts,15-2051,0.8159407696669693,15-2031,0.10123386516594991,13-1161,0.02968611460289866
258242,300,nan,3i Infotech Inc.,COMPUTER SCIENCE,15-1252,software developers,15-1252,0.9972671809629696,15-1211,0.0012947072476260243,15-1299,0.0009733635846253505
258245,300,data engineer,Vasantas Software Inc,INFORMATION SYSTEMS,15-1252,software developers,15-1252,0.9903902416803032,15-1299,0.004657225982918176,15-2051,0.003682909237906073
258278,450,in house therapist and people manager,"Breathwrk, Inc.",CLINICAL PSYCHOLOGY,17-2112,industrial engineers,17-2112,0.24816348901427202,21-1014,0.23275462862404797,13-1161,0.046296901285859726
258297,1990,business analyst management consultant,"McKinsey & Company, Inc. United States",PUBLIC POLICY,13-1111,management analysts,13-1111,0.9995185825819272,15-2051,0.0002671965081910795,15-2031,0.00013896445922908352
258305,300,professional application designer,CSC Covansys Corporation,INIFORMATION TECHNOLOGY,15-1299,computer systems engineers architects,15-1299,0.9518264553176659,15-1211,0.036602104886212156,15-1252,0.006873707530095101
258505,300,associate,Morgan Stanley Services Group Inc.,ENTERPRISE RISK MANAGEMENT,15-1252,software developers,15-1252,0.7342888631725955,13-2051,0.13087097697658287,15-1299,0.046542635792015945
258532,030,principal process engineer,"GlobalFoundries U.S., Inc.",MICROELECTRONIC ENGINEERING,17-2072,electronics engineers except computer,17-2072,0.7846884724021788,17-2071,0.17985066029659752,17-2112,0.009334027492962681
258536,300,mgr,Deloitte Consulting LLP,INFO & COMMUNICATION TECH,15-1211,computer systems analysts,15-1211,0.5752139137728776,15-1252,0.38263971858789375,15-1299,0.019289826433541997
258652,190,vision engineer,Bastian Solutions LLC,ROBOTICS ENGINEERING,17-2199,validation engineers,17-2199,0.8708700880842167,15-1252,0.05146518704123276,17-2141,0.02111048184196842
258679,330,nan,"netLogic Solutions, Inc.",COMPUTER SCIENCE,15-1252,software developers,15-1252,0.4938709865127196,15-1299,0.4612272190785913,15-1253,0.033996086539376566
258745,1890,consultant,"Bain & Company, Inc.",BUSINESS ADMINISTRATION,13-1111,management analysts,13-1111,0.9996311801506366,15-1299,0.0002469172430691658,15-2051,6.372089225705632e-05
258780,300,nan,Google LLC,COMPUTER SCIENCE,15-1252,software developers,15-1252,0.9982538233441015,15-1299,0.0016553725414962808,15-2051,6.793521190244209e-05
258800,410,clinical study associate i,Blueprint Medicines Corporation,CLINICAL RESEARCH PHARMACY,19-1029,bioinformatics scientists,19-1029,0.5590394987929039,15-2041,0.11123257731039861,19-1021,0.07711557135497352
258832,220,senior research scientist,Symmetry Biosciences Inc.,CHEMISTRY,19-2031,chemists,19-2031,0.9947892636895637,19-1021,0.0032460308114111826,19-1029,0.0005000326740656463
258872,1600,product analyst,Pacific Investment Management Company LLC,FINANCE AND ECONOMICS,13-2051,financial and investment analysts,13-2051,0.9862873243569665,15-2031,0.006810846561772083,13-2011,0.004088374260401159
258927,1990,conultant,"McKinsey & Company, Inc. United States",BUSINESS ADMINISTRATION,13-1111,management analysts,13-1111,0.9781748520972241,15-2051,0.009740838441777352,15-1252,0.0058276010202877575
259058,300,data scientist,Google LLC,STATISTICS,15-1252,software developers,15-1252,0.5575942136494356,15-2051,0.32598889712260215,15-2041,0.09709174121795748
259063,300,integrations analyst,"Uber Technologies, Inc.",BUSINESS ANALYTICS,15-1252,software developers,15-1252,0.9084065292363968,15-2051,0.0637706480159192,15-2041,0.01262485749256188
259090,1680,remote site monitor 1,"PPD Development, L.P.",APPLIED CLINICAL RESEARCH,13-1041,regulatory affairs specialists,13-1041,0.6896108025385572,15-2041,0.06690129387790565,15-2051,0.05590152366857965
259102,300,nan,Tata Consultancy Services Limited,INFORMATION SYSTEMS,15-1299,computer systems engineers architects,15-1299,0.6769401252945408,15-1252,0.21894852686156596,15-1211,0.099327080037833
259142,300,senior application support analyst,"SG AMERICAS OPERATIONAL SERVICES, LLC",MANAGEMENT INFORMATION SYSTEMS,15-1252,software developers,15-1252,0.860354897511813,15-1299,0.07153985335415745,15-2051,0.03811417334184826
259184,1660,recruiting partner,"Swift Technical Services, LLC",LEGAL STUDIES,13-1071,human resources specialists,13-1071,0.26125323537495904,13-2051,0.15499934061237608,15-2051,0.09533056627649174
259187,300,nan,"AstrumU, Inc.",COMPUTER SCIENCE,15-1252,software developers,15-1252,0.9633628697545032,15-1299,0.02115611840761625,15-1211,0.011256217210763197
259260,300,sql server developer,ECONTENTI INC,INFO NETWORK & COMP SECURITY,15-1252,software developers,15-1252,0.9652523684289197,15-1211,0.010488631561019037,15-1299,0.010315518159418733
259322,1860,financial manager,Watergate Hotel Lessee LLC,BUSINESS MANAGEMENT AND ADMINISTRATION FINANCE,11-3031,financial managers,11-3031,0.6981758925258102,13-2051,0.1876769124427942,13-2099,0.03793394028300757
259349,300,applied scientist ii,"Amazon Development Center U.S, Inc.",COMPUTER SCIENCE,15-1252,software developers,15-1252,0.9958939337227626,15-1221,0.0037476323143849173,15-2051,0.00020339071738780196
259566,300,supervisory analyst,"CICC US Securities, Inc.",FINANCE,15-1252,software developers,15-1252,0.36119653047829725,15-1299,0.22787128631325534,13-2051,0.1354611539801295
259668,330,sr information system auditor,"Guild Education, Inc.",INFORMATION SYSTEMS,15-1299,computer systems engineers architects,15-1299,0.6888554522706019,15-1252,0.18455940357251097,15-2051,0.060399216872949676
259687,300,associate,Ares Operations LLC,INFORMATION SYSTEMS AND BUSINESS ANALYTICS,15-1252,software developers,15-1252,0.4028060531272189,15-2051,0.33305098036048164,13-2051,0.1538387032349971
259698,500,nan,BriteCo Inc.,COMMUNICATION,13-1161,market research analysts and marketing specialists,13-1161,0.8452693787091333,13-2051,0.08024408919000336,15-2051,0.02507659201801605
259705,390,nan,"Girikon, Inc.",INFORMATION SYSTEMS,15-1252,software developers,15-1252,0.9658849166258693,15-1299,0.019526943730878415,15-2051,0.009394603553740307
259714,1390,nan,"Meta Platforms, Inc.",PUBLIC RELATIONS,15-1252,software developers,15-1252,0.7245159741301299,15-1299,0.10816111755231014,15-1221,0.06446260872478328
259726,1830,product manager,Figure Technologies,BUSINESS ANALYTICS,15-2051,business intelligence analysts,15-2051,0.4952097628774618,15-2031,0.24270752426332584,15-1299,0.13040280254016193
259764,390,research scientist,"Salesforce.com, Inc.",ELECTRICAL ENGINEERING AND COMPUTER SCIENCE,15-1252,software developers,15-1252,0.6326336854332667,15-1221,0.3590994365562378,15-1299,0.005433618942899405
259820,1860,financial controller,"MAS SEGUROS INSURANCE SERVICES, LLC",FINANCE,13-2051,financial and investment analysts,13-2051,0.6330372254614047,11-3031,0.16529686217613512,13-2099,0.13987190462697602
259826,320,full stack developer,Antra Inc.,COMPUTER SCIENCE,15-1252,software developers,15-1252,0.9999847409620003,15-1299,1.3790222402722864e-05,15-1211,8.31928167664268e-07
259872,390,data visualization specialist,EMERGTECH BUSINESS SOLUTIONS INC,DATA SCIENCE,15-1252,software developers,15-1252,0.9460607949332155,15-2051,0.0449140718531576,15-1299,0.00400243512238457
259881,1890,consultant,"Bain & Company, Inc.",BUSINESS ADMINISTRATION,13-1111,management analysts,13-1111,0.9996311801506366,15-1299,0.0002469172430691658,15-2051,6.372089225705632e-05
260001,390,infrastructure specialist,UST GLOBAL INC,ENGINEERING,15-1252,software developers,15-1252,0.4587102690028451,15-1211,0.2889507756996851,15-1299,0.16454813348707192
260030,300,strategy consultant,IBM Corporation,BUSINESS ADMINISTRATION STEM CONCENTRATION,15-1211,computer systems analysts,15-1211,0.6108111972911061,15-1299,0.15407816636775357,15-1251,0.10908981759536643
260060,300,research staff member,IBM Corporation,COMPUTER SCIENCE AND APPLICATIONS,15-1252,software developers,15-1252,0.30468715344753483,15-1211,0.2264980137809078,15-1299,0.22324820374605056
260091,290,scientist formulation,"Provivi, Inc.",MATERIALS SCIENCE AND ENGINEERING,17-2131,materials engineers,17-2131,0.3674062447714827,15-2041,0.14294933748875377,19-2032,0.13215170923887307
260108,500,mss sales trading analyst,Citigroup Global Markets Inc.,BBA IN MANAGEMENT INFORMATION SYSTEMS WITH MINORS IN FINANCE & REAL ESTATE,13-2051,financial and investment analysts,13-2051,0.9721208138718194,13-2099,0.021339656057478642,13-1161,0.002742395376412121
260132,070,mechanical design engineer,eShocan LLC,MECHANICAL ENGINEERING,17-2141,mechanical engineers,17-2141,0.9999931394779015,17-2199,2.8293737274092597e-06,17-2112,2.2801748326473208e-06
260138,300,architect,Tata Consultancy Services Limited,COMPUTER INFORMATION SYSTEMS,15-1299,computer systems engineers architects,15-1299,0.9994443411975374,15-1211,0.00030769900639438365,15-1252,0.00022939387884954743
260140,390,staff engineer firmware verification engineering,"Western Digital Technologies, Inc.",DIGITAL SCIENCES,15-1252,software developers,15-1252,0.5214026750528972,15-1253,0.20101667803477224,15-1299,0.20030621905951762
260156,300,data engineer,CLOUDONE INC,DATA SCIENCE,15-1252,software developers,15-1252,0.9561557289850884,15-2051,0.03252172938328939,15-1299,0.007077166638498566
260180,300,java fullstack developer,Brillfy Technology Inc,INFORMATION TECHNOLOGY,15-1252,software developers,15-1252,0.9913783572364542,15-1299,0.005498484139637717,15-1211,0.0013734219849789976
260216,590,integrated producer,IPG Health LLC,PROJECT MANAGEMENT,15-2051,business intelligence analysts,15-2051,0.7720368433158213,13-1161,0.08382948266974634,15-2031,0.04088604799733965
260338,030,asic design engineer,Apple Inc.,ELECTRICAL AND COMPUTER ENGINEERING,17-2072,electronics engineers except computer,17-2072,0.8545542050282271,17-2071,0.14494464030687923,15-1252,0.0004752472921871261
260349,1650,senior associate,"Blue Star Strategies, LLC",PUBLIC ADMINISTRATION,13-1161,market research analysts and marketing specialists,13-1161,0.2942371455769285,15-2031,0.2207891572306872,13-2051,0.17091205297053105
260370,390,data analyst,"Salesforce.com, Inc.",INFORMATION SYSTEMS,15-1252,software developers,15-1252,0.8944594891035494,15-2051,0.06517606586380563,15-1299,0.036615017802923304
260375,300,nan,"Glassdoor, Inc.",INFO TECH MANAGEMENT,15-1252,software developers,15-1252,0.9790552897367518,15-1211,0.009807457548573364,15-1299,0.00858994461343668
260380,300,nan,Verkada Inc.,SOFTWARE ENGINEERING APPLIED STUDY,15-1252,software developers,15-1252,0.9403520408066953,15-1299,0.05303811621193509,15-1211,0.002523149142269538
260411,070,automation engineer,Eficens Systems LLC,MECHANICAL ENGINEERING,17-2141,mechanical engineers,17-2141,0.5912400364257023,15-1252,0.2506883814242628,17-2199,0.15579591297864034
260512,1600,acquistions and asset management analyst,APL New York Corporation,ECONOMICS,13-2051,financial and investment analysts,13-2051,0.7225623215005503,13-2011,0.24290592717210988,13-2099,0.01364825337779126
260521,300,analyst,AUTOMATION TECHNOLOGIES LLC,MASTER OF SCIENCE IN INDUSTRIAL ENGINEERING,15-1211,computer systems analysts,15-1211,0.6914876640385561,15-1252,0.28614390851322685,15-2051,0.017938293899784723
260613,300,software dev engineer in test,Ursi Technologies Inc,COMPUTER SCIENCE OR EQUIVALENT,15-1252,software developers,15-1252,0.9961959612749557,15-1253,0.0017661395242231195,15-1211,0.0005643454104456311
260618,410,senior research scientist,"Cargill, Incorporated",VETERINARY MICROBIOLOGY,19-1029,bioinformatics scientists,19-1029,0.4484682587958631,15-2041,0.21338565233651616,19-2031,0.08621307667609607
260642,1690,data scientist i,Truist Bank,OPS RESEARCH / FINANCIAL ENGRG / APPLIED MATH,15-2051,business intelligence analysts,15-2051,0.7989929100161532,15-2041,0.15399569980868721,15-2031,0.03598093311994449
260807,300,it data bi analyst,HSBC Technology & Services USA Inc.,INFORMATION TECHNOLOGY,15-1252,software developers,15-1252,0.9288423147827488,15-1299,0.05725288774732763,15-1211,0.007450520525192749
260865,300,oracle cloud analyst,Averon Solutions Inc.,MASTER OF SCIENCE,15-1252,software developers,15-1252,0.922373712266426,15-1251,0.03530056120263972,15-1299,0.025696710551577177
260867,300,nan,Turnberry Solutions Inc,COMP SCI,15-1252,software developers,15-1252,0.9080087130568498,15-1299,0.08319460051709582,15-1211,0.0069617327174840635
260877,120,nan,"Trelleborg Offshore Boston, Inc.",ENGINEERING MANAGEMENT,17-2112,industrial engineers,17-2112,0.6691926496422795,15-1252,0.18002318192235603,15-1299,0.04876351805961074
260897,050,nan,STV Construction Inc.,CONSTRUCTION ENGINEERING AND MANAGEMENT,17-2051,civil engineers,17-2051,0.9990719840614536,17-2141,0.00026246387172226094,11-9021,0.00011929203816753
260950,1890,vp of operations,Belong Home Inc.,BUSINESS ADMINISTRATION,13-1111,management analysts,13-1111,0.645985803208136,15-1299,0.16086698896959828,15-2031,0.06364094152279615
261112,1660,director of diversity equity and inclusion,Optimae LifeServices Inc.,PHILOSOPHY,15-1252,software developers,15-1252,0.527713800219536,13-1071,0.17234007874668655,15-2051,0.06159548493739631
261277,300,network engineer,"iOasiZ, Inc",INFORMATION SYSTEMS TECHNOLOGIES INFORMATION ASSURANCE,15-1252,software developers,15-1252,0.9394568746325057,15-1299,0.04573329952210244,15-1244,0.0068436691868619896
261307,190,nan,Aditi Consulting LLC,MECHANICAL ENGINEERING,15-1252,software developers,15-1252,0.5419182026235826,17-2141,0.28711628145087287,17-2199,0.12153512752299146
261313,390,product security,"Salesforce.com, Inc.",CYBERSECURITY,15-1252,software developers,15-1252,0.8326504260859965,15-1299,0.12165408405778776,15-1212,0.030874660761754474
261314,1190,legal consultant,Davis Polk & Wardwell LLP,LAW,23-1011,lawyers,23-1011,0.9991430000294346,23-1012,0.000819125327196963,23-2011,3.356149682103608e-05
261338,410,scientist ii,"eGenesis, Inc.",PLANT PATHOLOGY,19-1029,bioinformatics scientists,19-1029,0.7745074695594479,19-1021,0.15988720667701317,19-2031,0.021506408316811235
261341,300,software development engineer in test,"ZionTech Solutions, Inc.",COMPUTER SCIENCE APPLIED COMPUTER SCIENCE,15-1252,software developers,15-1252,0.9384606720166685,15-1253,0.04435983526402771,15-1299,0.0062287882511461974
261461,390,senior opex business analytics architect,"Smith & Nephew, Inc.",COMPUTER ENGINEERING,15-1252,software developers,15-1252,0.8414939977856638,15-1299,0.08684177051003303,15-1211,0.0381602976848933
261519,300,nan,STRATEGIC STAFFING IT INC,MASTER OF TECH IN ENGRG,15-1252,software developers,15-1252,0.9939775979260896,15-1299,0.0033062240975792498,15-1211,0.001474985748402837
261597,070,manager of mechatronics engineering,"Flexiv Robotics, Inc.",MECHANICAL ENGINEERING,17-2141,mechanical engineers,17-2141,0.9843305457309766,17-2199,0.014404123626524877,17-2112,0.000750159461273381
261627,070,nan,"BIC Consumer Products Manufacturing Co., Inc.",MECHANICAL ENGINEERING,17-2141,mechanical engineers,17-2141,0.9698408025328938,15-1252,0.02180851795074587,17-2199,0.004056847177477889
261702,300,production support lead us,Infosys Limited,MECHANICAL ENGINEERING,15-1211,computer systems analysts,15-1211,0.6690371325985688,15-1299,0.3268173284653519,15-1253,0.0019387740494056487
261713,1600,client advisor,JPMorgan Chase & Co.,BUSINESS ADMINISTRATION,13-2051,financial and investment analysts,13-2051,0.8818896820495034,13-2011,0.0908122979650381,15-2051,0.015606795436005044
261743,390,sap ba im consultant,3S Business Corporation,MASTER OF SCIENCE,15-1252,software developers,15-1252,0.9902655001149473,15-1299,0.0035595356390524225,15-1251,0.0028699121596352244
261776,300,associate,Morgan Stanley Services Group Inc.,COMPUTER SCIENCE,15-1252,software developers,15-1252,0.9973046398528008,15-1299,0.002009205000202178,15-1211,0.0005223702356693869
261793,300,nan,"Meta Platforms, Inc.",MECHANICALENGINEERING,15-1252,software developers,15-1252,0.9882102920647213,15-1299,0.007635219880292367,15-2051,0.002435190891294276
261990,300,model analysis validation senior analyst,"Citibank, N.A.",FINANCIAL ENGINEERING SOFTWARE ENGINEERING,15-1252,software developers,15-1252,0.4477640477497326,15-2051,0.2626953863301918,15-1299,0.14384548118433213
262026,300,nan,"Uber Technologies, Inc.",ELECTRICAL ENGRG,15-1252,software developers,15-1252,0.9992895839288384,15-1299,0.0003474196284022458,15-2051,0.00012599788093722592
262091,500,nan,Citigroup Global Markets Inc.,ECONOMICS,13-2051,financial and investment analysts,13-2051,0.9762583118539738,13-2099,0.013711697858234546,15-2051,0.005191657393522649
262182,1990,senior business analyst,"Capital One, National Association",BUSINESS ADMINISTRATION DATA DRIVEN MANAGEMENT SCIENCE,15-2051,business intelligence analysts,15-2051,0.8445380801611543,15-2031,0.11089408287951828,19-3011,0.020218639613855133
262219,1990,production coordinator,ACTIVISION PUBLISHING INC,ANIMATION COMPUTER SCIENCE,13-1111,management analysts,13-1111,0.4989705600540759,15-1252,0.2356277396310206,15-2051,0.11790819493196099
262226,,senior business analyst,"Quarkchain, Inc.",ENGINEERING GEOGRAPHY AND ENVIORNMENTAL ENGINEERING,15-1211,computer systems analysts,15-1211,0.30154388617951416,15-2051,0.18818763224374402,15-1252,0.17776718571588024
262324,1690,sr estimator oil gas and chem process projects,Amanda Monteith,CHEMICAL ENGINEERING,15-2031,operations research analysts,15-2031,0.29451557765216657,15-1299,0.18876606869565174,13-1111,0.16574041490988692
262470,1600,nan,Jefferies LLC,APPLIED MATHEMATICS & ECONOMICS,13-2051,financial and investment analysts,13-2051,0.9715172177932182,13-2011,0.01721295530785219,15-2051,0.00552642091633751
262493,1610,life sciences consultant,"Putnam Associates, LLC",CHEMISTRY,13-1111,management analysts,13-1111,0.995990149819602,15-2031,0.0011856243602480505,15-2051,0.0010483728061089458
262500,200,applied scientist,"Uber Technologies, Inc.",ECONOMETRICS AND QUANTITATIVE ECONOMICS,15-2041,statisticians,15-2041,0.8847877341559672,15-2031,0.07135705169972172,15-2051,0.042446856347033025
262503,1620,product operations manager pom,"Micron Technology, Inc.",SUPPLY CHAIN MANAGEMENT,13-1081,logisticians,13-1081,0.7901448533392063,11-3071,0.06751751565453332,15-2031,0.04611821955913526
262530,1990,associate management consultant,"McKinsey & Company, Inc. United States",MECHANICAL ENGINEERING,13-1111,management analysts,13-1111,0.9995634517456817,15-1252,0.00015802793628971908,15-2051,0.00015033335975731828
262543,390,business analyst,"DataSync, Inc",BUSINESS ANALYTICS,15-2051,business intelligence analysts,15-2051,0.9607068322824222,15-1211,0.014577515325694769,15-2031,0.009514218754969724
262634,1600,nan,UBS Business Solutions US LLC,ECONOMICS,13-2051,financial and investment analysts,13-2051,0.8569581872049584,13-2011,0.10620019043509217,13-2099,0.023912343146426866
262870,1600,analyst,"Morgan Stanley & Co, LLC",FINANCE,13-2051,financial and investment analysts,13-2051,0.9960232660818235,13-2099,0.0033982152693852797,13-2011,0.0005329380496020973
262878,030,hardware development engineer elctronics engineer except com,Apple Inc.,ELECTRICAL ENGINEERING,17-2072,electronics engineers except computer,17-2072,0.5076419847906996,17-2071,0.40553883232133636,15-1252,0.08508132485804545
262942,200,data analytics project coordinator,Fabric Development Inc.,FINANCE AND BUSINESS SYSTEMS AND ANALYTICS,15-2031,operations research analysts,15-2031,0.4129505265456724,15-2041,0.3471556245345386,15-2051,0.12657091972015028
263160,300,mainframe developer,DECIPHER SOFTWARE SOLUTIONS LLC,ELECTRONICSA & COMMUNICATION ENGINEERING,15-1252,software developers,15-1252,0.9554129074129536,15-1211,0.015972851055587454,15-1299,0.012861325963308478
263181,1660,executive director hr business advisor,JPMorgan Chase & Co.,BUSINESS ADMINISTRATION,15-1252,software developers,15-1252,0.6069847464182552,13-2051,0.14522796774997007,15-2051,0.12356026812074411
263184,300,nan,Apple Inc.,COMP SCI,15-1252,software developers,15-1252,0.9972423732218292,15-1299,0.0023889966944724756,15-1253,0.00024163162568902584
263214,450,nan,Afya Group LLC,COUNSELOR ED,15-1252,software developers,15-1252,0.4907066770728205,17-2112,0.14086552345434616,15-1299,0.09249146296984154
263266,1520,director of music,The Episcopal Church of the Good Shepherd of Corpus  Christi,MUSICAL ARTS,15-2041,statisticians,15-2041,0.0723953150769607,15-2031,0.05489985072894178,17-2072,0.045079675481103934
263304,1690,digital sales representative,"ServiceNow, Inc.",INTERNATIONAL MARKETING,13-1161,market research analysts and marketing specialists,13-1161,0.6210824039639927,15-1299,0.1035748923714647,15-2031,0.09581334336310302
263314,200,data management specialist,Infonex Technologies Inc.,BIOSTATISTICS,15-2041,statisticians,15-2041,0.9908569479558221,15-2051,0.007002272459642318,15-2031,0.0016510620750810542
263324,300,exempt non officer,Credit Suisse Securities USA LLC,COMPUTER SCIENCE,15-1252,software developers,15-1252,0.9486546907880347,15-1299,0.03526523583381504,15-1211,0.012532168936310744
263333,120,nan,Intel Corporation,CHEMICAL ENGINEERING,17-2131,materials engineers,17-2131,0.5504315458238165,17-2112,0.35415521514552295,15-1252,0.08895064026044187
263372,300,oracle sql developer,MOORE INFOTECH INC,COMPUTER SCIENCE OR EQUIVALENT,15-1252,software developers,15-1252,0.9946155611999992,15-1253,0.003410228491040684,15-1299,0.0008573648434703759
263448,010,designer,"Pelli Clarke & Partners, Inc.",ARCHITECTURE,17-1011,architects except landscape and naval,17-1011,0.9903870935270302,17-3011,0.009281275399158528,27-1025,0.00022359286813414814
263457,390,technical program manager,Microsoft Corporation,INFORMATION SYSTEM,15-1252,software developers,15-1252,0.6492512359666691,15-1299,0.34785958123922855,15-2051,0.0026658642530941507
263497,300,nan,Amazon.com Services LLC,COMPUTER SCIENCE,15-1252,software developers,15-1252,0.9986606885665673,15-1299,0.0011783389176289994,15-2051,9.058258441084225e-05
263701,1100,law clerk,Ropes & Gray LLP,LAW,23-1011,lawyers,23-1011,0.9898392288845578,23-1012,0.01015394827810018,23-2011,6.491603771703859e-06
263781,390,business solutions architect,"Emerson Professional Tools, LLC",MANAGEMENT INFORMATION SYSTEMS,15-1299,computer systems engineers architects,15-1299,0.4853947022356084,15-1252,0.3419744788756228,15-2051,0.09532978347062243
263803,300,data scientist,Apple Inc.,ELECTRICAL ENGINEERING,15-1252,software developers,15-1252,0.9848410431111609,15-2051,0.009532607917094949,15-1299,0.003557321981359609
263813,390,data engineer,LatentView Analytics Corporation,BACHELOR OF TECHNOLOGY IN COMPUTER SCIENCE & ENGINEERING,15-1252,software developers,15-1252,0.974924900138351,15-2051,0.020965192308181616,15-1299,0.0036516331142102116
263819,300,java developer,EALEARN INC,COMPUTER SCIENCE,15-1252,software developers,15-1252,0.9998183844041935,15-1299,9.231203455542389e-05,15-1251,4.829300880274849e-05
263827,1990,engagement mgr mgmt consultant,"McKinsey & Company, Inc. United States",BUSINESS ADMIN,13-1111,management analysts,13-1111,0.9949021867896753,15-2051,0.002538180260858608,15-2031,0.0015348128026328135
263841,1990,associate management consultant,"McKinsey & Company, Inc. United States",BUSIINESS ADMINSITRATION,13-1111,management analysts,13-1111,0.9997080251979615,15-2051,0.00014197095162296988,15-2031,5.5044984295387624e-05
263923,1600,associate,Morgan Stanley Services Group Inc.,BUSINESS ADMINISTRATION,13-2051,financial and investment analysts,13-2051,0.8482727136699718,13-2011,0.14108382330889335,13-1111,0.004608881462922541
263933,030,nan,Apple Inc.,MECH ENGRG,15-1252,software developers,15-1252,0.7478718215435143,17-2141,0.11844554579157829,17-2072,0.09959231397159009
264087,300,nan,Sharpedge Solutions Inc,PHARMACY,15-1252,software developers,15-1252,0.9922851999423649,15-1299,0.0036060437762719675,15-1211,0.0023158988911645114
264143,330,devops engineer cortex xsoar,"Palo Alto Networks, Inc.",TELECOMMUNICATIONS AND NETWORK ENGINEERING,15-1299,computer systems engineers architects,15-1299,0.7160845942002471,15-1252,0.19599086633433987,15-1253,0.06852318171169558
264410,200,applied scientist,"Uber Technologies, Inc.",MGMT STATISTICS,15-2041,statisticians,15-2041,0.9244956230293968,15-2051,0.037967832925482614,15-2031,0.033232621284994976
264440,330,subject matter expert l3,WIPRO LIMITED,ELECTRICAL AND ELECTRONICS ENGINEERING,15-1299,computer systems engineers architects,15-1299,0.9718405166201,15-1253,0.0204750160331273,15-1211,0.0057968028750072864
264632,300,data analyst sr associate i,Turnberry Solutions Inc,BUSINESS ANALYTICS,15-1252,software developers,15-1252,0.5066352039687624,15-1299,0.2677634630757628,15-2051,0.11591906110864873
264649,010,junior designer,"Skidmore, Owings & Merrill LLP",ARCHITECTURE,17-1011,architects except landscape and naval,17-1011,0.9999287278221746,17-3011,5.7579356551075196e-05,27-1025,9.271844912940168e-06
264802,050,civil sanitary engineer,GREELEY AND HANSEN LLC,CIVIL ENGINEERING,17-2051,civil engineers,17-2051,0.9980673027595807,15-1252,0.0005438556411297467,11-9021,0.0005177402395486325
264839,1690,senior associate business control and risk management,"Santander Bank, N.A.",BUSINESS ADMINISTRATION AND MANAGEMENT,15-2051,business intelligence analysts,15-2051,0.3906906781485975,13-2051,0.3008241474522242,13-1161,0.0967367201509824
264842,390,nan,"Salesforce.com, Inc.",COMPUTER SCIENCE AND VISUAL ARTS,15-1252,software developers,15-1252,0.8759495041939699,15-1299,0.10282279750875815,15-1253,0.008560506421222079
264879,390,program manager product management,Microsoft Corporation,ENGINEERING MANAGEMENT,15-1252,software developers,15-1252,0.9354718853863214,15-1299,0.0433084607279769,15-2051,0.020421917142062113
265011,390,principal consultant,GLOBAL APPLICATIONS SOLUTION LLC,FINANCIAL MANAGEMEMT,15-1252,software developers,15-1252,0.9599216896381381,15-1299,0.01984766904574219,15-1211,0.008867274040728023
265031,300,nan,"Perficient, Inc.",COMPUTER SCIENCE,15-1252,software developers,15-1252,0.9982441811586501,15-1299,0.0009040056188716216,15-1211,0.0006012258138351424
265040,300,research scientist,"Meta Platforms, Inc.",COMPUTER ENGINEERING,15-1252,software developers,15-1252,0.8407243957075631,15-1221,0.15015046425135856,15-1299,0.0073401523980988
265106,300,senior manager,Deloitte Consulting LLP,COMMERCE,15-1211,computer systems analysts,15-1211,0.8086928007450549,15-1252,0.14403725002821655,15-1299,0.045382990480945615
265158,1420,product designer,"HUBSPOT, INC",DIGITAL MEDIA,27-1021,commercial and industrial designers,27-1021,0.48830275614445273,27-1024,0.4461191639238131,17-2112,0.045499777507384855
265286,1620,associate risk analytics modeling analyst,JPMorgan Chase & Co.,APPLIED DATA SCIENCE,15-2051,business intelligence analysts,15-2051,0.8273163655662786,15-2031,0.05897082092231685,15-1252,0.05450764952634614
265314,200,data scientist,Green Key Solutions LLC,DATA SCIENCE,15-2041,statisticians,15-2041,0.7132261852812719,15-2051,0.20762807048866785,15-2031,0.07763695812848412
265400,300,software development engineer applications,Apple Inc.,ELECTRICAL ENGINEERING AND COMPUTER SCIENCES,15-1252,software developers,15-1252,0.9975164456456408,15-1299,0.0008826373221296441,15-2051,0.0005586332493719187
265402,390,operations program manager,"Netenrich, Inc.",APPLIED MATHEMATICS,15-1252,software developers,15-1252,0.46886011183583964,15-2051,0.29512218224890524,15-1299,0.12396741796422159
265405,070,senior packaging engineer,"Zoox, Inc.",MECHANICAL ENGINEERING,17-2141,mechanical engineers,17-2141,0.9974852476284268,17-2199,0.0015552922296966146,17-2112,0.0005483626808575978
265667,1690,business growth specialist,Vibranium Venture Capital GP LLC,MANAGEMENT,13-1111,management analysts,13-1111,0.2922131111498006,15-1299,0.22481951642908704,13-1161,0.18261845237387836
265717,390,it systems analyst specialist,"SOUTHWIRE COMPANY, LLC",MANAGEMENT INFORMATION SYSTEMS,15-1252,software developers,15-1252,0.505547017441491,15-1299,0.2391892369706747,15-2051,0.14092773199149902
265719,310,data engineer,Cloud Centric Inc.,COMPUTER SYSTEMS NETWORKING AND TELECOMMUNICATIONS,15-1252,software developers,15-1252,0.6256146426287749,15-2051,0.18083839364503274,15-1242,0.12044096717827069
265724,300,nan,Proficient Business Systems,COMP INFO SYSS,15-1252,software developers,15-1252,0.9393240030829236,15-1299,0.03334030206909264,15-1211,0.024926996216098316
265777,050,civil engineer for projects,"Crystal Creek Developers, LLC",CIVIL ENGINEERING,17-2051,civil engineers,17-2051,0.9980673027595807,15-1252,0.0005438556411297467,11-9021,0.0005177402395486325
265807,330,technical analyst,"Applied Underwriters, Inc.",APPLIED MATHEMATICS AND STATISTICS,15-1299,computer systems engineers architects,15-1299,0.5419798786897878,15-2051,0.18951212167697243,15-1252,0.13250588032367852
265835,1600,assurance staff audit audit services,Ernst & Young U.S. LLP,ACCOUNTANCY,13-2011,accountants and auditors,13-2011,0.9995064970299913,13-2051,0.0004882743264395714,15-2031,1.4542143249004482e-06
265851,300,a320 map systems engineer,"Airbus Americas, Inc.",ENGINEERING TECHNOLOGY,15-1252,software developers,15-1252,0.6636965862956534,15-1299,0.1782977785712542,17-2141,0.04291651483834013
265874,410,senior development associate ii,"Locanabio, Inc.",DRUG DEVELOPMENT AND PRODUCT MANAGEMENT,19-1029,bioinformatics scientists,19-1029,0.45186317748838817,19-1021,0.12466270158559764,15-2041,0.08990761105830086
265909,050,nan,Daman International Consulting LLC,CIVIL ENGINEERING,17-2051,civil engineers,17-2051,0.9946680027958692,15-1252,0.003933985598091672,15-1299,0.0007498895752720184
265920,1100,associate attorney,Sidley Austin US LLP,LAW,23-1011,lawyers,23-1011,0.9999997109938894,23-1012,2.5318884376344175e-07,23-2011,1.2699020898973548e-08
265935,120,process engineer,"Velodyne Lidar, Inc.",ELECTRONICS ENGINEERING TECHNOLOGY,17-2112,industrial engineers,17-2112,0.8035287012439979,17-2131,0.15894530331560047,17-2199,0.026672904908825353
265996,1990,nan,"McKinsey & Company, Inc. United States",BUSINESS ADMINISTRATION,13-1111,management analysts,13-1111,0.9507067681514358,15-1252,0.02787186612677931,15-2051,0.01381813581437102
266006,1890,consultant,"Bain & Company, Inc.",BUSINESS ADMINISTRATION,13-1111,management analysts,13-1111,0.9996311801506366,15-1299,0.0002469172430691658,15-2051,6.372089225705632e-05
266052,390,nan,Twilio Inc.,COMPUTER SCIENCE,15-1252,software developers,15-1252,0.9826695653021897,15-1299,0.01540223926165424,15-2051,0.0012247107355266302
266255,300,technical test lead,Infosys Limited,INFO TECH,15-1299,computer systems engineers architects,15-1299,0.9923149124628102,15-1253,0.004212319119017613,15-1211,0.0027600493699106526
266259,1410,interaction designer,"Intuitive Surgical Operations, Inc.",HUMAN COMPUTER INTERACTION AND DESIGN,27-1024,graphic designers,27-1024,0.9602919662753155,27-1021,0.028744475887563296,15-1252,0.005008685453578084
266276,300,nan,Apple Inc.,SOFTWARE ENGRG,15-1252,software developers,15-1252,0.9967151099467247,15-1299,0.0025690722037664307,15-1253,0.000605069591913269
266312,070,rsch scientist,"Materials Resources, LLC",CE,17-2141,mechanical engineers,17-2141,0.8555788856167247,17-2199,0.04721258275349996,17-2112,0.029067959949250276
266325,330,nan,Optima Global Solutions Inc,,15-1299,computer systems engineers architects,15-1299,0.9262266720853565,15-1252,0.050436881639007,15-1253,0.013034942358650626
266359,300,devops engineer azure,UI Path Tek LLC,COMPUTER INFORMATION SCIENCE,15-1252,software developers,15-1252,0.9800311421023434,15-1299,0.010591684030740421,15-1211,0.0050496759397705
266428,1600,fso sa t staff tcf valuation model economics capital tran,Ernst & Young U.S. LLP,FINANCE,13-2011,accountants and auditors,13-2011,0.5787127073566452,13-2051,0.4190335138406337,13-2099,0.0013823562313587004
266456,300,data engineer,LatentView Analytics Corporation,COMPUTER INFORMATION SYSTEMS,15-1252,software developers,15-1252,0.9862310959913414,15-2051,0.007502491273149192,15-1299,0.005201995542326782
266464,190,lead demand planning,Gerber Products Company,SUPPLY CHAIN MANAGEMENT,13-1081,logisticians,13-1081,0.8640163739637926,17-2112,0.05270672492682519,15-2031,0.020656889617813434
266504,200,nan,"Uber Technologies, Inc.",BIOLOGICAL PHYSICS,15-2041,statisticians,15-2041,0.4718324781707512,15-1252,0.24503488336881413,15-2031,0.20980078330349994
266777,190,lens design engineer,"Alcon Research, LLC",CHEMICAL ENGINEERING,17-2131,materials engineers,17-2131,0.36131060667568604,17-2199,0.3024674856113993,17-2112,0.07042791438760497
266838,1630,international business development associate,Smith-Midland Corporation,INTERNATIONAL COMMERCE,13-1161,market research analysts and marketing specialists,13-1161,0.3615692315224978,13-1081,0.1749320001150188,11-2021,0.09676960707673689
266882,300,data engineer,MYTHRI CONSULTING LLC,COMPUTER SCIENCE,15-1252,software developers,15-1252,0.9987190905870393,15-1299,0.0009478401006129854,15-2051,0.00012388087357028549
266910,300,nan,Cognizant Technology Solutions US Corp,COMPUTER INFORMATION SYSTEMS,15-1299,computer systems engineers architects,15-1299,0.5966228051388477,15-1211,0.22618145250297778,15-1252,0.1734528076303213
266924,200,data analyst,"Biocept, Inc.",BUSINESS ANALYTICS,15-2051,business intelligence analysts,15-2051,0.5507270661127099,15-2031,0.2735603422027404,15-2041,0.1739102523267922
266966,790,clinical study support manager,Procyon Technostructure LLC,HEALTH SCIENCES,15-2041,statisticians,15-2041,0.18983371547102187,15-1211,0.10509719193973004,15-2051,0.08157685100404864
267010,300,java full stack developer,CGINFOSYS INC,MASTER OF SCIENCE IN COMPUTER SCIENCE,15-1252,software developers,15-1252,0.9978635879594907,15-1251,0.000785817826289332,15-1211,0.0006360084177169171
267033,1600,associate,"Morgan Stanley & Co, LLC",BUS ADMIN,13-2051,financial and investment analysts,13-2051,0.9947045649333599,13-2011,0.004235715552927324,13-2099,0.0007360388558189541
267133,500,behavioral scientist,"Zillow, Inc.",ECONOMICS,13-2051,financial and investment analysts,13-2051,0.528472641203275,19-3011,0.14751636318475034,13-1161,0.14066250620716023
267297,1600,relationship transaction manager t cf,"ING Financial Services, LLC",FINANCE,13-2051,financial and investment analysts,13-2051,0.8708142013514237,13-2011,0.12189034507865715,13-2099,0.005102898088460954
267540,1990,associate management consultant,"McKinsey & Company, Inc. United States",BUSINESS ADMINISTRATION,13-1111,management analysts,13-1111,0.999947235916511,15-2051,2.842373631704589e-05,15-2031,1.346788642297341e-05
267579,1610,business analyst,HSBC Technology & Services USA Inc.,BACHELOR OF SCIENCE IN BUSINESS MANAGEMENT,13-1111,management analysts,13-1111,0.7983392835530405,15-2051,0.1758096605235523,13-2051,0.014653116741948125
267637,300,mean stack developer,ROBOTIC PROCESS AUTOMATION LLC,MASTER OF SCIENCE IN COMPUTER SCIENCE,15-1252,software developers,15-1252,0.9824971384696944,15-1211,0.0069274957183609554,15-1299,0.006145201664671972
267655,1600,analyst,Union Square Advisors LLC,ECONOMICS,13-2051,financial and investment analysts,13-2051,0.9671911789524879,13-2011,0.019763626856450164,13-2099,0.008632984451653367
267723,300,associate product mgr systems app software designer,"Duolingo, Inc.",INFORMATION SYSTEMS,15-1252,software developers,15-1252,0.987233011555722,15-1299,0.008255207294624162,15-1211,0.0022649628696025134
267743,1990,associate management consultant,"McKinsey & Company, Inc. United States",CIVIL AND ENVIRONMENTAL ENGINEERING,13-1111,management analysts,13-1111,0.9996055502431664,15-2051,0.00021003339229915875,15-2031,8.937398743667453e-05
267854,390,data engineer,"Siemens Medical Solutions USA, Inc.",INFORMATION SCIENCES AND TECHNOLOGIES,15-1252,software developers,15-1252,0.8908052832970625,15-2051,0.05970778886748907,15-1299,0.03821876227340518
267901,190,engineering mgr,"Astronomer, Inc.",MECHANICAL ENGINEERING,17-2141,mechanical engineers,17-2141,0.5875885906921882,17-2199,0.3021221372900277,17-2112,0.029828178366740222
267941,1600,associate,"Morgan Stanley & Co, LLC",FINANCE RISK MANAGEMENT ANALYTICS,13-2051,financial and investment analysts,13-2051,0.9917286815913852,13-2099,0.0041461780858882075,13-2011,0.0037873326208087772
267948,500,product manager iii,Amazon.com Services LLC,MANAGEMENT SCIENCE,15-2031,operations research analysts,15-2031,0.6301435216096559,13-1161,0.22548262483646686,15-2051,0.08631068016979089
267976,200,program manager ii,Amazon.com Services LLC,INDUSTRIAL ENGINEERING AND OPERATIONS RESEARCH,15-2031,operations research analysts,15-2031,0.9931861114258164,15-2051,0.005255641466015807,15-2041,0.0012439214746666851
268111,1100,senior counsel,"Uber Technologies, Inc.",BACHELOR OF LAWS,23-1011,lawyers,23-1011,0.7657899980894719,15-1252,0.10198546158364127,15-2041,0.0401439727735456
268112,300,associate ux designer,JPMorgan Chase & Co.,COMMUNICATION DESIGN,15-1299,computer systems engineers architects,15-1299,0.5947187153170461,15-1252,0.22857990547761234,15-2051,0.10821661572671289
268248,300,nan,"Cloudwick Technologies, Inc",COMP ENGRG,15-1252,software developers,15-1252,0.9853645721584802,15-1299,0.009946236763057243,15-1211,0.003652176553671541
268340,030,sr pixel design engineer,SONY ELECTRONICS INC.,ENGINEERING,15-1252,software developers,15-1252,0.5562803760879259,17-2072,0.2303094335948828,17-2071,0.14502350423556262
268423,1600,nan,Jefferies LLC,BUSINESS ADMINISTRATION MANAGEMENT SCIENCE,13-2051,financial and investment analysts,13-2051,0.9873129728762576,13-2011,0.005830939402729467,15-2051,0.003744182785676638
268464,1610,business systems analyst,Building Robotics Inc,INFORMATION SYSTEMS,15-2051,business intelligence analysts,15-2051,0.5807346200442293,13-1111,0.27844277762904235,15-1211,0.07195044587007325
268491,300,senior systems analyst,Cognizant Technology Solutions US Corp,COMPUTER ENGINEERING,15-1211,computer systems analysts,15-1211,0.9958307591926517,15-1299,0.002971672884910039,15-1252,0.0011668872953067588
268555,1100,law clerk,Willkie Farr & Gallagher LLP,CORPORATE LAW,23-1011,lawyers,23-1011,0.999893217672588,23-1012,0.00010066735722208761,23-2011,3.53581544592217e-06
268556,1610,global strategy senior associate,"Uber Technologies, Inc.",BUSINESS ADMINISTRATION,13-1111,management analysts,13-1111,0.9396396640211109,15-2051,0.021185066462984486,15-2031,0.017825987049887772
268657,300,senior analyst project program management,Dell USA L.P.,ENGINEERING MANAGEMENT,15-1252,software developers,15-1252,0.42162419242998755,15-1299,0.3228378877551804,15-2051,0.11878473279362382
268692,300,nan,Pioneer Consulting Services Inc,COMPUTER APPLICATIONS,15-1252,software developers,15-1252,0.9461553092903153,15-1299,0.0507632949780813,15-1211,0.002151030872976026
268714,300,principal user experience designer,"Wild Life, Inc.",ELECTRONIC ART AND DIGITAL DESIGN,15-1252,software developers,15-1252,0.7885379094406152,15-1299,0.10049238456596833,15-1211,0.04876624453127915
268797,010,architectural designer,"Array Architects, Inc.",MASTER OF ARCHITECTURE,17-1011,architects except landscape and naval,17-1011,0.9680112062099139,17-3011,0.031842851373256896,27-1025,7.604361450048629e-05
268846,200,data analyst,The Goodyear Tire & Rubber Company,CIVIL AND ENVIRONMENTAL ENGINEERING,15-2041,statisticians,15-2041,0.46732654169156623,15-2031,0.27556072673501897,15-2051,0.25351209305963324
268992,1610,management analyst,"Crazy Maple Studio, Inc.",BUSINESS ADMINISTRATION,13-1111,management analysts,13-1111,0.9994458327762338,13-2051,0.00021671578985811414,15-2051,0.0001043215425898035
269064,1100,nan,Orrick Herrington & Sutcliffe LLP,LAW,23-1011,lawyers,23-1011,0.9998848503019295,23-1012,7.505782301500352e-05,13-2011,1.4095767454778467e-05
269081,200,nan,Amazon.com Services LLC,DATA SCI,15-1252,software developers,15-1252,0.5946248846922798,15-2051,0.19466290872499317,15-2031,0.13362830924428232
269083,300,business analyst,Premium Technology Inc.,DATA SCIENCE,15-1252,software developers,15-1252,0.6057645183634448,15-2051,0.2448245356524204,15-1211,0.10807327063002942
269182,200,data scientist,S&P GLOBAL MARKET INTELLIGENCE INC.,QUANTITATIVE METHODS IN THE SOCIAL SCIENCES,15-2041,statisticians,15-2041,0.6985842754014029,15-2051,0.22653388612208392,15-2031,0.07380657635056855
269217,030,wireless power electromagnetics design engineer,"NuCurrent, Inc.",ELECTRICAL ENGINEERING,17-2071,electrical engineers,17-2071,0.7066379413522897,17-2072,0.2606642841654603,15-1252,0.02398762410290289
269235,300,machine learning engineer,Apple Inc.,STATISTICS,15-1252,software developers,15-1252,0.9775096065493541,15-2051,0.018573941826242623,15-1221,0.0015704886784940442
269241,200,associate biostatistician,IQVIA RDS Inc.,BIOSTATISTICS,15-2041,statisticians,15-2041,0.9986178770966052,15-2051,0.0011548011364640974,15-2031,0.00018152662788310236
269260,300,nan,Deloitte Consulting LLP,COMPUTER SCIENCE,15-1252,software developers,15-1252,0.9866947487996567,15-1211,0.007174758636610032,15-1299,0.005977517984323706
269286,1990,associate management consultant,"McKinsey & Company, Inc. United States",BUSINESS ADMINISTRATION,13-1111,management analysts,13-1111,0.999947235916511,15-2051,2.842373631704589e-05,15-2031,1.346788642297341e-05
269297,390,senior fellow data science,"McKinsey & Company, Inc. United States",COMPUTER SCIENCE,15-1252,software developers,15-1252,0.8081861434653611,15-1299,0.09344732128670445,15-2051,0.0794089716807944
269314,300,digital technical specialist,IBM Corporation,BUSINESS ADMINISTRATION,15-1211,computer systems analysts,15-1211,0.4112150240862074,15-1299,0.3201093174037356,15-1252,0.22053964424635453
269331,390,junior data analyst,"ICF Incorporated, LLC",BIOMEDICAL INFORMATICS,15-2051,business intelligence analysts,15-2051,0.5126506891903874,15-1252,0.1429169285280488,15-2041,0.12135452245243539
269346,300,sr developer microservices,Photon Infotech Inc.,ELECTRONIC ENGINEERING,15-1252,software developers,15-1252,0.9754334260803991,15-1299,0.011113166029158147,15-1253,0.008868562954878654
269379,9990,recruitment delivery manager,VM Global Partners LLC,DOCTOR OF PHILOSOPHY IN FACULTY OF PHARMACY,15-1252,software developers,15-1252,0.5285280484035028,15-1299,0.09458259063873915,15-2051,0.04859883300866142
269383,300,business analyst i,Amazon.com Services LLC,SUPPLY CHAIN MANAGEMENT,15-2051,business intelligence analysts,15-2051,0.8029814378077932,15-1252,0.15116417698961615,15-2031,0.0386591504060798
269398,500,business analyst,"MetricStream, Inc.",GLOBAL FINANCE,13-2051,financial and investment analysts,13-2051,0.5048968695595104,15-2051,0.33046063572386825,13-1161,0.08065748303343016
269416,390,software developer solutions consultant,Sahaj Software Inc,COMPUTER ENGINEERING,15-1252,software developers,15-1252,0.9052156466501554,15-1299,0.05673899121239213,15-1211,0.015952003625898825
269496,190,nan,"Engineering Technology Associates, Inc.",MECHANICAL ENGINEERING,17-2141,mechanical engineers,17-2141,0.9672163991387482,15-1252,0.013228800992614443,15-1299,0.0080467575744495
269539,200,delivery mgr,The WeissComm Group LTD,INFO SYSTEMS,15-2031,operations research analysts,15-2031,0.6690323932191795,15-2051,0.2513138358340582,15-2041,0.028968864536966944
269575,030,engineer,SONY ELECTRONICS INC.,ELECTRICAL ENGINEERING & COMPUTER SCIENCE,17-2072,electronics engineers except computer,17-2072,0.4875747417854209,17-2071,0.29016352809412965,15-1252,0.19675337176956972
269581,1600,assurance staff audit services,Ernst & Young U.S. LLP,ACCOUNTANCY,13-2011,accountants and auditors,13-2011,0.9999438954292266,13-2051,5.551000026113786e-05,15-2031,1.6532394431548016e-07
269582,300,technology analyst,Credit Suisse Securities USA LLC,COMPUTER SCIENCE MATH,15-1299,computer systems engineers architects,15-1299,0.85820146700328,15-1252,0.09108932819430608,15-1211,0.04011970891498767
269607,1390,technical writer i,"Amarex Clinical Research, LLC",NEUROSCIENCE,13-1161,market research analysts and marketing specialists,13-1161,0.14936241613303455,15-2031,0.08398985439204569,15-1221,0.08154708619888094
269624,500,senior applied scientist,"Uber Technologies, Inc.",PUBLIC ADMINISTRATION,13-1161,market research analysts and marketing specialists,13-1161,0.4975054513982691,15-2041,0.11851310339480321,15-2051,0.1119322916782044
269719,1100,law clerk associate,Cleary Gottlieb Steen & Hamilton LLP,COMPETITION INNOVATION INFORMATION LAW,23-1011,lawyers,23-1011,0.9998974308081132,23-1012,2.7241031101386883e-05,13-2011,5.259021214518722e-06
269721,300,nan,Ramsons Innovations,COMPUTER SCIENCE AND ENGINEERING,15-1252,software developers,15-1252,0.9884183411359325,15-1299,0.009489615738252414,15-1211,0.0013159888878605814
269885,200,senior business analyst,"Uber Technologies, Inc.",OPERATIONS RESEARCH,15-2031,operations research analysts,15-2031,0.7784359510354171,15-2041,0.14361686810299046,15-2051,0.07645422060257565
269929,010,nan,Tighe Architecture Inc.,ARCHITECTURE,17-1011,architects except landscape and naval,17-1011,0.9907443822504531,17-3011,0.007218447106518366,15-1252,0.0006905275420048898
269980,,data scientist machine learning,"Eluvio, Inc.",COMPUTER SCIENCE,15-1252,software developers,15-1252,0.6618782243682945,15-1299,0.16135425168530967,15-1211,0.06386201544484944
270028,120,nan,Apple Inc.,ELECTRONIC AND MECHATRONIC ENGINEERING,15-1252,software developers,15-1252,0.5301342524864938,17-2112,0.3232673428305258,17-2141,0.05385815779080338
270068,1100,associate,KIRKLAND & ELLIS LLP,LAW,23-1011,lawyers,23-1011,0.9999992875245398,13-2011,2.432997131995387e-07,13-2051,2.24676141893451e-07
270077,300,systems test engineer,Orion Systems Integrators LLC,MASTERS IN ELECTRICAL AND COMPUTER ENGINEERING BACHELORS IN COMPUTER SCIENCE,15-1252,software developers,15-1252,0.9808321760157308,15-1251,0.008526076986431614,15-1299,0.005801707059294045
270187,1860,nan,Norton Scott LLC,PROFESSIONAL STUDIES REAL ESTATE WITH A CONCENTRATION IN REAL ESTATE FINANCE,13-2051,financial and investment analysts,13-2051,0.42055553552104535,15-1252,0.14915158252146807,15-1299,0.12369730095678687
270191,330,principal product mgr al products,IKCON Technologies Inc.,DATA SCIENCE,15-2051,business intelligence analysts,15-2051,0.3917148941871436,15-1299,0.35150507428241723,15-1252,0.2052280398061448
270256,300,data scientist,Circle K Stores Inc.,APPLIED ANALYTICS,15-2051,business intelligence analysts,15-2051,0.9382764273710699,15-2031,0.03231950172533033,15-2041,0.02356613602944332
270257,1620,vice president investment finance,JPMorgan Chase & Co.,ECONOMICS AND MANAGEMENT,13-2051,financial and investment analysts,13-2051,0.4273404576118857,15-2051,0.3696746410208406,15-2031,0.05897443395569289
270346,300,java developer,NANTEZ INC,COMPUTER SCIENCE,15-1252,software developers,15-1252,0.9981788176989327,15-1251,0.0008437417591847072,15-1299,0.00080640573408713
270348,300,nan,Turnberry Solutions Inc,INFO SYSS,15-1252,software developers,15-1252,0.8331205166151706,15-1299,0.14041299321386252,15-1211,0.020273991290092254
270654,120,analyst automated fulfillment,Peapod Digital Labs LLC,MECHANICAL ENGINEERING AND APPLIED MECHANICS,17-2112,industrial engineers,17-2112,0.687806048029273,17-2199,0.09778892335514477,17-2141,0.08598060760774823
270751,300,nan,"Zoom Video Communications, Inc.",COMPUTER SCIENCE,15-1252,software developers,15-1252,0.9975978347721954,15-1299,0.002086470670629654,15-1211,0.00018501950294781946
270903,300,data engineer,"Connectiq Labs, Inc.",MASTER OF SCIENCE BUSINESS ANALYTICS,15-1252,software developers,15-1252,0.7865525297703098,15-2051,0.18432004880082442,15-1299,0.013979698334419614
271092,300,associate technical consultant,"Perficient, Inc.",BUSINESS ANALYTICS,15-1252,software developers,15-1252,0.9700964847420736,15-2051,0.014590850561141728,15-1211,0.00709914703944504
271240,120,nan,"Tesla, Inc.",ELECTRONIC ENGINEERING,15-1252,software developers,15-1252,0.4994533891995966,17-2112,0.4361844368974161,15-1299,0.033182578052875736
271245,1990,senior solution analyst,"McKinsey & Company, Inc. United States",ECONOMICS,13-1111,management analysts,13-1111,0.9454569034898719,15-2051,0.026674124192473215,15-2041,0.012183089415673209
271310,590,nan,"The Martin Agency, Inc.",COMMUNICATION DESIGN,15-2051,business intelligence analysts,15-2051,0.5316573104224903,15-1299,0.14748735940554167,13-1161,0.06959927128613508
271339,190,process engineer,"Applied Materials, Inc.",MATERIAL SCIENCE AND ENGINEERING,17-2131,materials engineers,17-2131,0.9676001220698209,17-2112,0.02259609452310983,17-2199,0.004915567573932545
271364,1600,accounting analyst,Sumaquant LLC,ACCOUNTANCY,13-2011,accountants and auditors,13-2011,0.9992523414300015,13-2051,0.000712700219600864,13-2099,1.2552378573643182e-05
271393,300,big data developer,VISTA APPLIED SOLUTIONS GROUP INC,COMPUTER SCIENCE,15-1252,software developers,15-1252,0.9998716263935483,15-1299,8.9257423400584e-05,15-1211,1.4097473143204199e-05
271539,190,assistant engineer i,"Hazen and Sawyer, D.P.C.",ENGINEERING,17-2051,civil engineers,17-2051,0.2751148760833532,17-2199,0.2143013684395377,17-2141,0.11562642903273895
271580,1600,sr manager finance co pilot,"Nestle USA, Inc.",CORPORATE FINANCE,13-2051,financial and investment analysts,13-2051,0.49941817261146565,13-2011,0.4680594625905301,13-2099,0.009382362340507613
271666,300,strategy implementation lead,"Target Enterprise, Inc.",BUSINESS ADMINISTRATION,15-1252,software developers,15-1252,0.9448766088945089,15-2051,0.023002631164547063,15-1211,0.013426022418448551
271711,1610,program manaager,"Uber Technologies, Inc.",DENTAL SURGERY,13-1111,management analysts,13-1111,0.8757490120164614,15-2051,0.0437849650400202,15-2031,0.03308668609582925
271767,300,developer associate consultant,"Concord USA, LLC",DUAL MAJOR COMPUTER INFORMATION SYSTEMS AND MECHANICAL ENGINEERING U S EQUIVALENT,15-1252,software developers,15-1252,0.81900490795478,15-1299,0.09477799725844999,15-1211,0.03765518393066575
271844,190,sr database engineer,viagogo Inc.,BIOMEDICAL ENGINEERING,17-2199,validation engineers,17-2199,0.37789267664696263,17-2031,0.20222575635285378,15-1252,0.1953913327736397
271915,1090,data scientist,"CSS Payroll Co, L.P.",QUANTITATIVE FINANCE AND RISK MANAGEMENT,15-2051,business intelligence analysts,15-2051,0.8782800107027582,15-1221,0.08814130930426954,15-2041,0.027342543091405717
271919,300,operations engineering program manger,Apple Inc.,BUSINESS ADMINISTRATION,15-1252,software developers,15-1252,0.9627726612554742,15-1299,0.02593107261012163,15-2051,0.005305221585129981
271934,390,cybersecurity analyst,"Idenhaus Consulting, LLC",INFORMATION SYSTEM,15-1299,computer systems engineers architects,15-1299,0.49527114712826176,15-1252,0.4050111897883124,15-1253,0.03405200149925864
271937,300,nan,"Resource InfoSoft, Inc.",ELECS AND COMM ENGRG,15-1252,software developers,15-1252,0.7716727731520936,15-1299,0.17772381634337167,15-1211,0.04227371999561502
271939,070,microfluidics engineer,Fluxergy Inc.,MECHANICAL ENGINEERING,17-2141,mechanical engineers,17-2141,0.984773722344786,17-2199,0.009006630510405442,17-2112,0.0037524860334480067
271956,300,senior data scientist,Gaiascope Inc.,COMPUTER SCIENCE,15-1252,software developers,15-1252,0.9012512062814882,15-1299,0.048481397993354804,15-2051,0.035984014833261004
271957,1600,nan,KPMG LLP,ACCOUNTING,13-2011,accountants and auditors,13-2011,0.9950641437884304,13-2051,0.004921178893715044,15-2051,3.958726073972343e-06
272033,220,senior associate scientist,Amgen Incorporated,CHEMISTRY,19-2031,chemists,19-2031,0.9152641594966446,19-1021,0.07660469259139632,19-1029,0.005865755214340239
272035,1610,corporate strategy manager,Intuit Inc.,BUSINESS ADMINISTRATION,13-1111,management analysts,13-1111,0.7334714460265342,15-2031,0.2218423358889207,15-2051,0.02691396972607042
272037,200,senior program manager recommended installer program,"The Tire Rack, Inc.",BUSINESS ADMINISTRATION AND BUSINESS ANALYTICS,15-2031,operations research analysts,15-2031,0.3243720069658517,15-2051,0.29826379152417487,15-2041,0.27269021207386096
272045,300,architect,Tata Consultancy Services Limited,ELECTRONICS AND COMMUNICATION ENGINEERING,15-1299,computer systems engineers architects,15-1299,0.9995916271841467,15-1252,0.0002656084488556852,15-1211,0.000122185225261723
272150,300,consultant,Deloitte Consulting LLP,COMPUTER ENGINEERING,15-1252,software developers,15-1252,0.7729475455184533,15-1211,0.19020858008942743,15-1299,0.03523328671426234
272155,1990,research associate,"MOODY'S ANALYTICS, INC.",ECONOMICS AND COMPUTATION,13-2051,financial and investment analysts,13-2051,0.6331800592609101,15-2031,0.09868920558343275,15-2051,0.097996320947274
272302,390,senior consultant,"ArisGlobal, LLC.",COMPUTER ENGINEERING,15-1252,software developers,15-1252,0.9601868533837158,15-1299,0.02155865945317093,15-1211,0.017046998114535132
272393,300,sdet software development engr in test,Ursi Technologies Inc,COMPUTER SCIENCE OR EQUIVALENT,15-1252,software developers,15-1252,0.9982459040008395,15-1253,0.00047911421653449617,15-1299,0.0004578551131625657
272433,390,team lead business analysis,Sabre GLBL Inc.,SYSTEMS ENGINEERING,15-1252,software developers,15-1252,0.8668885108279138,15-1299,0.0880466357209578,15-2051,0.026246519208883365
272451,1690,senior analyst analytics,"Universal McCann Worldwide, Inc.",INFORMATION SYSTEMS,15-2051,business intelligence analysts,15-2051,0.9239523097718689,15-2031,0.029234143517439498,15-1299,0.020358110607479208
272505,120,systems engineer,TECHWORK FORCE LLC,MECHANICAL ENGINEERING,17-2141,mechanical engineers,17-2141,0.6047571476564697,15-1252,0.15997714258923112,17-2112,0.09495387167308661
272554,410,research associate platform development,"Dyne Therapeutics, Inc.",BIOCHEMISTRY AND CELL BIOLOGY,19-1021,biochemists and biophysicists,19-1021,0.48401401720900744,19-1029,0.3438755169472647,19-1042,0.04594382679337756
272557,300,devops engineer,"Iterative Scopes, Inc.",INFORMATION TECHNOLOGY,15-1252,software developers,15-1252,0.9225998591346674,15-1299,0.07242864100516158,15-1251,0.003169278175865859
272653,300,nan,"Tesla, Inc.",SOFTWARE ENGRG,15-1252,software developers,15-1252,0.9965857874021363,15-1299,0.0025340960549753966,15-1211,0.0006351083153517967
272673,300,machine learning computer vision engineer,"Nod, Inc.",ROBOTICS SYSTEMS DEVELOPMENT,15-1252,software developers,15-1252,0.8096269582885269,15-1299,0.05075023928125661,15-1211,0.040326017639935485
272686,1990,debt valuation analyst,Altus Group US Inc.,ECONOMICS,13-2051,financial and investment analysts,13-2051,0.6537562106370923,13-1111,0.16582731575470774,15-2051,0.07519188557447594
272737,200,data scientist,IntelyCare Inc,STATISTICS,15-2041,statisticians,15-2041,0.8779166326285508,15-2051,0.07537985017466234,15-2031,0.0457805661305036
272744,330,nan,Cognizant Technology Solutions US Corp,COMPUTER INFORMATION SYSTEMS,15-1299,computer systems engineers architects,15-1299,0.9741019549857715,15-1211,0.017155204778111454,15-1252,0.004439553664565137
272793,300,systems engineer,"Elan Technologies, Inc.",APPLIED COMPUTER SCIENCE,15-1252,software developers,15-1252,0.9303799607294293,15-1299,0.06684374497645847,15-1211,0.0026105816816425283
272846,300,salesforce apptus cpq clm developer,EMERGTECH BUSINESS SOLUTIONS INC,TECHNOLOGY,15-1252,software developers,15-1252,0.9867917159858677,15-1211,0.00600390353929734,15-1299,0.005619038896387875
272861,200,analyst healthcare,"Analysis Group, Inc.",EPIDEMIOLOGY,15-2041,statisticians,15-2041,0.9997541369215183,15-2031,0.0002245681591835683,15-2051,8.16351119905555e-06
273043,300,associate,Morgan Stanley Services Group Inc.,COMPUTER SCIENCE,15-1252,software developers,15-1252,0.9973046398528008,15-1299,0.002009205000202178,15-1211,0.0005223702356693869
273053,300,nan,"Meta Platforms, Inc.",APPLIED MATHEMATICS / ALGORTIHMS COMBINATORICS AND OPTIMIZATION,15-1252,software developers,15-1252,0.9872507460948001,15-1299,0.009419091124370081,15-2051,0.0020602833204776292
273075,990,nan,"McKinsey & Company, Inc. United States",ECONOMICS,13-1111,management analysts,13-1111,0.8200512468150011,15-2051,0.07683442888330083,15-2041,0.06114483056469984
273116,200,nan,"Uber Technologies, Inc.",ECONOMICS AND SOCIOLOGY,15-2041,statisticians,15-2041,0.4718324781707512,15-1252,0.24503488336881413,15-2031,0.20980078330349994
273193,050,staff engineer,"Materials Managers and Engineers, Inc.",MASTER OF SCIENCE IN CIVIL ENGINEERING,17-2051,civil engineers,17-2051,0.9999379608642389,17-2071,2.1891954277191655e-05,17-2141,9.848414797778829e-06
273291,120,device engineer,"VAStek, Inc.",BIOMEDICAL ENGINEERING,17-2199,validation engineers,17-2199,0.8093181471622002,17-2112,0.18762223401506264,17-2141,0.0015428708493382965
273321,300,product manager,"CoStar Realty Information, Inc.",COMPUTER ENGINEERING,15-1252,software developers,15-1252,0.6574707536757822,15-1299,0.3364531054567941,15-1211,0.0032923340334740335
273326,080,fermentation scientist,"Newlight Technologies, Inc.",CHEMICAL ENGINEERING,17-2041,chemical engineers,17-2041,0.8928232642059519,17-2131,0.048315018200598414,19-2031,0.01824064388133741
273378,1990,chef,"Bright Way, LLC",FOOD TECHNOLOGY,13-1111,management analysts,13-1111,0.2388749311050569,15-2031,0.19731753808789576,15-2051,0.1505249097290315
273435,1990,data measurement operations analyst,Catalina Marketing Corporation,MASTER OF SCIENCE IN BUSINESS ANALYTICS,15-2051,business intelligence analysts,15-2051,0.5267750156161896,15-2031,0.15693861113738342,15-2041,0.13174956499674467
273461,300,sap consultant developer,FeatureStackIT Inc,ADMINISTRATION,15-1252,software developers,15-1252,0.7771305706001852,15-1211,0.04813342917319327,15-1299,0.04733899363540265
273555,300,data engineer,Infylogy Corp,COMP SCI,15-1252,software developers,15-1252,0.9965117696085202,15-1299,0.002348680364996423,15-1211,0.0006025558263558514
273576,300,devops engineer,Thinklusive Inc.,SCIENCE,15-1252,software developers,15-1252,0.9823837124334687,15-1299,0.016518404597709653,15-1251,0.000659696311875507
273603,300,java developer,Master Compliance Inc,DATA ANALYTICS ENGINEERING,15-1252,software developers,15-1252,0.9856925263838475,15-1299,0.00703265755869596,15-1251,0.004883960047454226
273620,070,engineer ii,Seagate US LLC,AEROSPACE AND MECHANICAL ENGINEERING,17-2141,mechanical engineers,17-2141,0.9897371974098989,17-2071,0.007766104505899839,17-2199,0.0014739819372261655
273682,300,nan,Adventa Soft Inc,MANAGEMENT INFORMATION SYSTEMS,15-1252,software developers,15-1252,0.9762259080168217,15-1299,0.018313579901374936,15-1211,0.004041122719097407
273709,1890,nan,Li-Cycle Inc.,MINING ENGRG,15-1299,computer systems engineers architects,15-1299,0.6829649727469248,13-1111,0.1291021691568855,15-2051,0.049866163909187966
273762,9990,quality operations engineer,Cepheid,BIOMEDICAL ENGINEERING,17-2199,validation engineers,17-2199,0.3154701044398861,17-2112,0.1979899259146237,15-1252,0.19055908682649333
273778,200,biostatistician,Edwards Lifesciences LLC,STATISTICAL SCIENCE,15-2041,statisticians,15-2041,0.9941746993207431,15-2031,0.00354983664559959,15-2051,0.0018969440296118713
273937,300,application front end developer,Ursi Technologies Inc,COMPUTER SCIENCE OR EQUIVALENT,15-1252,software developers,15-1252,0.9982459040008395,15-1253,0.00047911421653449617,15-1299,0.0004578551131625657
273947,300,program manager,"Meta Platforms, Inc.",BUSINESS ADMINISTRATION,15-1252,software developers,15-1252,0.9486383145929381,15-1299,0.046842966356875265,15-2051,0.003697476561667476
273949,300,bi developer,LatentView Analytics Corporation,COMPUTER INFORMATION SYSTEMS,15-1252,software developers,15-1252,0.9898236817140661,15-2051,0.008904041625453671,15-1299,0.0007988331256924389
273953,300,embedded systems engineer i,"Rogers, Freels & Associates, Inc.",BIOLOGICAL AND AGRICULTURAL ENGINEERING,15-1252,software developers,15-1252,0.1696124853360446,15-1211,0.15758028686556427,15-1299,0.1549794462005288
273996,300,research staff member,IBM Corporation,ELECTRICAL & COMPUTER ENGINEERING,15-1252,software developers,15-1252,0.3280327258330395,15-1299,0.23533148715706326,15-1251,0.15821606870572874
274039,390,product suport engineer,"Telnyx, LLC",COMPUTER SCIENCE,15-1252,software developers,15-1252,0.8183870982413106,15-1299,0.1431395578900016,15-2051,0.015665680351972435
274112,300,nan,Apple Inc.,COMP SCI,15-1252,software developers,15-1252,0.9972423732218292,15-1299,0.0023889966944724756,15-1253,0.00024163162568902584
274140,920,elementary education teacher culture and foreign language,"Elements Academy, Inc",PSYCHOLOGY AND EDUCATIONAL STUDIES,15-1252,software developers,15-1252,0.11428090672488311,25-2021,0.08682806506114142,15-1299,0.07035181164792269
274185,050,structural engineer ei designer,"Barber & Hoffman, Inc.",CIVIL ENGINEERING,17-2051,civil engineers,17-2051,0.9980673027595807,15-1252,0.0005438556411297467,11-9021,0.0005177402395486325
274192,300,strategist,"Tower Research Capital, LLC",COMPUTER ENGINEERING,15-1252,software developers,15-1252,0.8930288651861954,15-1299,0.05164695095927323,15-1211,0.03689324856145763
274218,300,nan,TekHops LLC,APPLIED COMPUTING,15-1252,software developers,15-1252,0.942691688709818,15-1299,0.04342223034987523,15-1211,0.006197095848479487
274221,1990,senior analyst,"McKinsey & Company, Inc. United States",QUANTITATIVE MANAGEMENT,15-2051,business intelligence analysts,15-2051,0.5214661628789983,13-1111,0.23030470849482676,15-2031,0.19595985444341127
274230,300,developer,Tata Consultancy Services Limited,MECHANICAL ENGINEERING,15-1252,software developers,15-1252,0.6441493620816433,15-1299,0.17402679717416475,15-1251,0.15797086564647536
274325,1990,associate management consultant,"McKinsey & Company, Inc. United States",BUSINESS ADMINISTRATION,13-1111,management analysts,13-1111,0.999947235916511,15-2051,2.842373631704589e-05,15-2031,1.346788642297341e-05
274355,120,supply chain engineer,"Louis Vuitton U.S. Manufacturing, Inc.",INDUSTRIAL ENGINEERING,17-2112,industrial engineers,17-2112,0.9991513868067321,13-1081,0.00039628842939780357,17-2199,0.0002654721092717397
274388,300,machine learning engineer,"Seated Technologies, Inc.",DATA SCIENCE,15-1252,software developers,15-1252,0.9515024777297183,15-2051,0.03280278128978606,15-1299,0.00680573916314352
274525,220,analytical scientist,"ProtaGene US, Inc.",CHEMISTRY,19-2031,chemists,19-2031,0.9946750572442585,19-1021,0.002867858704392031,19-1029,0.0009015515992776312
274546,290,data scientist i,Truist Bank,MATHEMATICS,15-2041,statisticians,15-2041,0.8671310926185177,15-2051,0.1238262808541417,15-2031,0.008219760485909456
274581,1610,analyst,"Marion Street Capital Partners, LP",FINANCE,13-2051,financial and investment analysts,13-2051,0.9384063701868655,13-1111,0.03179980711545714,15-2051,0.010568005927179847
274608,050,water infrastructure planning engineer hydraulic modeler,"Akel Engineering Group, Inc.",ENVIRONMENTAL ENGINEERING,17-2051,civil engineers,17-2051,0.986774524916151,17-2081,0.006542322880948527,15-1252,0.0012099905374594825
274696,330,soultion architect l1,WIPRO LIMITED,ELECTRONICS AND COMMUNICATION ENGINEERING,15-1299,computer systems engineers architects,15-1299,0.9639848182328589,15-1253,0.026816452891055727,15-1211,0.006730477972335945
274760,070,composite blade specialist,"Siemens Gamesa Renewable Energy, Inc.",ENGINEERING TECHNOLOGY,17-2141,mechanical engineers,17-2141,0.8641760893595866,17-2199,0.11323642452583156,17-2112,0.008990270858557638
274763,030,wireless system application engineer,LitePoint Corporation,ELECTRICAL AND COMPUTER ENGINEERING,17-2072,electronics engineers except computer,17-2072,0.9754567858378093,17-2071,0.022576825596728304,15-1252,0.0010779816362665906
274811,300,qa automation engineer,"Scopely, Inc.",COMPUTER ENGINEERING,15-1252,software developers,15-1252,0.9016139307265413,15-1299,0.043654985599108465,15-1253,0.04234168335367745
274829,1600,analyst,Credit Suisse Securities USA LLC,ECONOMICS,13-2051,financial and investment analysts,13-2051,0.9973088816956961,13-2011,0.0013785386196249977,13-2099,0.0010650385610104856
274841,1600,managing director,"Morgan Stanley & Co, LLC",BUSINESS ADMINISTRATION,13-2051,financial and investment analysts,13-2051,0.987806618643743,13-2011,0.009904709138891556,11-3031,0.000893841056275148
274870,500,nan,Ascent Conference LLC,BUSINESS WITH MARKETING CONCENTRATION,15-1252,software developers,15-1252,0.31010836344729914,13-2051,0.2430985467840956,13-1161,0.19824392006111563
274884,300,technical implementation consultant,OneTrust LLC,ELECTRICAL AND COMPUTER ENGINEERING,15-1252,software developers,15-1252,0.9938038912867048,15-1299,0.0035005364678365046,15-2051,0.000581920490392886
274895,300,product designer,"Nextdoor, Inc.",MAJOR CELL AND MOLECULAR BIOLOGY MINOR COMPUTER SCIENCE,15-1252,software developers,15-1252,0.9638302933518214,15-1299,0.023237016045745535,15-1211,0.00553922305922769
274952,030,data engineer,"SailPoint Technologies, Inc.",COMP SCI,15-1252,software developers,15-1252,0.9544108139363465,15-1299,0.04361767096947323,15-2051,0.0009220771837409904
275014,500,data scientist,"RBC Bank Georgia, National Association",DATA ANALYTICS,15-2051,business intelligence analysts,15-2051,0.7558944448451698,15-2041,0.16901481082996847,15-2031,0.06370062588249874
275056,300,applied scientist i,Amazon.com Services LLC,MATERIALS SCIENCE AND ENGINEERING,15-1252,software developers,15-1252,0.8172986776095729,15-1221,0.170241558066204,15-2051,0.008816152845430573
275081,1990,business analyst management consultant,"McKinsey & Company, Inc. United States",CIVIL ENGINEERING,13-1111,management analysts,13-1111,0.9985526957318861,15-2051,0.0006786164840505796,15-1252,0.00031856887577948954
275115,1890,management analyst,"Bain & Company, Inc.",BUS ADMIN,13-1111,management analysts,13-1111,0.9999870620185811,15-1299,5.3212337322788025e-06,15-2051,2.8766566292562385e-06
275117,300,nan,Apple Inc.,ELEC & COMP ENGRG,15-1252,software developers,15-1252,0.9977585407922016,15-1299,0.0010825666017141335,17-2072,0.0006237938538069415
275132,1690,strategic planning director market access,IPG Health LLC,PHARMACY,15-2051,business intelligence analysts,15-2051,0.592017724816811,13-1161,0.21987926577138625,15-1299,0.041068379459201616
275151,300,business analyst,NORALOGIC INC,COMPUTER SCIENCE,15-1252,software developers,15-1252,0.8385113705690085,15-1211,0.10130535931549986,15-1299,0.04717009854358259
275210,1600,regional manager us canada,"CSS Payroll Co, L.P.",FINANCE,13-2051,financial and investment analysts,13-2051,0.6334905416687572,13-2011,0.3546859047922611,13-2099,0.007424402746585485
275230,9990,3d production specialist,"Genies, Inc.",ANIMATION INTERACTIVE TECHNOLOGY VIDEO GRAPHICS AND SPECIAL EFFECTS,15-1299,computer systems engineers architects,15-1299,0.14433710338393785,13-2051,0.0830169827396086,15-2051,0.0788405514677256
275324,300,system controls engineer,Mino Automation USA Inc.,INFORMATION SYSTEMS,15-1252,software developers,15-1252,0.4523568915138913,15-1299,0.3124498675112916,15-1211,0.10969680763899858
275362,220,scientist i,"Revolution Medicines, Inc.",ORGANIC CHEMISTRY,19-2031,chemists,19-2031,0.94846186831122,19-1021,0.04616717856019791,19-1029,0.0047093214548802175
275456,120,nan,Intel Corporation,ELECTRICAL AND COMPUTER ENGINEERING,15-1252,software developers,15-1252,0.7344023508946911,17-2112,0.10376151359710042,17-2072,0.0864444655303783
275622,1660,trainer,"NeutronIT, INC",BACHELOR OF TECHNOLOGY IN COMPUTER SCIENCE ENGINEERING,15-1252,software developers,15-1252,0.906893950315006,15-1299,0.02218990610190145,13-1071,0.020760444812479507
275639,1600,audit assurance assistant,Deloitte & Touche LLP,ACCOUNTANCY,13-2011,accountants and auditors,13-2011,0.9999990379375996,13-2051,8.595993203946878e-07,13-1111,5.853878751206896e-08
275642,120,sr purchasing manager thermal,"RIVIAN AUTOMOTIVE, LLC",INDUSTRIAL ENGINEERING AND SYSTEMS ENGINEERING,17-2112,industrial engineers,17-2112,0.9561469098821369,17-2141,0.022197520084193848,17-2199,0.013594032380876019
275667,300,it engineer,"SRS Consulting, Inc.",ELECTRICAL AND COMMUNICATION ENGINEERING,15-1252,software developers,15-1252,0.797704902749974,15-1299,0.185024455821031,15-1211,0.014659442112234548
275682,300,nan,Eminence Technology Solutions Inc,HR/IT,15-1252,software developers,15-1252,0.9800893807049705,15-1299,0.010930683222916435,15-1211,0.004876439557110595
275714,300,resident engineer,SRI TECH SOLUTIONS INC,TELECOMMUNICATION NETWORK ENGINEERING,15-1252,software developers,15-1252,0.5630795182451827,15-1299,0.23746188730860077,15-2051,0.04320920318593898
275779,220,scientist ii,"NANOIMAGING SERVICES, INC.",PHARMACEUTICAL SCIENCES MEDICINAL CHEMISTRY,19-2031,chemists,19-2031,0.9656454815908806,19-1021,0.0205545824424124,19-1029,0.006873437643326377
275825,300,nan,"Hexaware Technologies, Inc",MASTER OF SCIENCE IN INFORMATION TECHNOLOGY,15-1252,software developers,15-1252,0.7784796405360791,15-1299,0.13051366888818397,15-1211,0.06622768182163936
275830,300,nan,"Agiliad, LLC",ELECTRONICS AND TELECOMMUNICATION ENGINEERING,15-1252,software developers,15-1252,0.899687315093552,15-1299,0.06841114131961536,15-1211,0.0281637731618254
275851,1680,regulatory affairs specialist ii,"Foundation Medicine, Inc.",BIOMEDICAL ENGINEERING,13-1041,regulatory affairs specialists,13-1041,0.9352447915086884,19-1029,0.009776849850042625,17-2199,0.009375703410151672
275859,300,senior machine learning engineer,"Udemy, Inc.",ELECTRICAL ENGINEERING,15-1252,software developers,15-1252,0.9937593525145204,15-1299,0.0026896992255271758,15-1221,0.0007483595135446651
275874,070,integrity specialist,"Stantec Consulting Services Inc.,",PETROLEUM ENGINEERING AND SUBSEA ENGINEERING,17-2141,mechanical engineers,17-2141,0.8229844210706795,17-2199,0.04541395391803388,17-2051,0.03487815573437616
275881,300,technical business analyst,IBM Corporation,TECHNOLOGY PROJECT MANAGEMENT,15-1211,computer systems analysts,15-1211,0.7629349675584688,15-1299,0.22559649628614692,15-1252,0.005363973556116406
275889,1690,vice president entrepresie improvement,"AlixPartners, LLP",BUSINESS ADMINISTRATION,13-1111,management analysts,13-1111,0.9268680448581378,13-2051,0.02967231484308747,15-1299,0.012138202994022296
276043,300,business system analyst,MACHINE LEARNING TECHNOLOGIES LLC,MASTER OF SCIENCE IN COMPUTER SCIENCE,15-1252,software developers,15-1252,0.8177100895041512,15-1211,0.14935643307544066,15-1299,0.023380626279065647
276212,190,systems architect,"Micron Technology, Inc.",ELECTRICAL ENGINEERING,15-1299,computer systems engineers architects,15-1299,0.420267934862536,17-2071,0.38467771123071204,15-1252,0.07085009042635465
276266,200,associate,PricewaterhouseCoopers Advisory Services LLC,AEROSPACE ENGINEERING AND ECONOMICS,15-2031,operations research analysts,15-2031,0.8601608263588608,15-2051,0.07203368802126928,13-2051,0.03239348176034968
276358,200,associate,JPMorgan Chase & Co.,CIVIL ENGINEERING,15-2051,business intelligence analysts,15-2051,0.36872523236655036,15-2031,0.23726377757536488,13-2051,0.12660705403153297
276450,410,research scientist,Manus Bio Inc.,MOLECULAR AND CELLULAR BASIS OF INFECTION,19-1029,bioinformatics scientists,19-1029,0.5352811724356954,15-2041,0.1326521348912484,19-1021,0.10045634843172299
276547,300,test consultant 2,"Capgemini America, Inc.",COMPUTER SCIENCE,15-1252,software developers,15-1252,0.5691920396459749,15-1253,0.4239011642157416,15-1211,0.003887899787032359
276700,500,head of the intermediaries business,Compass Group Holdings Inc.,BUSINESS ADMINISTRATION INVESTMENT FINANCE,13-1161,market research analysts and marketing specialists,13-1161,0.36559854895573146,13-2051,0.3029707652883407,13-2099,0.06801352708872624
276733,050,civil engineer,PROBPM INC,CIVIL ENGINEERING,17-2051,civil engineers,17-2051,0.9999870710844918,15-1252,5.531411973371974e-06,11-9021,2.7517589254461573e-06
276752,300,nan,Apple Inc.,ELECTRICAL AND COMP ENGRG,15-1252,software developers,15-1252,0.9942124153674398,15-1299,0.003991260524432619,17-2072,0.000749945961796734
276803,300,nan,LinkedIn Corporation,INFORMATION SYSTEMS,15-1252,software developers,15-1252,0.9988325470176856,15-1299,0.0005695262771992937,15-2051,0.00046800230448247674
276855,1990,associate data scientist,"MOODY'S ANALYTICS, INC.",QUANTITATIVE METHODS IN THE SOCIAL SCIS,15-2051,business intelligence analysts,15-2051,0.6956677972839203,15-2031,0.18348694784881714,15-2041,0.029666719257286932
276907,300,software deve engineer in test,Ursi Technologies Inc,COMPUTER SCIENCE OR EQUIVALENT,15-1252,software developers,15-1252,0.9982459040008395,15-1253,0.00047911421653449617,15-1299,0.0004578551131625657
277056,300,data analyst,Figg Incorporated,BUSINESS ANALYTICS,15-2051,business intelligence analysts,15-2051,0.9035105544819895,15-1252,0.039225236623881665,15-2031,0.01947252021006349
277119,1410,junior designer,The Ogilvy Group LLC - Ogilvy & Mather,FINE ARTS DESIGN,27-1024,graphic designers,27-1024,0.926299351839495,27-1021,0.019616361822773497,27-1014,0.019260309259125735
277276,300,nan,Google LLC,ELECTRICAL ENGINEERING,15-1252,software developers,15-1252,0.9975975780493225,15-1299,0.0022483337418378246,15-2051,9.146113873351159e-05
277288,1990,business analyst management consultant,"McKinsey & Company, Inc. United States",ECONOMICS,13-1111,management analysts,13-1111,0.9990401838870441,15-2051,0.0004697644394632427,15-2041,0.00021455932832086132
277353,200,manager digital media analytics,Horizon Media LLC,MARKETING ANALYTICS,15-2041,statisticians,15-2041,0.5138237155847365,15-2051,0.3517011961352025,15-2031,0.11194119534703072
277389,300,data analyst engineer,Mastro Services Inc,MASTER OF SCIENCE,15-1252,software developers,15-1252,0.8976777706512983,15-1251,0.06340514336062475,15-1299,0.015189483194526858
277412,030,hardware development engineer,Apple Inc.,MECHANICAL ENGINEERING,17-2072,electronics engineers except computer,17-2072,0.5539589807536548,17-2071,0.25501746437756273,17-2141,0.17900604685593954
277424,070,mechatronics systems engineer,"Adecco Group NA - Modis, Inc.",MASTER OF SCIENCE IN AUTOMOTIVE ENGINEERING,17-2141,mechanical engineers,17-2141,0.7427220674974596,17-2199,0.1816674006228541,15-1252,0.045105206067746345
277469,200,it business lead analyst,"Citibank, N.A.",GOVERNMENT CONTRACTS & BUSINESS ANALYTICS,15-2051,business intelligence analysts,15-2051,0.3636249054081524,15-2041,0.35669230404219593,13-2099,0.1172572190495122
277490,310,network operations engineer,TikTok Inc.,NETWORKING AND SYSTEM ADMINISTRATION,15-2051,business intelligence analysts,15-2051,0.4516496653231189,15-1252,0.21502411081314401,15-1244,0.14181362023267835
277518,1990,commercial and logistics agent,DSM Food Specialties USA Inc.,INTERNATIONAL BUSINESS,13-1111,management analysts,13-1111,0.3734988807789468,15-1252,0.1809822811197546,15-2051,0.17043428214433434
277588,1990,associate management consultant,"McKinsey & Company, Inc. United States",BUSINESS  ADMINISTRATION,13-1111,management analysts,13-1111,0.9999107087840916,15-2051,5.4025074276257086e-05,15-2031,1.5325932245904655e-05
277592,300,devops engineer,Virtue Serve LLC,COMP SCI,15-1252,software developers,15-1252,0.9969415701088332,15-1299,0.002544377494530078,15-1211,0.0003250488732249769
277601,030,director technical services,"Vantiq, Inc.",ELECTRICAL ENGINEERING,17-2071,electrical engineers,17-2071,0.4875753385720405,17-2072,0.3611905580627859,15-1252,0.13652721789044903
277639,070,embedded systems engineer ii,"Rogers, Freels & Associates, Inc.",MECHANICAL ENGINEERING,17-2141,mechanical engineers,17-2141,0.8630273198439782,17-2199,0.13120025539891458,17-2112,0.0035244492152619136
277846,1990,assc dir sr qa architect,"MOODY'S ANALYTICS, INC.",COMPUTER ENGINEERING,15-1252,software developers,15-1252,0.9208358987324045,15-2051,0.034291028034207215,13-1111,0.012791038832920794
277897,390,functional engineer,"o9 Solutions, Inc.",BUSINESS ADMINISTRATION,15-1299,computer systems engineers architects,15-1299,0.864672100190633,15-2051,0.053820972691604525,15-2031,0.049387448646375835
277926,300,it engineer,"SRS Consulting, Inc.",INFORMATION TECHNOLOGY,15-1252,software developers,15-1252,0.9009005509776927,15-1299,0.09132369598165879,15-1211,0.006221184303237231
277966,300,nan,"NFT, Inc.",ENGINEERING TECHNOLOGY,15-1252,software developers,15-1252,0.8156241967910958,15-1299,0.13417590053248113,15-1211,0.022979038417584627
277978,1600,vie president private banker,JPMorgan Chase & Co.,FINANCE,13-2051,financial and investment analysts,13-2051,0.931627567751487,13-2011,0.05580016745859682,13-2099,0.009750491043884969
278100,1690,assistant vice president,CREDIT SUISSE SERVICES USA LLC,ELECTRONIC ENGINEERING AND BUSINESS ADMINISTRATION CONC FINANCIAL SERVICES,13-2099,financial quantitative analysts,13-2099,0.6227329156517311,13-2051,0.14972059292719248,15-2051,0.07345786479074133
278103,1600,associate,Goldman Sachs & Co LLC,BUSINESS ADMINISTRATION,13-2051,financial and investment analysts,13-2051,0.9665126257587193,13-2011,0.03057732406786965,13-2099,0.0017461197681672685
278159,300,nan,Eficens Systems LLC,MANAGEMENT INFO SYSTEMS,15-1252,software developers,15-1252,0.99596386869979,15-1299,0.0035934244050416972,15-1211,0.00030390708009685625
278198,300,nan,Ursi Technologies Inc,COMP SCI OR EQUIVALENT,15-1252,software developers,15-1252,0.9967231637132878,15-1299,0.0013997264082434545,15-1211,0.0007990597114556102
278208,220,senior chemist i,"Adesis, Inc.",CHEMISTRY,19-2031,chemists,19-2031,0.9995771184635377,19-1021,0.0002620971757367963,17-2131,7.919075453807962e-05
278232,1990,product manager,"Siemens Medical Solutions USA, Inc.",MARKETING AND INTERNATIONAL BUSINESS,15-2051,business intelligence analysts,15-2051,0.33209028179981726,15-1299,0.29788364476060425,15-1252,0.22409736697159297
278239,300,nan,Morgan Stanley Services Group Inc.,BUSINESS ANALYTICS AND INFORMATION SYSTEMS,15-1252,software developers,15-1252,0.9819180619960742,15-1299,0.01283527779434269,15-1211,0.004535920225116367
278353,1990,business analyst management consultant,"McKinsey & Company, Inc. United States",ECONOMICS,13-1111,management analysts,13-1111,0.9990401838870441,15-2051,0.0004697644394632427,15-2041,0.00021455932832086132
278495,1990,associate management consultant,"McKinsey & Company, Inc. United States",BUSINESS ADMINISTRATOR,13-1111,management analysts,13-1111,0.9998631571621365,15-2051,6.302625591143153e-05,15-2031,2.6819105963806674e-05
278529,750,health services manager,"Whittier Healthcare Holdings, II, Inc.",NURSING,11-9111,medical and health services managers,11-9111,0.6351187898206611,29-1141,0.2889818687252076,29-1171,0.010339715600245271
278540,200,nan,"ExlService.com, LLC",DATA SCIENCE,15-2041,statisticians,15-2041,0.9447726432033722,15-1252,0.0364326455543149,15-2051,0.012820403356145916
278586,330,consulting staff technology consulting tsd sap ewm,Ernst & Young U.S. LLP,INFORMATION SYSTEMS,15-1211,computer systems analysts,15-1211,0.35121719752912456,15-1252,0.2564401159429385,15-1299,0.1993902973299993
278616,300,analyst prod mfd,"Private National Mortgage Acceptance Company, LLC",COMPUTER SCIENCE AND ENGINEERING,15-1252,software developers,15-1252,0.8127205411529363,15-1299,0.1210499471408157,15-1211,0.023365730493074933
278671,300,operations engineer program manager industrial engineer,Apple Inc.,BUSINESS ADMINISTRAITON,15-1252,software developers,15-1252,0.9409712142156129,15-1299,0.021590724102324807,15-1253,0.014033058020810943
278678,1610,nan,"Azenta, Inc.",BUSINESS ANALYTICS,15-2051,business intelligence analysts,15-2051,0.7978351965398347,13-1111,0.10835700341231001,15-2031,0.06377443274587337
278680,1600,audit senior associate,Grant Thornton LLP,ACCOUNTING,13-2011,accountants and auditors,13-2011,0.9998401821922877,13-2051,0.00015577391418924845,13-2054,2.0660277673976026e-06
278686,070,automation engineer,Bozhon Inc.,MECHANICAL ENGINEERING,17-2141,mechanical engineers,17-2141,0.9754955572997093,17-2199,0.01784354689769915,15-1252,0.004176630602684591
278710,390,technology specialist,UST GLOBAL INC,TECHNOLOGY IN COMPUTER SCIENCE AND ENGINEERING,15-1252,software developers,15-1252,0.6247946438665001,15-1211,0.23896557435856583,15-1253,0.08209391527637239
278728,1600,head of fundamental analysis,"Veta Investment Partners, LLC",FINANCIAL ANALYSIS,13-2051,financial and investment analysts,13-2051,0.588205658448025,13-2011,0.39844766123166075,13-2099,0.007643856122307531
278756,1410,nan,Apple Inc.,HUMAN-COMP INTERACTION,15-1252,software developers,15-1252,0.7055881017609351,27-1024,0.24159343925660848,15-1299,0.023944800640375113
279004,390,product manager,Bola Technologies Inc.,MBA IN BUSINESS DATA ANALYTICS,15-1299,computer systems engineers architects,15-1299,0.6496441976553768,15-1252,0.2134706218696255,15-2051,0.10562247831013134
279015,300,nan,Apple Inc.,TELECOMMUNICATIONS,15-1252,software developers,15-1252,0.9906230967059731,15-1299,0.007732766267918395,15-1253,0.0010559432992514447
279044,300,nan,"The MathWorks, Inc.",COMP SCI & ENGRG,15-1252,software developers,15-1252,0.9970346315074745,15-1299,0.0023516963237852377,15-1253,0.0003798562288689476
279096,300,analyst marketing operations,"Expedia, Inc.",BUSINESS ANALYTICS,15-1252,software developers,15-1252,0.9057196234939192,15-2051,0.07561105761927875,15-1299,0.014785634038663167
279161,300,engineer 1 es,"Nordstrom, Inc.",COMPUTER SCIENCE,15-1252,software developers,15-1252,0.9998430433904416,15-1299,0.00012345911976183513,15-1211,1.1699609234617794e-05
279260,300,data scientist,Circle K Stores Inc.,DATA ANALYTICS ENGINEERING,15-2051,business intelligence analysts,15-2051,0.930091799345089,15-2031,0.02468857696342345,15-1252,0.021180548268015388
279297,300,nan,Apple Inc.,COMPUTATIONAL DATA SCIENCE,15-1252,software developers,15-1252,0.99915153076455,15-2051,0.0003777983500634451,15-1299,0.0002807762004093678
279377,410,research associate cell biology,"Tectonic Therapeutic, Inc.",PHARMACEUTICAL SCIENCES,19-1029,bioinformatics scientists,19-1029,0.6418649441867849,19-1021,0.1512740313890917,19-1042,0.13362136807669817
279405,030,test solutions engineer,"Micron Technology, Inc.",ELECS & ELEC ENGRG,17-2071,electrical engineers,17-2071,0.8249322218898104,17-2072,0.14813696008199917,17-2112,0.009513992240070558
279494,300,nan,Apple Inc.,COMP SCI,15-1252,software developers,15-1252,0.9972423732218292,15-1299,0.0023889966944724756,15-1253,0.00024163162568902584
279514,1640,product manager,Baidu USA LLC,BUSINESS ADMINISTRATION,13-1161,market research analysts and marketing specialists,13-1161,0.8848066030466011,11-2021,0.03977554997802709,15-2051,0.023983663049498505
279523,1990,business analyst managment consultant,"McKinsey & Company, Inc. United States",ART HISTORY MINORS IN BUSINESS INSTITUTIONS & FRENCH,13-1111,management analysts,13-1111,0.8889751059292673,15-2051,0.04422742758920394,15-1252,0.032412200256550394
279764,300,data scientist,The Nielsen Company US LLC,OPERATIONS RESEARCH,15-2041,statisticians,15-2041,0.38641621944341836,15-1252,0.29367044792281605,15-2051,0.1887208367620824
279814,300,fe engineer,Apple Inc.,ELECTRICAL ENGINEERING,15-1252,software developers,15-1252,0.8216681940221566,17-2072,0.08705828333451701,17-2071,0.06998015277329715
279854,300,nan,Lorven Group Inc,MASTER OF SCI IN COMPUTER SCI,15-1252,software developers,15-1252,0.9960275514675767,15-1299,0.002389530464810982,15-1211,0.0006820538329781058
279887,1860,analyst,"United Capital Financial Advisers, LLC",MECHANICAL ENGINEERING,13-2051,financial and investment analysts,13-2051,0.5414324320693774,13-2099,0.12405648751831468,15-1252,0.08559582520661818
279935,9000,senior launch manager,"Expedia, Inc.",INTERNATIONAL MANAGEMENT AND MODERN LANGUAGES,15-1252,software developers,15-1252,0.4975647316182345,15-2051,0.160138662420347,15-1299,0.13029927841409272
279938,300,associate application developer,"ADP Technology Services, Inc.",COMPUTER SCIENCE,15-1252,software developers,15-1252,0.9997785857524025,15-1299,0.00020070769341028774,15-1211,9.057178054495356e-06
279953,390,ue ux researcher,Chatham Financial Corporation,HUMAN COMPUTER INTERACTION,15-1252,software developers,15-1252,0.8881857884332732,15-1299,0.06335729394110465,15-1211,0.01698355065957494
279969,1600,vice president portfolio management,"Waterfall Asset Management, LLC",BUSINESS CONCENTRATION FINANCE,13-2051,financial and investment analysts,13-2051,0.5853919469436368,13-2011,0.36349652780863057,13-2099,0.016736040970231673
280033,,social media lead,Weee Inc.,MASTER OF PROFESSIONAL STUDIES FASHION MARKETING,15-1252,software developers,15-1252,0.5104206466044284,15-1299,0.11054602235594607,13-1161,0.062431180294200896
280043,1630,e commerce analyst,"CVB, Inc.",BUSINESS ADMINISTRATION,13-1161,market research analysts and marketing specialists,13-1161,0.5792452665348825,13-1111,0.2079254639142757,15-2051,0.07671893766432587
280116,1990,data scientist i,"McKinsey & Company, Inc. United States",BUSINESS ANALYTICS,15-2051,business intelligence analysts,15-2051,0.8606455660292421,15-2041,0.07665529858596981,15-2031,0.03918397118417845
280155,300,nan,Infosys Limited,COMPUTER ENGINEERING,15-1299,computer systems engineers architects,15-1299,0.9466489261486805,15-1211,0.03753716627916599,15-1252,0.013496216572555918
280168,1690,nan,Matchpoint Table Tennis Center,MASTER OF BUSINESS ADMINISTRATION,15-1299,computer systems engineers architects,15-1299,0.4348178548385041,15-1252,0.20314620670160777,15-2051,0.1019823396230494
280177,300,senior systems analyst,Cognizant Technology Solutions US Corp,ELECTRICAL AND ELECTRONIC ENGINEERING,15-1211,computer systems analysts,15-1211,0.9946522004877429,15-1299,0.0050551865640260955,15-1252,0.00025756204402636743
280496,120,automation engineer,Unicon Pharma Inc.,MECHANICAL ENGINEERING,17-2199,validation engineers,17-2199,0.8976003359235957,17-2112,0.07753676497382603,17-2141,0.02345684614959389
280557,1990,hr data analyst,"Industrial and Commercial Bank of China Ltd., New York Branch",MEDIA CULTURE AND COMMUNICATION,13-2051,financial and investment analysts,13-2051,0.3356573049502948,15-2051,0.2770622605948882,13-1111,0.12382118557680542
280785,1890,senior president of operations,"SEMINOLE HARD ROCK DIGITAL, LLC",OPERATIONS MANAGEMENT,15-1299,computer systems engineers architects,15-1299,0.6586635206341328,13-1111,0.1993772456334048,15-2031,0.0535328257162932
280790,300,machine learning engineer,Apple Inc.,INFORMATION TECHNOLOGY,15-1252,software developers,15-1252,0.9952714090275485,15-1299,0.0042539188224028635,15-2051,0.00033799205951061997
280841,330,system operations specialist,"Intellipro Group, INC",BUSINESS ANALYTICS,15-1299,computer systems engineers architects,15-1299,0.6241552144681155,15-2051,0.2692352384252482,15-2031,0.06346233551764625
280861,1630,nan,Maplebear Inc,MARKETING,13-1161,market research analysts and marketing specialists,13-1161,0.8871995944001839,11-2021,0.030885303297087018,15-1299,0.02080337302122213
280864,1690,senior supply chain analyst,Wynneford Advisors,BUSINESS ADMINISTRATION AND INDUSTRIAL ENGINEERING,15-2051,business intelligence analysts,15-2051,0.1852036470747374,13-1161,0.13757169837972896,13-1081,0.13111077479344765
280947,300,business analyst,AMP Solutions LLC,ELECTRICAL AND ELECTRONICS ENGINEERING,15-1252,software developers,15-1252,0.8966570628457539,15-1211,0.06249220372667285,15-1299,0.032385377341649736
280949,300,cloud data engineer,"Insurance Services Office, Inc.",COMPUTER SCIENCE,15-1252,software developers,15-1252,0.9926298949269535,15-1299,0.006652638386881701,15-1211,0.0001751215518318082
280993,590,analyst campaign insights,"MullenLowe U.S., Inc.",DATA SCIENCE,15-2051,business intelligence analysts,15-2051,0.9896482948827376,15-2041,0.0050368717824146,15-2031,0.00344611687943297
281005,190,trainer,"Siemens Medical Solutions USA, Inc.",MEDICAL TECHNOLOGY,17-2031,biomedical engineers,17-2031,0.15126453247522562,17-2112,0.13186644136708137,17-2199,0.12911955094770228
281083,390,computer vision machine learning engineer,"Tangible Play, Inc.",ELECTRICAL ENGINEEING,15-1252,software developers,15-1252,0.4228838645787783,15-1299,0.17947790158170374,15-2051,0.10835050765734988
281102,300,nan,HCL America Solutions Inc,COMPUTER SCIENCE,15-1299,computer systems engineers architects,15-1299,0.5987747888031781,15-1252,0.2782219211251978,15-1251,0.0721352573938726
281191,1600,analyst,Morgan Stanley Services Group Inc.,ECONOMICS,13-2051,financial and investment analysts,13-2051,0.9770431366148945,13-2011,0.01339271738078098,13-2099,0.008186649616409112
281210,300,nan,IT Crats Inc.,INFORMATION TECHNOLOGY,15-1252,software developers,15-1252,0.9157376406069232,15-1299,0.06144860282901786,15-1211,0.017235001374162364
281245,200,business development analyst,Biocytogen Boston Corp.,DATA SCIENCE BUSINESS ANALYTICS,15-2031,operations research analysts,15-2031,0.4670379067533305,15-2041,0.2123370391488667,15-2051,0.14855558982726194
281364,1990,associate management consultant,"McKinsey & Company, Inc. United States",BUSINESS ADMINISTRATION,13-1111,management analysts,13-1111,0.999947235916511,15-2051,2.842373631704589e-05,15-2031,1.346788642297341e-05
281370,300,java developer,SIA GLOBAL SOLUTIONS LLC,INFORMATION TECHNOLOGY,15-1252,software developers,15-1252,0.9984724855825323,15-1299,0.001056329565933152,15-1251,0.0003724739275678502
281444,1690,vice president,Morgan Stanley Services Group Inc.,APPLIED COMPUTER SCIENCE,15-1299,computer systems engineers architects,15-1299,0.6513777195484082,15-1252,0.2672503652197091,11-3021,0.0478940723412425
281527,240,gis flood analyst,"ICEYE US, Inc.",EARTH AND ENVIRONMENT SYSTEMS,15-1299,computer systems engineers architects,15-1299,0.3892495143748807,15-2031,0.09889504818517511,15-1252,0.06323047893578337
281614,790,sr embryologist,"Procreate Fertility Center of Virginia, PLLC",EMBRYOLOGY,15-2041,statisticians,15-2041,0.1918838947326229,19-1042,0.12261147036438828,15-2051,0.0941185792421553
281644,1610,finance analyst,"Expedia, Inc.",FINANCIAL ANALYSIS,13-2051,financial and investment analysts,13-2051,0.6254897697885148,13-1111,0.25198305667418475,15-2051,0.10065696325277054
281681,300,technical lead,Tata Consultancy Services Limited,APPLIED COMPUTER SCIENCE,15-1299,computer systems engineers architects,15-1299,0.9593061221449968,15-1211,0.03500943142072267,15-1252,0.005033907356429523
281742,310,data engineer,DATAQUAD INC,APPLIED COMPUTER SCIENCE,15-1252,software developers,15-1252,0.9623128891076711,15-1299,0.018167037930847178,15-1242,0.013497778924134635
281907,390,developer advocates,Tyk Technologies Inc,COMPUTER SCIENCE,15-1252,software developers,15-1252,0.9355883279924795,15-1299,0.04490374166973088,15-1211,0.005114121641273639
282005,300,security analyst iii,"Anthem, Inc.",CYBER SECURITY MANAGEMENT,15-1252,software developers,15-1252,0.41480559479877255,15-1211,0.2642602683094842,15-1299,0.12994934471196454
282106,070,nan,Tech Mahindra Americas Inc.,INTERNAL COMBUSTION ENGINE,17-2141,mechanical engineers,17-2141,0.6651988559902342,15-1252,0.28884418840845355,15-1211,0.020412236241727142
282202,1990,associate management consultant,"McKinsey & Company, Inc. United States",PUBLIC POLICY,13-1111,management analysts,13-1111,0.9999070859407523,15-2051,5.1569202237380224e-05,15-2031,2.6820284255616025e-05
282291,300,nan,"Citibank, N.A.",MS BUSINESS ANALYTICS AND INFORMATION SYSTEMS BS ELECTRONICS AND COMMUNICATION ENGINEERING,15-1252,software developers,15-1252,0.8973447053332362,15-1299,0.0726611846951998,15-1211,0.015812631514611375
282307,300,marcom designer,Apple Inc.,THEMED ENTERTAINMENT DESIGN,15-1252,software developers,15-1252,0.7082693985889403,15-1299,0.07896438300718811,15-1253,0.07803387415497047
282312,300,technology analyst us,Infosys Limited,COMPUTER SCIENCE ENGINEERING,15-1299,computer systems engineers architects,15-1299,0.9999652222619051,15-1211,2.3808327270256844e-05,15-1253,5.190811504297594e-06
282325,1890,nan,IBM Corporation,BACHELOR OF SCIENCE IN COMPUTER INFORMATION SYSTEMS,15-1299,computer systems engineers architects,15-1299,0.9447943679065822,15-1211,0.05009500552411019,15-1252,0.0022710478558317965
282332,300,nan,"Wal-Mart Associates, Inc.",ELECTRICAL AND COMPUTER ENGINEERING,15-1252,software developers,15-1252,0.993993537299349,15-1299,0.0046344241884236454,15-2051,0.001314038349569283
282385,300,nan,Amazon.com Services LLC,COMPUTER SCIENCE,15-1252,software developers,15-1252,0.9986606885665673,15-1299,0.0011783389176289994,15-2051,9.058258441084225e-05
282457,410,clinical development lead,"Spark Therapeutics, Inc.",MEDICAL SCIENCES,19-1029,bioinformatics scientists,19-1029,0.896366355428404,19-1042,0.05987995444224856,19-1021,0.014018441079861737
282526,1630,senior director partnership development,"Brooklyn Nets, LLC",BUSINESS ADMINISTRATION WITH CONCENTRATION IN FINANCE/MARKETING,13-1161,market research analysts and marketing specialists,13-1161,0.623280083445038,15-2051,0.09017587965471216,11-2021,0.055604444474584035
282650,300,applications consultant 2,"Capgemini America, Inc.",COMPUTER INFORMATION SYSTEMS,15-1252,software developers,15-1252,0.999132222163269,15-1211,0.0005133881320711204,15-1299,0.00019392600965958108
282662,390,nan,Ness USA Inc.,COMP SCI,15-1252,software developers,15-1252,0.8306053914599574,15-1299,0.0883717511683103,15-1211,0.07741920755205911
282716,390,research engineer,Ford Motor Company,COMPUTER SCIENCE,15-1252,software developers,15-1252,0.9691878582002752,15-1221,0.019711546833246274,15-1299,0.008785763003398474
282721,300,software analyst developer,"Vertex Consulting Service, Inc",COMPUTER SCIENCE EQUIVALENT,15-1252,software developers,15-1252,0.6662713720458656,15-1299,0.1383613412741655,15-1211,0.08440997971128147
282755,300,specialist master,Deloitte Consulting LLP,ELECS & COMMUNICATION ENGRG,15-1252,software developers,15-1252,0.6801176857664891,15-1211,0.2029590135313443,15-1299,0.0995412649748462
282790,300,salesforce developer,Symantrix Inc,INFORMATION TECHNOLOGY COMPUTING,15-1252,software developers,15-1252,0.9901965766385818,15-1299,0.007193881878998956,15-1211,0.0015004325070840296
282800,300,manager,Deloitte Consulting LLP,ELECTRONICS COMMUNICATION ENGINEERING,15-1211,computer systems analysts,15-1211,0.6592833924401665,15-1252,0.3239421456813555,15-1299,0.01624975955803068
282824,1990,associate management consultant,"McKinsey & Company, Inc. United States",BUSINESS ADMINISTRATION,13-1111,management analysts,13-1111,0.999947235916511,15-2051,2.842373631704589e-05,15-2031,1.346788642297341e-05
282846,300,life science research associate,PARADIGM INFOTECH INC.,MASTER OF SCIENCE,15-1252,software developers,15-1252,0.9026691609432236,15-1251,0.05757739973478307,15-1299,0.02095646251633155
282858,300,nan,SmartInt Technologies LLC,HUMAN RESOURCE MANAGEMENT,15-1252,software developers,15-1252,0.8647234896468573,15-1299,0.11192143039786044,15-1211,0.02067107667024223
282902,300,member of technical staff research engiener research sci,"OpenAI, LP",COMPUTER SCIENCE,15-1252,software developers,15-1252,0.8803803488928693,15-1299,0.06314491051658065,15-1211,0.02338169528029354
282949,590,data scientist,Marsh USA Inc.,ANALYTICS,15-2051,business intelligence analysts,15-2051,0.9691525643855013,15-2041,0.019701573676637343,15-2031,0.010921630171942209
283149,300,technology analyst us,Infosys Limited,COMPUTER SCIENCE AND ENGINEERING,15-1299,computer systems engineers architects,15-1299,0.9999662742088216,15-1211,2.3345920347859248e-05,15-1253,4.611612207491705e-06
283163,1990,data supply chain analyst,"Taylor Farms Pacific,  Inc.",MASTER OF SCIENCE IN ENGINEERING MGMT,13-1111,management analysts,13-1111,0.24271990674122695,15-1252,0.18295221669152872,15-2051,0.172289406043583
283188,300,quality engineer,FUSION LIFE SCIENCES TECHNOLOGIES LLC,MECHANICAL ENGINEERING,17-2141,mechanical engineers,17-2141,0.7654404870644281,17-2199,0.10948165266394838,15-1252,0.06487305402336473
283293,1610,consultant,"The Boston Consulting Group, Inc.",BUSINESS ADMINISTRATION,13-1111,management analysts,13-1111,0.9994339800768992,15-2031,0.0004606036273750489,15-2051,7.986755519887788e-05
283298,1800,manager i operations,Amazon.com Services LLC,FINANCE/MANAGEMENT,13-1081,logisticians,13-1081,0.16125781705649672,15-2031,0.14357042501099487,15-2051,0.13567286484311933
283335,390,nan,"Comcast Cable Communications, LLC",MGT INFO SYSS,15-1252,software developers,15-1252,0.9440594943258518,15-1299,0.03673331734764872,15-2051,0.01357522652346876
283655,1190,paralegal,"GREEN MAPLE LAW GROUP, APC",LAW,23-1011,lawyers,23-1011,0.6672783281618503,23-2011,0.23813004054608655,23-1012,0.08849976435677549
283681,1690,vice president,Morgan Stanley Services Group Inc.,ELECTRONIC ENGINEERING,15-1299,computer systems engineers architects,15-1299,0.5227526281231387,15-1252,0.2855846522246998,11-3021,0.14024642320505537
283688,1990,sr product analyst,"McKinsey & Company, Inc. United States",INFORMATION TECHNOLOGY,13-1111,management analysts,13-1111,0.7981329572545229,15-2051,0.09028786938557909,15-1252,0.07303927239066947
283689,1840,nan,Remoov Inc.,INDUSTRIAL ENGINEER,17-2112,industrial engineers,17-2112,0.31398934420809516,15-1299,0.1438570693095179,15-1252,0.11780694453941347
283766,300,battery alborithm engineer,Apple Inc.,MECHANICAL ENGINEERING,15-1252,software developers,15-1252,0.954836282711126,17-2141,0.022007003022954674,15-1299,0.017326614894474797
283781,190,process engineer,"Applied Materials, Inc.",ENGINEERING,17-2131,materials engineers,17-2131,0.49529213022163515,17-2112,0.2255451574959019,17-2141,0.1741471192080085
283847,490,asso,Primera Analytical Solutions Corporation,BIOENGINEERING,19-1029,bioinformatics scientists,19-1029,0.3944877575374852,17-2199,0.12376082433501488,17-2031,0.12227644425490009
283956,030,nan,Infineon Technologies Americas Corp.,ENGINEERING MANAGEMENT,17-2071,electrical engineers,17-2071,0.5267845165178733,15-1252,0.256017647032365,17-2072,0.09722786087718899
283977,300,nan,Apple Inc.,BUSINESS ADMINISTRATION,15-1252,software developers,15-1252,0.9806394564057133,15-1299,0.016173878037915656,15-2051,0.0016027508707377018
284028,500,nan,Pacific Investment Management Company LLC,ACCOUNTING FINANCE ECONOMICS,13-2051,financial and investment analysts,13-2051,0.7836404866030876,15-2031,0.08608211049691028,15-1252,0.038381784773016514
284231,1820,vdc specialist,FL Crane & Sons,CONSTRUCTION MANAGEMENT,11-9021,construction managers,11-9021,0.5562397989771981,17-2051,0.401249265175069,13-1051,0.03773411568284968
284345,300,product management senior specialist,"Salesforce, Inc.",ENGINEERING MANAGEMENT,15-1252,software developers,15-1252,0.9317890574624916,15-1299,0.0606799308436367,15-1211,0.004109328970625623
284469,050,nan,Walsh Construction Co.,CONSTRUCTION ENGINEERING,17-2051,civil engineers,17-2051,0.9970331982824541,17-2141,0.0005107601207736919,15-1299,0.0004003246774214397
284883,300,nan,Apple Inc.,HUMAN CENTERED DESIGN AND ENGINEERING,15-1252,software developers,15-1252,0.9750952610413962,15-1299,0.018267735773964452,15-1253,0.002672721209241378
284897,200,nan,"Morgan Stanley & Co, LLC",COMPUTATIONAL FINANCE,15-2041,statisticians,15-2041,0.5249291342862419,13-2051,0.3283378600702885,13-2099,0.11346682150231843
285004,300,nan,Amazon.com Services LLC,COMPUTER SCIENCE,15-1252,software developers,15-1252,0.9986606885665673,15-1299,0.0011783389176289994,15-2051,9.058258441084225e-05
285340,300,nan,Snowflake Inc.,COMPUTER SCIENCE,15-1252,software developers,15-1252,0.9979881874736395,15-1299,0.0017533211566665421,15-1211,0.00015547719576448335
285393,070,hils control system engineer,"Altair ProductDesign, Inc.",MECHANICAL ENGINEERING,17-2141,mechanical engineers,17-2141,0.9997009845555455,17-2199,0.0001688642622447109,17-2112,6.804333361370953e-05
285520,300,food safety regulatory compliance manager,GC Ingredients Inc.,FOOD SCIENCE,15-1252,software developers,15-1252,0.7044784068229558,15-1299,0.10905866256418492,15-1211,0.06772154669078885
285943,190,director global coordination,Giumarra International Berry LLC,BUSINESS,15-1252,software developers,15-1252,0.4168960295783779,15-1299,0.18742021934707492,13-1081,0.08402160940101963
285982,300,nan,Google LLC,COMPUTER SCIENCE,15-1252,software developers,15-1252,0.9982538233441015,15-1299,0.0016553725414962808,15-2051,6.793521190244209e-05
286060,300,nan,"New York Technology Partners, Inc.",ELECTRICAL ENGINEERING,15-1252,software developers,15-1252,0.7791204435704155,15-1299,0.1627793660657143,15-1251,0.027167554223603615
286207,300,nan,KIAN CORPORATION,MASTER OF BUSINESS ADMINISTRATION,15-1211,computer systems analysts,15-1211,0.5928508924924465,15-1252,0.3524747102167119,15-1299,0.04707385728573226
286392,070,nan,"AcousticaBio, Inc.",MECHANICAL ENGINEERING,17-2141,mechanical engineers,17-2141,0.9698408025328938,15-1252,0.02180851795074587,17-2199,0.004056847177477889
286477,300,nan,"Cyber Sphere, LLC",MANAGEMENT MATH PHYSICS AND COMPUTER SCIENCE 14 YEARS OF EXP EQUAL TO A BACHELORS IN COMPUTER INFORMATION SYSTEMS,15-1252,software developers,15-1252,0.9450533776562413,15-1299,0.02239736346445676,15-1211,0.019984000440901872
286504,030,nan,"Qualcomm Atheros, Inc.",ELECTRICAL AND COMPUTER ENGINEERING,17-2072,electronics engineers except computer,17-2072,0.6809657688511338,15-1252,0.3141519720421888,17-2071,0.004509861531715734
286598,300,technical lead,Tata Consultancy Services Limited,ELECTRONICS AND COMMUNICATION ENGINEERING,15-1299,computer systems engineers architects,15-1299,0.9769494777857715,15-1211,0.012834733857935902,15-1252,0.00915146610812731
286935,1860,nan,Goldman Sachs & Co LLC,FINANCIAL ENGINEERING,13-2051,financial and investment analysts,13-2051,0.7673363798023711,13-2099,0.22309066052365742,13-2054,0.0036485743612247904
287124,300,program manager,Google LLC,ELETRICAL AND ELECTRONICS ENGINEERING,15-1252,software developers,15-1252,0.9678421803434948,15-1299,0.030547108932720668,15-2051,0.001328074395296522
287186,300,nan,Infosys Limited,MECHANICAL ENGINEERING,15-1299,computer systems engineers architects,15-1299,0.9631367515549533,15-1211,0.025158730390231303,15-1252,0.008791642074048063
287210,300,applications consultant 3,"Capgemini America, Inc.",COMPUTER INFORMATION SYSTEM,15-1252,software developers,15-1252,0.9989809480782103,15-1211,0.0004356425524322259,15-1299,0.00027930483251449026
287222,300,nan,Penmark Global Group Inc,BUSINESS ADMINISTARTION,15-1299,computer systems engineers architects,15-1299,0.42226504451516,15-1252,0.30557753842498353,15-1211,0.16070520764673557
287256,300,nan,Apple Inc.,COMPUTER SCIENCE AND COMPUTER ENGINEERING,15-1252,software developers,15-1252,0.9745410026366664,15-1299,0.013693014094372609,15-2051,0.004606157969146813
287382,190,nan,Novo Nordisk Research Center Seattle Inc.,MEDICAL DEVICE AND DIAGNOSTIC ENGINEERING,15-1299,computer systems engineers architects,15-1299,0.21961994791218217,17-2199,0.15267442073287155,15-1252,0.14276945239702107
287626,190,supply planner,"Novozymes North America, Inc.",INDUSTRIAL ENGINEERING,13-1081,logisticians,13-1081,0.41640103440219767,17-2112,0.35427570861701785,17-2199,0.1724426401782666
287683,300,nan,Apple Inc.,CHEMICAL ENGINEERING,15-1252,software developers,15-1252,0.9857103405458095,15-1299,0.011079961171090643,15-1253,0.0013263465174274333
287935,300,analyst,Tata Consultancy Services Limited,COMPUTER INFORMATION SYSTEMS,15-1211,computer systems analysts,15-1211,0.8088691406551872,15-1299,0.14768924440103096,15-1252,0.04233500246622561
287985,780,nan,Cosmic Healthcare LLC,MEDICAL TECHNOLOGY,29-2011,medical and clinical laboratory technologists,29-2011,0.9999743734562531,15-1252,3.844848786014365e-06,15-2051,3.621372571712507e-06
288238,050,nan,Force Asset Management LLC,CIVIL ENGINEERING,17-2051,civil engineers,17-2051,0.9946680027958692,15-1252,0.003933985598091672,15-1299,0.0007498895752720184
288347,300,nan,Vennison Technologies Inc,MASTER OF SCIENCE,15-1252,software developers,15-1252,0.9990349730988511,15-1251,0.0004090416902659838,15-1299,0.00032776006175494997
288521,1890,nan,"Great Product Ventures, Inc.",EQUIVALENT OF US MASTERS DEGREE WITH MAJOR IN ARTS & MINOR IN MARKETING,15-1299,computer systems engineers architects,15-1299,0.7305958368757299,15-1252,0.09894006787652986,13-1111,0.0840820731489186
288637,200,actuarial associate,Ameritas Life Insurance Corp.,ACTUARIAL MATHEMATICS,15-2041,statisticians,15-2041,0.7476955056357634,15-2031,0.13704711514327406,15-2011,0.062018967423550196
288735,790,medical laboratory scientists,Lovingcare Nursing and Home Care Services Inc.,MADICAL LABORATORY SCIENCE,15-2041,statisticians,15-2041,0.2037367227776219,15-2051,0.09993236229649319,15-2031,0.07747194762685004
288925,200,associate business analyst,Voya Services Company,COMPUTER SCIENCE,15-2051,business intelligence analysts,15-2051,0.5043873234925015,15-2031,0.16929731738199139,15-2041,0.14065655526665308
289170,310,nan,Tech Mahindra Americas Inc.,ELECTRICAL AND ELECTRONICS,15-1252,software developers,15-1252,0.7572924233120424,15-1299,0.12959304069506963,15-1211,0.05749975004170468
289186,300,nan,Unique Tech Inc,ELECTRICAL & ELECTRON CS ENGINEERING,15-1252,software developers,15-1252,0.9808200502177264,15-1299,0.00845273396569559,15-1211,0.007541934101545105
289267,330,nan,"Uber Technologies, Inc.",ELECTRICAL AND COMPUTER ENGINEERING - APPLIED STUDY,15-1252,software developers,15-1252,0.8425314240697024,15-1299,0.07032868261948909,15-2051,0.06535090355252338
289535,030,hardware development engineer,Apple Inc.,PHOTONICS & OPTICAL SCIENCES,17-2072,electronics engineers except computer,17-2072,0.6780500518962647,17-2071,0.31752511893334584,17-2141,0.0029473738912962513
289643,300,business analyst l3,Wipro Limited,ELECTRICAL ENGINEERING,15-1211,computer systems analysts,15-1211,0.6244906159626981,15-1299,0.2339004568490691,15-1251,0.09062654687641092
289780,1890,nan,Wadhwani Impact Trust,PUBLIC POLICY,13-1111,management analysts,13-1111,0.6350956825859023,15-1299,0.15271488549150478,15-2051,0.10035324260623146
289854,1650,nan,"JA Law Firm, P.A.",INTERNATIONAL RELATIONS,13-1161,market research analysts and marketing specialists,13-1161,0.6517392556726157,15-1299,0.09277504646824412,15-2051,0.0505009328029755
290110,310,solutions architect,"Akamai Technologies, Inc.",MANAGEMENT INFORMATION SYSTEMS,15-1299,computer systems engineers architects,15-1299,0.6356560081443142,15-1252,0.35752602484930934,15-2051,0.005107695716916471
290238,300,nan,Apple Inc.,COMPUTER ENGINEERING,15-1252,software developers,15-1252,0.9920317637027403,15-1299,0.007057930994570498,15-1253,0.00048364813321147174
290359,300,nan,Apple Inc.,NEUROSCIENCE MASTERS DEGREE IN COMPUTER SCIENCE,15-1252,software developers,15-1252,0.983486214776605,15-1299,0.011375888033390664,15-1253,0.0021893612830584277
290600,300,nan,"Meta Platforms, Inc.",COMPUTER SCIENCE,15-1252,software developers,15-1252,0.9975126016884253,15-1299,0.002204679448394304,15-2051,0.00013940595161953672
290732,300,nan,H-Town Technologies Inc,ELECTRONICS AND COMMUNICATION ENGINEERING,15-1252,software developers,15-1252,0.990717428134205,15-1299,0.007639611995157403,15-1211,0.001068713287685074
290765,290,environmental engineer associate 2,"Energy and Environmental Economics, Inc.",ENERGY ENGINEERING,15-2041,statisticians,15-2041,0.3085446282752634,15-2031,0.27566341581391185,15-2051,0.09094554105307392
290795,300,nan,Amazon.com Services LLC,COMPUTER SCIENCE,15-1252,software developers,15-1252,0.9986606885665673,15-1299,0.0011783389176289994,15-2051,9.058258441084225e-05
291130,1860,analyst,"Scotia Capital USA, Inc.",FINANCE INTERNATIONAL BUSINESS,13-2051,financial and investment analysts,13-2051,0.9800607656237073,13-2099,0.012814970537257745,13-2054,0.003370452978567074
291176,500,nan,Goldman Sachs & Co LLC,ECONOMICS,13-2051,financial and investment analysts,13-2051,0.9666879211742264,13-2099,0.018811420175178124,15-2051,0.008582838899276845
291206,1860,nan,Ten South Holdings LLC,BUSINESS ADMINISTRATION,13-2051,financial and investment analysts,13-2051,0.5765249430764637,15-1299,0.10297920087963679,15-1252,0.08708219969982116
291420,200,commodity spec manager,Apple Inc.,MATHEMATICS AND STATISTICS,15-2041,statisticians,15-2041,0.39454905006382435,15-2031,0.2858040946742885,15-2051,0.20164500374811284
291425,070,nan,"ChargePoint, Inc.",ENGINEERING (MATERIALS AND MANUFACTURING TECHNOLOGY),17-2141,mechanical engineers,17-2141,0.7971785638312656,15-1252,0.17129206907542893,17-2199,0.007431685828094106
291471,1600,tax staff diversified staff group,Ernst & Young U.S. LLP,ACCOUNTANCY,13-2011,accountants and auditors,13-2011,0.999740200795282,13-2051,0.0002570465759633411,15-2031,7.655549200348202e-07
291540,1990,senior business analyst,"Capital One Services, LLC",BUSINESS ANALYTICS,15-2051,business intelligence analysts,15-2051,0.740756248163386,15-2031,0.24840734828822877,15-2041,0.008714020124560403
291595,300,nan,Cognizant Technology Solutions US Corp,COMPUTER ENGINEERING,15-1299,computer systems engineers architects,15-1299,0.45116194929475273,15-1252,0.35142626128993415,15-1211,0.19468783061031067
291801,030,nan,Apple Inc.,COMPUTER ENGINEERING,15-1252,software developers,15-1252,0.8113614946373451,17-2072,0.15813293247383026,17-2071,0.022091852652246436
291913,1100,nan,Phillips Lytle LLP,MASTER OF LAWS,23-1011,lawyers,23-1011,0.9969063982759447,23-1012,0.0011199444357709622,15-1299,0.0003425240363091468
291993,330,solution architect ii,Persistent Systems INC,INFORMATION TECHNOLOGY,15-1299,computer systems engineers architects,15-1299,0.9998343307724404,15-1253,0.00014070911994603727,15-1252,2.0895931715051417e-05
292027,070,engineer i,"CHA Consulting, Inc.",MECHANICAL ENGINEERING,17-2141,mechanical engineers,17-2141,0.9968054435836403,17-2199,0.0020723096936165514,17-2112,0.0006262730992896569
292141,300,nan,Apple Inc.,COMPUTER SCIENCE,15-1252,software developers,15-1252,0.9968931343610998,15-1299,0.002671229313552118,15-1253,0.00029111845374013914
292613,030,nan,Apple Inc.,ELEC AND COMP ENGRG,15-1252,software developers,15-1252,0.42137811124488284,17-2072,0.3716879318100888,17-2071,0.2033481675309494
292750,120,logistic specialist ii,"ASM  America, Inc.",INDUSTRIAL ENGINEERING,17-2112,industrial engineers,17-2112,0.9801249183841136,17-2141,0.009124273843440445,17-2199,0.0047853502953495155
292861,120,nan,Intel Corporation,CHEMICAL AND PETROLEUM ENGINEERING,17-2112,industrial engineers,17-2112,0.5520053506486986,17-2131,0.31378075377835574,15-1252,0.0995710600154398
293008,300,nan,Apple Inc.,ELECTRICAL ENGINEERING,15-1252,software developers,15-1252,0.9940000973782452,15-1299,0.003619925404381465,17-2072,0.0008753141002299883
293098,300,human factors design engineer,Apple Inc.,MECHANICAL ENGINEERING,15-1252,software developers,15-1252,0.8627325892474418,17-2141,0.07690195251375151,15-1299,0.03803407999895846
293160,010,intern architect,"Studio.BNA, Inc.",URBAN PLANNING AND DESIGN,17-1011,architects except landscape and naval,17-1011,0.9872419391876246,17-3011,0.009355937302127101,17-2051,0.00048028223405302827
293306,070,manufacturing equipment engineer,Hydranautics,MECHANICAL ENGINEERING,17-2141,mechanical engineers,17-2141,0.9915729477134396,17-2112,0.005397706459307235,17-2199,0.0025910901332756434
293357,1640,market sales analyst,ITW Food Equipment Group LLC,BUSINESS ADMINISTRATION,13-1161,market research analysts and marketing specialists,13-1161,0.8799737753472436,11-2021,0.03955829529318484,13-1111,0.036886579994788234
293611,120,process engineer,Intel Corporation,CHEMICAL ENGINEERING,17-2131,materials engineers,17-2131,0.9462046593450194,17-2112,0.05372973615697952,17-2199,2.725698916901396e-05
293672,300,systems administrator,"SG AMERICAS OPERATIONAL SERVICES, LLC",INFORMATION SYSTEMS & BUSINESS AND ECONOMICS,15-1252,software developers,15-1252,0.6861378655249222,15-1299,0.17695342322542815,15-1244,0.08007934642799665
293897,190,nan,Apple Inc.,BUS ADMIN,15-1252,software developers,15-1252,0.9114581552470409,15-1299,0.04964800092183447,15-2051,0.014495464621190704
293926,300,nan,Amazon.com Services LLC,PUBLIC POLICY AND DIPLOMACY,15-1252,software developers,15-1252,0.9928766506140064,15-1299,0.005057105683237593,15-2051,0.0013448027912842332
294068,030,nan,Apple Inc.,ELECTRICAL ENGINEERING,17-2072,electronics engineers except computer,17-2072,0.36452508509944065,15-1252,0.3579258837394782,17-2071,0.2749130127240782
294183,300,nan,SAPNEXX LLC,MASTER OF TECHNOLOGY CHEMICAL ENGINEERING,15-1252,software developers,15-1252,0.8967653327322437,15-1299,0.056674552850733535,15-1211,0.025283875286354996
294510,300,nan,SYSTEM SOFT TECHNOLOGIES LLC,ELECTRICAL AND ELECTRONICS ENGINEERING,15-1252,software developers,15-1252,0.9897465575414689,15-1299,0.007782346079297231,15-1211,0.0014536763342678698
294612,300,nan,Apple Inc.,BIOMEDICAL ENGINEERING,15-1252,software developers,15-1252,0.988702657665458,15-1299,0.006945997854337678,15-1253,0.0020325141565811704
294788,010,design staff 2,"The Lamar Johnson Collaborative, Inc.",CITY DESIGN,17-1011,architects except landscape and naval,17-1011,0.8687520140976681,17-3011,0.10724481460441657,17-1012,0.008307044158596327
294864,300,nan,Amazon.com Services LLC,COMPUTER ENGINEERING,15-1252,software developers,15-1252,0.9966428884185784,15-1299,0.0031223465383675856,15-1211,8.833310304845888e-05
294961,1600,nan,"DWS Investment Management Americas, Inc.",PUBLIC ADMIN,13-2051,financial and investment analysts,13-2051,0.8023289170476772,13-2011,0.16426620135939635,13-1111,0.00843233296325907
295283,300,nan,Apple Inc.,ELECTRICAL AND COMPUTER ENGINEERING,15-1252,software developers,15-1252,0.9964832712915325,15-1299,0.001835124337924495,17-2072,0.0008471366022787582
295312,030,software development engineer systems electronics engineer,Apple Inc.,ELECTRICAL ENGINEERING,17-2072,electronics engineers except computer,17-2072,0.8254630595086182,17-2071,0.16553607362733697,15-1252,0.008420487126105458
295460,410,associate scientist,WuXi Advanced Therapies Inc.,BIOENGINEERING,19-1029,bioinformatics scientists,19-1029,0.9686226054603183,17-2031,0.018758802021525755,19-1021,0.011035678172762537
295711,300,nan,Solytics Partners LLC,ELECTRONICS ENGINEERING DIGITAL SYSTEMS,15-1252,software developers,15-1252,0.7432954580603645,15-1299,0.1409262920318426,15-1211,0.06287059382164024
295745,300,nan,"Amazon Development Center U.S., Inc.",COMPUTER SCIENCE,15-1252,software developers,15-1252,0.9989445332368259,15-1299,0.0010043682242115905,15-2051,1.900389651278967e-05
295800,300,acoustics engineer,Apple Inc.,MECHANICAL ENGINEERING,15-1252,software developers,15-1252,0.8003788487093444,17-2141,0.1426877736707446,15-1299,0.03528517821245124
296420,200,business data analyst,"Health One Alliance, LLC",DATA SCIENCE AND ANALYTICS,15-2031,operations research analysts,15-2031,0.5031110370977937,15-2051,0.38716873656465406,15-2041,0.10821991758025942
296463,1890,director customer experience,"Cisco Systems, Inc.",BUSINESS ADMINISTRATION,15-1299,computer systems engineers architects,15-1299,0.7971374037841694,15-1252,0.10397319111712057,13-1111,0.05464089632883072
296886,050,engineer i,"CHA Consulting, Inc.",CIVIL ENGINEERING,17-2051,civil engineers,17-2051,0.9999795202535144,17-2141,1.0958626860514528e-05,11-9021,1.8845237007487207e-06
297327,1190,associate attorney,"Sheppard, Mullin, Richter & Hampton LLP",LAW,23-1011,lawyers,23-1011,0.9988880199451046,23-1012,0.0010470281212695339,23-2011,4.289921187490463e-05
297357,,machine learning engineer,ByteDance Inc.,STATISTICS,15-1252,software developers,15-1252,0.9441232607778318,15-2051,0.04100685129659516,15-2041,0.007173557989487579
297460,010,architectural technician,"LaBella Associates, D.P.C.",ARCHITECTURE,17-1011,architects except landscape and naval,17-1011,0.9591632366614237,17-3011,0.036771812801771546,17-2051,0.0024137318857209125
297516,300,channel program producer,Apple Inc.,BUSINESS ADMINISTRATION,15-1252,software developers,15-1252,0.9627726612554742,15-1299,0.02593107261012163,15-2051,0.005305221585129981
297665,190,power module development engineer,"Wolfspeed, Inc.",MATERIALS SCIENCE AND ENGINEERING,17-2131,materials engineers,17-2131,0.5252288916500465,17-2072,0.17748920887329805,17-2141,0.0860748311989898
297838,300,nan,Amazon.com Services LLC,BUSINESS ANALYTICS ELECS & COMM ENGRG,15-1252,software developers,15-1252,0.9928766506140064,15-1299,0.005057105683237593,15-2051,0.0013448027912842332
297902,330,nan,EMC Corporation,COMPUTER SCIENCE AND SOFTWARE ENGINEERING,15-1299,computer systems engineers architects,15-1299,0.65549628385996,15-1252,0.330016289695543,15-1253,0.01135642141720046
297992,070,nan,Hunting Energy Services LLC,MECHANICAL ENGINEERING,17-2141,mechanical engineers,17-2141,0.9698408025328938,15-1252,0.02180851795074587,17-2199,0.004056847177477889
297994,300,nan,"TuniraSoft, LLC",ELECTRONICS AND COMMUNICATION ENGINEERING,15-1252,software developers,15-1252,0.9213008692996949,15-1299,0.07104327603791218,15-1211,0.004969158980228477
298065,070,nan,Apple Inc.,MECHANICAL ENGINEERING,17-2141,mechanical engineers,17-2141,0.9694206857209016,15-1252,0.02833276097223013,17-2112,0.0008487031420580023
298595,1600,nan,"BDO USA, LLP",BUSINESS ADMINISTRATION IN INSURANCE,13-2011,accountants and auditors,13-2011,0.9945472704963079,13-2051,0.003503864954812158,15-2051,0.0010420670917987934
298612,030,nan,"Samsung Semiconductor, Inc.",ELECTRICAL AND COMPUTER ENGINERRING,15-1252,software developers,15-1252,0.5166295016709669,17-2072,0.3654716769561681,17-2071,0.10818406020543933
298726,1990,nan,CONSULTING BUSINESS SOLUTION LLC,ACCOUNING & FINANCE,15-1252,software developers,15-1252,0.7794074786931668,15-2051,0.06145495851579121,13-1111,0.052658120232932
298736,300,nan,"Hexaware Technologies, Inc",BACHELOR OF SCIENCE IN COMPUTER INFORMATION SYSTEMS,15-1299,computer systems engineers architects,15-1299,0.398032160826123,15-1211,0.3456049315741844,15-1252,0.1533309694009079
298939,300,nan,APPLIXA TECHNOLOGIES LLC,SCIENCE,15-1252,software developers,15-1252,0.9846800523187665,15-1299,0.0127370422606035,15-1211,0.0016847847238758136
299098,1600,nan,Deloitte & Touche LLP,MANAGEMENT ACCOUNTING,13-2011,accountants and auditors,13-2011,0.9987433717045531,13-2051,0.000932267627907402,13-1111,0.00017636337901115785
299154,030,nan,Apple Inc.,ELECTRICAL ENGINEERING,17-2072,electronics engineers except computer,17-2072,0.36452508509944065,15-1252,0.3579258837394782,17-2071,0.2749130127240782
299348,1610,nan,Wipro Limited,TELECOMMUNICATION TECHNOLOGY AND MANAGEMENT,13-1111,management analysts,13-1111,0.7970743396676481,15-1299,0.13033166619209616,15-1211,0.04159982193686366
299402,300,machine learning engineer data scientist,Apple Inc.,COMPUTER SCIENCE AND ENGINEERING,15-1252,software developers,15-1252,0.9428651167432348,15-1299,0.04162951202248655,15-1253,0.009054326812277384
299543,300,nan,Apple Inc.,COMPUTER ENGINEERING,15-1252,software developers,15-1252,0.9920317637027403,15-1299,0.007057930994570498,15-1253,0.00048364813321147174
299664,300,nan,Google LLC,COMPUTER SCIENCE,15-1252,software developers,15-1252,0.9982538233441015,15-1299,0.0016553725414962808,15-2051,6.793521190244209e-05
299691,1410,hi designer,Apple Inc.,DESIGN AND TECHNOLOGY,27-1024,graphic designers,27-1024,0.9800379172686978,27-1014,0.007866384488765676,27-1021,0.004451002845414627
299903,330,nan,Cognizant Technology Solutions US Corp,ELECTRONICS ENGINEERING,15-1299,computer systems engineers architects,15-1299,0.9721408410948955,15-1211,0.016573054719193677,15-1253,0.006507595522883128
300508,1990,nan,"McKinsey & Company, Inc. United States",ANALYTICS,15-2051,business intelligence analysts,15-2051,0.4077931680419102,13-1111,0.3514452777622492,15-1252,0.1401078146527978
300711,030,soc design engineer,Intel Corporation,ELECTRICAL ENGINEERING,17-2072,electronics engineers except computer,17-2072,0.9967991026087469,15-1252,0.0027397260358478304,17-2071,0.0003188405775165519
300916,790,health services manager,Everest Medics Staffing Inc,BACHELOR OF SCIENCE IN NURSING,15-2041,statisticians,15-2041,0.16304061425835475,15-1211,0.13879932070172932,11-9111,0.10315485822918309
300963,300,nan,Amerisoft Corporation,COMPUTER SCIENCE & ENGINEERING,15-1252,software developers,15-1252,0.8594059389869075,15-1299,0.09296067155281262,15-1211,0.037348750040986436
301037,300,soc design verification engineer,Apple Inc.,ELECTRONIC ENGINEERING,15-1252,software developers,15-1252,0.9544517464252911,15-1299,0.03440640317152278,15-1253,0.0058887259354706584
301122,070,sr test engineer,"Tesla, Inc.",AUTOMOTIVE ENGINEERING,17-2141,mechanical engineers,17-2141,0.9951337851701662,17-2112,0.004287663700783984,17-2199,0.00027767988158022307
301307,1600,nan,SANY America Inc.,ACCOUNTING SCIENCE,13-2011,accountants and auditors,13-2011,0.9408692769148193,13-2051,0.05315035527569556,13-2099,0.0013814002488808416
301360,030,nan,L&T TECHNOLOGY SERVICES LIMITED,ELEC ENGRG,15-1252,software developers,15-1252,0.46593952198048266,17-2071,0.40290142365498416,17-2072,0.07559875931504029
301412,300,nan,Verily Life Sciences LLC,DATA ANALYTICS,15-1252,software developers,15-1252,0.9663112777585697,15-2051,0.014776827775376785,15-1299,0.014330933997291944
301557,300,production engineer,"Meta Platforms, Inc.",COMPUTER SCIENCE,15-1252,software developers,15-1252,0.9996057313452557,15-1299,0.00032869333790486307,15-1221,3.8092529268953514e-05
301672,1410,nan,"GetDori, Inc.",PRODUCT DESIGN,27-1024,graphic designers,27-1024,0.5017010859188336,15-1252,0.256368571995847,27-1021,0.09577100865051692
301682,070,nan,United Safety Technology Corporation,MANUFACTURING ENGINEERING,17-2141,mechanical engineers,17-2141,0.9257687989456408,17-2199,0.03442942364526016,17-2112,0.0326996493934853
301714,300,web developer,Noblesoft Technologies Inc,INFORMATION TECHNOLOGY,15-1252,software developers,15-1252,0.9944578821277892,15-1299,0.004270114154217117,15-1211,0.0007110649055066319
301974,300,nan,Apple Inc.,COMPUTATIONAL DATA SCI,15-1252,software developers,15-1252,0.9956430537055388,15-1299,0.0025435478819760366,15-1253,0.0007442842895250626
301998,300,nan,Apple Inc.,COMPUTER INFORMATION SYSTEMS AND MACHATRONIC ENGINEERING,15-1252,software developers,15-1252,0.983486214776605,15-1299,0.011375888033390664,15-1253,0.0021893612830584277
302103,390,nan,"Guidewire Software, Inc.",COMPUTER SCIENCE,15-1252,software developers,15-1252,0.9948137104726736,15-1299,0.004439555470392209,15-1211,0.00023241673222722717
302152,300,nan,IQVIA Inc.,BUSINESS ADMINISTRATION,15-1252,software developers,15-1252,0.9034293711787792,15-1299,0.04884751964152975,15-1211,0.022590371470774865
302357,300,nan,"Amazon Development Center U.S., Inc.",COMPUTER SCIENCE,15-1252,software developers,15-1252,0.9989445332368259,15-1299,0.0010043682242115905,15-2051,1.900389651278967e-05
302470,010,nan,B.I.G. Architecture D.P.C.,MASTER OF ARCHITECTURE,17-1011,architects except landscape and naval,17-1011,0.9968544186181437,17-3011,0.0017971936711557762,15-1299,0.0001759753755066728
302553,300,sr product technology owner,Franklin Templeton Companies LLC,MANAGEMENT INFORMATION SYSTEMS,15-1252,software developers,15-1252,0.777087982710387,15-1299,0.11307813886167539,15-1211,0.06946221099253448
302619,300,nan,Tata Consultancy Services Limited,MATHEMATICS STATISTICS AND COMPUTER SCIENCE,15-1299,computer systems engineers architects,15-1299,0.9078454334120482,15-1211,0.0642972223746209,15-1252,0.018497169847602413
302642,910,teacher of spanish,St. Paul's School,ROMANCE STUDIES HISPANIC LITERATURE & COMPARATIVE LITERATURE,25-2031,secondary school teachers except special and career technical education,25-2031,0.3138343613883309,15-1252,0.07804005107911452,15-2031,0.03389592811225727
302955,070,ce product specialist,Cummins Inc.,MECHATRONICS ENGINEERING,17-2141,mechanical engineers,17-2141,0.9964478456783921,17-2112,0.002106290705198113,17-2071,0.0009952370674253573
303458,070,sr engineer performance simulation application,Caterpillar Inc,MECHANICAL ENGR AND APPLIED MECHANICS,17-2141,mechanical engineers,17-2141,0.9593290701632037,15-1252,0.021630589463085003,17-2112,0.006518566425246652
303560,300,nan,"Meta Platforms, Inc.",COMPUTER SCIENCE,15-1252,software developers,15-1252,0.9975126016884253,15-1299,0.002204679448394304,15-2051,0.00013940595161953672
303695,1880,nan,"Uber Technologies, Inc.",BUSINESS ADMINISTRATION DEGREE,13-1111,management analysts,13-1111,0.6073632691284016,15-1252,0.18994730490749606,15-2031,0.07357392412685987
303831,300,nan,"DataLab USA, LLC.",MASTER OF SCIENCE,15-1252,software developers,15-1252,0.9599569240501882,15-1251,0.01703180693969967,15-1299,0.013647376849837401
303837,200,nan,Ernst & Young U.S. LLP,GENERAL MANAGEMENT,15-2031,operations research analysts,15-2031,0.630357501939513,13-2051,0.23422132694782516,15-2041,0.05322531238890815
304166,1990,senior associate,KPMG LLP,ACCOUNTING,13-2011,accountants and auditors,13-2011,0.793680870462213,13-2051,0.19605309509731905,13-1111,0.005054019386570993
304380,300,nan,CGI Technologies and Solutions Inc.,COMPUTER SCIENCE AND ENGINEERING,15-1252,software developers,15-1252,0.9525044688878147,15-1299,0.038716357193638584,15-1211,0.005630963107916639
304404,300,programmer developer 3,"Capgemini America, Inc.",COMPUTER INFORMATION SYSTEMS,15-1252,software developers,15-1252,0.5789211981390079,15-1251,0.301987929878956,15-1211,0.0745160871774368
304644,1610,nan,"The Boston Consulting Group, Inc.",BUSINESS ADMINISTRATION,13-1111,management analysts,13-1111,0.9958545028345777,15-2031,0.0018390061033271058,15-2051,0.0014679948997128297
304649,300,partner engineer android,"Meta Platforms, Inc.",COMPUTER SCIENCE,15-1252,software developers,15-1252,0.9951011707035786,15-1299,0.0035915856772557398,15-1221,0.000720460089756426
304720,190,sr automation engineer,Steripack USA Limited LLC,BIOMEDICAL ENGINEERING,17-2199,validation engineers,17-2199,0.5070570372390639,15-1252,0.12768301157096426,17-2031,0.1260581021129576
304750,300,systems analyst,Omsai Com LLC,BACHELORS OF ENGINEERING IN TELECOMMUNICATION,15-1211,computer systems analysts,15-1211,0.966511438778198,15-1252,0.03269298236020768,15-1251,0.00044893812954832505
305106,300,nan,Apple Inc.,MECHANICAL ENGINEERING,15-1252,software developers,15-1252,0.9822715445985849,15-1299,0.010915017631690501,17-2141,0.005279224679169528
305393,300,machine learning engineer,Apple Inc.,COMPUTER INFORMATION SYSTEMS,15-1252,software developers,15-1252,0.9928541314614855,15-1299,0.006586527706631474,15-2051,0.00033005480229831294
305625,300,nan,"Amazon Web Services, Inc.",COMP SCI,15-1252,software developers,15-1252,0.9965709480044147,15-1299,0.0018783555366517516,15-1211,0.0014670225197803356
306232,190,nan,"Servotech, Inc.",MASTERS IN MECHANICAL ENGINEERING,17-2199,validation engineers,17-2199,0.5543182671367566,17-2141,0.14102071060923554,15-1252,0.13822829010542775
306291,120,process engineer,Intel Corporation,MATERIALS SCIENCE AND ENGINEERING,17-2131,materials engineers,17-2131,0.9904570733197314,17-2112,0.009511991630358863,17-2072,1.9811331226767592e-05
307032,300,applied scientist ii,"Amazon Development Center U.S., Inc.",ELECTRONICS ENGINEERING,15-1252,software developers,15-1252,0.9980439375211487,15-1299,0.0013915836102757503,15-1221,0.00031396748279647317
307036,070,nan,Apple Inc.,MECHANICAL ENGINEERING,17-2141,mechanical engineers,17-2141,0.9694206857209016,15-1252,0.02833276097223013,17-2112,0.0008487031420580023
307215,120,nan,Lam Research Corporation,INDUSTRIAL ENGINEERING,17-2112,industrial engineers,17-2112,0.9602489763802871,17-2141,0.014552633819155551,17-2199,0.008510106385791713
307455,300,nan,"Amazon Development Center U.S., Inc.",COMPUTER SCIENCE,15-1252,software developers,15-1252,0.9989445332368259,15-1299,0.0010043682242115905,15-2051,1.900389651278967e-05
307627,300,nan,"Cisco Systems, Inc.",COMPUTER SCIENCE,15-1252,software developers,15-1252,0.9915042297633463,15-1299,0.007992559449641412,15-1211,0.00035768529260208113
307794,300,nan,"Qualcomm Technologies, Inc.",INFORMATION SCIENCE,15-1252,software developers,15-1252,0.999650079012782,15-1299,0.0002454469384684257,15-1211,6.305306623053926e-05
307830,300,nan,GAC Solutions Inc,COMPUTER SCIENCE,15-1252,software developers,15-1252,0.9860874926318294,15-1299,0.011811909232105554,15-1211,0.0010474307670614946
307985,1690,estimator level 1,Racanelli Construction Co. Inc.,CIVIL ENGINEERING,15-1299,computer systems engineers architects,15-1299,0.3232708039649683,15-2051,0.14326676915108807,15-2031,0.12718023217600358
308167,300,nan,Apple Inc.,ELECTRICAL AND COMPUTER ENGINEERING,15-1252,software developers,15-1252,0.9964832712915325,15-1299,0.001835124337924495,17-2072,0.0008471366022787582
308304,050,nan,GEI Consultants Inc.,CIVIL ENGINEERING,17-2051,civil engineers,17-2051,0.9993392269408103,15-1252,0.000311650261204258,15-1299,0.00014432579166402687
308343,1690,product manager,Microsoft Corporation,ENGINEERING MANAGEMENT,15-1299,computer systems engineers architects,15-1299,0.7491588270816678,15-2051,0.17607034364729687,15-1252,0.0558742166460112
308578,300,nan,Apple Inc.,INFO NETWORKING,15-1252,software developers,15-1252,0.9972123988323215,15-1299,0.001648419270363027,15-1253,0.00048235481398856817
308593,300,nan,Apple Inc.,ROBOITICS,15-1252,software developers,15-1252,0.983486214776605,15-1299,0.011375888033390664,15-1253,0.0021893612830584277
308657,320,nan,"Expedia, Inc.",INTERNATIONAL BUSINESS,15-1252,software developers,15-1252,0.9901485633389524,15-1299,0.005926753006605864,15-2051,0.003222273737611336
308777,200,nan,Labcorp Drug Development Inc.,STATISTICS,15-2041,statisticians,15-2041,0.9488351601634183,15-2031,0.026545265165739983,15-2051,0.02057029235979648
309594,410,principal scientist i,"Novartis Institutes for BioMedical Research, Inc.",MOLECULAR GENETICS,19-1029,bioinformatics scientists,19-1029,0.5387358366776747,19-1042,0.303375562997727,19-1021,0.1428425301462555
309627,390,data scientist,PeritusHub LLC.,INFORMATION TECHNOLOGY,15-2051,business intelligence analysts,15-2051,0.5502074558543525,15-1252,0.31558517139664954,15-1299,0.10243874720656908
309782,300,database administrator devops engineer,"Strategic Systems,Inc",COMP INFO SYSS,15-1252,software developers,15-1252,0.9871087511691419,15-1299,0.006436704409323123,15-1211,0.003349231377134748
310388,300,nan,Chainalysis Inc.,COMPUTER SCIENCE AND PHILOSOPHY,15-1252,software developers,15-1252,0.9478105269993564,15-1299,0.024254452274098396,15-1211,0.013846102725157728
310524,1640,nan,Channel Bakers Inc.,MS IN MARKETING,13-1161,market research analysts and marketing specialists,13-1161,0.3744955366668239,15-1252,0.35404636491537733,15-2051,0.09411328534145273
310597,1610,nan,msd2021 inc,DESIGN MANAGEMENT,13-1111,management analysts,13-1111,0.7719680366699208,15-2051,0.056406681263235545,15-2031,0.04914825208025928
310607,030,nan,Seqgen Inc.,COMPUTER SCIENCE,15-1252,software developers,15-1252,0.9211514213405578,15-1299,0.049809500378109786,17-2072,0.009404382230428473
311312,300,nan,NAVOINFO INC,COMPUTER SCIENCE AND ENGINEERING,15-1252,software developers,15-1252,0.9782231512647346,15-1299,0.017844293967757704,15-1211,0.002474588352258328
311677,1890,nan,Cummins Inc.,SUPPLY CHAIN MANAGEMENT,15-1299,computer systems engineers architects,15-1299,0.4560414477829304,15-2051,0.24044702277676167,15-2031,0.1263552390568658
311783,300,systems analyst,Coforge Limited,APPLIED COMPUTER SCIENCE,15-1211,computer systems analysts,15-1211,0.9968557828358157,15-1252,0.0022209750544878587,15-1299,0.0009097055510780087
311983,050,product engineer,"XP Health, Inc.",CIVIL AND ENVIORNMENTAL ENGINEERING,17-2051,civil engineers,17-2051,0.6796087379348612,17-2141,0.23334632710963193,17-2071,0.029746436686548947
312131,1650,associate paid social,"Group M Worldwide, LLC",MARKETING,13-1161,market research analysts and marketing specialists,13-1161,0.9593477373263808,27-3031,0.016055664973763702,11-2021,0.008608359375196726
312146,330,nan,Cognizant Technology Solutions US Corp,APPLIED COMPUTER SCIENCE,15-1299,computer systems engineers architects,15-1299,0.9759913680143938,15-1211,0.018957416460472547,15-1252,0.0028847379496828294
312710,390,analytics analyst,R1RCM HOLDCO INC.,INFORMATION TECHNOLOGY AND ANALYTICS,15-2051,business intelligence analysts,15-2051,0.3472367542315416,15-1252,0.31584767253834894,15-1299,0.20967142339060477
312725,1640,nan,"Tubi, Inc.",BUSINESS ADMINISTRATION PUBLIC RELATIONS AND STRATEGIC COMMUNICATION,15-1252,software developers,15-1252,0.5583834446156261,13-1161,0.2754039029842247,15-2051,0.05842332031954294
312836,070,aircraft technologies engineer,"VT San Antonio Aerospace, Inc.",AIRCRAFT MAINTENANCE TECHNOLOGY,17-2141,mechanical engineers,17-2141,0.9999911331951838,17-2199,3.723131937380303e-06,17-2112,2.144111746944791e-06
312946,030,engineer df dram,"Micron Technology, Inc.",MATERIALS SCIENCE ENGINEERING AND COMMERCIALIZATION,17-2071,electrical engineers,17-2071,0.8187845388834324,17-2072,0.14763688708322778,17-2112,0.00939632731355065
312984,300,business analyst,Config Consultants LLC,TECHNICAL ENTREPRENEURSHIP AND MANAGEMENT,15-1211,computer systems analysts,15-1211,0.4620501211107469,15-2051,0.220824568997067,15-1252,0.1699376695872521
313079,200,advanced data science associate,"ZS Associates, Inc.",BUSINESS ANALYTICS,15-2031,operations research analysts,15-2031,0.9970075337928873,15-2041,0.0022089695028533105,15-2051,0.0004939952027120295
313156,330,nan,Costco Wholesale Corporation,ELECTRONICS AND INSTRUMENTATION ENGINEERING,15-1299,computer systems engineers architects,15-1299,0.8795920179321248,15-1252,0.0852021616480442,15-1253,0.02231726880420928
313221,300,nan,Apple Inc.,COMP SCI,15-1252,software developers,15-1252,0.9972423732218292,15-1299,0.0023889966944724756,15-1253,0.00024163162568902584
313287,300,nan,Amazon.com Services LLC,ELECTRONIC ENGINEERING,15-1252,software developers,15-1252,0.9896607286400407,15-1299,0.009619874433324491,15-1211,0.00039113504360123333
313388,300,nan,Barclays Services Corp.,COMPUTER SCIENCE,15-1252,software developers,15-1252,0.986328548036796,15-1299,0.010910454263314858,15-1211,0.002475645148245205
313425,050,structural engineer,Gilsanz Murray Steficek LLP Engineers and Architects,CIVIL ENGINEERING,17-2051,civil engineers,17-2051,0.9999970664974822,11-9021,1.1105423809887898e-06,13-1051,7.209934626975691e-07
313443,200,data scientist,Ford Motor Company,INDUSTRIAL ENGINEERING WITH AN ADDITIONAL MASTERS DEGREE IN MATHEMATICS WITH CONCENTRATION IN STATISTICS & OPERATIONS RESEARCH,15-2051,business intelligence analysts,15-2051,0.6734216478918579,15-2041,0.20215614412215654,15-2031,0.08885091634314163
313646,030,nan,Deere and Company,BUS ADMIN,15-1252,software developers,15-1252,0.9368888651264327,17-2071,0.03888126460132809,15-1299,0.01101335472773745
313994,300,nan,"NetApp, Inc.",COMPUTER SCIENCE,15-1252,software developers,15-1252,0.9984554734628966,15-1299,0.0013156065830124727,15-1211,0.00011666249590289706
314076,300,nan,"Qentelli, LLC",COMPUTER APPLICATIONS,15-1252,software developers,15-1252,0.9936787981475765,15-1299,0.0045316078693694055,15-1211,0.0009601059619399721
314124,300,technical leader,"KPIT Technologies Inc.,",MECHANICAL ENGINEERING,15-1252,software developers,15-1252,0.9552233257621442,15-1299,0.03643926942818102,17-2141,0.005164432760145624
314307,300,nan,Infosys Limited,ELECTRONICS & COMM ENGRG,15-1299,computer systems engineers architects,15-1299,0.9801508840016554,15-1211,0.01430718888441403,15-1252,0.0031108645791331157
314388,410,nan,"Lycia Therapeutics, Inc.",BIOMEDICAL SCIENCE,19-1029,bioinformatics scientists,19-1029,0.7046646379938438,19-1021,0.07344455968107055,15-2051,0.05145917093149857
314431,300,nan,Apple Inc.,COMPUTER SCIENCE,15-1252,software developers,15-1252,0.9968931343610998,15-1299,0.002671229313552118,15-1253,0.00029111845374013914
314552,1600,nan,Deloitte & Touche LLP,FINANCE,13-2011,accountants and auditors,13-2011,0.9719881149183883,13-2051,0.027337138125400683,13-1111,0.0004173701120221235
314758,1600,nan,Liu Inc,ACCOUNTING,13-2011,accountants and auditors,13-2011,0.9735102983285939,13-2051,0.025806372240437487,15-1252,0.0001543331207840886
314780,330,nan,Cognizant Technology Solutions US Corp,COMPUTER INFORMATION SYSTEMS,15-1299,computer systems engineers architects,15-1299,0.9741019549857715,15-1211,0.017155204778111454,15-1252,0.004439553664565137
314800,300,nan,Tata Consultancy Services Limited,MECHANICAL ENGINEERING,15-1299,computer systems engineers architects,15-1299,0.7915926474045186,15-1252,0.12236365295750834,15-1211,0.07784056178543618
314839,300,nan,Infosys Limited,COMPUTER APPLICATIONS,15-1299,computer systems engineers architects,15-1299,0.968182097052603,15-1211,0.02028083928697273,15-1252,0.008824278248157319
314956,300,associate,"DB Global Technology, Inc",COMPUTER SCIENCE,15-1252,software developers,15-1252,0.9930909375034145,15-1299,0.004676998271525121,15-1211,0.0013095016971720293
315161,100,nan,Shutts and Bowen LLP,LAW,23-1011,lawyers,23-1011,0.5336275014985361,15-1252,0.18962944472430057,13-1111,0.06525175128324008
315276,300,technical support engineer,"Fortinet, Inc.",CYBER FORENSICS AND SECURITY,15-1252,software developers,15-1252,0.9494004071035436,15-1299,0.023053440914016256,15-1244,0.01068699844578571
315427,1100,associate attorney,Baker & McKenzie LLP,LAW,23-1011,lawyers,23-1011,0.9999991287850662,23-1012,7.279175020195296e-07,23-2011,7.301932765656377e-08
315796,300,nan,"TK-CHAIN,LLC",ELECTRONICS AND COMMUNICATION ENGINEERING,15-1252,software developers,15-1252,0.9803400321192921,15-1299,0.017639043112327574,15-1211,0.0012337720664441889
315865,1100,nan,"Knox McLaughlin Gornall & Sennett, P.C.",LAW LEGAL STUDIES,23-1011,lawyers,23-1011,0.9047415162176337,15-1252,0.03487413369018238,15-1299,0.01064642387380544
315998,410,senior scientist clinical pharmacology and pharmacometrics,AstraZeneca Pharmaceuticals LP,MATHEMATICS,15-2041,statisticians,15-2041,0.7782270259045064,19-1029,0.14255655717628138,19-1042,0.023020652361888192
316195,1890,health and recreation dir,The Salvation Army,NONPROFIT ADMINISTRATION,15-1299,computer systems engineers architects,15-1299,0.42194075271405146,13-1111,0.24034815647895363,15-2051,0.06360484403836182
316346,300,nan,Infosys Limited,COMPUTER SCIENCE AND ENGINEERING,15-1299,computer systems engineers architects,15-1299,0.9752989020023743,15-1211,0.013372215353033571,15-1252,0.008889242198663579
316355,120,process engineer,Fufeng USA Incorporated,POWER PLANT AND POWER SYSTEMS,17-2112,industrial engineers,17-2112,0.8341753623537209,17-2131,0.15266219038329568,17-2199,0.00892680657020944
316408,1630,offshor wind risk advisory leader,Marsh USA LLC,LAW EVALUATED EQUIVALENT TO US BS EQUIVALENT IN INSURANCE,13-1161,market research analysts and marketing specialists,13-1161,0.347874820107948,11-2021,0.18620892885152518,13-1081,0.0841532309246688
316416,010,nan,Steelman Partners LLP,ARCHITECTURE,17-1011,architects except landscape and naval,17-1011,0.9905250928365745,17-3011,0.008660219267551731,15-1252,0.00027614988079849653
316462,390,nan,Visa Technology & Operations LLC,INFORMATION SYSTEM MANAGEMENT,15-1252,software developers,15-1252,0.9794569991081005,15-1299,0.012412200361075605,15-2051,0.004525654045063428
316635,300,producer,Apple Inc.,BUSINESS ADMINISTRATION,15-1252,software developers,15-1252,0.9021749045406829,15-1299,0.05903361472363594,15-2051,0.01761067236265763
316637,1600,nan,"Reliable Tax Service, Inc.",BUSINESS ADMINITRATION,13-2051,financial and investment analysts,13-2051,0.47056274474304605,13-2011,0.4308577577829612,15-2051,0.034986932804715515
316661,1600,analyst,Deutsche Bank Securities Inc.,FINANCIAL ENGINEERING,13-2051,financial and investment analysts,13-2051,0.9954927806615691,13-2099,0.004388007151030023,15-2051,3.535477450146847e-05
316799,1600,staff accountant,Chen & Fan Accountancy Corporation,ACCOUNTING,13-2011,accountants and auditors,13-2011,0.9999952101076345,13-2051,4.635778228921028e-06,13-2099,4.769041905588057e-08
317033,030,nan,Apple Inc.,ELEC ENGRG,15-1252,software developers,15-1252,0.40171680694633444,17-2072,0.35787726992221525,17-2071,0.23665415018711758
317089,300,application developer,IBM Corporation,MASTER OF APPLIED COMPUTER SCIENCE,15-1211,computer systems analysts,15-1211,0.6007264866376709,15-1251,0.38233298610525884,15-1252,0.011454350869222165
317131,1600,nan,"Alvarez & Marsal Taxand, LLC",PUBLIC POLICY,13-2011,accountants and auditors,13-2011,0.921624663339197,13-2051,0.05884328150044425,15-2051,0.008702893915380287
317158,760,nan,Southwest Key Inc.,MASTERS OF CLINICAL MENTAL HEALTH COUNSELING,15-1252,software developers,15-1252,0.25466797220290904,15-1299,0.1166180873441146,15-2051,0.08463945736518771
317167,920,nan,INTERNATIONAL SCHOOL OF BROOKLYN,EDUCATION,15-1299,computer systems engineers architects,15-1299,0.18985551544482412,15-1252,0.10365055762576719,15-2051,0.10334546834245169
317231,300,nan,Concept Software & Services Inc,MASS COMMUNICATION,15-1252,software developers,15-1252,0.7430577161055695,15-1299,0.22002876996168358,15-1211,0.027912776287657357
317592,300,statistician,"Midland Credit Management, Inc.",STATISTICAL SCIENCE,15-2041,statisticians,15-2041,0.9172309736251101,15-2051,0.03940206495765681,15-1211,0.0104844373173594
317607,300,associate embedded firmware engineer,"LEA, LLC",ELECTRICAL AND COMPUTER ENGINEERING,15-1252,software developers,15-1252,0.9634620945246387,15-1299,0.019548960007439976,15-1211,0.003372002270187633
317643,220,nan,Biogen Inc.,PHARMACEUTICS,19-2031,chemists,19-2031,0.8339367305424175,19-1021,0.0667280531929231,15-2041,0.04293438100122526
317839,300,data engineer,ALDATATECH LLC,MASTER OF ENGINEERING ENGINEERING MANAGEMENT,15-1252,software developers,15-1252,0.8029120980750037,15-1299,0.08223452772203786,15-2051,0.07435932954375045
317854,390,design engineer,"Actalent Services, LLC",AUTOMATION AND ROBOTICS,15-1252,software developers,15-1252,0.4470307522623053,17-2071,0.27679320719850514,17-2141,0.13060032118466178
318012,390,cloud engineer,Logan Data Inc,COMPUTER APPLICATIONS,15-1299,computer systems engineers architects,15-1299,0.623232320531493,15-1252,0.37025651872770426,15-1251,0.004643841370559922
318013,200,principal biostatistician,Nektar Therapeutics,BIOSTATISTICS,15-2041,statisticians,15-2041,0.9994691616910534,15-2051,0.00033633971365749725,15-2031,0.00015861072209460476
318212,300,nan,Amazon.com Services LLC,COMPUTER SCIENCE,15-1252,software developers,15-1252,0.9986606885665673,15-1299,0.0011783389176289994,15-2051,9.058258441084225e-05
318298,300,nan,Donato Technologies Inc,COMPUTER & INFORMATION SCIENCES,15-1252,software developers,15-1252,0.99316694198753,15-1299,0.0035740015339319033,15-1253,0.0014432207199971563
318398,300,nan,Apple Inc.,COMPUTER SCIENCE,15-1252,software developers,15-1252,0.9968931343610998,15-1299,0.002671229313552118,15-1253,0.00029111845374013914
318564,300,product manager,"FedML, Inc.",INFORMATION TECHNOLOGY IT MANAGEMENT,15-1299,computer systems engineers architects,15-1299,0.665644829106311,15-1252,0.21954628698222242,15-2051,0.047564095398626834
318869,300,nan,Sails Software Inc,COMPUTER SCIENCE AND ENGINEERING,15-1252,software developers,15-1252,0.8013333882608809,15-1299,0.14617552782122484,15-1211,0.04054228866495965
319114,300,appllied research scientist,"Meta Platforms, Inc.",COMPUTER VISION BACHELORS DEGREE IN COMPUTER ENGINEERING,15-1252,software developers,15-1252,0.9706281809922647,15-1299,0.015122596176535783,15-2051,0.006829289015730173
319267,050,nan,"Terracon Consultants, Inc.",CONSTRUCTION MANAGEMENT,17-2051,civil engineers,17-2051,0.9998911652910275,11-9021,4.3026861791818427e-05,13-1051,2.1550742326870602e-05
319329,300,lead ii software engineering,UST GLOBAL INC,COMPUTER APPLICATIONS,15-1211,computer systems analysts,15-1211,0.9601459187922535,15-1252,0.021529603007471167,15-1299,0.010787114849696059
319333,300,nan,"Oracle America, Inc.",COMPUTER SCIENCE,15-1252,software developers,15-1252,0.9993074405373807,15-1299,0.0003921530175214615,15-1211,0.0002728460094053333
319377,010,project mgr architect,"DLR Group, Inc.",ARCHITECTURE,17-1011,architects except landscape and naval,17-1011,0.9949100869218979,17-3011,0.004767781707082932,17-2051,0.00010432036437420854
319381,200,assistant vp,DB USA Core Corporation,DATA ANALYTICS / PUBLIC ADMINISTRATION,15-2041,statisticians,15-2041,0.5022808742267367,13-2051,0.17399164209074486,15-2031,0.1276642287645121
319669,1600,accounting specialist,Pacific Coast Appliance Repair LLC,BANKING,13-2011,accountants and auditors,13-2011,0.9496924331206722,13-2051,0.03897381697114932,13-2099,0.003660924778766765
319677,300,i20023250327897,"Spotify USA, Inc.",COMP SCI,15-1252,software developers,15-1252,0.9855717406734563,15-1299,0.0110597818713547,15-1221,0.0014306800018044656
319683,910,nan,ATLANTA INTERNATIONAL SCHOOL,ENGLISH LITERATURE,15-1252,software developers,15-1252,0.15791014356287472,15-1211,0.14533761016648697,15-1299,0.08783821857383318
320474,1530,programs specialist,Hammond Area Recreation District 1,KINESIOLOGY,17-2112,industrial engineers,17-2112,0.09995861364081805,15-1299,0.07790969068320532,29-1128,0.059686971419881205
320930,300,nan,3MD Inc.,INFORMATION TECHNOLOGY,15-1252,software developers,15-1252,0.9041783483286504,15-1299,0.07492114431974171,15-1211,0.016421891225390447
321043,300,nan,"Salesforce, Inc.",COMPUTER SCIENCE,15-1252,software developers,15-1252,0.9914536054608666,15-1299,0.008050524888573664,15-1211,0.0003893928635270109
321119,290,nan,NewGlobe Education Inc,MASTER OF SCIENCE IN SOCIAL ANALYSIS AND RESEARCH,15-2051,business intelligence analysts,15-2051,0.38492260034220066,15-2041,0.18597728739872435,15-2031,0.1370216925496446
321123,500,nan,Citigroup Global Markets Inc.,MBA WITH COURSEWORK IN FINANCE,13-2051,financial and investment analysts,13-2051,0.9626736034615687,13-2099,0.022413021008937578,15-2051,0.0069262674712650945
321124,1600,associate,Horiko Capital Management LLC,LAW,13-2011,accountants and auditors,13-2011,0.5674593008618734,13-2051,0.41226684465608365,23-1011,0.009708838188264676
321323,200,nan,"Uber Technologies, Inc.",PUBLIC & INTL AFFAIRS,15-2041,statisticians,15-2041,0.4718324781707512,15-1252,0.24503488336881413,15-2031,0.20980078330349994
321652,1690,project controls consultant,"Turner & Townsend, Inc.",CIVIL ENGINEERING,13-1051,cost estimators,13-1051,0.44968158464808833,15-2051,0.17426706717834503,15-1299,0.13871089496620964
321713,200,auditor,State Street Bank and Trust Company,BUSINESS ANALYTICS,15-2051,business intelligence analysts,15-2051,0.5298224262154552,15-2041,0.1974313338490624,15-2031,0.17404230990828365
321818,300,nan,Kero Gaming Inc.,CONTROL AND INFORMATICS IN TECHNICAL SYSTEMS SYSTEMS ENGINEERING,15-1252,software developers,15-1252,0.889464174391819,15-1299,0.06941400518326182,15-1211,0.02420037526653431
321879,300,nan,Turo Inc.,INDUSTRIAL ENGINEERING & OPERATIONS RESEARCH,15-1252,software developers,15-1252,0.7723672963276688,15-1299,0.11858918123326499,15-2031,0.03923584335481886
322031,300,human interface designer,Apple Inc.,INTERACTION DESIGN,15-1252,software developers,15-1252,0.9421493983310604,15-1299,0.028823676948848027,15-1253,0.009367085816096923
322056,300,cognos developer,"TSG Consulting, LLC.",INFO TECH/MGT,15-1252,software developers,15-1252,0.7888559401324138,15-1299,0.08141396807759042,15-1211,0.05055517563498501
322186,300,nan,"Lucid Software, Inc.",ELECTRICAL AND COMPUTER ENGINEERING,15-1252,software developers,15-1252,0.9977506870180654,15-1299,0.0014342066691539505,15-1211,0.00022742872394216702
322243,300,software developer application,Apple Inc.,COMPUTER SCIENCE,15-1252,software developers,15-1252,0.9996755040048149,15-1299,0.00020837963585522982,15-1253,7.669496028792437e-05
322277,300,data engineer i,Amazon.com Services LLC,INFORMATION SYSTEMS,15-1252,software developers,15-1252,0.9845332879156832,15-2051,0.010962829297896704,15-1299,0.0039147041237930415
322315,300,nan,"Unique Comp, Inc.",ELECTRICAL AND COMPUTER ENGINEERING,15-1252,software developers,15-1252,0.9830914389153053,15-1299,0.012214930728549461,15-1211,0.0015137147569244962
322348,300,nan,Wipro Limited,COMPUTER SCIENCE AND ENGINEERING,15-1299,computer systems engineers architects,15-1299,0.7667352741779753,15-1251,0.09501630396837697,15-1211,0.08204574430264985
322462,300,nan,Atlassian Technologies LLC,COMPUTER SCIENCE,15-1252,software developers,15-1252,0.949818828968403,15-1299,0.04171736371064327,15-1251,0.004788423512151608
322723,1600,nan,Goldman Sachs & Co LLC,BUSINESS ANALYTICS,13-2051,financial and investment analysts,13-2051,0.7205766353279539,15-2051,0.11168707721875575,13-2011,0.10102495538428784
322843,050,civil engineer,Ardent Company LLC.,CIVIL ENGINEERING,17-2051,civil engineers,17-2051,0.9999926297097057,11-9021,2.5131975348115114e-06,13-1051,1.627293547228202e-06
322880,220,scientist i synthetic chemistry,"Element Biosciences, Inc.",CHEMISTRY,19-2031,chemists,19-2031,0.9738861868046116,19-1021,0.018719466607534894,17-2131,0.0029041609502015978
322909,300,nan,"SAP America, Inc.",COMPUTER SCIENCE,15-1252,software developers,15-1252,0.9252589136768277,15-1211,0.07127251388987475,15-1299,0.003010270968887177
322915,200,associate product manager program manager,"Uber Technologies, Inc.",COMPUTER AND INFORMATION SCIENCE,15-1252,software developers,15-1252,0.6419695436752371,15-2031,0.17252774535435247,15-2041,0.09599070988916956
322923,030,nan,Apple Inc.,MECHANICAL ENGINEERING,15-1252,software developers,15-1252,0.7652934496842873,17-2141,0.10561798319106398,17-2072,0.07509015150888547
323121,120,process engineer,Intel Corporation,CHEMICAL ENGINEERING,17-2131,materials engineers,17-2131,0.9462046593450194,17-2112,0.05372973615697952,17-2199,2.725698916901396e-05
323191,300,senior data engineer,Searce Inc.,INFORMATION OF TECHNOLOGY ELECTRONICS AND COMMUNICATION ENGINEERING,15-1252,software developers,15-1252,0.9434137405947505,15-2051,0.01610136577635547,15-1211,0.015378443741036479
323360,1610,nan,Wipro Limited,INFORAMTION TECHNOLOGY,13-1111,management analysts,13-1111,0.79092584421582,15-1299,0.12932630995751282,15-1211,0.04127892800859806
323544,500,analyst,"BDT Capital Partners, LLC",ECONOMICS,13-2051,financial and investment analysts,13-2051,0.9871953709779089,13-2099,0.004209770752113889,19-3011,0.0037372097086428705
323701,1990,associate management consultant,"McKinsey & Company, Inc. United States",BUSINESS ADMINISTRATION,13-1111,management analysts,13-1111,0.999947235916511,15-2051,2.842373631704589e-05,15-2031,1.346788642297341e-05
324095,390,data scientist i,Amazon.com Services LLC,DATA SCIENCE,15-2051,business intelligence analysts,15-2051,0.9049003407054087,15-1252,0.06275373931344465,15-1221,0.01382059499376334
324109,1610,business development manager,Pacific Coast Appliance Repair LLC,BANKING,13-1111,management analysts,13-1111,0.8447456445587838,15-2051,0.05631317954832838,13-1161,0.0468246005870565
324114,300,nan,The Bank of New York Mellon,ARTIFICIAL INTELLIGENCE AND INNOVATION COMPUTER ENGINEERING,15-1252,software developers,15-1252,0.7365567382216451,15-1299,0.25020383780490263,15-2051,0.008683446589712209
324214,300,nan,"Bitwise, Inc.",B E  INFORMATION TECHNOLOGY,15-1252,software developers,15-1252,0.969885889643287,15-1251,0.02318412931030256,15-1299,0.0036777413514165053
324312,030,nan,"Rockley Photonics, Inc.",ELECTRICAL ENGINEERING,17-2071,electrical engineers,17-2071,0.7594214777376042,17-2072,0.1483694518757924,15-1252,0.07999064034312495
324426,070,nan,"QuantumScape Battery, Inc.",MANUFACTURING AND MECHANICAL SYSTEMS INTEGRATION,17-2141,mechanical engineers,17-2141,0.890490556093963,17-2112,0.049663523479328835,17-2199,0.04415656355781269
324520,1190,law clerk,Rai Law Inc.,LAW,23-1011,lawyers,23-1011,0.8510057762783522,23-1012,0.14417869631337216,23-2011,0.004720208301453493
324581,010,nan,SWA Group,LANDSCAPE ARCHITECTURE,17-1012,landscape architects,17-1012,0.840339036954467,17-1011,0.11267922768680534,17-3011,0.02467747876991064
324678,300,nan,"Tesla, Inc.",COMPUTER SCIENCE,15-1252,software developers,15-1252,0.9966066183013292,15-1299,0.0026344468991097414,15-1211,0.00048519362578223064
325071,220,senior chemist,Henkel Corporation,CHEMISTRY,19-2031,chemists,19-2031,0.9987827144825754,19-1021,0.0005866310836089496,17-2131,0.0003544926267586795
325090,300,nan,"Meta Platforms, Inc.",SOFTWARE ENGINEERING,15-1252,software developers,15-1252,0.9970986702855685,15-1299,0.002735705916511731,15-2051,7.295409799501036e-05
325101,300,application security analyst,Pacific Western Bank,INFORMATION SYSTEMS,15-1252,software developers,15-1252,0.7708292029921929,15-1299,0.10957598798300709,15-1211,0.06012824035155181
325178,300,nan,"MDLIVE, Inc.",INDUSTRIAL ENGINEERING,15-1252,software developers,15-1252,0.8874942329228221,15-1299,0.0721139526622424,15-1211,0.017323256079106883
325277,300,nan,RYZLINK CORP,SYSTEM & CONTROL ENGINEERING,15-1252,software developers,15-1252,0.9870530507120022,15-1251,0.004874895190384382,15-1299,0.004253225067047065
325307,400,product manager ubigro,"UbiQD, Inc.",AGRICULTURAL AND BIOLOGICAL ENGINEERING,15-1299,computer systems engineers architects,15-1299,0.20889632892845955,15-2051,0.13042405882462688,15-1252,0.11639546272539569
325319,300,nan,"Fiserv Solutions, LLC",COMPUTER SCIENCE,15-1252,software developers,15-1252,0.978759762752627,15-1299,0.018270108150295984,15-1211,0.0020013208373534036
325476,500,nan,"Lilly USA, LLC",MGT WITH EMPHASIS IN RESEARCH METHODS,13-1161,market research analysts and marketing specialists,13-1161,0.5132657814503723,15-2051,0.18780024693119055,13-2051,0.15023831541606966
325537,200,manager central operations,"Uber Technologies, Inc.",INTELLIGENCE AND SECURITY STUDIES,15-2041,statisticians,15-2041,0.6330990559623673,15-2031,0.2366846674125627,15-1252,0.06340766910542328
325559,390,data scientist,The Northern Trust Company,BACHELOR OF SCIENCE IN INFORMATION TECHNOLOGY AND DATA ANALYTICS MASTER OF SCIENCE IN FINANCE,15-1252,software developers,15-1252,0.4536164882217191,15-2051,0.38656661512985924,15-1299,0.06933856524905155
325564,330,nan,Cognizant Technology Solutions US Corp,COMPUTER ENGINEERING,15-1299,computer systems engineers architects,15-1299,0.9651985242814305,15-1211,0.019348947364285045,15-1252,0.011786145760962886
325590,300,online marketing director,Apple Inc.,DIGITAL MARKETING AND COMPUTER SCIENCE,15-1252,software developers,15-1252,0.9618207631601206,15-1299,0.018167832242396705,15-1253,0.007766429683914552
325723,300,sr solution architect,Jade Global Inc.,COMPUTER ENGINEERING,15-1252,software developers,15-1252,0.930685098181787,15-1211,0.038448921415889514,15-1299,0.026912370640057345
325728,300,nan,SLK Holdings LLC,ELECTRICAL & ELECTRONICS ENGINEERING,15-1252,software developers,15-1252,0.9750840575879811,15-1299,0.018559622508034484,15-1211,0.005165113109136373
325786,300,module test instrumentation and auto engineer,Apple Inc.,MECH ENGRG,15-1252,software developers,15-1252,0.947298748972992,17-2141,0.025055359748587917,15-1299,0.020313934884127426
325790,1690,nan,"Sun Capital Advisors, LP",ECONOMICS,13-2051,financial and investment analysts,13-2051,0.3460674351199299,15-2051,0.21494552006267884,13-1111,0.12484705705492863
325866,300,research scientist,ByteDance Inc.,CHEMISTRY,15-1221,computer and information research scientists,15-1221,0.5938914534469044,15-1252,0.3851851885850431,15-1211,0.010136340247084815
325994,390,data analyst,Block Inc.,BUSINESS ANALYTICS,15-2051,business intelligence analysts,15-2051,0.934706424563938,15-1252,0.03385640431999447,15-2031,0.01753081916024232
326409,300,software development engineer systems electronics engi,Apple Inc.,ELECTRICAL ENGINEERING AND COMPUTER ENGINEERING,15-1252,software developers,15-1252,0.9814092126972446,15-1299,0.00643387999326363,17-2072,0.0050598388384331585
326530,300,solutions architect iii,"Amazon Web Services, Inc.",ELECTRONIC ENGINEERING,15-1252,software developers,15-1252,0.9786528480824667,15-1211,0.015384566106305857,15-1299,0.005619521919802733
326609,300,nan,"Wal-Mart Associates, Inc.",COMPUTER SCIENCE,15-1252,software developers,15-1252,0.9926598864555003,15-1299,0.006734103360580649,15-2051,0.0005524697086992111
326644,150,nan,SHILSOFT INC,ELECTRONICS & COMMUNICATION ENGINEERING,15-1252,software developers,15-1252,0.9739309494890607,15-1211,0.025959829931714157,15-1299,4.0514713396589766e-05
326818,200,nan,"Suzano Pulp and Paper America, Inc.",BUSINESS ADMINISTRATION,15-2031,operations research analysts,15-2031,0.814537088195339,15-2051,0.08805449405408629,15-1252,0.02647872371322592
326824,790,nan,Lea's Place LLC,REHABILITATION SCIS,15-1252,software developers,15-1252,0.27614090366344196,15-1299,0.15614629284036952,15-1211,0.14463604280274836
326960,300,alp operations manager,"Chewy, Inc.",BUSINESS SUPPLY CHAIN MANAGEMENT,15-1252,software developers,15-1252,0.8214088659872596,15-2051,0.08162222801408604,15-1299,0.06358019740230815
326994,300,nan,Apple Inc.,COMPUTER ENGINEERING,15-1252,software developers,15-1252,0.9920317637027403,15-1299,0.007057930994570498,15-1253,0.00048364813321147174
327186,300,cloud developer,"TechZon, Inc.",ECE PER EXPERT EVALUATION EQUIVALENT TO US BACHELORS IN COMPUTER INFORMATION SYSTEMS,15-1252,software developers,15-1252,0.9390919477821854,15-1299,0.05618984891475492,15-2051,0.001335633764402128
327314,300,sharepoint consultant,kodisoftllc,COMPUTER SCIENCE,15-1252,software developers,15-1252,0.8869494263031198,15-1299,0.051517824720262576,15-1211,0.024410445295873825
327321,300,nan,"OKG USA Technology, Inc.",COMPUTER SCIENCE,15-1252,software developers,15-1252,0.9910347021314226,15-1299,0.006218231738781587,15-1211,0.0016542204427582867
327349,1600,senior accountant,"Uber Technologies, Inc.",MANAGEMENT AND ACCOUNTING,13-2011,accountants and auditors,13-2011,0.992949516921609,13-2051,0.0033110935719759273,15-2031,0.0012062057426622122
327705,300,oracle developer,ALLEN LUND COMPANY LLC,BACHELOR OF ENGINEERING,15-1252,software developers,15-1252,0.9832533692082975,15-1299,0.00693488020283551,15-1251,0.004519649455695331
327764,790,nan,"Cardinal Health, Inc.",APPLIED CLINICAL RESEARCH,15-2051,business intelligence analysts,15-2051,0.34958315035023646,15-2031,0.13801254524296627,15-1211,0.13360560818472123
327767,300,nan,"SAP Labs, LLC",COMPUTER SCIENCE,15-1252,software developers,15-1252,0.9973957108811605,15-1211,0.0019864546040252126,15-1299,0.0004978068922826259
327804,300,database developer,Resolvit Resources LLC,COMPUTER SCIENCE,15-1252,software developers,15-1252,0.9817316955437423,15-1299,0.012671818936899143,15-1251,0.0020850084619409653
328019,060,nan,Apple Inc.,MATERIALS ENGRG,15-1252,software developers,15-1252,0.6079830431265165,17-2072,0.0790098131205928,17-2141,0.07242746341894513
328033,390,nan,Microsoft Corporation,COMPUTER SCIENCE,15-1252,software developers,15-1252,0.9938721335774563,15-1299,0.005737158546617068,15-2051,0.00030229510038390795
328150,300,nan,"Uber Technologies, Inc.",COMP ENGRG,15-1252,software developers,15-1252,0.9991379861868768,15-1299,0.0005157237855576968,15-1211,0.00018936954374345713
328204,300,nan,Infosys Limited,COMPUTER ENGINEERING,15-1299,computer systems engineers architects,15-1299,0.9466489261486805,15-1211,0.03753716627916599,15-1252,0.013496216572555918
328276,010,architectural designer,Gelfand Partners Architects,ARCHITECTURE,17-1011,architects except landscape and naval,17-1011,0.9903142323698249,17-3011,0.00967052378760507,27-1025,1.0075456408487795e-05
328291,120,nan,"American Builders Supply, Inc.",ENGINEERING MANAGEMENT,17-2112,industrial engineers,17-2112,0.887525011345229,15-1252,0.02880146794830258,17-2199,0.02267269560486377
328320,300,nan,Apple Inc.,ELECTRICAL ENGINEERING,15-1252,software developers,15-1252,0.9940000973782452,15-1299,0.003619925404381465,17-2072,0.0008753141002299883
328341,300,data scientist,Apple Inc.,CIVIL ENGINEERING,15-1252,software developers,15-1252,0.9439846633122602,15-2051,0.04463261098761113,15-1299,0.0073016232903642215
328920,050,nan,LEGO Construction Co,CONSTRUCTION MANAGEMENT,17-2051,civil engineers,17-2051,0.9997529036522118,13-1051,8.619104944638088e-05,11-9021,8.604182435973958e-05
329137,300,nan,ByteDance Inc.,COMP SCI,15-1252,software developers,15-1252,0.9979352552271094,15-1299,0.0010112510797782122,15-1211,0.0008144828445329887
329148,1190,nan,"SpeedLegal, Inc",LAW,23-1011,lawyers,23-1011,0.9483196889268545,23-1012,0.02674733056978189,13-1111,0.006012748067749332
329477,300,nan,Google LLC,VISUAL COMMUNICATION DESIGN,15-1252,software developers,15-1252,0.9901719561439681,15-1299,0.008609972390671764,15-2051,0.000891141257847938
329488,300,nan,Harpro Tech Inc,BACHELOR OF TECH IN ELECS COMM ENGRG,15-1252,software developers,15-1252,0.8527487176665852,15-1299,0.0808391289846288,15-1211,0.03606427140039563
329580,300,nan,Adobe Inc.,STATISTICS,15-1252,software developers,15-1252,0.950758938008682,15-2051,0.027509088370046335,15-1299,0.017507525177608424
329702,300,nan,Ford Motor Company,COMPUTER SCIENCE,15-1252,software developers,15-1252,0.992272037142582,15-1299,0.006973114823312058,15-1211,0.00023188000976391454
329929,300,nan,NAVY FEDERAL CREDIT UNION,BUSINESS ADMINISTRATION,15-1252,software developers,15-1252,0.8171046187214155,15-1299,0.07363337815052572,15-2051,0.07342305934522235
329943,590,media specialist,Admerasia Inc.,NEW MEDIA AND COMMERCE MARKETING,13-1161,market research analysts and marketing specialists,13-1161,0.8177273108390958,15-2051,0.10427727438761365,15-2031,0.013837414286135016
329970,390,nan,JID Solutions Inc,INFORMATION TECHNOLOGY,15-1252,software developers,15-1252,0.8649207068135124,15-1299,0.11651134603795274,15-1211,0.010051211418263066
330269,300,nan,NVIDIA Corporation,COMP SCI,15-1252,software developers,15-1252,0.9989050144110101,15-1299,0.0008864194108335023,15-1211,9.735556340539956e-05
330572,330,nan,"SCIGON Solutions, Inc.",INFORMATION TECHNOLOGY,15-1299,computer systems engineers architects,15-1299,0.9393684837151761,15-1252,0.036576083385583345,15-1253,0.01544116875754423
330831,1610,nan,Honeywell International Inc.,INFORMATION TECHNOLOGY BUSINESS ADMINISTRATION,13-1111,management analysts,13-1111,0.25457118785318766,15-2051,0.24769449876013444,15-1299,0.1497944990553967
330851,300,machine learning engineer,Thoughtstream Enterprises LLC,MUSIC TECH,15-1252,software developers,15-1252,0.9565629146423444,15-1299,0.021038841085874192,15-2051,0.009976868275411324
330876,1500,nan,SAVIENCE TECHNOLOGIES INC,COMPUTER SCIENCE AND ENGINEERING,15-1252,software developers,15-1252,0.9259241616333473,15-1211,0.054656100749486916,15-1299,0.015108944400214229
330901,1100,associate,Nelson Mullins Riley & Scarborough LLP,JURIS DOCTOR,23-1011,lawyers,23-1011,0.9999782046322019,13-2051,9.67304269786887e-06,13-2011,5.545507949909021e-06
331006,300,product designer,"Meta Platforms, Inc.",INTERACTIVE DESIGN,15-1252,software developers,15-1252,0.9653953554329994,15-1299,0.022763438380417743,15-1221,0.0050590118485982416
331094,390,nan,sonata software north america inc,COMPUTER INFORMATION SYSTEMS,15-1299,computer systems engineers architects,15-1299,0.8540517411046337,15-1252,0.1293342640928732,15-1211,0.009110318345873974
331398,300,sr outbound product mgr,"ServiceNow, Inc.",BUSINESS ADMINISTRATION,15-1252,software developers,15-1252,0.9507474622563733,15-1299,0.033849615161071885,15-1253,0.0061592483980305104
331412,300,associate,KPMG LLP,TECHNOLOGY MANAGEMENT,15-1252,software developers,15-1252,0.940540727186635,15-1299,0.03126074094373557,15-2051,0.014485909357920077
331607,1600,controller,"ARK CARDIOVASCULAR & ARRHYTHMIA CENTER, PLC",BUSINESS ADMINISTRATION,13-2011,accountants and auditors,13-2011,0.7083495538178665,13-2051,0.2776705182393011,11-3031,0.004325018111268088
331750,070,nan,"Scherdel Sales and Technology, Inc.",MECHANICAL ENGINEERING,17-2141,mechanical engineers,17-2141,0.9810609985434987,17-2112,0.007157449497748625,15-1252,0.005704171038950249
332156,390,integration engineer 2,"PayPal, Inc.",SOFTWARE ENGINEERING,15-1252,software developers,15-1252,0.9813737637642974,15-1299,0.014855819133003028,15-2051,0.002018878034699949
332497,300,sensor system architect,Apple Inc.,ENGINEERING PHYSICS,15-1252,software developers,15-1252,0.9865742451578632,17-2072,0.003590448091602658,15-1299,0.002663187342642258
332598,030,senior r d engineer,Contour Crafting Corporation,MANUFACTURING ENGINEERING,17-2141,mechanical engineers,17-2141,0.3213068352204474,17-2071,0.24559121332078815,17-2072,0.1344894319359162
332840,300,data engineer,LendingClub Bank National Association,COMPUTER SCIENCE,15-1252,software developers,15-1252,0.9967934453219754,15-1299,0.0023650313897299186,15-2051,0.00030910504249758136
333081,330,nan,Cognizant Technology Solutions US Corp,COMPUTER ENGINEERING,15-1299,computer systems engineers architects,15-1299,0.9651985242814305,15-1211,0.019348947364285045,15-1252,0.011786145760962886
333191,190,mems design evaluation engineer,"Analog Devices, Inc",MECHANICAL ENGINEERING,17-2141,mechanical engineers,17-2141,0.5034746831820847,15-1252,0.16860496557490648,17-2199,0.11680565071609192
333322,300,power bi developer,"Alpine Data Solutions, LLC",INFORMATION SYSTEMS,15-1252,software developers,15-1252,0.9852498664160003,15-2051,0.0049331286539419615,15-1211,0.004520826063537926
333478,1860,avp jr underwriter tmt,Bank of Hope,ENGINEERING MANAGEMENT,15-2051,business intelligence analysts,15-2051,0.28849001178919237,13-2099,0.1744617954888428,13-2051,0.14777258850987077
333867,300,dft engineer,Apple Inc.,ELECTRICAL AND COMPUTER ENGINEERING,15-1252,software developers,15-1252,0.9233948553629651,17-2072,0.05667065874470511,15-1299,0.006746628039057002
334006,300,business analyst 2,"Capgemini America, Inc.",MANAGEMENT INFORMATION SYSTEMS,15-1211,computer systems analysts,15-1211,0.5977764866705418,15-1252,0.3611414467896855,15-1299,0.02003037460543264
334028,300,nan,"Capgemini America, Inc.",COMPUTER SCIENCE,15-1252,software developers,15-1252,0.9913921986838581,15-1211,0.003833241620214645,15-1299,0.0034157254753737973
334267,410,clinical research associate i,"CTI Clinical Trial Services, Inc.",NEUROBIOLOGY,19-1029,bioinformatics scientists,19-1029,0.6387758559830671,15-2041,0.08473185995869922,19-1021,0.05874309443042858
334343,300,nan,"Staffigo Technical Services, LLC",COMPUTER SCIENCE,15-1252,software developers,15-1252,0.7683945598515913,15-1299,0.13499583014762384,15-1211,0.08978149709529888
334386,1600,analyst,Goldman Sachs & Co LLC,MATHEMATICS,13-2051,financial and investment analysts,13-2051,0.935689259156124,13-2099,0.05707397034993952,13-2011,0.003609009181236442
334477,300,nan,Accenture LLP,INFORMATION TECHNOLOGY,15-1299,computer systems engineers architects,15-1299,0.5938091628605675,15-1211,0.25376637328396623,15-1252,0.1256201187142443
334501,030,nan,"SAGE Electrochromics, Inc.",ELECTRICAL ENGINEERING,17-2071,electrical engineers,17-2071,0.44393233150190314,17-2072,0.3469272261885528,15-1252,0.18703938462021283
334504,050,nan,WSP USA Inc.,BIOLOGICAL AND AGRICULTURAL ENGINEERING,17-2051,civil engineers,17-2051,0.9976427632533983,17-2071,0.0012269269510969852,17-2141,0.00031942024293053745
334690,1600,nan,"Applied BioCode, Inc.",ACCOUNTING AND INFORMATION TECHNOLOGY AND MANAGEMENT,13-2011,accountants and auditors,13-2011,0.5412617431134474,13-2051,0.29740815022003564,15-1252,0.08710532026790765
334954,300,nan,Risamsoft Inc,BACHELOR OF SCIENCE,15-1252,software developers,15-1252,0.8743278920622263,15-1251,0.12010318716105672,15-1299,0.0037268487801034463
335002,1990,vice president senior credit officer,"MOODY'S INVESTORS SERVICE, INC.",BUSINESS ADMINISTRATION,13-2051,financial and investment analysts,13-2051,0.6477142933840602,13-1111,0.15698279272461882,15-1252,0.1160085461006225
335289,1990,nan,"Mixlab, Inc.",MANAGEMENT AND SYSTEMS,15-1252,software developers,15-1252,0.665590143111457,15-2051,0.11154649024419773,13-1111,0.10766628014945505
335501,300,nan,Amazon.com Services LLC,MARKETING,15-1252,software developers,15-1252,0.9476021302056228,15-1299,0.042639486821603075,15-2051,0.007440027987703513
335689,300,nan,Apple Inc.,COMMUNICATION DESIGN,15-1252,software developers,15-1252,0.8831748909079149,15-1299,0.0992740270242421,15-1253,0.007262306638260316
335864,990,instructional coordinator for cirriculum development,PHIL ART STUDIO & SCI TOEFL INC,FINE ART METALS JEWELRY,15-1252,software developers,15-1252,0.3125568021148821,15-2051,0.06591039878759493,15-2041,0.04730078450264513
335939,300,technology lead us,Infosys Limited,INFORMATION TECHNOLOGY,15-1299,computer systems engineers architects,15-1299,0.9999144141556543,15-1211,7.769381305953443e-05,15-1251,3.746915540340003e-06
336183,070,global technical specialist team manager heat gas systems,Alfa Laval Inc.,MECHANICAL ENGINEERING AND BUSINESS ADMINISTRATION,17-2141,mechanical engineers,17-2141,0.8595069663816488,17-2199,0.05255815170737573,17-2112,0.0312959382318724
336288,330,delivery manager l1,Wipro Limited,ELECTRONICS ENGINEERING,15-1299,computer systems engineers architects,15-1299,0.9755132193961964,15-1253,0.019426826655956582,15-1211,0.004248537141049101
336458,300,nan,DB USA Core Corporation,ELEC & COMP ENGRG,15-1252,software developers,15-1252,0.9920204151038857,15-1211,0.004028648376422103,15-1299,0.001960292078705604
336503,300,nan,REMOTE COMMUNITY INC,APPLIED COMPUTER SCIENCE,15-1252,software developers,15-1252,0.4196595297498185,15-1299,0.40437769907599935,15-1211,0.1571412425987342
336564,300,nan,BlupaceUS LLC,MASTER OF BUSINESS ADMINISTRATION,15-1252,software developers,15-1252,0.8898084193444705,15-1299,0.08912706358020295,15-1211,0.01626770166412072
336781,300,nan,Amazon.com Services LLC,COMPUTER SCIENCE,15-1252,software developers,15-1252,0.9986606885665673,15-1299,0.0011783389176289994,15-2051,9.058258441084225e-05
336841,300,software development engineer systems electronics engineer,Apple Inc.,ELECTRONIC ENGINEERING,15-1252,software developers,15-1252,0.8595091941963972,15-1299,0.07527447348054897,17-2072,0.03677317023380034
337108,1600,nan,Fresh International Lincoln Corp,ACTUARIAL SCIENCE,13-2051,financial and investment analysts,13-2051,0.7739173034491297,13-2011,0.15747021473458647,15-2051,0.02237733802803467
337486,100,nan,Caremark LLC,MANAGEMENT SCIENCE AND ENGINEERING,15-2051,business intelligence analysts,15-2051,0.5505569541672004,15-1252,0.31715756676841017,15-2031,0.0857981628334058
337639,300,data scientist 1,Rock Central LLC,DATA ANALYTICS ENGINEERING,15-1252,software developers,15-1252,0.6326103666357996,15-2051,0.23803991596054141,15-1211,0.054133339668956414
337643,1600,associate,"CENTERBRIDGE PARTNERS, L.P.",ECONOMICS,13-2051,financial and investment analysts,13-2051,0.9113732360767899,13-2011,0.07940558064967063,13-2099,0.004974874069606878
337911,190,engineer 1 process tl,"Semiconductor Components Industries, LLC",CHEMICAL ENGINEERING,17-2199,validation engineers,17-2199,0.38016244826402273,17-2112,0.19916722185064367,17-2131,0.15137354299965883
338100,290,nan,"Exponent, Inc.",MATERIALS ENGINEERING,15-2051,business intelligence analysts,15-2051,0.3632839530070432,15-2041,0.13356255009218515,15-2031,0.09461835673804761
338311,390,applied researcher 1,eBay Inc.,COMPUTER SCIENCE,15-1252,software developers,15-1252,0.9729862967268957,15-2051,0.014370323500504663,15-1299,0.007830429814321584
338432,1840,aircraft maintenance crew chief,"Corporate Flight Management, Inc",AERONAUTICS AVIATION AEROSPACE SCIENCE AND TECHNOLOGY,11-3071,transportation storage and distribution managers,11-3071,0.16858625967499213,15-1252,0.12635964100596625,15-1299,0.10371670904282124
338627,300,software developer applications,Riteclik Corporation,ELECTRONICS AND COMMUNICATIONS ENGINEERING,15-1252,software developers,15-1252,0.9995115406577707,15-1299,0.00018381039345778896,15-1251,0.00016059262967791472
338687,300,nan,"CyncHealth Advisors, Inc.",HEALTH INFORMATICS,15-1252,software developers,15-1252,0.5182609068888105,15-1299,0.3015425063061222,15-1211,0.10758819842467707
338954,390,nan,"Salesforce, Inc.",MGT SCI,15-1252,software developers,15-1252,0.7752612508580902,15-1299,0.21465344732415245,15-2051,0.005217700938912783
340178,120,operations supervisor,"Atacama 100, LLC",INDUSTRIAL ENGINEERING,17-2112,industrial engineers,17-2112,0.9618062397127854,17-2199,0.01878364558210258,13-1081,0.007669606624262571
340296,300,project mgr,"Brillio, LLC",BACHELOR OF ENGINEERING IN ELECTRICAL & ELECTRONICS ENGINEERING,15-1299,computer systems engineers architects,15-1299,0.9251658898966645,15-1252,0.057116475354238486,15-1253,0.009551210332867916
340298,1100,nan,"Moon & Yang, A Professional Corporation",LAW,23-1011,lawyers,23-1011,0.9994956612694853,23-1012,0.0002438429759004963,13-2011,9.158682588189282e-05
340339,590,adult services area director,"Seven Hills Rhode Island, Inc.",NONPROFIT MANAGEMENT,15-2051,business intelligence analysts,15-2051,0.4962361443106691,13-1161,0.13897900374998604,15-2031,0.0658496796440687
340395,590,research coordinator and data analyst,First Place AZ,PUBLIC ADMINISTRATION,15-2051,business intelligence analysts,15-2051,0.4629570591040653,13-1161,0.23714035693122443,15-2031,0.07463459679930168
340596,030,nan,Nikola Corporation,ELECTRONIC ENGINEERING,15-1252,software developers,15-1252,0.5615367492679971,17-2072,0.17524239628300686,17-2071,0.14118439108124897
340598,300,nan,Amazon.com Services LLC,COMP SCI,15-1252,software developers,15-1252,0.9988012189522304,15-1299,0.0010536189887573526,15-2051,7.016215746190271e-05
340623,300,packaged app development associate manager,Accenture LLP,COMPUTER SCIENCE,15-1299,computer systems engineers architects,15-1299,0.5108966388088744,15-1211,0.36884092180291805,15-1252,0.06243061905110437
340792,300,nan,CLOUDFRONT LLC,COMPUTER SCIENCE,15-1252,software developers,15-1252,0.979664996409768,15-1299,0.014342749628789817,15-1211,0.003815565362952664
341113,300,nan,"Meta Platforms, Inc.",COMPUTER SCIENCE,15-1252,software developers,15-1252,0.9975126016884253,15-1299,0.002204679448394304,15-2051,0.00013940595161953672
341364,790,veterinarian,HJA CORPORATION,DOCTOR OF VETERINARY MEDICINE,29-1131,veterinarians,29-1131,0.29784499607481035,15-2041,0.14565209339529897,15-2051,0.06259077367713346
341444,1600,nan,Deutsche Bank Securities Inc.,FINANCIAL ECONOMICS,13-2051,financial and investment analysts,13-2051,0.9917580273296451,13-2011,0.007318138334657397,13-2099,0.0006056190737845673
341458,010,nan,"Wannemacher Jensen Architects, Inc.",MASTER OF ARCHITECTURE,17-1011,architects except landscape and naval,17-1011,0.9484811106916393,17-3011,0.023279059700948703,15-1252,0.008563420152727392
341530,1990,nan,"McKinsey & Company, Inc. United States",BUSINESS ADMINISTRATION,13-1111,management analysts,13-1111,0.9507067681514358,15-1252,0.02787186612677931,15-2051,0.01381813581437102
341624,290,nan,Texas Instruments Incorporated,PHYSICS AND ASTRONOMY,15-2041,statisticians,15-2041,0.25304642007766753,15-2031,0.1792630975499435,15-1252,0.1774674248017586
341674,390,nan,Microsoft Corporation,COMPUTER SCIENCE AND ECONOMICS,15-1252,software developers,15-1252,0.9884104617119982,15-1299,0.008975554701782032,15-2051,0.002385454597235091
341919,300,associate consultant us,Infosys Limited,ELECTRONICS AND COMMUNICATION ENGINEERING,15-1299,computer systems engineers architects,15-1299,0.9998770971853485,15-1211,0.00010306052796137833,15-1253,9.30566469472827e-06
342274,300,nan,Synechron INC,BACHELOR OF SCIENCE IN COMPUTER SCIENCE,15-1252,software developers,15-1252,0.9373518669709194,15-1299,0.03598022306229123,15-1211,0.017295255049176877
342538,1690,nan,Open Road Integrated Media Inc.,MARKETING ANALYTICS,13-1161,market research analysts and marketing specialists,13-1161,0.5837923912170799,15-2051,0.36376083893688826,15-2031,0.02533666263745077
342592,410,scientist,"Sana Biotechnology, Inc.",BIOLOGICAL SCIENCES,19-1029,bioinformatics scientists,19-1029,0.9652870777995571,19-1021,0.032463914415017586,19-1042,0.0015582637356514942
342648,1610,o m financial planning analyst,Bitmain Development Inc.,ECONOMETRICS AND QUANTITATIVE ECONOMICS,13-2051,financial and investment analysts,13-2051,0.4469388996355568,13-1111,0.22787783665681133,15-2031,0.1314898710768515
342788,1600,nan,Chen & Fan Accountancy Corporation,ACCOUNTING,13-2011,accountants and auditors,13-2011,0.998322262790884,13-2051,0.0016437859892542233,13-2099,7.018438753392979e-06
342891,300,nan,Apple Inc.,ELECTRICAL ENGINEERING,15-1252,software developers,15-1252,0.9940000973782452,15-1299,0.003619925404381465,17-2072,0.0008753141002299883
343244,300,nan,Axtria Inc,BACHELOR OF TECHNOLOGY IN COMPUTER SCIENCE AND ENGINEERING,15-1252,software developers,15-1252,0.9972611720239448,15-1299,0.0019725521378277412,15-2051,0.0003576904830442249
343711,300,nan,Georgia IT Inc,INFORMATION TECHNOLOGY,15-1252,software developers,15-1252,0.9602688810338804,15-1299,0.0276157610760069,15-1211,0.007745622490683499
343943,410,nan,"Insitro, Inc.",BIOTECHNOLOGY,19-1029,bioinformatics scientists,19-1029,0.9332710946733768,19-1021,0.0171624355643134,15-2041,0.011718626201372807
343977,1890,nan,Keenee Corp.,BUSINESS ADMINISTRATION,15-1299,computer systems engineers architects,15-1299,0.5902064690228497,13-1111,0.29153319441830705,15-1252,0.0560545934966327
344428,300,hcm consultant,"Novalink Solutions, LLC",BUSINESS ADMINISTRATION,15-1252,software developers,15-1252,0.6278172725921506,15-1299,0.3060784317685946,15-1211,0.04033901327084528
344615,300,technical writer instructional designer product manager,SIRITECHSOLUTIONS CORP,BACHELOR OF SCIENCE,15-1252,software developers,15-1252,0.7794568710518877,15-1251,0.17413700144119063,15-1299,0.02577181876274621
344740,300,program manager ii,Amazon.com Services LLC,BUSINESS ADMINISTRATION,15-1252,software developers,15-1252,0.6989130119484214,15-2031,0.18191732860002738,15-1299,0.10069118795026821
345074,300,nan,Amazon.com Services LLC,COMP SCI,15-1252,software developers,15-1252,0.9988012189522304,15-1299,0.0010536189887573526,15-2051,7.016215746190271e-05
345299,300,business development analyst,"Intralox, LLC",ENERGY ENGINEERING BUSINESS ADMINISTRATION,15-2051,business intelligence analysts,15-2051,0.3929586317552658,15-1252,0.1395411732156807,15-1299,0.10496312442836456
345372,190,structural designer,"Reuther Bowen, P.C.",CIVIL ENGINEERING,17-2051,civil engineers,17-2051,0.9877943720272925,17-2199,0.002486332962951357,15-1299,0.0020632110442591477
345432,1410,nan,Fulton Thermal Corporation,IND & SYSS ENGRG,17-2112,industrial engineers,17-2112,0.35106051691947493,27-1024,0.18198793729331605,15-1299,0.15998196368631676
345492,300,data scientist computer and information research scientist,Apple Inc.,OPERATIONS RESEARCH & INDUSTRIAL ENGINEERING,15-1252,software developers,15-1252,0.880919704427983,15-1299,0.04042566660333136,15-1253,0.02627497448839263
345522,390,business operation specialist,DSM-H LLC,DATA SCIENCE,15-2051,business intelligence analysts,15-2051,0.4363318514903407,15-1252,0.39109806816365256,15-1299,0.05184388337890142
345555,300,nan,"Lucid Holdings, Inc.",TECHNOLOGY MANAGEMENT,15-1252,software developers,15-1252,0.9469069754660102,15-1299,0.04169214202652649,15-1211,0.008543851964446044
345667,300,nan,Bahwan CyberTek Inc.,ELECTRICAL AND ELECTRONICS ENGINEERING,15-1252,software developers,15-1252,0.9893669971775501,15-1299,0.008038673661686152,15-1211,0.0015015561556664784
345813,300,nan,i2 infotech LLC,COMPUTER APPLICATIONS,15-1252,software developers,15-1252,0.9894844415844829,15-1299,0.006942276580972656,15-1211,0.0029417025157366904
345883,300,nan,Synechron INC,COMP SCI,15-1252,software developers,15-1252,0.9947027162015246,15-1299,0.00407572664881527,15-1211,0.000696325167002408
346054,120,process engineer,Intel Corporation,CHEMICAL ENGINEERING,17-2131,materials engineers,17-2131,0.9462046593450194,17-2112,0.05372973615697952,17-2199,2.725698916901396e-05
346425,300,nan,"Meta Platforms, Inc.",ELECTRICAL AND COMPUTER ENGINEERING,15-1252,software developers,15-1252,0.9975973992286066,15-1299,0.0015153581423048746,15-1221,0.0005129415861650313
347029,1600,nan,Centric Brands Holding LLC,FINANCE,13-2051,financial and investment analysts,13-2051,0.6363043725830602,13-2011,0.35021947858896185,13-2099,0.006779437584975911
347046,010,nan,NBBJ LP,ARCHITECHTURAL ENGINEERING,17-1011,architects except landscape and naval,17-1011,0.9073561224674416,15-1252,0.02961766701038768,15-1299,0.01506953739922248
347206,300,java developer,Lorvish Technologies Inc,COMPUTER SCIENCE & ENGINEERING,15-1252,software developers,15-1252,0.9968871173275838,15-1299,0.0019834262750520926,15-1251,0.0009939564657067855
347239,390,nan,AUTOMOTIVE ROBOTICS INCORPORATED,COMPUTER SCIENCE,15-1252,software developers,15-1252,0.9697070973199564,15-1299,0.023080064958302962,15-1211,0.002416545220788523
347351,300,content production,Apple Inc.,PROJECT MANAGEMENT,15-1252,software developers,15-1252,0.9273262939770287,15-1299,0.06454217279582777,15-2051,0.002709167399561958
347383,300,technology analyst us,Infosys Limited,ELECTRICAL AND ELECTRONICS ENGINEERING,15-1299,computer systems engineers architects,15-1299,0.9999595815131477,15-1211,3.1445729764512635e-05,15-1253,4.23682704329457e-06
347530,300,data engineer,"Eigen X, LLC",INFORMATION SYSTEMS,15-1252,software developers,15-1252,0.9520316069017677,15-1299,0.022384238806209388,15-2051,0.017701335555812683
347804,030,nan,"SICK Product & Competence Center Americas, LLC",ELECTRONIC ENGINEERING,17-2072,electronics engineers except computer,17-2072,0.48565336068242965,15-1252,0.25936665937493464,15-1299,0.11553833547867877
347865,200,senior financial data analyst,The Hertz Corporation,BUSINESS ADMINISTRATION,15-2031,operations research analysts,15-2031,0.9433622845413288,15-2051,0.04311613934071719,13-2051,0.0067218103374014765
347870,300,nan,DcTek Inc,INFORMATION TECHNOLOGY,15-1252,software developers,15-1252,0.947679969675585,15-1299,0.03815521443042268,15-1211,0.010701710744662429
348177,1610,nan,Network Runners Inc.,PROJECT MANAGEMENT,13-1111,management analysts,13-1111,0.724275220970487,15-1299,0.11059055631781436,15-2051,0.048511677896679366
348229,300,nan,"Sensata Technologies, Inc.",ELECTRICAL AND COMPUTER ENGINEERING,15-1252,software developers,15-1252,0.9827439760716569,15-1299,0.009888447966251579,15-2051,0.0016381502311956066
348431,300,nan,Apple Inc.,INFORMATION NETWORKING - APPLIED STUDY,15-1252,software developers,15-1252,0.9844064468819345,15-1299,0.00922108720260865,15-1253,0.0026982430273380185
348439,300,nan,Apple Inc.,COMPUTER SCIENCE,15-1252,software developers,15-1252,0.9968931343610998,15-1299,0.002671229313552118,15-1253,0.00029111845374013914
348572,1410,designer,Acorns Grow Incorporated,PROJECT MANAGEMENT,27-1024,graphic designers,27-1024,0.7138583874756377,15-1211,0.14455257900749938,15-1252,0.05644711542224166
348592,200,nan,"GoDaddy.com, LLC",BUSINESS ANALYTICS,15-2041,statisticians,15-2041,0.45429017354634094,15-2051,0.3804653961013086,15-1252,0.09738534319029415
348603,050,senior project engineer,"City of Lawrence, Kansas",CIVIL ENGINEERING,17-2051,civil engineers,17-2051,0.9996203474446161,11-9021,0.0002064622514342288,17-2141,8.289892690437223e-05
348728,300,workday consultant,IBM Corporation,BACHELOR OF SCIENCE IN COMPUTER SCIENCE,15-1211,computer systems analysts,15-1211,0.7925347681004942,15-1299,0.10823348609718071,15-1251,0.05727320474510095
348932,300,nan,Intel Corporation,ELECTRICAL ENGINEERING,15-1252,software developers,15-1252,0.9963396067205794,17-2072,0.002605043346955581,15-1299,0.0006836201426757523
349003,390,senior engineer firmware verification engineering,"WESTERN DIGITAL TECHNOLOGIES, INC.",COMPUTER SCIENCE,15-1252,software developers,15-1252,0.9097268217533441,15-1299,0.06819226431369947,15-1253,0.013969611989876335
349008,300,nan,"Autonomic, LLC",COMPUTER SCIENCE,15-1252,software developers,15-1252,0.9911817258152936,15-1299,0.006219154236586592,15-1211,0.0016544658525132691
349161,1600,analyst,Deutsche Bank Securities Inc.,FINANCE CHEMICAL ENGINEERING,13-2051,financial and investment analysts,13-2051,0.9977905902956621,13-2099,0.0013180956865944669,13-2011,0.0006216868612991775
349212,200,nan,U.S. Bank National Association,BUSINESS ADMINISTRATION,15-1252,software developers,15-1252,0.398464270535501,15-2051,0.2974681471001654,15-2031,0.1667692062826481
349358,1100,law clerk,"Christiansen Law, PLLC",MASTER OF LAW LLM,23-1011,lawyers,23-1011,0.9699042358681875,23-1012,0.0291638046274229,23-2011,0.0005096268187935163
349435,300,nan,Fast Switch-Great Lakes LLC,COMPUTER ENGINEERING,15-1252,software developers,15-1252,0.9844550572452004,15-1299,0.010436828649311704,15-1211,0.00418580564459325
349760,300,nan,WeRide Corp.,INFORMATION TECHNOLOGY,15-1252,software developers,15-1252,0.9905680448750753,15-1299,0.006876200275942488,15-1211,0.0019286251558012614
349769,300,devops engineer,"Relay Network, LLC",SOFTWARE ENGINEERING,15-1252,software developers,15-1252,0.9894497725286956,15-1299,0.008659581266675513,15-1251,0.0015508024997605491
349963,300,hardware development engineer,Apple Inc.,MATERIALS SCIENCE AND ENGINEERING,17-2072,electronics engineers except computer,17-2072,0.48787032597997276,15-1252,0.38396306834812666,17-2141,0.06742108412508736
350285,330,level iii support analysis,"Anaplan, Inc.",BUSINESS ANALYTICS,15-2051,business intelligence analysts,15-2051,0.8642421055625734,15-1299,0.10017656305037345,15-1252,0.030044326200345386
350727,1410,creative technologist software development engineer,Apple Inc.,DESIGN AND TECHNOLOGY,27-1024,graphic designers,27-1024,0.9242421137064015,15-1252,0.04993031455593336,27-1014,0.007213864239829878
350838,300,nan,Mphasis Corporation,COMPUTER SYSTEMS ENGINEERING,15-1251,computer programmers,15-1251,0.6231960612583932,15-1252,0.22095537924592487,15-1299,0.12367014417207663
351317,1610,nan,"Fifth Third Bank, National Association",BUSINESS ANALYTICS,15-2051,business intelligence analysts,15-2051,0.7327962985998737,15-2031,0.17572677338940626,13-1111,0.04976191284383272
351381,120,nan,Intel Corporation,SYSTEMS AND INDUSTRIAL ENGINEERING,17-2112,industrial engineers,17-2112,0.7109223121096653,17-2131,0.20205758758449796,15-1252,0.06411829896413113
351429,300,nan,"Amazon Development Center U.S., Inc.",COMPUTER ENGINEERING,15-1252,software developers,15-1252,0.9972396665040841,15-1299,0.002662198274005509,15-1211,5.6194951736424796e-05
351461,410,consultant strategic advisory,"TRINITY PARTNERS, LLC",BIOTECHNOLOGY,19-1029,bioinformatics scientists,19-1029,0.72016149196153,19-1021,0.09348074419554883,19-1042,0.06574888789652861
351620,300,nan,Accenture LLP,INFORMATION TECHNOLOGY,15-1299,computer systems engineers architects,15-1299,0.5938091628605675,15-1211,0.25376637328396623,15-1252,0.1256201187142443
351631,120,nan,IDD AEROSPACE CORPORATION,MASTER OF SCI IN IDUSTRIAL ENGRG,17-2112,industrial engineers,17-2112,0.508522175797485,15-1252,0.24755379908388936,15-1299,0.058939563851085924
351795,200,nan,Aquatic Group LLC,INDUSTRIAL ENGINEERING AND OPERATIONS RESEARCH,15-2031,operations research analysts,15-2031,0.6769967774108265,15-2051,0.19301082561882565,15-2041,0.10477003260822956
352064,330,performance test engineer,"SCIGON Solutions, Inc.",COMPUTER SCIENCE & ENGINEERING,15-1299,computer systems engineers architects,15-1299,0.8031453352404783,15-1253,0.1724198802023195,15-1252,0.019559221165008432
352155,300,supply demand planner,Apple Inc.,BUSINESS ADMINSTRATION WITH A CONCENTRATION IN GLOBAL SUPPLY CHAIN MANAGEMENT,15-1252,software developers,15-1252,0.8745800056617962,15-1299,0.040134735945974984,15-1253,0.026085881858827924
352157,390,technical lead,"EVIDEN USA, INC.",MASTER OF COMPUTER APPLICATION,15-1299,computer systems engineers architects,15-1299,0.9954135902775008,15-1252,0.0027354071518005812,15-1253,0.0011923161956521816
352469,300,technical analyst,Inrika Inc,INFORMATION TECHNOLOGY AND MANAGMENT,15-1252,software developers,15-1252,0.5430234086368809,15-1211,0.41820534345388377,15-1299,0.026114471274027728
352523,300,nan,EMERGTECH BUSINESS SOLUTIONS INC,COMPUTER MATHEMATICAL AND INFORMATION TECHNOLOGY,15-1252,software developers,15-1252,0.9940351910309968,15-1299,0.004614612721302274,15-1211,0.0007317602862021106
352641,300,nan,Omsai Com LLC,MASTER OF TECHNOLOGY IN ENVIROMENTAL GEO INFOMATICS,15-1252,software developers,15-1252,0.7421212304400756,15-1211,0.24480796642018093,15-1299,0.007035183123339855
352747,300,nan,"New York Technology Partners, Inc.",ELECTRONICS & TELECOMMUNICATIONS,15-1299,computer systems engineers architects,15-1299,0.4472704545025069,15-1252,0.27743402180839616,15-1251,0.16133719771957541
354015,300,nan,United Info Services Inc,BUSINESS ANALYTICS,15-1252,software developers,15-1252,0.8920531893427425,15-2051,0.04540340091484465,15-1299,0.030932711788860992
354255,300,nan,AMEX SYSTEMS INC,COMPUTER SCIENCE & ENGRG,15-1252,software developers,15-1252,0.9046074545876261,15-1299,0.08598157851116385,15-1211,0.006292842888384314
354681,300,automation test engineer,Peafowl Inc,INFORMATION TECHNOLOGY,15-1252,software developers,15-1252,0.8762384871340281,15-1299,0.09997474843246164,15-1253,0.016278672987346764
354897,300,sr data scientist,"BLST Operating Company, LLC",DATA SCIENCE,15-2051,business intelligence analysts,15-2051,0.8417294599913019,15-1252,0.07912542788096821,15-2041,0.05950094427251444
355149,300,nan,SAP TECH INC,BUSINESS ANALYTICS AND INFORMATION SYSTEMS,15-1252,software developers,15-1252,0.9426030125919627,15-1299,0.03520390196250282,15-1211,0.013397865744144413
355438,300,nan,"Odoo, Inc.",COMPUTER SCIENCE AND INFORMATION SCIENCES,15-1252,software developers,15-1252,0.6718661209052028,15-1299,0.2972282425692286,15-1211,0.018942948160515356
355541,300,nan,Bean Infosystems LLC,COMPUTER SCIENCE,15-1252,software developers,15-1252,0.9987804831972199,15-1299,0.0008601534832656157,15-1211,0.00022882445294754035
355643,300,senior systems analyst,Cognizant Technology Solutions US Corp,COMPUTER ENGINEERING,15-1211,computer systems analysts,15-1211,0.9958307591926517,15-1299,0.002971672884910039,15-1252,0.0011668872953067588
355938,390,nan,CYGNET INFOTECH LLC,COMPUTER SCIENCE AND ENGINEERING,15-1252,software developers,15-1252,0.5992727827387434,15-1299,0.35543288597092215,15-1211,0.02909938975275832
356020,300,splunk engineer,INFOSPRINTS LLC,COMPUTER SCIENCE AND ENGINEERING,15-1252,software developers,15-1252,0.5479774016547141,15-1299,0.43262984459721193,15-1211,0.008904930392825692
356082,300,nan,upcodeit llc,COMUTER SCIENCE AND ENGINEERING,15-1252,software developers,15-1252,0.8230654614833589,15-1299,0.07802520675224402,15-1211,0.06961782660770528
356175,200,analyst product,"Giant Eagle, Inc.",ENIGINEERING MANAGEMENT,15-2031,operations research analysts,15-2031,0.5859209294820883,15-2041,0.2561379431167931,15-2051,0.08181640611519767
356261,300,nan,"Qpharma, Inc.",COMPUTER SCIENCE,15-1252,software developers,15-1252,0.9698035225928977,15-1299,0.02129755962187661,15-1211,0.0056657358534333005
356801,300,senior sap data analytics engineer,HBR Analytics & BI Solutions LLC,MASTER OF SCIENCE IN APPLIED COMPUTER SCIENCE,15-1252,software developers,15-1252,0.8805541187735497,15-1299,0.03894758106696734,15-1211,0.024185061211140352
356953,300,computer system architect,UP2DATE TECHNOLOGY SOLUTIONS LLC,INFORMATION TECHNOLOGY,15-1299,computer systems engineers architects,15-1299,0.9442132534611881,15-1252,0.029804260475546556,15-1211,0.015855288037302684
357429,300,bi developer,Key Business Solutions Inc,EQUIVALENCY TO US BACHELORS DEGREE IN INFORMATION TECHNOLOGY,15-1252,software developers,15-1252,0.95130689079847,15-2051,0.023066201118108007,15-1299,0.01358178825347386
357702,300,nan,"PamTen, Inc.",ELECTRONICS AND COMMUNICATION ENGINEERING,15-1252,software developers,15-1252,0.9124965232779128,15-1299,0.08492249866831438,15-1211,0.0011879896885833297
357718,300,nan,"Everest Technologies, Inc.",COMPUTER SCIENCE,15-1252,software developers,15-1252,0.9967236361314684,15-1299,0.0015095685539079661,15-1253,0.001210846856520954
357757,390,nan,Tatvam Technologies Inc,INFORMATION TECHNOLOGY,15-1252,software developers,15-1252,0.8210407396456276,15-1299,0.13435026864553096,15-1211,0.029661920315311577
357801,300,nan,CLOUD GLOBAL LLC,BACHELOR OF SCIENCE,15-1252,software developers,15-1252,0.934096866815899,15-1251,0.04975418716351164,15-1299,0.010807242945243593
357847,300,nan,Career Soft Solutions Inc.,COMPUTER SCIENCE,15-1252,software developers,15-1252,0.8049192750622729,15-1299,0.1767658690865827,15-1211,0.009404915304177995
357849,300,nan,"Qualcomm Technologies, Inc.",COMPUTER SCIENCE,15-1252,software developers,15-1252,0.9997483878743867,15-1299,0.00019661345984712866,15-1211,3.486972055331007e-05
357867,300,nan,STRATEGIC MINDZ LLC,COMPUTER SCIENCE AND ENGINEERING,15-1252,software developers,15-1252,0.9197476613285767,15-1299,0.06905867188757112,15-1211,0.007484129205227581
358104,150,nan,AMERICAN STAFFING LLC,ELECTRONICS AND COMMUNICATION ENGINEERING,15-1252,software developers,15-1252,0.9768870738943237,15-1211,0.02080952783528297,15-1299,0.0012672400158549313
358132,300,nan,Nectar Info Tek Llc,COMPUTER SCIENCE,15-1252,software developers,15-1252,0.9908342645509087,15-1299,0.005439852334277783,15-1211,0.0028943002818070922
358328,300,nan,Pi R-Square Solutions,COMPUTER APPLICATIONS,15-1252,software developers,15-1252,0.8937902240201664,15-1299,0.08152144979415561,15-1211,0.017271845276464852
358367,300,senior systens engineer,DigiCloud LLC,COMPUTER SCIENCE & ENGINEERING,15-1252,software developers,15-1252,0.9727787020358163,15-1299,0.022413016205818176,15-1211,0.0020889932558724
358625,300,nan,Maritz Consulting Group,LAW,15-1252,software developers,15-1252,0.8923429817399643,15-1299,0.05361270004808082,15-1211,0.04590870227761448
358693,300,nan,"Intellisoft Technologies, Inc.",COMPUTER INFORMATION SYSTEMS,15-1252,software developers,15-1252,0.9505999576105503,15-1299,0.03960245734042905,15-1211,0.006976754524905439
358742,300,nan,ANAGHA SOLUTIONS INC,COMPUTER SCIENCE AND ENGINEERING,15-1252,software developers,15-1252,0.9819216918145838,15-1299,0.016283419120588546,15-1211,0.0011290656655723256
358760,720,nan,Sarkar dental pc,DOCTOR OF DENTAL SURGERY,29-1021,dentists general,29-1021,0.9237613346481219,15-1252,0.02355057711661634,15-1299,0.010784329240276955
359127,300,net developer,Nantez Inc,COMPUTER SCIENCE,15-1252,software developers,15-1252,0.9996031700593712,15-1299,0.0002214668928085675,15-1251,9.717317834059507e-05
359349,1610,nan,"Lucid USA, Inc.",DUAL BUSINESS ADMINISTRATION AND MANAGEMENT AND DIGITAL TECHNOLOGY,13-1111,management analysts,13-1111,0.2741202398182161,15-2051,0.2403552312128559,15-1252,0.20249442457583913
359582,390,nan,ABN TECH CORPORATION,COMPUTER SCIENCE,15-1252,software developers,15-1252,0.9803816858513172,15-1299,0.01400047894209427,15-2051,0.002783124026904632
359637,300,java full stack developer,"MultiEdge, Inc",BACHELOR OF SCIENCE,15-1252,software developers,15-1252,0.9679032799462988,15-1251,0.031218795676085653,15-1299,0.0005406300816227
359702,300,data analyst,Fierce Solution LLC,INFORMATION SYSTEMS,15-1252,software developers,15-1252,0.7540825002250889,15-2051,0.1520076150731677,15-1299,0.049858319690084266
359751,300,nan,DevBytes Inc,COMPUTER AND INFORMATION SCIENCES,15-1252,software developers,15-1252,0.993824013008084,15-1299,0.0034419162117164046,15-1211,0.0016374012799877024
360026,300,nan,AIDATA MONKS INC,BACHELORS OF COMPUTER SCIENCE AND ENGINEERING,15-1252,software developers,15-1252,0.9470328899990015,15-1299,0.043622194606091486,15-1211,0.004150422781399878
360027,150,senior network engineer,"Sky Systems, Inc.",COMPUTER APPLICATIONS,15-1252,software developers,15-1252,0.8861389711013671,15-1211,0.10240712761659,15-1244,0.005764607699221358
360047,300,solutions architect,V3Tech Solutions Inc.,INFORMATION SYSTEMS ENGINEERING AND MANAGEMENT,15-1252,software developers,15-1252,0.9032836295696179,15-1299,0.09596666322551647,15-1211,0.0005003956956824122
360475,300,nan,HRK SYSTEMS INC,COMPUTER SCIENCE ENGINEERING,15-1252,software developers,15-1252,0.8224854162774833,15-1299,0.16296338028287105,15-1211,0.00576171761543213
360742,300,it infrastructure architect,Cloudberyl LLC,COMPUTER SCIENCE AND ENGINEERING,15-1252,software developers,15-1252,0.9067995488834111,15-1299,0.06753123115599724,15-1211,0.013035251847082662
360863,300,nan,Finacle Soft Inc,DATA SCIENCE,15-1252,software developers,15-1252,0.7680540485474382,15-1299,0.15785493990123986,15-2051,0.053207791435030925
360926,9990,nan,Bruhat Technologies Inc,TECHNOLOGY,15-1252,software developers,15-1252,0.9772425160792059,15-1299,0.014416266967668678,15-2051,0.003328678438642969
360988,730,nan,"VETERINARY EMERGENCY GROUP, LLC",VETERINARY MEDICINE,29-1131,veterinarians,29-1131,0.6106255941620572,15-1299,0.04780588483391658,15-1252,0.04297123882885103
361117,300,rpa developer,Cloud Revolute Inc,BACHELORS OF COMPUTER SCIENCE ENGINEERING,15-1252,software developers,15-1252,0.9840882943252489,15-1299,0.009616980640606095,15-1211,0.0040743213731452435
361213,390,nan,PROPEL INFOTECH INC,MASTERS OF COMPUTER APPLICATIONS,15-1252,software developers,15-1252,0.9511747760846522,15-1299,0.02739498404337288,15-2051,0.010987434815590898
361224,300,nan,JLAN USA Technologies,ENGINEERING,15-1252,software developers,15-1252,0.9730961039061533,15-1299,0.01116779863077745,15-1251,0.01055437668188934
361322,300,nan,Atlassian Technologies LLC,MANAGEMENT SCIENCE,15-1252,software developers,15-1252,0.5518528699402768,15-1299,0.4067108298465155,15-1211,0.016325043772068195
361354,300,nan,HCL America Inc,ELECTRONICS ENGINEERING,15-1299,computer systems engineers architects,15-1299,0.7422873976665894,15-1211,0.14122287955820115,15-1251,0.05677488865947666
361660,760,nan,MD OMG EMP LLC,DOCTOR OF PHYSICAL THERAPY,29-1123,physical therapists,29-1123,0.7995746729733006,15-1299,0.021961684426053292,15-1252,0.019740682341397805
362165,300,nan,Avant Systems Inc,COMPUTER AND INFORMATION SCIENCE,15-1252,software developers,15-1252,0.9605355834772489,15-1299,0.024580086212777606,15-1211,0.006548265211803654
362910,030,nan,"AIRCOM PACIFIC, INC.",ENGINEERING,15-1252,software developers,15-1252,0.6984839035946323,17-2071,0.11737214402015028,15-1299,0.06908302735231969
363124,300,nan,TATVA TEK INC,MASTERS IN COMPUTER SCIENCE,15-1252,software developers,15-1252,0.9509469348826951,15-1299,0.04318554681637093,15-1211,0.0028175163680897283
363923,300,nan,"Moxie Systems, Inc",BUSINESS ADMINISTRATION EQUIVALENT TO U S BACHELORS IN MANAGEMENT INFORMATION SYSTEMS,15-1252,software developers,15-1252,0.9788712598928103,15-1299,0.011599416451535517,15-1211,0.0051747774654268405
364028,300,reports developer,Information Unlimited Inc,COMPUTER SCIENCE,15-1252,software developers,15-1252,0.9416620770360484,15-1299,0.03377015835603045,15-1211,0.01250462698875197
364132,300,nan,"Pyramid Consulting, Inc.",COMPUTER ENGINEERING,15-1252,software developers,15-1252,0.8820478830761884,15-1299,0.0685750680253245,15-1211,0.041254185030291934
364182,300,ui developer,"V-Soft Consulting Group, Inc.",INFORMATION TECHNOLOGY,15-1252,software developers,15-1252,0.9917978411662801,15-1251,0.006850165512554334,15-1299,0.0011990208046481759
364591,390,nan,C2S Technologies Inc,COMPUTER APPLICATIONS,15-1252,software developers,15-1252,0.9172156937970372,15-1299,0.07771616272639854,15-1253,0.0016417651822570425
364605,300,nan,i2 infotech LLC,ELECTRONICS ENGINEERING,15-1252,software developers,15-1252,0.9800877800368988,15-1299,0.010995767017992767,15-1211,0.007500646748746687
366349,300,nan,Teksoft Systems Inc,BACHELOR OF TECHNOLOGY IN ELECTRONICS AND COMMUNICATION ENGINEERING,15-1252,software developers,15-1252,0.9878807386817449,15-1299,0.01019977063144237,15-1211,0.0015284660302467153
366478,1610,nan,VNS Tech,COMPUTATIONAL FINANCE,13-2051,financial and investment analysts,13-2051,0.516954465973946,13-1111,0.1640666170961512,15-2051,0.15963471289743403
366581,150,nan,ELCOTECH SOLUTIONS INC,INFORMATION TECHNOLOGY,15-1252,software developers,15-1252,0.9370352806100996,15-1211,0.06268666442224193,15-1299,0.00013599858048393777
366593,300,data engineer,I Net Software Technologies Inc,COMPUTER INFORMATION SYSTEMS,15-1252,software developers,15-1252,0.9766284374795932,15-1299,0.01831589388528473,15-1211,0.0028264580931056174
366731,300,net developer,Noblesoft Technologies Inc,COMPUTER APPLICATIONS,15-1252,software developers,15-1252,0.9990108906701879,15-1299,0.0007709980393188587,15-1251,0.0001370369033829447
366751,300,middleware sme,LDM TECHNOLOGIES LLC,ELECTRICAL AND ELECTRONICS ENGINEERING,15-1252,software developers,15-1252,0.8402376196229975,15-1299,0.11148617931111741,15-1211,0.028986072648378554
366973,300,database architect,Technitia Inc,INFORMATION SYSTEMS SECURITY,15-1252,software developers,15-1252,0.6231105772766489,15-1299,0.3288055300740821,15-1211,0.016716174635511324
367159,300,nan,"Sansutek,Inc",CYBERSECURITY AND INFORMATION ASSURANCE,15-1252,software developers,15-1252,0.8819200826346055,15-1299,0.09554802834273504,15-1211,0.010656565914324482
367315,300,nan,CGI Technologies and Solutions Inc.,INFORMATION TECHNOLOGY,15-1252,software developers,15-1252,0.9416826448861184,15-1299,0.042240864877015664,15-1211,0.012425581157700758
367873,300,nan,Itechmatics Inc,MASTER OF DATA SCIENCE,15-1252,software developers,15-1252,0.9713376207517003,15-1299,0.011185429557967457,15-1211,0.006385409364614898
367878,300,nan,Goldman Sachs Services LLC,COMPUTER SCIENCE,15-1252,software developers,15-1252,0.9982553439851048,15-1299,0.0015965880011981491,15-1211,9.801606065692133e-05
368224,300,nan,JICOR Solutions Inc,BACHELOR OF SCIENCE,15-1252,software developers,15-1252,0.4823336174766532,15-1251,0.41962376660447115,15-1299,0.07812653567178733
368641,300,nan,"ADROIT TECHNOLOGIES & CLOUD SOLUTIONS, INC.",INFORMATION TECHNOLOGY,15-1211,computer systems analysts,15-1211,0.5731243746242711,15-1252,0.35001718685743766,15-1299,0.07046144925617955
368663,330,business analyst,Maxil Technology Solutions Inc,MASTER OF SCIENCE AGRICULTURE IN AGRONOMY,15-1299,computer systems engineers architects,15-1299,0.4987876309490398,15-1211,0.24917361221114592,15-1252,0.1634652188640002
369393,300,java developer,SATCON INC,COMPUTER SCIENCE,15-1252,software developers,15-1252,0.9997986513369934,15-1251,0.00014487616698136512,15-1299,4.615510631247607e-05
369767,760,nan,Dynamic Physical Therapy Services,EXERCISE SCIENCE,29-1123,physical therapists,29-1123,0.8902885813685038,29-1128,0.02750690355406887,15-2041,0.008949925168281254
369779,390,technical wrtiter,"Kennedy International Software, Inc.",COMPUTER SCIENCE AND ENGINEERING,15-1252,software developers,15-1252,0.8784121488066646,15-1299,0.10634898069726548,15-1253,0.004827887322235269
369966,390,nan,GENISYS TECHNOLOGIES INC,INFORMATIONT ECHNOLOGY EQUIVALENCY TO US MASTERS DEGREE IN INFORMATION TECHNOLOGY,15-1252,software developers,15-1252,0.7123040703870219,15-1299,0.25091668740998657,15-2051,0.017254457128349304
370208,300,test engineer,OMA4 LLC,COMPUTER SCIENCE & ENGINEERING,15-1252,software developers,15-1252,0.9579483943151103,15-1299,0.022334772482551335,15-1253,0.019122477498556445
370303,300,technical analyst 2,"Tek Ninjas Solutions, LLC.",ELECTRONICS AND COMMUNICATION ENGINEERING,15-1252,software developers,15-1252,0.9409946326626046,15-1299,0.03770300237862743,15-1211,0.01468273640672843
370392,300,nan,Goldman Sachs Services LLC,COMPUTER SCIENCE AND ENGINEERING,15-1252,software developers,15-1252,0.9931089554176812,15-1299,0.006596802266847112,15-1211,0.0002111129936789777
371048,300,nan,SA FORCE IT,MASTER OF COMPUTER APPLICATION,15-1252,software developers,15-1252,0.9690961191499162,15-1299,0.022544681952749942,15-1211,0.006177623381230756
371055,300,nan,MPR Systems,INFORMATION SCIENCE & ENGINEERING EDUCATIONAL EVALUATION IS ATTACHED,15-1252,software developers,15-1252,0.7252016933559744,15-1299,0.1374957757532415,15-1211,0.06134015835469616
371088,1690,licensing product development coordinator,Culturefly LLC,BUSINESS OF FASHION,13-1161,market research analysts and marketing specialists,13-1161,0.1725162152899556,15-1299,0.13914732966303459,15-2051,0.13756517523559617
371229,300,nan,"Amazon Data Services, Inc.",DATA SCIENCE,15-1252,software developers,15-1252,0.9925420282674852,15-2051,0.004333578394374986,15-1299,0.0027427632474682846
371247,390,nan,Dolphin Solutions Inc.,COMPUTER APPLICATIONS,15-1252,software developers,15-1252,0.8072990024407094,15-1299,0.17955751880442075,15-1253,0.005057571419618011
371261,300,nan,Teknoz Software Solutions LLC,BUSINESS ADMINISTRATION,15-1252,software developers,15-1252,0.9222794518427999,15-1299,0.04986672458975838,15-1211,0.018449376194007914
371385,390,data engineer,VOLECE IT GROUP LLC,DATA ANALYTICS ENGINEERING,15-1252,software developers,15-1252,0.8137243089541027,15-2051,0.15331604550040448,15-1299,0.019016047276368186
371417,200,nan,DB USA Core Corporation,BUSINESS ANALYTICS,15-2051,business intelligence analysts,15-2051,0.36556311223653853,15-2031,0.33846697801769404,15-2041,0.23279801548572399
371714,300,nan,PISTOS IT SERVICES LLC,COMPUTER SCIENCE ENGINEERING BACHELOR OF TECHNOLOGY,15-1252,software developers,15-1252,0.9957993294538581,15-1299,0.002370463698721368,15-1211,0.0006766115249241061
372098,300,nan,"International Technology Solutions, Inc.",ELECTRONICS,15-1252,software developers,15-1252,0.9241729961744845,15-1299,0.06641352235027013,15-1211,0.006582185366604457
372486,300,nan,N-ALGO SOLUTIONS LLC,ELECTRONICS AND COMMUNICATION ENGINEERING,15-1252,software developers,15-1252,0.9648438674659141,15-1299,0.028933706702603167,15-1211,0.004047566399269415
372905,300,nan,Lasai Technologies LLC,COMPUTER SCIENCE,15-1252,software developers,15-1252,0.9959381706119853,15-1299,0.0034994391460407546,15-1211,0.0002327367335582573
372921,070,nan,Volvo Car Technology USA LLC,MECH ENGRG,17-2141,mechanical engineers,17-2141,0.987436383469123,17-2199,0.005077211742615735,15-1252,0.005002924678920449
373040,1840,communication director,Ovations Global Network Inc,COMMUNICATIONS,13-1161,market research analysts and marketing specialists,13-1161,0.31780464553510357,15-2031,0.11243634739414499,11-3071,0.0996876699984654
373135,300,nan,Ashley Tech Solutions INC,COMPUTER APPLICATIONS,15-1252,software developers,15-1252,0.9312996901188051,15-1299,0.05662842644056461,15-1211,0.00599889613224973
373823,330,nan,Cognizant Technology Solutions US Corp,ELECTRONICS ENGINEERING,15-1299,computer systems engineers architects,15-1299,0.9721408410948955,15-1211,0.016573054719193677,15-1253,0.006507595522883128
373939,300,system analyst,MICROTEK SYSTEMS INC,SCIENCE,15-1211,computer systems analysts,15-1211,0.6569304297465248,15-1252,0.29483761880866777,15-1299,0.043230686688334984
374066,1600,nan,SanctityInternational LLC,MASTERS IN ACCOUNTS,15-1252,software developers,15-1252,0.5483807560460838,13-2051,0.20006383143805445,13-2011,0.18318291192801084
374141,390,nan,PROPEL INFOTECH INC,MASTERS OF TECHNOLOGY,15-1252,software developers,15-1252,0.9331975068701941,15-1299,0.029116985024416394,15-2051,0.01167808583044981
374247,300,nan,"Worklance, Inc",COMPUTER SCIENCE,15-1252,software developers,15-1252,0.984670712615578,15-1299,0.010812026725669652,15-1211,0.0028762960900450773
374265,1990,nan,Epay World LLC,ACCOUNTING,13-2051,financial and investment analysts,13-2051,0.31194134014182445,15-1252,0.21917517821854762,13-2011,0.18040674631275247
374408,300,nan,CapstoneUSA LLC,MANAGEMENT INFORMATION SYSTEMS,15-1252,software developers,15-1252,0.9835406050884343,15-1299,0.010310741447744598,15-1211,0.004550390665245282
374438,300,nan,SV Infotech Group Inc,ELECTRONICS AND COMMUNICATION ENGINEERING,15-1252,software developers,15-1252,0.9083796989442102,15-1299,0.06129103734574306,15-1211,0.02572220136399016
374726,300,nan,BYTEQUEST LOGICS INC.,MSC IN FINANCE AND FINANCIAL INFORMATION SYSTEMS,15-1252,software developers,15-1252,0.9064078073619113,15-1299,0.05728394632086907,15-1211,0.025555740307324833
374727,300,consultant pro svcs,"Saviynt, Inc.",INFO TECH MGMT,15-1252,software developers,15-1252,0.9541043463662023,15-1299,0.031456710537903686,15-1211,0.009257565284501649
374734,300,nan,SM INTERFACE SYSTEMS LLC,BACHELORS IN ELECTRICAL AND ELECTRONICS,15-1252,software developers,15-1252,0.9632957319298674,15-1299,0.017065881938785776,15-1211,0.009742374379329313
374805,300,nan,"Wal-Mart Associates, Inc.",COMPUTER SCIENCE,15-1252,software developers,15-1252,0.9926598864555003,15-1299,0.006734103360580649,15-2051,0.0005524697086992111
