"applicant_id","DOT_category","job_norm","registration_employer_name","petition_beneficiary_field"
121,"001","landscape designer","SWA Group","LANDSCAPE ARCHITECTURE"
185,"030","java developer","Lex Nimble Solutions Inc.","COMPUTER SCIENCE AND ENGINEERI"
300,"012","associate project consultant","Code Consultants, Inc.","FIRE PROTECTION ENGINEERING"
675,"039","software engineer","3S Business Corporation","MASTER OF SCIENCE IN COMPUTATI"
902,"160","staff accountant","Chen & Fan Accountancy Corporation","ACCOUNTING"
1207,"030","software engineer","Home Depot Product Authority, LLC","INFORMATION TECHNOLOGY"
1307,"119","law clerk","Tsyngauz & Associates, P.C.","MASTER OF LAWS"
1366,"030","eclinical project leader","Covance Inc.","INFORMATION TECHNOLOGY MANAGEM"
1526,"030","technology lead us","Infosys Limited","COMPUTER SCIENCE & ENGINEERING"
1815,"030","technical test lead","Infosys Limited","COMP SCI & ENGRG"
2204,"030","software developer","AOT Solutions LLC","MASTER OF SCIENCE COMPUTER SCI"
2701,"160","assurance associate","PricewaterhouseCoopers LLP","MANAGEMENT INFORMATION SYSTEMS"
2819,"030","senior consultant","Deloitte Consulting LLP","COMPUTER ENGINEERING"
2828,"030","full stack software developer","AltSource, Inc.","COMPUTER SCIENCE"
2922,"008","mechanical engineer","Mullamat, LLC","CHEMICAL ENGINEER"
2925,"030","associate quantitative modeling","JPMorgan Chase & Co.","APPLIED MATHEMATICS AND COMPUT"
3114,"160","financial management analyst","Dallas  Fort Worth Technology, Inc.","FINANCE/BUSINESS ANALYTICS"
3551,"030","software engineer","Citadel Enterprise Americas LLC","COMPUTER SCIENCE"
3820,"166","human resources specialist","Dream Go, Inc.","HUMAN RESOURCES MANAGMENT"
3910,"030","software development engineer i","Amazon.com Services LLC","COMPUTER SCIENCE"
4018,"030","i20020059360563","Headstrong Services LLC","APPLIED COMPUTER SCIENCE"
4237,"030","data engineer","Facebook, Inc.","DATA SCIENCE"
4952,"030","software developer","10 Bits LLC","COMPUTER SCIENCE"
5585,"","software developer","MSKV TECHNOLOGIES INC.","ELECTRICAL ENGINEERING"
5806,"039","data analyst","AGA Service Company","BUSINESS ANALYLTICS"
6443,"","supply chain analyst","SoClean, Inc.","MASTER S OF SCIENCE IN INDUSTR"
6632,"160","accountant","ENSON GROUP LLC","FINANCE"
7006,"039","software developer applications","Ciber Global LLC","ELECTRONICS & COMMUNICATION EN"
7378,"039","product manager","Shape Security, Inc.","COMPUTER SCIENCE"
7889,"182","assistant superintendant","ATANE Engineers, Architects and Land Surveyors, D.P.C.","CIVIL ENGINEERING"
8134,"030","business analyst","ConsultAdd Inc.","BACHELOR OF ENGINEERING ELECTR"
8192,"030","software engineer","DSSC CONSULTING LLC","INFORMATION TECHNOLOGY MANAGEM"
8328,"163","regional sales manager","SCHNEIDER ELECTRIC IT CORPORATION","ELECTRONICS ENGINEERING"
8444,"","global portfolio leader","Cargill Incorporated","BUSINESS ADMINISTRATION"
8563,"003","signaling commissioning engineer","Hitachi Rail STS USA, Inc.","ELECTRICAL ENGINEERING"
8834,"030","system and network administrator","Fierce Solution, LLC.","ELECTRICAL ENGINEERING"
9082,"030","software engineer","Google LLC","COMPUTER SCIENCE"
9169,"030","sr software engr technical support","MarkLogic Corporation","APPLIED COMPUTER SCIENCE"
9287,"199","associate business development man","Bertelsmann, Inc.","BUSINESS ADMINISTRATION"
9791,"030","sr software test engineer","SAHI SOFTTECH INC.","COMPUTER SCIENCE"
9841,"186","market liquidity and capital risk","Regions Bank","MBA FINANCIAL ANALYSIS AND MOD"
9849,"039","product manager","Adobe Inc.","ENGINEERING MANAGEMENT BUSINES"
10000,"030","software quality assurance enginee","Info way Solutions LLC","G"
11031,"031","machine learning engineer","SuperMediaFuture Corp.","ROBOTICS"
11168,"030","architect","Tata Consultancy Services Limited","COMPUTER INFORMATION SYSTEMS"
11457,"007","staff engineer","Becton, Dickinson and Company","MECHANICAL ENGINEERING"
11534,"001","architectural designer","Aedis Inc.","ARCHITECTURE"
11860,"030","software engineer iii","WAL-MART ASSOCIATES, INC.","ELECTRICAL ENGINEERING & COMPU"
12021,"001","landscape engineer","TS Studio","LANDSCAPE ARCHITECHURE"
12653,"030","software engineer","UBER TECHNOLOGIES, INC.","COMPUTER SCIENCE"
12940,"030","software engineer","Mphasis Corporation","BACHELOR OF SCIENCE IN COMPUTE"
13384,"169","manager","Deloitte Consulting LLP","ELECTRONIC ENGINEERING"
13911,"001","architectural designer","KYU SUNG WOO ARCHITECT INC","ARCHITECTURAL"
13943,"020","data analyst","RELX, Inc.","STATISTICS"
14771,"030","software engineer","Zenaide Technologies, Inc.","COMP SCIENCE"
14794,"012","industrial engineer","Hagen & Company, Inc.","MECHANICAL ENGINEERING"
14916,"001","designer","AU Workshop","DESIGN"
15529,"020","trader","MPG Operations LLC","MATHEMATICS AND PHYSICS"
15707,"033","mgr jc50 computer systems engineer","Cognizant Technology Solutions US Corp","COMPUTER ENGINEERING"
15911,"030","qa automation test lead","IBM Corporation","BACHELOR OF SCIENCE IN COMPUTE"
16004,"030","researcher","Wormpex AI Research, LLC","ELECTRICAL & COMP ENGRG"
16058,"169","risk mgt specialist","Sun West Mortgage Company Inc.","ELECTRONICS ENGINEERING"
16149,"030","senior software engineer","Affirmed Networks, Inc.","INFORMATION SYSTEMS"
16438,"030","analyst testing","Tata Consultancy Services Limited","SOFTWARE ENGINEERING"
18087,"039","5g radio frequency engr","Mojo Solutions and Services MSS LLC","COMPUTER SCIENCE"
18312,"030","software development engineer i","AMAZON ROBOTICS LLC","COMPUTER SCIENCE"
18585,"030","software development engineer","Dataguise, Inc.","COMPUTER SCIENCE"
19564,"030","programmer analyst","Wipro Limited","INFORMATION TECHNOLOGY"
19629,"030","member of technical staff","VMware, Inc.","COMPUTER SCIENCE"
19661,"019","interior designer","RAD Design Group LLC","INTERIOR ARCHITECTURE"
19767,"030","developer","InterSystems Corporation","DOUBLE MAJOR COMPUTER SCIENCE"
19886,"030","mechanical engineers ii","HCL America Inc","MECHANICAL ENGINEERING"
19994,"001","architect 1","J. Bradley Architects, LLC","ARCHITECTURE"
20389,"030","systems analyst","JK Moving Services Inc.","COMPUTER SCIENCE"
20432,"030","systems analyst","Birlasoft Solutions, Inc.","INFORMATION TECHNOLOGY"
20587,"030","site reliability engineer","Google LLC","COMPUTER SCIENCE"
20665,"030","software developer mainframe","SOFTOVA INC","COMPUTER SCIENCE"
20750,"030","sap hybris solutions architect","Mobolutions LLC","COMPUTER SCIENCE"
20854,"030","data operations analyst","COOSEMANS TAMPA, INC","COMPUTER SCIENCE"
20953,"032","software developer it analyst","AA TECH GROUP LLC","MANAGEMENT"
21187,"030","pro data scientist","AT&T SERVICES, INC.","BUSINESS ANALYTICS BACHELOR DE"
21379,"160","accountant","GrubMarket, Inc.","ACCOUNTANCY"
21564,"007","mechanical engineer in training ei","DOTEC Corporation","MECHANICAL ENGINEERING"
22037,"030","software development engr in test","VST Consulting, Inc.","ENGINEERING"
23411,"003","component design engineer","Intel Corporation","ELECTRICAL & COMPUTER ENGINEER"
23509,"039","senior ux designer","Edenspiekermann LA Corp.","APPLIED SCIENCE"
23587,"030","network engineer","BYTEDANCE INC.","COMPUTER SCIENCE"
23646,"007","scanner engineer","Bastian Solutions LLC","MECHANICAL & AEROSPACE ENGINEE"
23877,"030","ui developer","i28 Technologies Corporation","ELECTRICAL AND ELECTRONICS ENG"
24219,"023","staff engineer hardware developmen","WESTERN DIGITAL TECHNOLOGIES, INC.","MATERIALS ENGINEERING"
24333,"029","statistical quantitative analyst","Truist Bank","MATHEMATICAL RISK MANAGEMENT"
25620,"003","commissioning engineer","TRC Environmental Corporation","ELETRICAL ENGINEERING"
26125,"030","senior java developer","Henry Schein One, LLC","INFORMATION TECHNOLOGY"
26367,"001","architectural designer","Backen & Gillam Architects","ARCHITECTURE"
26404,"160","junior quantitative analyst","Ergoteles LLC","FINANCE"
26589,"141","digital design art director","Karya Property Management LLC","FINE ARTS PAINTING AND DRAWING"
26862,"003","component design engineer","Intel Corporation","ELEC ENGRG APPLIED PHYSICS"
26940,"030","software development engineer i","AMAZON DEVELOPMENT CENTER U.S., INC.","COMPUTER SCIENCE"
26970,"030","software developer","SAIPSIT, Inc","COMPUTER SCIENCE & ENGINEERING"
28136,"183","product manager","UBER TECHNOLOGIES, INC.","BUSINESS ADMINISTRATION"
28812,"162","supply chain analyst","REGAL HOME COLLECTIONS, INC","SUPPLY CHAIN MGMT"
28929,"184","program mgr","Tesla, Inc.","INDUSTRIAL ENGINEERING"
29892,"030","software engineer","TEKREANT, INC","ELECTRICAL ENGINEERING"
30148,"030","software developer","Ancestry.com Operations, Inc.","COMPUTER SCIENCE"
30326,"030","java developer","Citratek Inc.","COMPUTER INFO SCIENCE"
30568,"005","project engineer","ALCO BUILDING SOLUTIONS","CIVIL ENGINEER"
30662,"050","risk operations analyst","Jefferies LLC","STATISTICS"
30691,"030","software engineer","Intel Corporation","COMPUTER SCIENCE & ENGINEERING"
30807,"030","programmer analyst ii","HCL America Inc","INFORMATION TECHNOLOGY"
31171,"007","mechanical engineer","CV Designers Inc.","MECHANICAL ENGINEERING"
31792,"030","software engineer","Microsoft Corporation","ELECTRONIC ENGINEERING"
31927,"029","chief scientist","Syzygy Plasmonics Inc.","CHEMISTRY"
31942,"119","legal consultant","Davis Polk & Wardwell LLP","LAW"
32006,"030","software engineer","AGREEYA SOLUTIONS INC.","CYBERSECURITY"
32615,"030","technology architect us","Infosys Limited","BIO INFORMATICS"
33428,"030","database administrator","Paralogic Technologies LLC","BUSINESS ADMINISTRATION"
33725,"030","data engineering consultant","Accenture LLP","BUSINESS ANALYTICS"
33912,"039","management associate","Mastercard International Incorporated","BUSINESS ADMINISTRATION"
34101,"030","test engineer","Tata Elxsi Limited","COMPUTER ENGINEERING"
34114,"","director of marketing and intake","Klein & Babbitt, LLC","MASTER OF LAWS"
34327,"019","dental material engineer","DENTCA INC","MECHANICAL ENGINEERING POLYMER"
34399,"030","software engineer","Motor Vehicle Software Corporation","INFO TECHNOLOGY"
34436,"030","professional programmer analyst","Computer Sciences Corporation","INFORMATION TECHNOLOGY"
34466,"003","senior member of technical staff i","Maxim Integrated Products, Inc.","ELECTRICAL ENGINEERING"
34912,"030","software development enginer i","Amazon.com Services LLC","COMPUTER SCIENCE"
35083,"020","principal biostatistician","Novartis Pharmaceuticals Corporation","STATISTICS"
35357,"049","research scientist","LACTALIS AMERICAN GROUP, INC.","AGRICULTURE & LIFE SCIENCE FOO"
35418,"030","researcher","Microsoft Corporation","ELECTRONIC ENGINEERING"
35540,"030","technical consultant","Yardi Systems, Inc.","COMPUTER SCIENCE"
35752,"030","computer info systems mgr","Apple, Inc.","MECHANICAL MANUFACTRING & AUTO"
36041,"030","apps systems engineer 6","VISTA APPLIED SOLUTIONS GROUP INC","COMPUTER SCIENCE"
36081,"030","software engineer sap","eNcloud services LLC","MBA FINANCE"
36456,"020","quantitative developer","Beacon Platform Incorporated","COMPUTATIONAL FINANCE"
36556,"030","developer i","Insurance Services Office, Inc.","INFORMATION MANAGEMENT"
37074,"072","denitst","DR. MINGHAO ERIC CHEN, P.C.","DENITISTRY"
37262,"","team leader engineering pm1","Schlumberger Technology Corporation","OPERATION RESEARCH"
37293,"039","software developer applications","Ciber Global LLC","COMPUTER SCIENCE AND ENGINEERI"
37440,"003","modern software engineer","Qualcomm Technologies, Inc.","ELECTRICAL & COMPUTER ENGINEER"
37806,"030","software developer applications","Apple, Inc.","COMPUTER ENGINEERING"
37819,"030","sap systems analyst functional","FLUXTEK SOLUTIONS INC.","MASTER S IN INDUSTRIAL ENGINEE"
38270,"030","software developer","COMPUNNEL SOFTWARE GROUP INC","COMPUTER SCIENCE"
38551,"186","manager finance","Kraft Foods Group Brands LLC","BUSINESS ADMINISTRATION FINANC"
38836,"001","architect i","Aedis Inc.","ARCHITECTURE"
38857,"131","pharmacy mgmt analyst","Unipharma Inc.","BUSINESS ADMINISTRATION"
38894,"030","manager","Capgemini America, Inc.","ELECTRONIC ENGINEERING"
38934,"160","staff accountant","Woda Cooper Companies Inc.","ACCOUNTING"
39127,"030","computer systems analyst","Soothsayer Analytics LLC","BACHELOR OF TECHNOLOGY"
39550,"030","software developer","Orrba Systems LLC","COMPUTER SCIENCE"
39568,"001","landscape designer","Walker Macy LLC","LANDSCAPE ARCHITECTURE"
39668,"020","quantitative data scientist","r4 Technologies Inc.","MSTRS IN APPLIED STAT / BACHEL"
39911,"012","amo maintenance planner","Baker Hughes Company","INDUSTRIAL ENGINEERING"
40059,"050","quantiative analyst","Gladius Capital Management LP","COMPUTATIONAL FINANCE"
40430,"030","software engineer","Google LLC","COMPUTER SCIENCE"
40650,"","program manager","Commonwealth Electrical Technologies Inc","ENERGY SYSTEMS"
40707,"020","royalty analyst","HDMI Licensing Administrator, Inc.","PUBLIC ADMINISTRATION & FINANC"
40770,"030","software engineer","Red Hat, Inc.","COMP SCI"
40878,"030","ios developer","Dataquad Inc.","COMPUTER NETWORKING"
41298,"031","sr asso software developers applic","Cognizant Technology Solutions US Corp","COMPUTER ENGINEERING"
41590,"030","senior software developer","Envision InfoSolutions Inc","COMPUTER SCIENCE"
42104,"001","landscape designer","SWA Group","LANDSCAPE ARCHITECTURE"
42347,"160","audit and assurance assistant","Deloitte & Touche LLP","ACCOUNTING"
42996,"019","clinical data programmer biomedica","Agios Pharmaceuticals, Inc.","BIOMEDICAL ENGINEERING"
43149,"030","sales operations ii","AMAZON WEB SERVICES, INC.","BUSINESS ANALYTICS"
43176,"007","sales enigneer","Soltec America, LLC","MECHANICAL ENGINEERING"
43401,"030","software developer","IT Hoppers, Inc","INFORMATION SYSTEMS & SECURITY"
44350,"005","field engineer","M. A. Mortenson Company","MECHANICAL ENGRG"
44475,"030","software engineer ii","Credit Karma, Inc.","COMPUTER SCIENCE"
44516,"005","environmental engineer","Rocky Mountain Engineering and Surveying, LLC","ENGINEERING AND APPLIED SCIENC"
44826,"019","mechanical engineer","Intuitive Surgical Operations, Inc.","MECHANICAL ENGINEERING"
45146,"039","c sharp net engineer","Axxess Consult Inc.","COMPUTER SCIENCE"
46000,"030","software engr","Gracenote Media Services, LLC","COMPUTER SCIENCE"
46032,"182","assistant project manager","Christopher Glass & Aluminum, Inc.","CONSTRUCTION ENGINEERING AND M"
46142,"199","senior data analyst","Capital One Services, LLC","INFORMATION AND COMMUNICATIONS"
46433,"030","rf engineer","Unified Business Technologies, Inc.","BACHELOR OF SCIENCE IN TELECOM"
46435,"033","sr asso jc60 sqa engineers teste","Cognizant Technology Solutions US Corp","ELECTRONIC ENGINEERING"
46653,"050","tax itts transfer pricing senior","Ernst & Young U.S. LLP","DOCTOR OF PHILOSOPHY IN ECONOM"
46704,"030","technology lead us","Infosys Limited","COMPUTER SCIENCE ENGINEERING"
47454,"","software engr","CREST360, INC","MASTER OF SCIENCE INFO SYSTEMS"
47693,"031","enterprise applications analyst","Boveda, Inc.","MATHEMATICS"
47904,"030","java backend developer","Enfec, LLC","COMPUTER ENGINEERING"
48028,"030","quality engineer","Stark Associates, LLC.","INDUSTRIAL ENGINEERING"
48631,"003","electrical engineer","Palmer Beverage Solutions LLC","ELECTRICAL ENGINEERING"
48870,"003","asics engineer","Qualcomm Technologies, Inc.","COMPUTER ENGINEERING"
49263,"030","associate business intelligence","Santander Consumer USA Inc.","INFO TECH & MGMT"
49839,"003","electrical engineer","T. Y. Lin Int'l Engineering&Architecture","ELECTRICAL ENGINEERING"
50433,"007","structural mechanics simulation sc","W.L. Gore & Associates, Inc.","MECHANICAL ENGINEERING"
50849,"161","senior associate","Avant Energy, Inc.","MASTER OF BUSINESS ADMINISTRAT"
51418,"030","consultant","Deloitte Consulting LLP","COMPUTER ENGINEERING"
51657,"030","application developer","IBM Corporation","BACHELOR OF SCIENCE IN COMPUTE"
52101,"030","lead consultant us","Infosys Limited","PRODUCTION ENGINEERING SYSTEM"
53726,"001","landscape designer","SWA Group","LANDSCAPE ARCHITECTURE"
54096,"160","analyst","Goldman Sachs & Co LLC","ECONOMICS"
54152,"109","data scientist","Axbio, Inc.","PHYSICS"
54285,"141","textile and graphic designer","Envogue International LLC.","SURFACE IMAGING"
54347,"039","software engineer","ATOS SYNTEL INC","BACHELOR OF TECHNOLOGY DEGREE"
54527,"030","software development engineer","Mitchell International, Inc.","TECHNOLOGY"
54865,"039","delivery optimization engineer","E-IT PROFESSIONALS CORP.","COMPUTER & INFORMATION SYSTEM"
54952,"","hr specialist","Truefresh HPP LLC","MASTERS IN INTERNATIONAL MARKE"
55262,"030","senior data scientist","IBM Corporation","BUSINESS INTELLIGENCE AND DATA"
55287,"030","it project manager ii","HCL America Inc","MANAGEMENT INFORMATION SYSTEMS"
55520,"189","growth analyst","2ND KITCHEN INC.","BUSINESS MANAGEMENT"
55587,"033","solution architect ii","Persistent Systems Inc","APPLIED COMPUTER SCIENCE"
55793,"020","sr sas programmer","NexPro Technologies, Inc.","ANALYTICS"
55823,"030","software developer net","Appridat Solutions LLC","COMPUTER SCIENCE"
56274,"030","solution engineer i","The Most Group, Inc.","MANAGEMENT INFORMATION SYSTEMS"
56649,"030","computer systems analyst","IIT JOBS INC.","INFORMATION SYSTEMS"
56780,"030","computer specialist system support","Accenture LLP","COMPUTER INFORMATION SYSTEMS"
56988,"","software developer","Randstad Technologies, LLC","INFO SYSTEMS SECURITY"
57810,"022","research assistant","Sorrento Therapeutics, Inc.","MASTER OF SCIENCE IN CHEMISTRY"
58547,"099","instructional coordinator","New Arts","FINE ARTS DANCE"
59323,"030","java developer","The Hatch Group, LLC","COMPUTER SCIENCE"
59737,"","ui developer","Conflux Systems Inc.","COMPUTER SYSTEMS AND INFORMATI"
59740,"076","speech language pathologist","Interface Rehab, Inc.","COMMUNICATION SCIENCES AND DIS"
60076,"030","architect","Tata Consultancy Services Limited","COMPUTER SCIENCE"
60244,"001","project designer","HPA, Inc.","ARCHITECTURE"
60427,"030","software engineer cyber secruity e","MOORE INFOTECH INC","COMPUTER SCIENCE"
60617,"","software developer","SUN CLOUD LLC","COMPUTER SCIENCE"
60656,"079","sterile packaging engr","WishBone Medical, Inc.","PACKAGING"
60862,"030","hardware development engineer","Apple, Inc.","ELECTRICAL ENGINEERING"
60900,"161","consultant","The Boston Consulting Group, Inc.","CHEMISTRY"
61369,"199","innovation specialist","McKinsey & Company, Inc. United States","STRATEGIC MGMT"
61832,"998","information security analyst","AON STAFFING LLC","MASTER OF SCIENCE IN INFORMATI"
62110,"141","commercial industrial designer","IKD Inc.","ARCHITECTURE LANDSCAPE INTERIO"
62215,"030","test engineer ii","TAPQA, LLC","COMPUTER SCIENCE"
62722,"169","marketing business development a","Grabr Inc.","BUSINESS ADMIN"
62960,"050","market research analyst","Kenko Freight Systems, Inc.","BUSINESS ADMIN"
63046,"030","software developer","Everest Technologies, Inc.","COMPUTER ENGINEERING"
63782,"189","product manager","Cisco Systems, Inc.","BUSINESS ADMINISTRATION"
63792,"076","occupational therapist","Interface Rehab, Inc.","OCCUPATIONAL THERAPY"
64473,"030","software development engin ii","Amazon.com Services LLC","COMPUTER SCIENCE"
64517,"030","software development engineer ii","Amazon.com Services LLC","COMPUTER ENGINEERING"
65645,"033","security analyst","Systems Management Consulting LLC","COMPUTER SCIENCE & INFO TECHNO"
65726,"110","law clerk","Lorraine D'Alessio, PLC","LAW"
66123,"030","software site reliability engr","Staxa Technologies LLC","SCIENCE"
66373,"030","application engineer","Stellar IT Solutions LLC","LINGUISTICS"
66401,"030","software engineer","Cisco Systems, Inc.","COMPUTER SCIENCE"
66563,"001","design staff ii architectural proj","BOWER LEWIS THROWER ARCHITECTS, LTD","ADVANCED ARCHITECTURAL DESIGN"
66707,"039","data engineer i","Mitek Systems, Inc.","DATA INFORMATICS"
66764,"030","software engineer","Neutron Holdings Inc.","BIOTECHNOLOGY INNOVATION AND C"
67263,"030","software developer","Galax-eSystems Corporation","INFORMATION TECHNOLOGY MANAGEM"
67592,"141","ux ui product design engineer","AlphaMD.ai Inc.","COMPUTER SCIENCE"
67959,"030","simulia r d development mgr","DASSAULT SYSTEMES SIMULIA CORP.","COMPUTATIONAL MECHANICS"
67969,"030","application developer","RJT Compuquest Inc. dba Apolis","MASTER OF INFO TECH & MGT"
68150,"169","fso senior it risk assurance techn","Ernst & Young U.S. LLP","INFORMATION SYSTEMS AUDIT AND"
68333,"030","software developer","Swift Tech LLC","COMPUTER SCIENCE AND ENGINEERI"
68695,"030","android developer mobile app devel","Apptrics, LLC","COMPUTER SCIENCE & INFORMATION"
68826,"001","architectural designer","Backen & Gillam Architects","ARCHITECTURE"
68923,"030","software development eng in test","Prophecy Consulting","INFORMATION TECHNOLOGY"
69179,"005","sr quality assurance engineer","DPR Construction, A General Partnership","CIVIL & ENVIRONMENTAL ENGINEER"
69202,"050","marketing specialist","Nishan Press, INC.","BUSINESS ADMINISTRATION"
69891,"007","project engineer","FEV North America, Inc.","AUTOMOTIVE ENGINEERING"
70025,"030","software engr backend","Coinbase, Inc.","SOFTWARE ENGINEERING"
70586,"001","architectural interm","Hood Thomas Architects","ARCHITECTURE"
71110,"030","software engineer","Rockwell Automation Inc.","ELECTRONIC ENGINEERING"
71264,"030","software development engineer i","AMAZON DATA SERVICES, INC.","COMPUTER AND INFORMATION SCIEN"
71348,"169","market research data analyst","Crazy Maple Studio, Inc.","APPLIED ECONIMICS"
71757,"110","staff attorney","Learning Rights Law Center","JURIS DOCTOR"
71875,"160","fso advisory staff actuarial servi","Ernst & Young U.S. LLP","BUSINESS & SCIENCE"
71905,"030","sr functional consultant","Accenture LLP","COMPUTER SCIENCE"
72249,"007","perception software engineer","AUTOX TECHNOLOGIES, INC.","MECHANICAL ENGINEERING"
72414,"012","reliability engineer","Medtronic, Inc.","APPLIED ENGINEERING AND TECH"
72724,"119","law clerk","Debevoise & Plimpton LLP","LAW"
73075,"092","associate chinese teacher","Avenues New York LLC","COGNITIVE SCIENCE IN EDUCATION"
73085,"003","member of the technical staff elec","Mobiveil, Inc","ELECTRICAL ENGINEERING"
73216,"030","software developer","ASB INFOTECH LLC","SCIENCE"
75559,"030","software development engineer i","Amazon.com Services LLC","ELECTRICAL AND COMPUTER ENGINE"
75680,"030","sap supply chain analyst","Kabeer Consulting, Inc.","INFO SYSTEMS SECURITY"
75943,"033","solutiondelivery advisor","Deloitte & Touche LLP","INFORMATION TECH AUDITING AND"
76750,"142","interior designer","W. CHAPMAN DESIGN INC","INTERIOR DESIGN"
77013,"003","electrical engineer","Schlumberger Technology Corporation","ELECTRICAL ENGINEERING"
77150,"001","architectural intern","Thalden Corporation","ARCHITECTURE"
77495,"030","programmer analyst","Orasys, LLC","SOFTWARE ENGINEERING"
77575,"030","software engineer","Verdant Robotics, Inc.","COMPUTER SCIENCE"
77899,"","architectural designer","Gregg Wies & Gardner Architects LLC","ARCHITECTURE"
77941,"039","technical lead","Tata Consultancy Services Limited","APPLIED COMPUTER SCIENCE"
78101,"003","fpga design engineer","Morgan Advanced Programmable Systems Inc","ELECTRICAL ENGINEERING"
78368,"030","application developer","IBM Corporation","BACHELOR OF SCI IN COMP SCI"
78408,"160","accountant","Liao, Kin & Company, P. C.","ACCOUNTING ANALYTICS"
78469,"030","consulting engineer","Cisco Systems, Inc.","TELECOMMUNICATIONS"
78494,"030","computer programmer","Tech Mahindra Americas Inc","INFORMATION TECHNOLOGY"
78516,"031","data engineer etl","Shipt, Inc.","INFORMATION SYSTEMS"
78557,"012","applications engineering sales mgr","Mayekawa USA, Inc.","ELECTRICAL ENGINEERING"
78917,"030","sr network engineer","Oath Holdings Inc.","MANAGEMENT INFORMATION SYSTEMS"
78939,"030","engineer sr","Nordstrom, Inc.","COMPUTER SCIENCE"
79023,"039","oracle database admin","ABN TECH CORPORATION","COMPUTER SCIENCE"
79239,"030","senior consultant","Oracle Financial Services Software, Inc.","COMPUTER SCIENCE"
79410,"998","sr manager interactive development","Sapient Corporation","TECHNOLOGY"
79433,"041","associate bioinformatics scientist","PGEN Therapeutics, Inc.","BIOLOGY BIOINFORMATICS AND SYS"
79468,"030","software developer","Hulu, LLC","COMPUTER SCIENCE"
79611,"030","technology lead us","Infosys Limited","COMPUTER APPLICATIONS"
79651,"030","software dev engineer i","Amazon.com Services LLC","COMPUTER SCIENCE"
79670,"030","java developer","Reliant Vision Group, Inc.","COMPUTER SCIENCE & INFORMATION"
80167,"007","project engineer","Aire Sheet Metal, Inc.","ENGINEERING MANAGEMENT"
80421,"186","risk management specialist","United Auto Credit Corporation","APPLIED ANALYTICS"
80460,"001","landscape designer","Tom Leader Studio Incorporated","LANDSCAPE ARCHITECTURE"
80853,"030","manager iii software developement","Amazon.com Services LLC","COMPUTER ENGINEERING"
80930,"030","cloud site reliability engineer","VMware, Inc.","ELECTRICAL ENGINEERING"
81207,"030","big data administrator","LAVSUN Technologies, Inc.","COMPUTER SCIENCE"
81486,"030","software development engineer i","Amazon.com Services LLC","ELECTRICAL & COMPUTER ENGINEER"
81606,"","financial analysts","HEYDAY INVESTMENT INC.","BUSINESS"
82234,"030","software developer","EZSHRED LLC.","ENGINEERING COMPUTER SCIENCE"
82280,"030","technology consultant","Slalom, LLC","ELECTRONIC ENGINEERING"
82362,"030","technology analyst us","Infosys Limited","COMPUTER SCIENCE & ENGINEERING"
82456,"030","software engineer","Saggi Solutions Inc","ELECTRICAL ENGINEERING"
83426,"030","sr automated tester","NewWave Telecom and Technologies, Inc.","COMPUTER INFORMATION SYSTEMS"
83523,"008","process development scientist","Eat Just,  Inc.","AGRICULTURAL & BIOLOGICAL ENGI"
83891,"199","analyst","BofA Securities, Inc.","HOTAL ADMINSTRATION"
84206,"030","sr solution architect","Salesforce.com, Inc.","COMPUTER APPLICATIONS"
84607,"007","product engineer","AFE, Inc.","MECHANICAL ENGINEERING"
84735,"039","it project manager","Egrove Systems Corporation","BACHELOR OF TECHNOLOGY"
84889,"","nurse registered nurse","Elhameh Allamehzadeh DDS Inc A Dental Co","BACHELOR OF SCIENCE IN NURSING"
84993,"005","staff engineer","Fugro USA Land, Inc.","CIVIL ENGINEERING"
85272,"030","software engineer","Microsoft Corporation","COMPUTER ENGINEERING"
85367,"030","compliance specialist","I3 Infotek, Inc.","CHEMISTRY"
85603,"030","sr applications programmer devlpr","Ciber Global LLC","COMPUTER SCIENCE"
85653,"030","functional consultant","Tata Consultancy Services Limited","COMP INFO SYSS"
85825,"031","manufacturing engr","Intellectt, Inc.","MECHANICAL ENGINEERING"
87002,"030","clinical data engineer","Devansh Lab Werks Inc","INFORMATION TECHNOLOGY MANAGEM"
87085,"","devops engineer","CREST360, INC","MASTER OF SCIENCE INFORMATION"
87197,"078","clinical laboratory scientist","Management Health Systems, LLC","MEDICAL TECHNOLOGY"
87296,"030","software engineer","Dow Jones and Company, Inc.","COMPUTER SCIENCE"
87396,"030","calidation engineer","AM Logic Corporation","INFUSTRIAL ENGINEERING"
87622,"020","data analyst i","Grubhub Holdings, Inc.","APPLIED ANALYTICS"
87786,"003","project engineer","BYD Coach and Bus LLC","AUTOMOBILE ENGINEERING"
87841,"012","internal quality engineer","Doosan Fuel Cell America, Inc.","INDUSTRIAL ENGINEERING"
87953,"030","data engineer","TechField LLC","MASTER OF ENGINEERING IN COMPU"
87966,"030","computer programmer","Hexaware Technologies Inc","COMPUTER SCIENCE"
87990,"030","senior consultant","Deloitte Consulting LLP","MBA"
88024,"020","data analyst iii","WAL-MART ASSOCIATES, INC.","BUSINESS ANALYTICS & PROJECT M"
88742,"030","sr software engr","Robert Bosch LLC","COMPUTER ENGINEERING"
89467,"030","big data developer specialist","Bhrigus Inc.","MS IN COMPUTER SCIENCE"
90158,"030","senior consultant","Deloitte Consulting LLP","COMPUTER ENGINEERING"
90682,"050","marketing consultant","Arya Diamond Jewellery USA Inc.","COMMERCE"
90808,"030","software engineer","UBER TECHNOLOGIES, INC.","COMPUTER SCIENCE"
91114,"030","software developement engineer","Tesla, Inc.","MECHANICAL ENGRG"
91312,"030","python developer","Avco Consulting, Inc","INFORMATION TECHNOLOGY"
91394,"030","software engineer","Google LLC","COMPUTER SCIENCE"
91730,"030","hris consultant","Lowe's Companies, Inc.","INFORMATION SYSTEMS"
91858,"030","net developer","Texperts Inc.","MASTER OF SCIENCE IN COMPUTER"
92514,"012","analyst 2 operation research","E. & J. Gallo Winery","INDUSTRIAL ENGINEERING"
92807,"020","statistical analyst i","Medpace, Inc.","BIOSTATISTICS"
92826,"030","infrastructure engineer","RJTECHGLOBAL INC","COMP INFO SYSS"
92861,"030","computer prgmr configurer 2","Accenture LLP","INFORMATION TECHNOLOGY"
94054,"030","software engineer","Facebook, Inc.","COMPUTER ENGINEERING"
94187,"039","data operations analyst","BlueCart, Inc.","BUSINESS ANALYTICS & PROJECT M"
94293,"030","software engineer","Yelp Inc.","COMPUTER SCIENCE"
94490,"030","manager iii software development","Amazon.com Services LLC","COMPUTER SCIENCE"
94795,"030","computer programmer analyst","EMPYRA.COM, INC.","MASTER OF ENGINEERING MGMT"
94992,"030","quality engineer","Intellectt, Inc.","INDUSTRIAL & HUMAN FACTORS ENG"
94998,"","xray ct application engineer valid","Nikon Metrology Inc","TECHNICAL PRODUCTION"
95405,"033","accountant","KDDI America, Inc.","ACCOUNTING"
95598,"007","mechanical engineer product","Alten Technology USA, Inc.","MECHANICAL ENGINEERING"
95655,"160","financial analyst","Zevia, LLC","APPLIED FINANCE"
95711,"160","tax consultant","Deloitte Tax LLP","FINANCE"
95768,"160","audit assurance senior assistant","Deloitte & Touche LLP","ACCOUNTING"
96133,"030","eds design engineer","Ciber Global LLC","MECHANICAL ENGINEERING"
96153,"110","associate lawyer","Baker Botts L.L.P.","LAW"
96780,"030","senior developer","IBM Corporation","BACHELOR OF SCIENCE IN INFORMA"
97728,"030","software engineer","TechStar Consulting Inc","COMPUTER SCIENCE AND ENGINEERI"
97894,"039","software developer","i2Data Systems, Inc.","COMPUTER SCIENCE AND ENGRG"
98154,"030","software engineer","INFO TRIANGLE TECHNOLOGIES INC","ENGINEERING MANAGEMENT"
98247,"186","vice president of finance","RedNight Consulting, Inc.","FINANCE"
98260,"076","speech language pathologist","Interface Rehab, Inc.","COMMUNICATION SCIENCES AND DIS"
98489,"030","software engineer","Vantage Point Consulting","COMPUTER SCIENCE ENGINEERING"
98717,"039","front end systems architect","Insubuy, Inc.","BACHELOR OF ENGINEERING IN COM"
98719,"030","software developer","Zai Global, Inc.","COMPUTER SCIENCE"
98779,"033","manager computer systems engineers","Cognizant Technology Solutions US Corp","ELECTRONIC ENGINEERING"
98819,"019","r d engr","TECO DIAGNOSTICS","BIOMEDICAL ENGR AND ELECTRICAL"
99314,"160","associate","Morgan Stanley & Co. LLC","BUSINESS ADMINISTRATION"
99477,"030","software developer","Oracle America, Inc.","COMPUTER SCIENCE"
99700,"039","technical support engineer","ServiceNow, Inc.","ELECTRICAL ENGINEERING"
99974,"030","software development engineer syst","Apple Inc","ELECTRICAL & COMPUTER ENGINEER"
100049,"003","technical lead sr electrical engin","Delta Electronics Americas Ltd.","POWER ENGINEERING & POWER ELEC"
100152,"039","database architecture","Tekcrew, Inc.","MSTR OF COMP APPS"
100685,"165","public relations specialist","Monty & Ramirez, LLP","MARKETING"
100767,"030","tools and automation engineer soft","Apple Inc","INFORMATION SCIENCE"
100946,"030","architect","Tata Consultancy Services Limited","APPLIED COMPUTER SCIENCE"
101170,"030","software development engineer i","Amazon Web Services, Inc.","COMPUTER SCIENCE"
101908,"076","mental health counselor","Humantold Psychotherapist LCSW","MENTAL HEALTH COUNSELING"
102002,"007","battery material scientist","Charge CCCV, LLC","ELECTRICAL ENGINEERING"
103457,"160","audit staf i accountant","MSL, P. A.","ACCOUNTING"
103502,"161","domain consultant l2","WIPRO LIMITED","COMPUTER SCIENCE & ENGINEERING"
104748,"030","sa systems consultant mm is reta","ATTUNE CONSULTING USA INC.","ENGINEERING EQUIVALENT COMPUTE"
106269,"059","lead manager data science","Starbucks Coffee Company","EDUCATIONAL PSYCH QUANTITATIVE"
106318,"038","program manager","Commonwealth Electrical Technologies Inc","ENERGY SYSTEMS"
106949,"039","quality assurance engineer ii","Amazon.com Services LLC","BUSINESS AND INFORMATION SYSTE"
107150,"030","engineer ii","Emonics LLC","INFORMATION SYSTEMS"
107426,"041","associate scientist","Alloy Therapeutics LLC","BIOLOGICAL SCIENCES"
107535,"033","senior associate computer systems","Cognizant Technology Solutions US Corp","COMPUTER ENGINEERING"
107666,"169","finance associate","PRI Operating, LLC","ENGINEERING"
107806,"","audit assurance sr assistant","Deloitte & Touche LLP","ACCOUNTING"
107849,"030","solutions consultant","Google LLC","MANAGEMENT"
107975,"020","analyst","Deutsche Bank Securities Inc.","DATA SCIENCE"
109373,"030","package solution consultant","IBM Corp","MASTER APPLIED COMPUTER SCI"
109507,"030","system analyst","Cognizant Technology Solutions US Corp","MASTER OF SCIENCE DEGREE IN CO"
109875,"","quality control analyst","ANIP Acquisitions, Inc.","CHEMISTRY"
109951,"030","systems analyst","UST GLOBAL INC","ENGINEERING"
110029,"030","application developer","IBM Corp","ELECTRONICS ENGINEERING"
110077,"030","software developemnt engineer syst","Apple Inc","INFORMATION SYSTEMS MANAGEMENT"
110090,"007","mechanical engineer","COOLRITE REFRIGERATION INC.","MECHANICAL ENGINEERING"
111004,"030","software development engineer grap","Apple Inc","WEB DESIGN AND NEW MEDIA"
111495,"029","polymer scientist","Eastern Tech LLC","POLYMER ENGINEERING"
111690,"003","president","Liberty Oilfield Services LLC","MECHANICAL ENGINEERING"
111908,"012","controls engineer","E2 Consulting Engineers, Inc.","INDUSTRIAL ENGINEERING"
112292,"039","sr software developer","Sri Technology Services, Inc.","B TECH INFORMATION TECHNOLOGY"
112442,"012","senior financial analyst","TripActions, Inc.","MASTERS OF BUS ADMIN"
113012,"030","software development engineer","Apple Inc","COMPUTER SCIENCE"
113075,"030","software dvlp engineer software","Adobe Inc.","INFORMATICS"
113505,"030","business systems analyst","Colsh Consultants, LLC.","INDUSTRIAL & SYSTEMS ENGINEERI"
114157,"030","lead technical specialist","Orrbasystems LLC","APPLIED COMPUTER SCIENCE"
114281,"019","thin film process dvlp engineer","Micron Technology, Inc.","MATERIALS SCIENCE AND ENGRG"
114282,"030","software engineer","Intel Corporation","CHEMICAL ENGINEERING"
114522,"030","sap technical consultant","SSTECH LLC","INFORMATION TECHNOLOGY"
114689,"159","digital line producer","CBS Interactive","JOURNALISM"
114778,"141","associate artist motion grpahics","Volt Management Corp","ANIMATION & DIGITAL ARTS"
114779,"030","software developer","TEKNATIO INC","COMPUTER SCIENCE"
114896,"030","software development engineer test","Apple Inc","ELECTRICAL & COMPUTER ENIGNEER"
115049,"020","financial engineer","Entagile llc","MATHEMATICS IN FINANCE"
115423,"030","software engineer","Google LLC","COMPUTER SCIENCE BIOTECHNOLOGY"
115594,"030","computer software developer","Larsen & Toubro Infotech Limited","BACHELOR ENGRG IN INFO TECH"
115606,"030","sap s4 hana technical consultant","Marvel Technologies Inc","BACHELOR ENGRG IN CMPTR SCI"
115637,"","sap solutions engineer","ASAR America Inc.","COMPUTER SCIENCE ENGINEERING"
115671,"030","computer programmer configurer","Accenture LLP","ELECTRONIC ENGINEERING"
115766,"030","senior engineer","Brillio, LLC","BACHELOR OF ENG INFO SCI ENGRG"
116445,"030","hardward development engineer mech","Apple Inc","THEORETICAL & APPLIED MECHANIC"
116850,"030","software engineer ii","Compass Washington, LLC","COMPUTER SCIENCE"
116892,"030","software development engineer","Fortinet, Inc.","ELECTRICAL AND COMPUTER ENGRG"
117267,"030","edi consultant","Tribis Inc","SOCIOLOGY"
117299,"003","electrical engr","Avidyne Corporation","ELECTRICAL ENGINEERING"
117672,"030","fe engineer 3","Apple Inc","ELECTRICAL & COMPUTER ENIGNEER"
117796,"030","power bi analyst","Cardinal Integrated Technologies Inc.","ENGINEERING AND TECHNOLOGY MAN"
117875,"169","senior manager i product mgmt","Wal-Mart Associates, Inc.","COMPUTER ENGRG AND BUS ADMIN"
118066,"186","finance analytics analyst","Tesla, Inc.","BUSINESS ANALYTICS"
118634,"041","research scentist and member of th","D. E. Shaw Research, LLC","PHARMACY/ PHYSICAL CHEMISTRY"
118646,"012","sr industrial engr","TIGRISITY INC","INDUSTRIAL ENGINEERING"
118855,"030","software development engineer appl","Apple Inc","ELECTRICAL & COMPUTER ENGINEER"
119570,"030","application developer","Signature Commercial Solutions, LLC","ELECTRICAL ENGINEERING"
119631,"030","software engineer","Microsoft Corporation","COMPUTER ENGINEERING"
119731,"030","distinguished engr","Apple Inc","SYSTEMS ENGINEERING"
119775,"041","food scientists technologists","Golden Platter Foods, Inc.","MSTR OF SCI IN PHARMACEUTICAL"
120480,"001","landscape designer","Aki Omi, LLC","LANDSCAPE ARCHITECTURE"
120553,"030","sr systems analyst","Cognizant Technology Solutions US Corp","COMPUTER SCIENCE"
120613,"030","machine learning enigneer","Apple Inc","COMPUTER ENGINEERIGN & COMPUTE"
120615,"030","software developer","Megan Soft, Inc.","COMPUTER APPLICATIONS"
121562,"030","research engineer","Amsted Rail Co., Inc.","MECHANICAL ENGINEERING"
121596,"","digital media developer","Trinitarian Bible Society","AUDIO VIDEO TECHNOLOGY"
121599,"132","content operations coordinator","NETSTAR US INC.","SPANISH LITERATURE"
121951,"020","analyst merchant growth analytics","Uber Technologies, Inc.","BUSINESS ANALYTICS"
122152,"030","architect","Tata Consultancy Services Limited","MECHANICAL ENGINEERING"
122236,"030","soc 15 1132","URSI TECHNOLOGIES INC","COMPUTER SCIENCE OR EQUIVALENT"
122261,"039","dot net developer","ATOS SYNTEL INC","MASTER IN CMPTR APPLICATIONS"
122708,"030","software development engineer test","Apple Inc","COMPUTER SCIENCE"
122811,"030","software engineer bi developer soc","URSI TECHNOLOGIES INC","COMPUTER SCIENCE OR EQUIVALENT"
122862,"189","director of research","FLAGLER INVESTMENT PARTNERS, LLC","FINANCE"
123963,"039","rpa developer","QBOTICA INC","BACHELOR OF ENGINEERING"
124403,"030","asso specialist technology","SYNECHRON INC","ELECTRONICS & TELECOMMUNICATIO"
124537,"032","software engineer","NarveeTech Inc","COMPUTER SCIENCE"
124544,"039","computer occupations all other","Terawe Corporation","BACHELOR OF TECH & MSTR IN COM"
124834,"033","advisory consultant","Deloitte & Touche LLP","INFORMATION SYSTEMS"
125504,"003","systems engineer","Wi-Tronix, LLC","ELECTRICAL ENGINEERING"
126269,"024","geological sample test","Lowa Gracas de Deus","GEOLOGY"
126474,"090","furnace operations engineer","Owens-Illinois General, Inc","CHEMICAL ENGINEERING"
126623,"078","medical technologist","Vintage Health Resources, Inc.","MEDICAL TECHNOLOGY"
126638,"110","associate","Weil, Gotshal & Manges LLP","JURIS DOCTOR"
127011,"186","associate","REVERE CAPITAL MANAGEMENT, LP","STATISTICS AND ANALYTICS"
127080,"019","product engineer","Halomine Inc.","MATERIALS SCIENCE & ENGINEERIN"
127154,"039","software engineer","HomeSpotter, LLC","COMPUTER SCIENCE"
127260,"","multimedia manager","Renee Sacks Associates, Inc.","DESIGN AND TECHNOLOGY"
127581,"030","software development engineer i","Amazon Web Services, Inc.","SOFTWARE ENGINEERING"
127624,"030","applied scientist computer vision","Zillow, Inc.","ELECTRICAL ENGINEERING"
127645,"030","staff hardware engineer","Qualcomm Technologies, Inc.","INFORMATION TECHNOLOGY"
128515,"030","manager","Cognizant Technology Solutions US Corp","ELECTRONIC ENGINEERING"
128561,"030","data scientist operations research","Apple Inc","INDUSTRIAL & SYSTEMS ENGINEERI"
128706,"050","growth marketing analytics lead","SlideRule Labs, Inc.","ECONOMICS"
129025,"020","performance tracking optimizatio","Deluxe Corporation","MATHEMATICS & ECONOMICS"
129038,"030","ar vr software development enginee","Apple Inc","COMPUTER SCIENCE"
129337,"030","ml research engineer","Apple Inc","ELECTRICAL ENGINEERING"
129401,"003","gpu engineer","Qualcomm Technologies, Inc.","COMPUTER SCIENCE"
129919,"030","validation consultant","Katalyst HealthCares & Life Sciences Inc.","CHEMISTRY"
130313,"039","software engineer","Iquest Solutions Corp","COMPUTER SCIENCE"
130475,"030","architect","Tata Consultancy Services Limited","COMPUTER INFORMATION SYSTEMS"
130648,"030","software developer","Tek Associates LLC","ELECTRONIC ENGINEERING"
130917,"172","engineer","Graycor Southern Inc.","CIVIL ENGINEERING"
130936,"030","developer","Mercury Financial LLC","COMPUTER SCIENCE"
131119,"030","business analyst","CRAVE INFOTECH LLC","TECHNOLOGY"
131306,"030","full stack java developer","Welkin Technologies LLC","ELECTRICAL AND ELECTRONICS"
131346,"005","staff engineer","Fugro USA Land, Inc.","CIVIL ENGINEERING"
131469,"030","software development engr","Apple Inc","BUSINESS ADMIN"
131536,"039","lead engineer","WIPRO LIMITED","INFORMATION TECHNOLOGY"
132063,"030","software developer","M3 GLOBAL INC","COMPUTER APPLICATIONS"
132470,"030","software development engineer","Apple Inc","COMPUTER SCIENCE"
132622,"030","technical program mgr","Apple Inc","MANUFACTURING ENGINEERING"
132627,"030","hardware develop engineer","Apple Inc","MECH ENGRG"
133154,"005","traffic operations engineer","AECOM TECHNICAL SERVICES, INC.","CIVIL ENGINEERING"
133483,"030","software developer","NEO TECH SOLUTIONS, INC.","ELECTRONICS ENGINEERING"
133755,"030","mobile developer","Srivin Infosystems Inc","INFORMATION TECHNOLOGY"
133913,"030","machine learning engineer software","Apple Inc","COMPUTER SCIENCE"
133936,"076","medical technologist","Davita Inc.","MEDICAL TECHNOLOGY"
134176,"164","marketing specialist","Charity Advertising and Marketing Partners, Inc.","COMMUNICATION STUDIES/MARKETIN"
134182,"","it product owner scrum master","Scottline LLC","COMPUTER ENGINEERING"
134421,"030","pega developer","Springshine Consulting, Inc.","COMPUTER SCIENCE"
134784,"030","advanced business analyst","Kforce, Inc","MANAGEMENT AND INFORMATION SYS"
134789,"030","software developer","Softtune Technologies Inc","COMPUTER TECHNOLOGY"
134889,"030","computer programmer 1","Xemelgo, Inc","COMPUTER SCIENCE"
135089,"005","project consultant highway enginee","Civil & Environmental Consultants, Inc.","CIVIL ENGINEERING"
135146,"030","engineering lead","viagogo Inc.","INFORMATION SYSTEMS"
135294,"030","software developer","SunLight Technologies Inc","MBA OPS SUPPLY CHAIN MGMT"
135369,"030","systems analyst","Cognizant Technology Solutions US Corp","INFO TECH & MGT"
135790,"141","animator designer ii","Buck Design LLC","GRAPHIC DESIGN"
136034,"","business analyst","A R Systems Inc.,","COMPUTER INFO SYSTEM"
136383,"164","marketing manager customer campaig","FIREWOOD MARKETING INC","MARKETING ANALYTICS"
136624,"030","implementation engineer","Apple Inc","ELECTRICAL & COMPUTER ENGINEER"
136857,"199","business systems analyst","Arvato Systems North America, Inc.","BUSINESS ADMIN"
136989,"030","design verification engineer elect","Apple Inc","ELECTRICAL ENGINEERING COMPUTE"
137981,"030","software engineer","Technivas LLC","INFORMATION SYSTEMS"
138741,"030","business intelligence analyst","Hvantage Technologies Inc","ELECTRICAL ENGINEERING"
139104,"040","animal scientist","Trans Ova Genetics L.C.","DOCTOR OF VETERINARY MEDICINE"
139287,"030","ar vr software development","Apple Inc","COMMUNICATIONS ENGINEERING"
140787,"030","software developer","Encore Software Services","ELECTRICAL ENGINEERING"
141412,"161","product manager","Intuit Inc.","PRODUCT MANAGEMENT"
141682,"","tech architecture delivery sr mgr","Accenture LLP","BUSINESS ADMIN & COMPUTER ENGI"
142248,"","ais identity svcs engineer","Eximius Systems Inc.","CYBER SECURITY"
142322,"","construction engineer","Juneau Associates, Inc, P.C.","CIVIL ENGINEERING"
142441,"030","software developer","Quber, Inc.","COMPUTER SCIENCE"
142672,"160","accountant","Anytrek Corporation","BUSINESS ADMINISTRATION"
142729,"039","software engineer ii","Domino Data Lab, Inc.","COMPUTATIONAL SCIENCES"
143812,"030","software developer","10 Bits LLC","COMPUTER SCIENCE"
144052,"039","software engineer","Salesforce.com, Inc.","ELECTRICAL CMPTR ENGRG"
144131,"110","associate","Cleary Gottlieb Steen & Hamilton LLP","LAW"
144336,"030","software development engr applicat","Apple Inc","BIO INFORMATICS TECH"
144653,"020","product mgmt spec private equity","Markit North America, Inc.","FINANCE"
144991,"030","software development engineer syst","Apple Inc","ELECTRICAL ENGINEERING"
145241,"","software engineer","Calabitek Inc","COMPUTER SCIENCE"
145591,"030","staff developer","Financial Industry Regulatory Authority, Inc","CYBERSECURITY"
145869,"030","data and applied scientist","Microsoft Corporation","INFORMATION SYSTEMS MANAGEMENT"
146448,"030","business systems analyst","Apple Inc","MGMT INFO SYSTEMS"
147255,"030","software development engineer","Apple Inc","COMPUTER ENGINEERING"
148323,"030","data scientist","Caremark, L.L.C.","INFORMATION TECHNOLOGY MGMT"
148660,"020","associate","PricewaterhouseCoopers LLP","ENGINEERING"
149088,"030","software development engineer soft","Apple Inc","COMPUTER SCIENCE AND MICROBIOL"
149491,"030","hi designer","Apple Inc","GRAPHIC DESIGN"
149577,"030","strategic business developer","Apple Inc","MANAGEMENT"
149795,"160","senior project accountant","LTS Managed Technical Services LLC","BUSINESS ADMINISTRATION AND MA"
150070,"030","solutions architect","SOURCE MANTRA, INC.","COMPUTER INFORMATION SCIENCE"
150464,"","it business consultant","PIONEER CONSULTING LLC","CHEMICAL ENGINEERING"
150611,"","qualified mental health profession","Empowering Youth for Positive Change","FRENCH & CLINICAL MENTAL HEALT"
150645,"030","full stack engineer","CLOUD BIG DATA TECHNOLOGIES LLC","MASTER OF SCI IN CMPTR SCI"
150651,"039","sr analyst sales operations analyt","Constant Contact, Inc.","MARKETING ANALYTICS"
150729,"030","engineering project manager","Apple Inc","TECHNOLOGY MANAGEMENT"
150823,"030","computer systems engineer","DEELAK REALTORS LLC","INFORMATION TECHNOLOGY"
151895,"030","power engineer electrical engineer","Apple Inc","ELECTRICAL ENGINEERING"
152106,"039","java developer","V2Soft Inc.","COMPUTER SCIENCE"
152976,"030","consultant us","Infosys Limited","ELECTRICAL ENGINEERING"
153309,"030","software engineer","CLOUD INFRA IT SOLUTIONS INC","COMPUTER INFORMATION SYSTEMS"
153939,"160","revenue operations","MODERN LIFE, INC.","BUSINESS ADMINISTRATION"
154240,"030","solutions consultant","Google LLC","FINANCE"
154606,"012","engineering associate","BrandFX, LLC","INDUSTRIAL TECHNOLOGY"
154696,"030","hardware systems engineer","Apple Inc","ELECTRICAL & COMPUTER ENGINEER"
154801,"030","software development engineer","Apple Inc","COMPUTER GRAPHICS & GAME TECHN"
155306,"030","machine learning research engineer","Apple Inc","ELECTRICAL & COMPUTER ENGINEER"
155645,"030","software engineering quality assur","Hewlett Packard Enterprise Company","ELECTRICAL ENGINEERING"
155664,"005","transportation consultant","IHS Global Inc.","CIVIL ENG WITH TRANSPORTATION"
155744,"003","software engineer","Stratifyd Inc","ELECTRICAL ENGINEERING"
156052,"039","software developer","indus business solutions, inc","INFORMATION TECHNOLOGY"
156121,"030","machine learning engineer","Apple Inc","COMPUTER SCIENCE"
156397,"161","sr product and business insights a","TINYBEANS USA LTD","APPLIED ANALYTICS"
156469,"030","senior backend data engineer","PhysIQ, Inc","MASTER IN BUSINESS ANALYTICS"
156705,"007","controls engineer","CNH Industrial America LLC","MECHANICAL ENGINEERING"
157003,"030","associate manager","Tredence Inc.","MASTER OF SCIENCE IN BUSINESS"
157022,"003","rf field intergration engineer","Fusion Solutions, LLC","ELECTRONIC ENGINEERING"
157225,"030","strategic business developer","Apple Inc","BUSINESS ADMINISTRATION"
157383,"030","software engineer mobile soc","URSI TECHNOLOGIES INC","COMPUTER SCIENCE"
157789,"039","programmer analyst","Wizdom IT Inc.","SOFTWARE ENGINEERING"
157980,"030","software developers applications","Apple Inc","BIOTECHNOLOGY"
158496,"030","research scientist engineer","Apple Inc","ELECTRICAL ENGINEERING"
158573,"030","specialized technology consulting","SYNECHRON INC","BUSINESS ANALYST & INFORMATION"
158859,"030","creative video producer","Interbiz Consulting LLC","MEDIA & CULTURAL STUDIES"
158893,"030","software development engineer syst","Apple Inc","INFORMATION SYSTEMS"
159049,"030","software development engineer","Apple Inc","INTERDISCIPLINARY DATA SCIENCE"
159402,"030","machine learnig research engineer","Apple Inc","COMPUTER SCIENCE"
159424,"030","hardware systems engineer electric","Apple Inc","ELECTRICAL ENGINEERING"
159787,"050","associate quantitative research","JPMorgan Chase & Co.","MATHEMATICS OF FINANCE"
160601,"030","asic design engineer electrical en","Apple Inc","ELECTRICAL ENGINEERING AND COM"
160620,"039","software engineer","Coinbase, Inc.","SCIENCE MANAGEMENT AND DATA SC"
161372,"160","senior accountant","Venture Back Office, LLC","MS-ACCOUNTING"
161452,"007","mechanical engineer","Gayner Engineers Corp.","MECHANICAL ENGINEERING"
162581,"030","power engineer","Apple Inc","COMPUTER ENGINEERING"
162663,"160","audit development program auditor","Regions Bank","INFORMATION SYSTEMS MANAGMENT"
164198,"030","software development engineer","MICHAELS STORES INC.","INFORMATION SCIENCE"
164397,"160","tax associate","Frank Rong CPA LLC","ACCOUNTING"
164640,"030","senior systems analyst","Cognizant Technology Solutions US Corp","COMPUTER INFO SYSTEMS"
164956,"030","big data developer","Lambdanets Services LLC","MS DEGREE APPLIED COMPUTER SCI"
164967,"020","data scientist","Capital District Physicians' Health Plan, Inc.","STATISTICS"
165138,"073","veterinarian dvm","AV Pet Cure Inc.","MASTER OF PREVENTIVE VETERINAR"
165241,"030","system administrator","Tata Consultancy Services Limited","INFORMATION TECHNOLOGY"
166377,"030","software developer engineer in tes","ConnectIQ Labs, Inc.","SOFTWARE ENGRG"
166538,"019","senior scientiest product","Kimberly-Clark Global Sales LLC","MANUFACTURING SYSTEMS MGMT"
166541,"030","programmer analyst","COGENT INFOTECH CORPORATION","COMPUTER SCIENCE"
166544,"029","data analyst","iSpring Water Systems, LLC","GLOBAL FINANCE"
166634,"030","machine learing engineer software","Apple Inc","MATHEMATICAL MODELING & COMPUT"
166840,"030","hardware development engineer","Apple Inc","ELECTRICAL ENGINEERING"
167145,"007","sr vehicle safety engineer","RIVIAN AUTOMOTIVE, LLC","INDUSTRIAL ENGINEERING"
167596,"022","formulation r d scientist","Perrigo Research and Development Company","PHARMACEUTICAL SCIENCES"
167826,"030","supply demand planner","Apple Inc","BUSINESS ADMINISTRATION"
168181,"030","software development engineer","Apple Inc","COMPUTER SCIENCE"
168471,"030","sdet soft dev engr in test soc","MOORE INFOTECH INC","COMPUTER SCIENCE"
168578,"030","implementation spec","Gaea Global Technologies, Inc.","ELECTRICAL ENGRG"
168856,"030","software quality assurance enginee","Ness USA Inc.","COMPUTER SCIENCE"
169346,"030","java developer","Baanyan Software Services, Inc.","COMPUTER SCIENCE"
169400,"030","jr computer systems engineer 1","Virtusa Consulting Service Pvt., Ltd.","COMPUTER SCIENCE"
169450,"007","occ mgr","JAD & Associates LLC","SCIENCE OF MECHANICAL ENGINEER"
169591,"030","software development engineer syst","Apple Inc","COMPUTER SCIENCE"
170050,"030","software developer","LOGISOFT TECHNOLOGIES INC.","COMPUTER NETWORKING"
170092,"020","statistician","The Northern Trust Company","BUSINESS ANALYTICS"
170189,"030","software development engineer","Apple Inc","COMPUTER SCIENCE"
170298,"030","software engineer","Advalent Inc","INFORMATION ASSURANCE"
170336,"012","quality engineer ii","Becton, Dickinson and Company","INDUSTRIAL SYSTEMS ENGINEERING"
170531,"160","accounting manager","JAD & Associates LLC","SCIENCE IN COMMERCE MAJOR IN A"
170685,"039","market research analyst","Marvel Marketers","INFORMATION TECHNOLOGY & ANALY"
171042,"019","exempt non officer","Credit Suisse Securities USA LLC","INFORMATION TECH MANAGEMENT"
171891,"","public relations specialist","QuiGig, Inc.","MEDIA ART AND DESIGN"
172776,"030","business systems analyst","Savvy IT Group Inc","AEROSPACE ENGINEERING"
172777,"030","coe expert","Nebula Partners LLC","APPLIED COMPUTER SCIENCE"
172959,"039","risk analyst catastrophe modeling","Beecher Carlson Insurance Services, LLC","ACTUARIAL SCIENCE"
174016,"030","analyst","Tata Consultancy Services Limited","MECHANICAL ENGINEERING"
174069,"030","computer system analyst","Universal System Technologies, Inc.","TECHNOLOGY"
174149,"164","market research analyst and spec","JForward Inc.","INTERNATIONAL STUDIES"
174537,"030","sr software developer","MINDSPACE INC","COMPUTER SCIENCE"
174644,"189","consultant","Bain & Company, Inc.","BUSINESS ADMINISTRATION"
174737,"039","database administrator","PRIOR MEDIA LLC","COMPUTER SCIENCE"
174837,"039","it governance risk compliance sp","Radisson Hospitality, Inc.","INFORMATION ASSURANCE"
175651,"045","school based clinician i","VOLUNTEERS OF AMERICA OF ALASKA","CLINICAL MENTAL HEALTH COUNSEL"
176879,"030","technology lead us","Infosys Limited","COMPUTER APPLICATIONS"
177137,"030","software development engineer i","Amazon.com Services LLC","COMPUTER SCIENCE"
177789,"030","powertrain virtual anallysis engin","TEC Group, Inc.","AUTOMOTIVE SYSTEMS ENGINEERING"
178011,"039","research scientist","JD Finance America Corporation","COMPUTER SCIENCE"
178125,"030","software driver engineer software","NVIDIA CORPORATION","COMPUTER SCIENCE"
178453,"030","salesforce developer onet 15 1132","URSI TECHNOLOGIES INC","COMPUTER SCIENCE OR EQUIVALENT"
179190,"030","software developer","Scientia Systems LLC","INFORMATION TECHNOLOGY"
179273,"039","database administrator iii","BOSTON PHARMA LLC","BUSINESS ADMINISTRATION"
179783,"030","software engineer","INDUR IT SOLUTIONS, INC.","COMPUTER TECHNOLOGY"
179871,"030","robotics software engineer","Piaggio Fast Forward Inc","ROBOTICS ENGINEERING"
179916,"003","electrical engineer","JAD & Associates LLC","ELECTRICAL ENGINEERING"
180388,"030","software engineer","Uber Technologies, Inc.","ROBOTICS MECHANICAL ENGINEERIN"
180629,"030","big data developer","Sacrosanctinfo LLC","COMPUTER SCIENCE"
181025,"033","manager computer systems engineer","Cognizant Technology Solutions US Corp","BUSINESS ANALYTICS"
181151,"030","sr business intelligence analyst","ON DEMAND AGILITY SOLUTIONS INC.","ELECTRICAL ENGINEERING"
182290,"160","staff accountant","Chen & Fan Accountancy Corporation","ACCOUNTANCY"
183167,"005","cost estimator","Lunacon Engineering Group, Corp.","MASTER OF SCIENCE IN CONSTRUCT"
183386,"160","staff accountant","AMERICAN FUTURE TECH CORP","ECONOMICS AND ACCOUNTING"
183714,"007","hardware development engr","Apple Inc","MECHANICAL ENGINEERING"
183726,"030","sr software developer","EMC CONSULTING GROUP INC","MASTER OF BUSINESS ADMINISTRAT"
184232,"030","architect","Tata Consultancy Services Limited","COMP ENGRG"
184756,"030","manager","Cognizant Technology Solutions US Corp","APPLIED COMPUTER SCIENCE"
184823,"030","software development engineer","Apple Inc","ELECTRICAL & COMPUTER ENGINEER"
184886,"030","worldwide enterprise mobility part","Apple Inc","ECONOMICS & FINANCE"
185097,"030","software development engineer syst","Apple Inc","MECHANICAL ENGINEERING & COMPU"
185264,"030","software engineer","BRANTA GROUP INC","MANAGEMENT AND ACCOUNTING"
185579,"030","network engineer","Servesys Corporation","COMPUTER SCIENCE"
185634,"030","sr analyst analytics","Nestle Healthcare Nutrition, Inc.","BUS ANALYTICS & INFO MGT"
186540,"030","software engineer","Microsoft Corporation","COMPUTER SCIENCE"
186956,"001","design staff i","BOWER LEWIS THROWER ARCHITECTS LTD","ARCHITECTURE"
187012,"030","software engineer ii","Wal-Mart Associates, Inc.","COMPUTER SCIENCE"
187336,"030","application specific integrated ci","Apple Inc","ELECTRICAL ENGINEERING"
187352,"030","aem architect","Consult to Hire LLC","COMPUTER INFORMATION SYSTEMS"
187401,"030","senior systems analyst","Cognizant Technology Solutions US Corp","COMPUTER INFORMATION SYSTEMS"
187554,"030","software developer oracle applicat","eNcloud Services LLC","MASTER OF INTERNATIONAL BUSINE"
188105,"007","mechanical engineer","Joby Aero, Inc.","MECHANICAL ENGINEERING"
188176,"030","senior systems analyst","Cognizant Technology Solutions US Corp","ELECTRONIC ENGINEERING"
188463,"003","senior reliability engineer","Tesla, Inc.","INDUSTRIAL & SYSS ENGRG & STAT"
188648,"030","developer ii java","Gentis Solutions, LLC","INFORMATION SYSTEMS MANAGEMENT"
188914,"030","hi designer graphic designer","Apple Inc","INFORMATION & COMMUNICATION TE"
189100,"039","andriod developer","Quality Theorem LLC","COMPUTER SCIENCE & ENGINEERING"
189705,"030","machine learning engineer","Apple Inc","ELECTRICAL ENGINEERING"
189763,"007","mechanical engineer","SANTOPSEAL CORPORATION","BACHELOR OF TECHNOLOGY IN MECHANICAL ENGINEERING"
189863,"031","software engineer mts 3","Hughes Network Systems LLC","ROBOTICS AND AUTONOMOUS SYSTEMS"
189902,"169","ventures analyst","Plug and Play LLC","FINANCE"
189967,"030","user experience design specialist","SAP America, Inc.","INFORMATION"
190026,"022","growth associate","Eetho Brands Inc.","CHEMISTRY"
190040,"003","engineer","Siemens Industry Software Inc.","ELECTRICAL ENGINEERING"
190047,"030","web applications engineer","Designer Brands, Inc.","COMPUTER SCIENCE"
190049,"030","associate software engineer","JPMorgan Chase & Co.","APPLIED COMPUTER SCIENCE"
190053,"189","dir of tennis","HCC Mississippi, LLC","BUSINESS ADMINISTRATION"
190057,"030","sap abap crm principal consultant","Logic Loops LLC","US EQUIVALENT BACHELOR OF SCIENCE IN COMPUTER SCIENCE"
190065,"030","software consultant","Enrich Technology Inc","COMPUTER SCIENCE AND ENGINEERING"
190088,"030","it manager","CCL Label Inc.","IT MANAGEMENT"
190097,"030","software development engineer systems software developers sy","Apple Inc.","TELECOMMUNICATIONS"
190123,"030","hardware develop engineer mechanical engineer","Apple Inc.","MECHANICAL ENGINEERING"
190252,"041","research scientist","New England Biolabs, Inc.","MOLECULAR AND SYSTEMS BIOLOGY"
190287,"159","interface development expert","APM Terminals North America Inc.","INFORMATION TECHNOLOGY"
190312,"012","engineering change coordinator","Faurecia USA Holdings, Inc.","INDUSTRIAL AND SYSTEMS ENGINEERING"
190321,"030","strategic planning manager","NIKE INC.","BUSINESS ADMINISTRATION"
190393,"020","analyst sr analyst revenue management development","American Airlines, Inc.","QUANTITATIVE MANAGEMENT"
190482,"160","global human resources specialist","Hilix International Inc.","INTERNATIONAL BUSINESS"
190506,"168","senior clinical operations regulatory specialist","Unicon Pharma Inc.","HEALTHCARE INFORMATICS"
190621,"030","data analyst","DPR Construction, A General Partnership","INFORMATION MANAGEMENT"
190666,"039","information security engineer","Intel Corporation","COMPUTER ENGINEERING"
190687,"030","software engineer","Flexon Technologies Inc.","COMPUTER SCIENCE AND ENGINEERING"
190723,"039","digital data platform sr analyst","United Parcel Service General Services Co.","COMPUTER SCIENCE"
190756,"119","employment law case manager","Disparti Law Group, P.A.","JURIS DOCTOR"
190855,"008","manager process engineer","Applied Materials, Inc.","CHEMICAL ENGINEERING"
190864,"","data scientist","nZero, Inc","COMPUTER SCIENCE"
190887,"039","application engineer architect customer engagement","Cadence Design Systems, Inc.","ELECTRONIC ENGINEERING"
190899,"030","implementation engineer electrical engineer","Apple Inc.","COMPUTER ENGINEERING"
190937,"039","business intelligence analyst","ARISTOCRAT TECHNOLOGIES, INC.","INFORMATION SYSTEMS"
190953,"030","software java developer","NETSEC PROFESSIONALS CORPORATION","COMPUTER SCIENCE"
190959,"030","software development engineer systems","Apple Inc.","ELECTRONICS ENGINEERING"
191030,"012","tos ci process manager","Detroit Diesel Corporation","MECHANICAL ENGINEERING"
191040,"142","textile product designer","Textiles From Europe, Inc.","FASHION DESIGN"
191086,"030","sftw engr","Cruise LLC","COMPUTER SCIENCE"
191095,"030","r d engineer","Align Technology, Inc.","MECHANICAL ENGINEERING"
191132,"007","advanced engineer","INNIO Waukesha Gas Engines, Inc.","MECHANICAL AND ENERGY ENGINEERING"
191252,"030","software application developer","US Software Group Inc","COMPUTER SCIENCE AND COMPUTER APPLICATAION"
191308,"030","software developer","METRIX IT SOLUTIONS INC","MASTER OF SCIENCE IN INFORMATION SYSTEMS SECURITY"
191354,"030","n a senior fuels market analyst","Circle K Stores Inc.","MANAGEMENT INFORMATION SYSTEMS"
191392,"005","civil engineer","BMJ Engineers & Surveyors, Inc.","CIVIL ENGINEERING"
191433,"003","commodity buyer","Volkswagen Group of America, Inc.","ELECTRICAL ENGINEERING"
191502,"039","software engineer","Toast Inc.","COMPUTER SCINECE AND ENGINEERING"
191508,"030","software developer","Appstream Technologies llc","BACHELOR OF SCIENCE IN COMPUTER SCIENCE"
191598,"030","software developers applications","MG CLOUD TECHNOLOGIES LLC","FINANCE"
191647,"030","software developer","SRD INFO TEK INC","COMPUTER TECHNOLOGY"
191694,"030","software development engineer","Expedia, Inc.","COMPUTER ENGINEERING"
191763,"031","network support specialist","Bigleaf Networks, Inc.","ELECTRICAL ENGINEERING"
191784,"050","mechanical engineer","Schlumberger Technology Corporation","MECHANICAL ENGINEERING"
191838,"030","associate","LatentView Analytics Corporation","COMPUTER INFORMAITON SYSTEMS"
191909,"169","trading desk operations specialist","Jane Street Group, LLC","FINANCIAL ENGINEERING"
191933,"030","software engineer","Google LLC","COMPUTER SCIENCE AND ENGINEERING"
192112,"039","technical project manager i","Westlake Services, LLC","INFORMATION SYSTEM AND DATABASE"
192135,"161","pricing and valuation analyst","Chicago Mercantile Exchange Inc.","FINANCE"
192215,"030","sdet software development engr in test","Ursi Technologies Inc","COMPUTER SCIENCE OR EQUIVALENT"
192218,"166","head of hr international","BAM Management US Holdings Inc.","FINANCE"
192249,"030","data engineer ii","NCR Corporation","ELECTRONIC ENGINEERING"
192265,"160","financial analyst iii","Amazon.com Services LLC","BUSINESS ADMINISTRATION MANAGEMENT SCIENCES AND QUANTITATIVE METHODS"
192310,"030","senior backend developer","EMERGTECH BUSINESS SOLUTIONS INC","MASTER OF BUSINESS ADMINISTRATION INFORMATION TECHNOLOGY"
192373,"119","legal assistant","Earthrights International","MASTER OF ARTS IN INTERNATIONAL AND AFFAIRS"
192389,"030","business intelligence analyst","Flight Club New York, LLC","BUSINESS ANALYTICS"
192406,"003","asic design engineer electrical engineer","Apple Inc.","ELECTRICAL ENGINEERING"
192419,"041","bioinformatics scientist","D. E. Shaw Research, LLC","BIOCHEMISTRY"
192441,"039","bi developer","LatentView Analytics Corporation","BACHELOR OF TECHNOLOGY IN INFORMATION TECHNOLOGY"
192473,"039","senior software developer","Randstad Technologies, LLC","COMPUTER SCIENCE"
192530,"039","software developer","Ivistasoft LLC","APPLIED COMPUTER SCIENCE"
192590,"012","industrial engineer","Tesla, Inc.","INDUSTRIAL ENGINEERING"
192610,"030","data engineer","Vitesse Group Inc","AGRICULTURE CHEMISTRY"
192655,"030","dev ops engineer","Ursi Technologies Inc","COMPUTER SCIENCE OR EQUIVALENT"
192751,"078","medical technologist","Cosmic Healthcare","MEDICAL TECHNOLOGY"
192788,"003","test engineer","Populus Group LLC","ELECTRICAL AND COMPUTER ENGINEERING"
192810,"030","software developer","United Software Corporation","COMPUTER SCIENCE"
192818,"030","assoc sftw engr","JPMorgan Chase & Co.","COMP SCI"
192874,"003","physicist scientist","Applied Materials, Inc.","ELECTRICAL AND COMPUTER ENGINEERING"
192917,"039","product manager","KAYAK Software Corporation","INTEGRATED DESIGN AND MANAGEMENT"
192928,"007","project engineer","E-Z Iron Shop LLC","MECHANICAL ENGINEERING"
192936,"030","software engineer python","SQUAD SOFTWARE INC","BUSINESS ADMINISTRATION"
192948,"012","industrial engineer","Caresoft Global Inc.","INDUSTRIAL SYSTEMS ENGINEERING"
193006,"039","software engineer","Microsoft Corporation","MASTER IN BIOMEDICAL ENGINEERING AND BACHELOR IN ELECTRONIC ENGINEERING"
193007,"110","legal counsel","Devexperts Inc.","MASTER OF LAW LLM IN TRANSNATIONAL BUSINESS PRACTICE"
193047,"030","application developer java full stack","IBM Corporation","ELECTRICAL AND ELECTRONIC ENGINEERING"
193054,"022","research scientist engineer","Apple Inc.","BIOCHEMISTRY"
193096,"030","test consultant 2","Capgemini America, Inc.","ELECTRONICS ENGINEERING"
193106,"007","test engineer ii","Medtronic, Inc.","ELECTRICAL AND COMPUTER ENGINEERING"
193158,"033","senior associate jc60","Cognizant Technology Solutions US Corp","COMP ENGRG"
193178,"030","software engineer image processing machine vision","Agile Resources, Inc.","ROBOTICS"
193196,"049","quality assurance supervisor","Grocery Delivery E-Services USA Inc.","FOOD SAFETY AND TECHNOLOGY"
193276,"030","web developer software engineer","TEK GIGZ LLC","INFORMATION SYSTEMS"
193281,"030","embedded systems engineer","Meta Platforms, Inc.","COMPUTER ENGINEERING"
193297,"003","antenna engineer","John Mezzalingua Associates, LLC","ELECTRONICS AND TELECOMMUNICATIONS ENGINEERING"
193311,"039","information security senior specialist","Citizens Financial Group, Inc.","INFORMATION SECURITY POLICY AND MANAGEMENT"
193378,"030","data engineer","Softnet LLC","COMPUTER SCIENCE"
193410,"186","management analyst","CTBC Bank Corp. USA","INTERNATIONAL BUSINESS"
193519,"030","data scientist","Meta Platforms, Inc.","ECONOMETRICS AND QUANTITATIVE ECONOMICS"
193525,"007","mechanical systems engineer analytical","Cummins Inc.","MECHNICAL ENGINEERING"
193533,"030","software development","Aperia Solutions","COPUTER SCIENCE"
193594,"020","economist","CIBC World Markets Corp.","FINANCE AND QUANTITATIVE ECONOMICS"
193614,"033","project engineer","Kal Freight Inc.","APPLIED COMPUTER SCIENCE"
193677,"030","software development engineer systems","Apple Inc.","ELECTRICAL ENGINEERING AND COMPUTER SCIENCE"
193691,"030","mechanical engineers i","HCL America Solutions Inc","SYSTEM AND INDUSTRIAL ENGINEERING"
193703,"189","associate consultant","Bain & Company, Inc.","ECONOMICS"
193728,"030","software engineer","Meta Platforms, Inc.","COMP SCI"
193774,"039","product manager iii","Amazon Development Center U.S, Inc.","MASTERS DEGREE BUSINESS ADMINISTRATION BACHELORS DEGREE ELECTRICAL ENGINEERING AND COMPUTER SCIENCES"
193783,"030","senior associate i data analyst","Turnberry Solutions Inc","INFORMATION SYSTEMS"
193803,"007","project engineer","Meritor Heavy Vehicle Systems LLC","MECHANICAL ENGINEERING"
193862,"012","industrial engineer","Project Verte Inc.","INDUSTRIAL ENGINEERING"
193882,"030","security architect","IBM Corporation","MANAGEMENT INFORMATION SYSTEMS"
193951,"003","rf wireless staff engineer","Renesas Electronics America Inc.","ELECTRICAL ENGINEERING (ELECTRONIC CIRCUITS & SYSTEMS)"
194014,"030","software engineer","McKinsey & Company, Inc. United States","COMPUTER SCIENCE"
194053,"142","interior designer","Juan Montoya Design","INTERIOR DESIGN"
194099,"199","associate financial engineer","MOODY'S ANALYTICS, INC.","QUANTITATIVE FINANCE"
194128,"030","software engineer","IntraEdge, Inc.","ENGINEERING"
194140,"039","business intelligence analyst","Everest EB-5 Capital LLC","BUSINESS INTELLIGENCE ANALYTICS"
194182,"001","architectural designer","Quarra Stone Company LLC","ARCHITECTURE DESIGN AND RESEARCH"
194204,"199","senior associate data science","Capital One Services, LLC","DATA SCIENCE"
194212,"030","subiness intelligence engineer i","Amazon.com Services LLC","DATA ANALYTICS ENGINEERING"
194315,"161","consultant","The Boston Consulting Group, Inc.","BUSINESS ADMINISTRATION"
194354,"007","cost driving engineer electrification","BorgWarner PDS Anderson LLC","MECHANICAL ENGINEERING"
194377,"030","hr lead","Ksquare Solutions, Inc.","HUMAN RESOURCES"
194393,"030","software development engineer systems software developer","Apple Inc.","COMPUTER SCIENCE"
194397,"030","software engineer","De Maximis Data Management Solutions Inc.","COMPUTER SCIENCE"
194451,"199","technical talent analyst","Collabera, Inc.","MASTER OF SCIENCE"
194455,"199","associate management consultant","McKinsey & Company, Inc. United States","CHEMICAL ENGINEERING"
194478,"003","product manager","Ryzac, Inc.","ELECTRICAL ENGINEERING CONCENTRATION IN COMPUTER ENGINEERING"
194515,"039","software engineer l3","Twilio Inc.","DATA SCIENCE"
194518,"160","tax indirect tax real estate staff","Ernst & Young U.S. LLP","ACCOUNTING"
194549,"030","senior software engineer","CUDDLYTAILS INC","BACHELOR OF TECHNOLOGY IN COMPUTER SCIENCE & ENGINEERING"
194582,"030","sr test engineer","SUN CLOUD LLC","INFORMATION SCIENCE"
194599,"110","associate","Law Offices of Mike P. Gao, P.C.","LAW JURIS DOCTOR"
194615,"019","research scientist","Palo Alto Research Center, Inc.","MECHANICAL ENGINEERING"
194711,"005","nde engineer","Space Exploration Technologies Corp.","STRUCTURAL ENGINEERING"
194750,"030","software engineer","Coinbase, Inc.","COMPUTER SCIENCE"
194786,"039","ux researcher makerting analyst 2","Dynatrace LLC","EDUCATIONAL TECHNOLOGY AND APPLIED LEARNING SCIENCES"
194830,"169","human factors engineer","Saco Enterprises, Inc.","COGNITIVE SCIENCE, WITH SPECIALIZATION IN DESIGN AND INTERACTION"
194950,"030","software engineer","Amazon.com Services LLC","COMPUTER SCIENCE"
195013,"019","field service technician","Siemens Medical Solutions USA, Inc.","ELECTRONIC ENGINEERING"
195028,"030","software network engineer","Systemsoft Inc","INFORMATION TECHNOLOGY MANAGEMENT"
195042,"030","business systems analyst","Tangent Technologies LLC","INDUSTRIAL TECH AND OPERATIONS"
195068,"030","software dev engineer ii","OATH HOLDINGS INC","COMPUTER SCIENCE"
195118,"070","urologist","Michael P. Zahalsky, MD PA","DOCTOR OF MEDICINE"
195131,"003","engineer","Dominion Energy Technical Solutions, Inc","ELECTICAL AND COMPUTER ENGINEERING"
195160,"039","software engineer","Microsoft Corporation","COMPUTER SCIENCE"
195165,"030","blockchain software developer","Prometheum Inc.","INFORMATION SYSTEMS"
195190,"017","architectural drafter","Bruce R. Wardell, Architect, P.C.","ARCHITECTURE"
195222,"030","business data analyst","Intuit Inc.","ELECTRONICS ENGINEERING"
195246,"030","software engineer","Quantyzd Inc","MASTER OF SCIENCE IN ELECTRICAL ENGINEERING"
195289,"003","electrical engineer","IPS Assembly Corporation","ELECTRONICS ENGINEERING"
195292,"097","afterschool enrichment math teacher","The Russian School of Mathematics, Inc.","PHYSICS"
195293,"007","sr engineer r d","Edwards Lifesciences LLC","MECHANICAL & MANUFACTURING ENGINEERING"
195316,"011","montessori preschool teacher","Center for Montessori EducationNY","MONTESSORI EDUCATION"
195333,"033","it software engineer","Micron Technology, Inc.","MATHEMATICS COMPUTER SCIENCE"
195434,"019","associate product manager","Superpedestrian, Inc.","CITY PLANNING"
195462,"030","java full stack developer","Intellisoft Systems LLC","MASTER OF SCIENCE"
195479,"199","senior advisor product management","Dell Marketing L.P.","BUSINESS ADMINISTRATION"
195571,"169","human resources specialist","Amazon.com Services LLC","HUMAN RESOURCE MANAGEMENT"
195582,"050","senior analyst","McKinsey & Company, Inc. United States","APPLIED ECONOMICS"
195588,"030","software enginer","Strategic IT Experts Inc.","ELECTRICAL ENGINEERING"
195615,"015","software developer","RPA Technology Inc","COMPUTER & INFO SCIENCE"
195639,"033","business intelligence developer","PCMI LLC","INFO TECH & MGT"
195669,"165","paid social coordinator","PMG Worldwide LLC","JOURNALISM"
195695,"999","sushi chef","Dawn Sushi Corporation","BUSINESS ADMINISTRATION"
195704,"030","mysql database administrator","Datavail Corporation","INFORMATION TECHNOLOGY"
195719,"030","software developer","Oracle America, Inc.","ELECTRICAL AND COMPUTER ENGINEERING"
195745,"030","senior software engineer","EPAM Systems, Inc.","COMPUTER SCIENCE"
195802,"030","software development engineer i","Amazon.com Services LLC","COMPUTER SCIENCE"
195829,"030","baseband software developer","Ericsson Inc.","COMPUTER SCIENCE"
195833,"019","senior service biomedical engineer","ASG Superconductors USA, Inc.","BIOMEDICAL AND INSTRUMENTATION"
195882,"039","technical business data analyst","Smart IT Staffing, Inc.","INFORMATION SYSTEMS"
195916,"030","software engineer","3Bees Technologies Inc","PROJECT AND PROGRAM MANAGEMENT BUSINESS DEVELOPMENT"
196028,"030","software engineer","Radiant Infotech, LLC","COMPUTER SCIENCE"
196055,"199","associate management consultant","McKinsey & Company, Inc. United States","BUSINESS ADMINISTRATION"
196080,"030","digital design consultant","Trimble Inc.","BUILDING SCIENCES"
196111,"031","senior software engineer ai","Paige.AI, Inc.","COMPUTER SCIENCE"
196143,"007","systems engineer performance testing","Siemens Energy, Inc.","MECHANICAL ENGINEERING"
196199,"030","software developer","STAR INFRA SOLUTIONS INC","COMPUTER SCIENCE"
196235,"169","vice president","Morgan Stanley Services Group Inc.","COMMERCE"
196254,"039","sftw engineer","Twilio Inc.","COMP ENGRG"
196346,"012","manufacturing engineer","GLOBAL STEERING SYSTEMS, LLC","INDUSTRIAL AND SYSTEMS ENGINEERING"
196410,"050","analyst global investment strategy","JPMorgan Chase & Co.","FINANCE"
196419,"030","software developers applications","Meta Platforms, Inc.","COMP SCI"
196457,"039","consultant","ClearView Healthcare Partners","BIOLOGY"
196459,"030","application developer","Teamitserve Inc","MASTERS OF SCIENCE"
196488,"199","software engineer","Bloomberg LP","COMPUTER SCIENCE"
196504,"030","oracle cloud analyst","Avalon Software Services LLC","BUSINESS ADMINISTRATION"
196581,"039","programmer i","Disbelief, LLC","ENTERTAINMENT ARTS AND ENGINEERING"
196597,"033","autonomous technology systems integration engineer","Daimler Truck North America, LLC","ELECTRICAL AND COMPUTER ENGINEERING"
196613,"005","project engineer","Forgen, LLC","CIVIL ENGINEERING"
196619,"030","software developer","Vcloud Info Solutions Inc","COMPUTER TECHNOLOGY"
196643,"030","software developer","Ursi Technologies Inc","COMP SCI OR EQUIVALENT"
196644,"003","electronic and test engineer","ZeroAvia, Inc.","ELECTRICAL ENGINEERING"
196654,"030","software engineer","Uber Technologies, Inc.","COMPUTER SCIENCE"
196661,"030","machine learning engineer software developer systems softwar","Apple Inc.","COMPUTER INFO SYSTEMS & MATERIALS SCIENCE & ENGINEERIN"
196671,"199","associate management consultant","McKinsey & Company, Inc. United States","BUSINESS ADMINISTRATION"
196766,"030","software engineer","Infoexcel Inc","MASTER OF SCIENCE IN INFORMATION SCIENCE"
196783,"030","software development engineer i","Amazon.com Services LLC","ANALYTICS"
196785,"199","financial engineer","MOODY'S ANALYTICS, INC.","MATHEMATICS AND STATISTICS"
196798,"050","market research manager","Britive, Inc.","ECONOMICS"
196826,"030","software engineer","Caveonix, Inc.","COMPUTER ENGINEERING"
196859,"030","director solutions engineering","CaptivateIQ,Inc.","COMPUTER SCIENCE"
196895,"030","software developer","Priamba Soft LLC","BACHELORS DEGREE IN COMPUTER INFORMATION SYSTEMS AND MASTERS DEGREE IN MATHEMATICS"
196935,"199","quantitative rates analyst","ASL Capital Markets Inc.","FINANCIAL RISK MANAGEMENT"
196943,"030","it project group manager","Citicorp Credit Services, Inc. USA","INFORMATION TECHNOLOGY"
196953,"030","financial analyst","Protech Solutions Inc","BUSINESS INFORMATION SYSTEMS"
196989,"030","sr techinical architect","Pentangle Tech Services LLC","BACHELOR OF SCIENCE IN ELECTRONICS ENGINEERING"
197026,"164","digital marketing manager","The Firstgen Agency LLC","INTERNATIONAL MARKETING"
197052,"008","process engineer","Cyanco International, LLC","CHEMICAL ENGINEERING"
197095,"041","embryologist","Exemplar Genetics LLC","DEVELOPMENTAL BIOLOGY AND EMBRYOLOGY/ANIMAL SCIENCE"
197154,"199","senior knowledge analyst","McKinsey & Company, Inc. United States","ENVIRONMENTAL SCIENCE AND POLICY"
197191,"199","software engineer","Bloomberg LP","BUSINESS ADMINISTRATION COMPUTER SCIENCE"
197195,"030","software engineer i","NCR Corporation","ARTIFICIAL INTELLIGENCE"
197200,"039","business intelligence manager","GoFundMe, Inc.","ELECTRICAL AND COMPUTER ENGINEERING"
197233,"169","analyst 1","Moelis & Company Group LP","FINANCE"
197256,"030","computer systems analyst","IBM Corporation","INFORMATION SYSTEMS"
197272,"030","systems engineer","GEX Management, Inc","COMPUTER SCIENCE AND ENGINEERING"
197333,"001","junior designer","Wimberly Allison Tong & Goo N.A. Inc.","ARCHITECTURE"
197347,"160","financial analyst","Soapbox Soaps LLC","INTERNATIONAL BUSINESS AND MANAGEMENT"
197450,"030","react js developer","Advithri Technologies LLC","INFORMATION SYSTEMS SECURITY"
197478,"019","manager project engineering","Master Builders Solutions Admixtures US, LLC","CHEMICAL ENGINEERING"
197481,"030","senior professional product developer","Computer Sciences Corporation","DATA SCIENCE"
197555,"161","consultant","The Boston Consulting Group, Inc.","PUBLIC ADMINISTRATION BUSINESS ADMINISTRATION"
197585,"030","devops engineer","Trans American Information Systems, Inc.","ELECTRICAL ENGINEERING"
197603,"030","bi analyst b2b ecommerce","Adi Worldlink, LLC","INFORMATION TECHNOLOGY"
197644,"030","software engineer","SLHT Services LLC","COMPUTER SCIENCE"
197722,"030","devops engineer","RedShift Technologies LLC","COMPUTER SCIENCE"
197755,"030","devops engineer","AutoNation, Inc.","COMPUTER SCIENCE"
197759,"031","data analyst","Conflux Systems, Inc","COMPUTER APPLICATIONS"
197830,"039","sr staff technical lead sw qa","FireEye Security Holdings US LLC","SOFTWARE ENGRG"
197889,"199","associate management consultant","McKinsey & Company, Inc. United States","MANAGEMENT SCIENCE"
198028,"030","data scientist","Wal-Mart Associates, Inc.","POLITICAL SCIENCE M S STATISTICS"
198149,"030","senior curriculum developer","Ryzac, Inc.","COMPUTER SCIENCE AND VISUAL ARTS"
198158,"030","back end developer","Terrasmart, Inc.","INFORMATION SYSTEMS"
198163,"030","software developer","VISION IT USA INC","COMPUTER SCIENCE"
198181,"030","software development engineer","Expedia, Inc.","COMPUTER SCIENCE"
198184,"030","software engineer","Apex.AI, Inc.","ROBOTICS"
198187,"030","automation test specialist","Convergence Acceleration Solutions LLC","INFORMATION TECHNOLOGY MANAGEMENT"
198208,"030","sr software developer","Yerralpha LLC","INFORMATION TECHNOLOGY MANAGEMENT"
198219,"161","consultant","The Boston Consulting Group, Inc.","BUSINESS ADMINISTRATION"
198228,"039","data engineeri","Tekshapers Inc","US MASTER OF SCIENCE IN HEALTH INFORMATICS EDUCATION EQUIVALENT TO US BACHELORS DEGREE OF COMPUTER ENGINEERING"
198236,"160","quantitative research analyst","Pacific Investment Management Company LLC","FINANCIAL ENGINEERING"
198280,"030","principal engineer systems engineer","VERIZON DATA SERVICES LLC","ELECTRONIC ENGINEERING"
198343,"030","software developer","Gemini Consulting & Services, LLC","HUMAN RESOURCE MANAGEMENT"
198485,"030","information security analyst","Gaman Consulting Inc","BUSINESS ADMINISTRATION"
198518,"039","amts software engineer","Salesforce.com, Inc.","COMPUTER SCIENCE"
198554,"030","software development engineer systems","Apple Inc.","ELECTRICAL ENGINEERING"
198582,"020","marketing scientist strategist","Blend360 LLC","STATISTICS"
198655,"012","quality engineer","Vitesco Technologies USA, LLC","INDUSTRIAL ENGINEERING"
198781,"003","associate product manager","SmartBear Software Inc.","ENGINEERING"
198784,"005","engineer ports maritime","Jacobs Civil Consultants, Inc.","CIVIL ENGINEERING"
198793,"041","scientist cell therapy","Cytovia Therapeutics, Inc.","MEDICAL SCIENCES"
198798,"030","consultant us","Infosys Limited","Finance"
198801,"030","it consultant enterprise solutions","The Boston Consulting Group, Inc.","COMPUTER INFORMATION SYSTEMS"
198821,"039","associate technical consultant","Salesforce.com, Inc.","INFORMATION MANAGMENT"
198847,"030","senior technical marketing manager","Red Hat, Inc.","BUSINESS ADMINISTRATION"
198873,"110","law clerk","Cooley, LLP","LAW"
198874,"160","fso tax staff transfer pricing itts","Ernst & Young U.S. LLP","FINANCE"
198880,"030","engineer","Ibase Of Fairfield County, LLC","ENGINEERING"
198970,"078","clinical laboratory scientist","Management Health Systems, LLC","MEDICAL LABORATORY SCIENCE"
198973,"160","trade operations developer fqa","Verition Group LLC","FINANCIAL ENGINEERING"
199085,"030","software engineer","Intuit Inc.","COMPUTER SCIENCE"
199124,"020","senior budget analyst commercial property managenent","BH Central Services LLC","ACCOUNTING & FINANCIAL MANAGEMENT"
199184,"110","associate attorney","Mayer Brown LLP","LAW"
199188,"030","sftw engr ii","Sezzle, Inc.","COMPUTER SCIENCE"
199200,"030","software qa analyst and tester","Technosoft Corporation","COMPUTER AND INFORMATION SCIENCE"
199210,"030","computer systems analyst","Quadrant Resource LLC","COMPUTER SCIENCE ENGINEERING"
199234,"039","project manager","Intouch Group LLC","PROJECT MANAGEMENT"
199308,"030","engineer","Tezerakt LLC","INFORMATION SYSTEMS TECHNOLOGIES"
199316,"030","senior software engineer perception","Magic Leap, Inc.","COMPUTER AND INFORMATION SCIENCE"
199336,"030","software engineer","Google LLC","INFORMATION SYSTEMS"
199345,"189","senior vp of customer success and chief customer officer cco","BMC Software, Inc.","TECHNOLOGY MANAGEMENT"
199362,"199","business analyst management consultant","McKinsey & Company, Inc. United States","CHEMICAL ENGRG"
199473,"189","senior supply chain ai","Invent Analytics, LLC.","ENGINEERING MANAGEMENT"
199477,"030","software developer","Qwerty Tech LLC","COMPUTER SCIENCE"
199538,"030","systems analyst","AF&G LLC","ELECTRICAL ENGINEERING"
199543,"169","data scientist i","SparkCognition, Inc.","FINANCIAL ENGINEERING"
199545,"039","implementation analyst","BROADRIDGE FINANCIAL SOLUTIONS, INC.","INFORMATION SYSTEMS AND ACCOUNTING"
199627,"020","sr operations analyst","NEAL ANALYTICS, LLC","ENGINEERING"
199749,"030","software engineer","Amazon.com Services LLC","COMPUTER SCIENCE AEROSPACE ENGINEERING"
199760,"050","investment specialist","Alterna Securities, Inc.","FINANCE"
199797,"030","architect","Tata Consultancy Services Limited","INFORMATION TECHNOLOGY AND ANALYTICS"
199804,"030","business analyst","Codex Software Solutions Inc","COMPUTER APPLICATION"
199919,"050","economist","D. E. Shaw & Co., L.P.","ECONOMICS"
199935,"030","application developer","Astir Technologies LLC","ELECTRONICS ENGINEERING"
200004,"030","software engineer iii","ZipRecruiter, Inc.","COMP SCI"
200015,"169","manager appraisals","Fund That Flip, Inc.","BUSINESS ADMINISTRATION"
200024,"007","technology program leader","Regal Rexnord Corporation","MECHANICAL ENGINEERING"
200155,"049","life sciences specialist","L.E.K. Consulting LLC","MOLECULAR BIOLOGY"
200179,"015","data scientist","SPRINGCOIN, INC.","DATA SCIENCE"
200269,"030","lead technical architect","TechCORE Management Solutions Services LLC","COMPUTER ENGINEERING"
200283,"030","software development engineering advisor ii","Fiserv Solutions, LLC","COMPUTER ENGINEERING"
200322,"199","data scientist","McKinsey & Company, Inc. United States","MANAGEMENT INFORMATION SYSTEMS"
200325,"169","hw commodity specialist ii","Amazon Data Services, Inc.","SUPPLY CHAIN MANAGEMENT"
200335,"141","graphic designer","the dtx company","COMMUNICATION DESIGN"
200403,"030","applied cryptographer","Manta Ray Labs, Inc.","COMPUTER SCIENCE"
200413,"189","consultant","Bain & Company, Inc.","BUSINESS ADMIN"
200521,"059","data scientist","Biomason Inc.","INFORMATION TECHNOLOGY AND MANAGEMENT"
200525,"003","compute hardware architect electronics engineer except com","Apple Inc.","ELECTRICAL ENGINEERING"
200568,"039","solutions architect","NVIDIA Corporation","GEOPHYSICS"
200610,"030","it technical trainer","Info Junction LLC","COMPUTER SCIENCE AND ENGINEERING"
200647,"030","sap abap consultant","Atruz Solutions LLC","ELECTRONIC AND COMMUNICATION ENGINEERING"
200655,"030","associate analyst csg product senior specialist","Salesforce.com, Inc.","ANALYTICS PROFESSIONAL STUDIES"
200715,"012","industrial engineer","syncreon Technology USA LLC","INDUSTRIAL ENGINEERING"
200720,"039","systems engineer battery","Freudenberg Battery Power Systems, LLC","MECHANICAL ENGINEERING"
200728,"030","software development engineer firmware","Apple Inc.","ELECTRICAL AND ELECTRONIC ENGINEERING"
200746,"030","software development engineer i","Amazon.com Services LLC","COMPUTER SCIENCE"
200794,"039","full stack developer","FireEye Security Holdings US LLC","COMPUTER SCIENCE"
200801,"030","software development engineer i","Amazon Development Center U.S, Inc.","COMPUTER SCIENCE"
200803,"030","software developer","Gannu Software, Inc.","COMPUTER SCIENCE"
200832,"030","mobile application developer","Ursi Technologies Inc","COMPUTER SCIENCE OR EQUIVALENT"
201004,"160","analyst","The Ayco Company L.P., A Goldman Sachs Company","FINANCE"
201032,"030","computer programmer","BEACONFIRE STAFFING SOLUTIONS INC.","COMPUTER SCIENCE"
201055,"030","engineer 1","McKinsey & Company, Inc. United States","INFORMATION TECHNOLOGY"
201083,"050","mss commodities analyst","Citigroup Energy Inc.","COMPUTER SCIENCE AND ECONOMICS"
201163,"161","associate management consultant","McKinsey & Company, Inc. United States","EPIDEMIOLOGY AND CLINICAL RESEARCH"
201177,"030","azure data lake developer","Thinklusive Inc.","COMPUTER SCIENCE AND ENGINEERING"
201178,"169","director consulting services","CGI Technologies and Solutions Inc.","APPLIED SCIENCE"
201197,"030","java full stack developer","Collaborate Solutions Inc","COMPUTER TECHNOLOGY"
201295,"030","business analyst i","Amazon.com Services LLC","INDUSTRIAL ENGINEERING"
201327,"030","software engineer ii","Wal-Mart Associates, Inc.","COMPUTER SCIENCE"
201401,"199","associate management consultant","McKinsey & Company, Inc. United States","ENDOCRINOLOGY"
201484,"012","supply chain specialist","Unimacts Global LLC","INDUSTRIAL ENGINEERING"
201530,"039","data and appliied scientist","Microsoft Corporation","COMPUTER SCIENCE"
201561,"199","associate management consultant","McKinsey & Company, Inc. United States","BUSINESS ADMINISTRATION"
201632,"030","software developer applications","RJT Compuquest Inc. dba Apolis","COMPUTER SCIENCE AND ENGINEERING"
201701,"030","software development engineer i","Amazon.com Services LLC","COMPUTER SCIENCE"
201737,"030","healthcare it product owner","Veena Corp.","INFORMATION TECHNOLOGY"
201861,"030","applications development technical analyst","Citibank, N.A.","MANAGEMENT INFORMATION SYSTEMS AND ELECTRONIC ENGINEERING"
201876,"003","camera engineer","Qualcomm Technologies, Inc.","ELECTRICAL ENGINEERING"
201923,"199","associate management consultant","McKinsey & Company, Inc. United States","BUS ADMIN"
202013,"030","devops engineer","KYORYOUNA INC","BACHELOR OF TECHNOLOGY"
202033,"030","data engineer","TAITConsultingGroup LLC","INFO TECH"
202037,"199","knowledge analyst","McKinsey & Company, Inc. United States","INDUSTRIAL/ORGANIZATIONAL PSYCHOLOGY"
202116,"030","senior software engineer","CCC Intelligent Solutions Inc.","INFO SYSS"
202117,"020","tax staff international tax services transfer pricing","Ernst & Young U.S. LLP","PHYSICS"
202129,"030","software engineer","Flexport, Inc.","COMPUTER SCIENCE"
202137,"003","system test engineer","Communications Test Design, Inc.","ELECTRICAL ENGINEERING"
202191,"999","regulatory affairs specialist","Apothecary Products, LLC","REGULATORY AFFAIRS AND SERVICES"
202234,"045","behavioral health clinician i","Bartlett Regional Hospital","PSYCHOLOGY"
202288,"030","software engineer principal","Siemens Industry Software Inc.","COMPUTER ENGINEERING"
202296,"030","retail rotation program mba","Amazon.com Services LLC","MANAGEMENT SCIENCE"
202341,"030","developer user interface","Tata Consultancy Services Limited","INFORMATION TECHNOLOGY AND MANAGEMENT"
202351,"030","hardware development engineer electronics engineers except c","Apple Inc.","ELECTRICAL ENGINEERING"
202479,"199","business analyst management consultant","McKinsey & Company, Inc. United States","MARKETING"
202486,"039","business intelligence data analyst","Sunlighten, Inc.","INDUSTRIAL ENGINEERING"
202491,"160","senior associate","Brookfield Capital Partners LLC","ECONOMICS"
202545,"030","marketing research analyst","IT Crats Inc.","COMPUTER SCIENCE ENGINEERING"
202548,"030","systems analyst","Globe Serve LLC","COMMERCE/COMP INFO SYS"
202592,"030","salesforce developer","SYRAINFOTEK LLC","COMPUTER ENGINEERING"
202636,"030","data analyst","BROADRANGE TECHNOLOGIES INC.","APPLIED ECONOMICS AND PREDICTIVE ANALYTICS"
202645,"160","investment banking analyst","Jefferies LLC","ECONOMICS AND COMPUTER SCIENCE"
202678,"199","associate management consultant","McKinsey & Company, Inc. United States","BUSINESS ADMINISTRATION"
202706,"030","software development engineer i","Amazon Development Center U.S, Inc.","COMPUTER SCIENCE"
202713,"001","junior designer","Bechtel Frank Erickson Architects, Inc.","ARCHITECTURE"
202722,"039","site reliability engineer","Cricut, Inc.","COMPUTER SCIENCE"
202723,"039","senior analyst strategic insights innovation","Media Storm, LLC","INTEGRATED MARKETING MARKETING ANALYTICS"
202725,"030","clinical software engineer","MITCHELL MARTIN INC.","BIOMEDICAL ENGINEERING"
202747,"041","laboratory molecular technology","Health Lynks LLC","ORTHOPEDIC  SURGERY"
202837,"030","machine learning engineer","Apple Inc.","INTELLIGENT INFORMATION SYSTEMS"
202954,"163","regional mgr","HSBC Bank USA, N.A.","BACHELOR OF BUSINESS ADMINISTRATION"
202978,"050","operations senior associate energy analyst","Avant Energy, Inc.","BUS ANALYTICS"
203008,"033","manager jc50 software quality assurance engineers and tester","Cognizant Technology Solutions US Corp","ELECTRONIC ENGINEERING"
203037,"020","data scientist","Alphonso Inc.","MASTER OF SCIENCE IN OPERATION RESEARCH"
203049,"030","net developer","M9 consulting Inc","ELECTRONICS ENGINEERING"
203072,"110","law clerk associate","Cleary Gottlieb Steen & Hamilton LLP","JURIS DOCTORATE"
203078,"030","software developer","AbDev Solutions Inc","INFORMATION TECHNOLOGY"
203092,"160","senior analyst financial analysis and valuation","Private National Mortgage Acceptance Company, LLC","FINANCIAL ENGINEERING"
203127,"005","civil engineer","American Water","CIVIL ENGINEERING"
203133,"003","lead sales operations analyst","BMC Software, Inc.","ELECTRONICS ENGINEERING"
203198,"199","assistant director quality assurance engineer","MOODY'S ANALYTICS, INC.","ELECTRICAL ENGINEERING"
203219,"007","project engineer","Summit Ridge Energy LLC","INDUSTRIAL MANAGEMENT MECHANICAL ENGINEERING"
203233,"169","information technology project manager","Geek Genix, LLC","INFORMATION TECHNOLOGY"
203269,"022","analytical chemist","RevoChem LLC","CHEMISTRY"
203284,"072","general dentist","Smile Team PC","DENTISTRY"
203305,"030","software engineer","Uber Technologies, Inc.","COMPUTER SCIENCE"
203347,"161","enviromental operations analyst","Orion Group Management Inc.","ENVIROMENTAL CHEMISTRY"
203356,"020","technology banking senior associate","Progress Partners IB, Inc.","MASTER OF BUSINESS ADMINISTRATION MBA"
203374,"050","business analyst","Cboe Global Markets Inc","FINANCE"
203417,"030","autonomous vehicle soft engineer","Boson Motor Inc.","ELECTRONIC ENGINEERING"
203476,"030","validation engineer","QUALITY THEOREM LLC","MECHANICAL ENGINEERING"
203518,"030","business analyst","Valiant IT Services, Inc","COMPUTER SCIENCE"
203549,"030","systems engineer","ELOGICSQUARE INC","BACHELOR OF TECHNOLOGY COMPUTER SCIENCE AND ENGINEERING"
203553,"030","software dev engineer i","OATH HOLDINGS INC","COMPUTER SCIENCE"
203594,"030","senior software engineer","Saminavi LLC","EMBEDDED SYSTEMS CS"
203596,"030","technical writer technical i","Amazon.com Services LLC","INFORMATION MANAGEMENT"
203602,"030","vice president software engineering","JPMorgan Chase & Co.","ELECTRICAL AND ELECTRONIC ENGINEERING"
203622,"199","sale engineer","Hydrion Scientific Instrument LLC","ELECTRICAL ENGINEERING"
203756,"020","data scientist","Uber Technologies, Inc.","MATHEMATICS"
203782,"142","hi designer","Apple Inc.","BUSINESS"
203827,"141","designer","Bullish Inc.","COMMUNICATIONS DESIGN"
203832,"003","electrical engineer","Industrial Ally, Inc.","ELECTRICAL ENGINEERING"
203885,"020","applied scientist","Uber Technologies, Inc.","ECONOMICS"
203892,"003","senior rfic design engineer","Qualcomm Technologies, Inc.","ELECTRICAL ENGINEERING"
203911,"199","associate implementation","McKinsey & Company, Inc. United States","BUSINESS ADMINISTRATION"
203922,"030","software developer","Raven Software Solutions Inc","COMPUTER AND INFORMATION SCIENCE"
203975,"161","risk data management analytics insight senior consultant","Deloitte & Touche LLP","FINANCIAL ENGINEERING"
203979,"169","systems analyst ii","Amazon.com Services LLC","INFORMATION TECHNOLOGY"
204027,"030","software development engineer","Apple Inc.","COMPUTER SCIENCE MICROBIOLOGY AND IMMUNOLOGY"
204032,"030","decision scientist","Uber Technologies, Inc.","BUSINESS ANALYTICS"
204186,"030","software developer","Unicon Systems Inc","BUSINESS ADMINISTRATION INFORMATION TECHNOLOGY"
204214,"030","atsv qca cons ii","National General Management Corp","COMPUTER ENGINEERING"
204289,"001","architect non licensed","SmithGroup, Inc., subsidiary of SmithGroup Co., Inc.","ARCHITECTURE"
204297,"020","data scientist","Lyft, Inc.","CIVIL ENGINEERING STATISTICS INDUSTRIAL ENGINEERING"
204333,"097","afterschool enrichment math teacher","The Russian School of Mathematics, Inc.","COMPUTER SCIENCE / TEACHER TRAINING"
204399,"030","data scientist","Robinhood Markets, Inc.","DATA SCIENCE AND BUSINESS ANALYTICS"
204426,"022","associate clinical data team lead ii","PPD Development, L.P.","COMPUTER SCIENCE"
204519,"030","software engineer","Uber Technologies, Inc.","INFORMATION TECHNOLOGY"
204528,"030","software engineer iii","Three Point Solution, Inc","INFORMATION SYSTEMS SECURITY"
204532,"039","senior regulatory compliance analyst","JDX Consulting, Inc.","FINANCIAL MANAGEMENT"
204543,"030","software developer","Cleversmiths INC","INFO SCI"
204760,"005","project engineer junior estimator","Transdev North America, Inc.","CIVIL ENGINEERING"
204906,"030","it engineer","SRS Consulting, Inc.","COMPUTER SCIENCE"
204914,"030","data scientist","Revelio Labs, Inc.","DATA SCIENCE"
204963,"162","project manager procurement","Goodman Manufacturing Company, L.P.","PROJECT MANAGEMENT"
204967,"030","developer user interface","Tata Consultancy Services Limited","COMPUTER SCIENCE AND ENGINEERING"
204970,"030","software developer","TNP Systems, LLC","COMPUTER SCIENCE"
204989,"199","associate software engineer","MOODY'S ANALYTICS, INC.","INFORMATION TECHNOLOGY AND MANAGEMENT"
204993,"189","vp r d strategy planning","E.R. Squibb & Sons, LLC","MEDICINE"
204998,"050","analyst","BLACKROCK FINANCIAL MANAGEMENT, INC.","MATH AND COMPUTER SCIENCE"
205067,"160","associate","PricewaterhouseCoopers LLP","ENVIRONMENTAL ECONOMICS AND POLICY"
205115,"012","industrial engineer","Tribar Manufacturing LLC","INDUSTRIAL ENGINEERING"
205231,"110","associate attorney","Ahdoot & Wolfson PC","LAW"
205240,"030","software developer","Pro Seven IT LLC","DATA SCIENCE"
205348,"049","psm consultant relief systems","Trinity Consultants, Inc.","CHEMICAL ENGINEER"
205383,"030","software engineer","Sema4 OpCo, Inc.","COMPUTER ENGINEERING"
205394,"030","technology lead us","Infosys Limited","COMPUTER APPLICATIONS"
205400,"003","embedded controls engineer","LHP Engineering Solutions LLC","DATA SCIENCE"
205417,"050","mss quantitative analysis analyst","Citigroup Global Markets Inc.","COMPUTATIONAL FINANCE"
205429,"041","scientist 1","Beyond Meat, Inc.","BIOLOGICAL SCIENCES"
205512,"039","lead vfx artist","Electronic Arts, Inc.","GRAPHIC ARTS AND COMPUTER ANIMATION"
205528,"030","oracle developer","Ursi Technologies Inc","COMPUTER SCIENCE OR EQUIVALENT"
205585,"030","software engineer","SRS Consulting, Inc.","ELECTRICAL AND ELCTRONICS ENGINEERING"
205608,"030","software developer","SQA Concepts Inc","COMPUTER SCIENCE AND ENGINEERING"
205632,"030","system test engineer hil and dyno","METHODICA TECHNOLOGIES LLC","MASTER OF SCIENCE IN MECHANICAL ENGINEERING"
205703,"199","software engineer","Bloomberg LP","INFORMATION SYSTEMS MANAGEMENT"
205725,"199","machine learning engineer","PB Tech & Advisory LLC","INDUSTRIAL ENGINEERING OPERATIONS RESEARCH"
205741,"110","associate attorney","Mayer Brown LLP","LAWS LL M"
205746,"160","associate cross asset latin american structuring","JPMorgan Chase & Co.","FINANCE"
205832,"039","applied scientist i","Amazon.com Services LLC","COMPUTATIONAL SCIENCE"
205970,"030","software engineer ii","NCR Corporation","COMPUTER INFORMATION SYSTEMS"
206006,"020","finance business analyst","Curriculum Associates LLC","FINANCIAL MATHEMATICS"
206062,"199","business analyst management consultant","McKinsey & Company, Inc. United States","BUSINESS ADMINISTRATION MANAGEMENT CONSULTING AND ECONOMICS"
206163,"030","product manager","Guidewire Software, Inc.","SOFTWARE ENGINEERING"
206176,"169","hw commodity specialsit iii","Amazon.com Services LLC","INTERNATIONAL BUSINESS"
206308,"168","compliance officer","The Onsi Group, Inc","BIOLOGY"
206309,"001","virtual construction project manager","Haskell","CIVIL ENGINEERING"
206350,"076","physical therapist","Aegis Therapies, Inc.","HEALTH AND REHABILITATION SCIENCES"
206365,"163","digital marketing executive","SUPRA INTERNATIONAL, INC.","MBA WITH CONCENTRATION IN MARKETING MGT BACHELOR OF SCI COMP SCI"
206398,"020","associate applied ai ml","JPMorgan Chase & Co.","APPLIED MATHEMATICS"
206450,"039","senior web experience design lead","BYND LLC","INTERACTIVE TELECOMMUNICATIONS"
206581,"019","global logistician","FNS, INC.","LOGISTICS"
206649,"003","p and c engineering associate","Mesa Associates, Inc.","ELECTRICAL ENGINEERING"
206698,"030","design development quality engineer","Intellectt Inc","INDUSTRIAL MANAGEMENT"
206706,"003","sales engineering manager","Gerling Applied Engineering","BUSINESS ADMINISTRATION"
206709,"186","analyst","Goldman Sachs & Co LLC","SYSTEMS ENGINEERING"
206720,"030","senior information security engineer security architect","eSolutionsFirst LLC","COMPUTER ENGINEERING"
206749,"050","investment banking associate","Citigroup Global Markets Inc.","MASTER OF BUSINESS ADMINISTRATION BACHELOR OF BUSINESS ADMINISTRATION DEGREE WITH A CONCENTRATION IN FINANCE"
206794,"030","senior data scientist","IBM Corporation","SCIENTIST"
206845,"030","software developer","Cognowiz LLC","STRATEGIC MANAGEMENT"
206949,"023","laser design engineer","Atonarp US, Inc.","ELECTRO OPTICS"
207067,"007","cnc programmer","Arbor Gage & Tooling","MECHANICAL ENGINEERING"
207072,"020","data scientist analytics","Expedia, Inc.","DATA SCIENCE"
207141,"030","software engineer","Qualcomm Atheros, Inc.","ELECTRICAL ENGINEERING"
207156,"030","salesforce developer","Forrester Research, Inc.","MATHEMATICS"
207168,"030","qa etl engineer","Mastro Services Inc","ELECTRONICS TELECOMMUNICATION ENGINEERING"
207256,"003","embedded system engineer","Easy Aerial, Inc.","MECHATRONICS AND ROBOTICS"
207296,"030","developer","Tata Consultancy Services Limited","COMPUTER SCIENCE"
207303,"199","asst dir sr devops engineer","MOODY'S ANALYTICS, INC.","COMPUTER SCIENCE AND ENGINEERING"
207353,"161","consultant","L.E.K. Consulting LLC","BUSINESS ADMINISTRATION"
207362,"164","global strategy and operations associate","Carrot Fertility, Inc.","MEDIA MANAGEMENT"
207385,"012","quality analyst","I3INFOTEK INC.","INDUSTRIAL ENGINEERING"
207400,"199","product mgr","Hoist Inc.","COGNITIVE SCIENCE"
207455,"199","software engineer","McKinsey & Company, Inc. United States","COMPUTER SCIENCE"
207480,"030","lead engineer","Include AI Inc.","COMPUTER SCIENCE"
207684,"030","software developer data","ACloudX Consulting LLC","COMP SCI"
207692,"029","investigator","AI Proteins, Inc.","MOLECULAR BIOLOGY"
207696,"012","direcor of new product development","Therabody, Inc.","INDUSTRIAL ENGINEERING AND INDUSTRIAL TECHNOLOGY AND OPERATIONS"
207823,"030","senior software engineer backend","Databook Labs, Inc","SYSS ENGRG"
207830,"030","software engineer","Uber Technologies, Inc.","COMPUTER SCIENCE"
207878,"030","software engineer","Moveworks, Inc.","COMPUTER SCIENCE"
207926,"030","systems engineer","Codemoxie Solutions LLC","TECHNOLOGY"
207935,"199","software engineer","Bloomberg LP","COMPUTER SCIENCE"
207952,"005","project engineer","Marguerite Concrete, Inc.","PROJECT MANAGEMENT"
207994,"030","software engineer","Teamport, Inc.","COMPUTER SCIENCE ENGINEERING"
208038,"030","software engineer","Instabase, Inc.","COMPUTER SCIENCE"
208061,"033","senior associate computer systems engineers","Cognizant Technology Solutions US Corp","ELECTRONICS ENGINEERING"
208179,"199","software engineer","McKinsey & Company, Inc. United States","COMPUTER SCIENCE"
208189,"020","senior analyst data engineering","FCB Worldwide, Inc.","MANAGEMENT INFORMATION SYSTEMS"
208209,"039","data scientist","Source Consulting LLC","INFORMATICS"
208222,"030","software engineer applications","Nevro Corp","COMPUTER SCIENCE"
208226,"005","engineer water resources","Department of Water Resources","CIVIL AND ENVIRONMENTAL ENGINEERING"
208243,"030","software engineer","Waymo LLC","COMPUTER SCIENCE"
208305,"030","software development engineer i","Amazon Web Services, Inc.","ENGINEERING SCIENCES"
208326,"005","sr project engineer","Nova Consulting Inc.","CIVIL ENGRG & MGT"
208342,"020","data scientist","Unilever United States, Inc.","DATA SCIENCE"
208359,"072","dentist","Dental Dreams LLC","DENTAL SURGERY"
208392,"003","robotics engineer iii","Vicarious FPC, Inc.","MECHANICAL ENGINEERING"
208399,"030","program management associate","Salesforce.com, Inc.","INFORMATION MANAGEMENT"
208425,"030","software developer","Zedventures Inc.","COMPUTER SCIENCE AND ENGINEERING"
208526,"003","senior analog mixed signal design engineer","Qualcomm Technologies, Inc.","ELECTRICAL ENGINEERING"
208590,"033","marketing analyst","Perfect Day, Inc.","QUANTITATIVE MGMT"
208709,"041","scientist lab services","Vizgen, Inc.","PHYSIOLOGY & BIOPHYSICS"
208760,"039","software engineer ii","EOG Resources, Inc.","INFO ASSURANCE"
208767,"051","head of policy","Center for Countering Digital Hate","POLITICAL SCIENCE"
208770,"030","software developer","Emonics LLC","COMPUTER AND INFORMATION SCIENCE"
208841,"039","crm campaign specialist","LEGO Brand Retail, Inc.","COMPUTER ENGINEERING"
208842,"039","software engineer","DayZero Software Inc.","COMPUTER SCIENCE"
208876,"003","senior engineer","Arm, Inc.","MATHEMATICS"
208879,"161","senior associate","PricewaterhouseCoopers Advisory Services LLC","BUSINESS ADMINISTRATION AND MANAGEMENT DIGITAL TECHNOLOGY"
208884,"030","software development engineer security software developer ap","Apple Inc.","COMPUTER ENGINEERING"
208900,"030","architect","Tata Consultancy Services Limited","DATA SCIENCE"
208941,"030","engineer iii software development","S&P GLOBAL MARKET INTELLIGENCE INC.","INFORMATION TECHNOLOGY AND ANALYTICS"
208944,"184","pathways operations manager","Amazon.com Services LLC","BUSINESS ADMINISTRATION"
209026,"030","software developer","Miracles Tek LLC","COMPUTER SCIENCE"
209113,"160","business analyst","Amtrust North America, Inc.","INTERNATIONAL RELATIONS DATA ANALYTICS"
209138,"033","data analyst","Chartboost, Inc.","BUSINESS ANALYTICS"
209187,"160","assistant manager real estate valuations","KNAV P.A.","MANAGEMENT STUDIES AND ACCOUNTING FINANCE"
209232,"012","team leader production","Lamb Weston Inc.","ENGINEERING TECHNOLOGY MANAGEMENT"
209284,"078","medical clinical laboratory technologist","Guardian Healthcare Providers","MEDICAL CLINICAL LABORATORY TECHNOLOGY"
209357,"030","business analyst i","Amazon.com Services LLC","INDUSTRIAL ENGINEERING"
209416,"160","senior accountant","Joe Desmond CPA PLC","ACCOUNTING"
209457,"012","quality and technical engineer","Kyodo Shipping & Trading Corporation USA","MECHANICAL ENGINEERING"
209503,"031","data analyst","EveryMundo","APPLIED DATA SCIENCE"
209544,"161","analyst","Morgan Stanley Investment Management Inc.","BUSINESS ADMINISTRATION"
209557,"019","international logistics corrdinator","FNS, INC.","INTERNATIONAL TRADE"
209623,"030","software development","Apple Inc.","ECONOMICS & POLITICAL SCIENCE"
209665,"110","associate attorney","Chapman and Associates P.C.","LAW"
209681,"030","consultant","Outbox Systems, Inc dba Simplus","INFORMATION TECHNOLOGY"
209704,"","mushroom cultivation technologist","Green Box Mushrooms, Inc",""
209816,"030","software development engineer","Expedia, Inc.","COMPUTER SCIENCE"
209845,"166","senior people business partner","iManage LLC","US EQUIVALENT OF BACHELOR OF ARTS IN HUMAN RESOURCE MANAGEMENT"
209854,"039","business analyst i","Amazon.com Services LLC","INDUSTRIAL ENGINEERING"
209868,"008","senior continuous improvement specialist","Cargill, Incorporated","CHEMICAL ENGINEERING"
209883,"199","associate management consultant","McKinsey & Company, Inc. United States","MATERIAL SCIENCE AND ENGINEERING"
209890,"019","sr manager resource management","Regeneron Pharmaceuticals, Inc.","BIOCHEMISTRY"
209895,"030","senior software engineer","TriNet USA, Inc.","MS COMPUTER SCIENCE"
209919,"189","senior technical program manager","Intuit Inc.","SYSTEMS ENGINEERING AND MANAGEMENT"
210018,"003","engineer ii","Seagate US LLC","ELEC ENGRG"
210025,"019","director of strategic alliances revenue operations","Keyavi Data Corp.","TECHNICAL WRITING AND PSYCHOLOGY"
210089,"020","analyst sales business intelligence","American Airlines, Inc.","APPLIED STATISTICS AND DATA ANALYTICS"
210113,"030","engineer","Apple Inc.","ELECTRICAL AND COMPUTER ENGINEERING"
210226,"008","scientist","Nektar Therapeutics","CHEMICAL ENGINEERING"
210237,"022","r d scientist","Entegris, Inc.","BACHELOR OF SCI IN CHEMICAL ENGRG"
210267,"160","senior analyst catastrophe modeling","Ryan Specialty Group Services, LLC","QUANTITATIVE FINANCE RISK MANAGEMENT"
210307,"161","associate data analytics","JPMorgan Chase & Co.","DATA SCIENCE"
210373,"030","validation engineer","Hance Inc","HEALTH CARE INFORMATICS"
210397,"030","data analyst","Ikigai Labs, Inc.","DATA SCIENCE"
210401,"030","senior manager","PricewaterhouseCoopers Advisory Services LLC","MECHANICAL ENGINEERING"
210436,"030","infrastructure tech lead analyst","Citibank, N.A.","TECHNOLOGY MANAGEMENT"
210477,"119","law clerk","Barakat Bossa, PLLC.","JURIS DOCTOR IN LAW"
210547,"030","senior software engineer","Immersed, Inc.","COMPUTER SCIENCE"
210558,"030","full stack developer","Alamedatech Solutions LLC","COMPUTER SCIENCE"
210590,"019","senior systems engineer","Medtronic, Inc.","BIOMEDICAL ENGINEERING"
210593,"199","associate management consultant","McKinsey & Company, Inc. United States","ELECTRICAL & COMPUTER ENGINEERING"
210606,"005","project manager","Rocky Mountain Engineering and Surveying, LLC","CIVIL ENGINEERING"
210617,"030","software engineer","Cisco Systems, Inc.","COMPUTER SCIENCE"
210629,"030","staff auditor","Emerson Electric Co.","BUSINESS ADMINISTRATION AND MANAGEMENT"
210649,"141","character artist ii league personalization","Riot Games, Inc.","GAME DESIGN"
210695,"050","finance and operations analyst","Fireblocks Inc.","FINANCE"
210734,"186","financial specilalist logistics","FNS, INC.","ECONOMETRICS AND QUANITITATIVE ECONOMICS"
210746,"030","computer programmer configurer 2","Accenture LLP","COMPUTER ENGINEERING"
210773,"030","dc analyst","Deloitte Consulting LLP","SUPPLY CHAIN MANAGEMENT"
210785,"030","data analyst","Datalore Technologies Inc","BACHELOR OF COMPUTER SCIENCE AND ENGINEERING"
210812,"184","international logistics analyst","Kataman Metals LLC","INTERNATIONAL BUSINESS WITH SPECIALIZATION IN INTERNATIONAL LOGISTICS"
210828,"007","acs design engineer","Marmon Utility, LLC","MECHANICAL ENGRG DESIGN & MANUFACTURING"
210836,"012","monorail block supervisor","Showa Best Glove, Inc.","MECHANICAL ENGINEERING"
210903,"030","solution delivery specialist","McKinsey & Company, Inc. United States","BUSINESS ADMINISTRATION"
210916,"199","senior associate data science","Capital One Services, LLC","BUS INTELLIGENCE & DATA ANALYTICS"
210947,"161","consultant","Deloitte Consulting LLP","ECONOMICS"
210956,"160","audit senior associate","Grant Thornton LLP","ACCOUNTING"
211002,"160","associate investment banking","JPMorgan Chase & Co.","BUSINESS ADMINISTRATION"
211026,"030","workday software developer","Agilysis, Inc.","INFORMATION TECHNOLOGY"
211049,"160","senior accountant","Barder, Ltd","BUSINESS ANALYTICS"
211096,"039","software developer","IIT JOBS, Inc.","COMPUTER SCIENCE"
211104,"050","manager data science","PHD Media LLC","MARKETING ANALYSIS"
211199,"007","senior mechanical engineer","exp U.S. Services Inc.","MECHANICAL AND INDUSTRIAL ENIGNEERING"
211290,"030","software developer","Sai Global Solutions, Inc.","COMPUTER SCIENCE"
211336,"007","mechatronics engineer","Rohinni Inc.","MECHANICAL ENGINEERING"
211339,"030","computer systems engineers architects","Lean IT Incorporated","ELECTRONICS TELECOM ENGINEERING"
211466,"141","ux ui designer","Inverse Paradox, LLC.","INTERIOR DESIGN"
211514,"160","avp counterparty risk management q","Barclays Services Corp.","FINANCIAL ECONOMICS"
211529,"189","product manager","Integral Ad Science, Inc.","QUANTITATIVE MANAGEMENT"
211546,"050","associate advisory","PWP Employer LP","FINANCIAL MATHEMATICS"
211582,"030","software developer","SAMURAI INFOTECH LLC","COMP SCI"
211584,"030","software engineer","Polar Operations LLC","COMPUTER SCIENCE"
211596,"003","automation and robotics engineer","KANAVU AUTOMATION LLC","ELECTRICAL ENGINEERING"
211662,"020","research associate ii","Evidera, Inc","PUBLIC HEALTH SYSTEMS AND POLICY"
211764,"039","technical program manager","Expedia, Inc.","SOFTWARE ENGINEERING"
211837,"030","developer","California Creative Solutions, Inc.","INFORMATION TECHNOLOGY"
211846,"030","business systems analyst 2","Capgemini America, Inc.","ELECTRONICS ENGINEERING"
211885,"019","staff research engineer","Jingce Electronic USA Co., Ltd.","BIOENGINEERING"
211993,"007","material flow engineer","Deere and Company","MECHANICAL ENGINEERING"
211997,"030","software engineer","Netflix Inc.","COMPUTER SCIENCE"
212005,"029","global transaction banking product specialist","Santander Bank, N.A.","MBA WITH COGNATE STUDIES IN FINANCE"
212071,"019","senior software engineer","Real-Time Innovations, Inc.","COMPUTER SCIENCE"
212079,"199","senior data analyst","Capital One Services, LLC","BUSINESS ANALYTICS"
212090,"160","executive director","Morgan Stanley Smith Barney LLC","FINANCE"
212100,"199","business analyst management consultant","McKinsey & Company, Inc. United States","MATHEMATICS AND ECONOMICS"
212116,"030","strategic sourcing manager","Apple Inc.","ENGINEERING MANAGEMENT"
212119,"020","digital product business analyst","Lucid USA, Inc.","INFORMATION SCIENCE"
212139,"186","vice president","Goldman Sachs Bank USA","FINANCE"
212313,"160","associate","Morgan Stanley & Co, LLC","BUS ADMIN"
212315,"030","ad ops analyst","InMarket Media, LLC","INFORMATION SYSTEMS"
212368,"030","software developer","AMSAL, Inc.","COMPUTER SCIENCE"
212374,"030","software architect","Celtic Cross Holdings Inc.","PHARMACY"
212393,"030","data engineer","Align Technology, Inc.","INFORMATION SYSTEMS"
212395,"003","automation engr","Weiler Labeling Systems LLC","ELECTRICAL AND COMP ENGRG"
212417,"020","sales operations manager","Biohaven Pharmaceuticals, Inc.","BUSINESS ADMINISTRATION"
212429,"020","director fidelity consulting","FMR LLC","BUSINESS ADMINISTRATION"
212472,"001","architectural designer","Fougeron Architecture Inc.","ARCHITECTURE"
212507,"030","java developer","Hance Inc","COMPUTER SCIENCE AND INFORMATION TECHNOLOGY"
212536,"033","senior consultant","Core BTS Inc","COMPUTER SCIENCE"
212590,"030","software development engineer i","Amazon.com Services LLC","COMPUTER SCIENCE"
212610,"030","software developer","Oracle America, Inc.","MECHANICAL ENGINEERING"
212626,"030","software engineer","Nascent IT Services LLC","SOFTWARE ENGINEERING"
212671,"160","executive director payments business development manager","JPMorgan Chase & Co.","ACCOUNTING"
212681,"160","audut senior associate","Grant Thornton LLP","ACCOUNTING"
212721,"160","analyst","Deutsche Bank Securities Inc.","ECONOMICS MATHEMATICS"
212729,"030","software engineer","NGA GROUP INC","COMPUTER APPLICATIONS"
212750,"030","privacy law fellow","DR TECHNOLOGIES INC","CYBERSECURITY AND CRISIS MANAGEMENT"
212872,"199","business analyst management consultant","McKinsey & Company, Inc. United States","FINANCE"
212883,"199","associate management consultant","McKinsey & Company, Inc. United States","BUSINESS ADMINISTRATION"
212942,"031","database administrator","UNIQ TRADING LLC","INFORMATION SYSTEMS"
212956,"030","software development engineer ii","Amazon.com Services LLC","COMPUTER ENGINEERING"
212959,"169","vice president","Morgan Stanley Services Group Inc.","TECHNOLOGY MANAGEMENT"
212973,"186","director","JPMorgan Chase & Co.","FINANCIAL MANAGEMENT"
212992,"030","gis applications developer","Access Services","URBAN PLANNING"
213043,"030","senior associate trust safety","Maplebear Inc","DATA SCIENCE"
213055,"163","account executive 8","Salesforce.com, Inc.","BUSINESS ADMINISTRATION"
213056,"030","software developer","Streams, Inc.","INFORMATION SYSTEMS"
213059,"199","assoc data science prgm ops research analyst","Bertelsmann, Inc.","COMPUTATIONAL SOCIAL SCIENCE"
213078,"030","sales analyst","Mindlance, Inc.","FINANCE"
213171,"030","java developer","Conflux Systems, Inc","COMPUTER SCIENCE"
213186,"199","associate analyst 3","MOODY'S INVESTORS SERVICE, INC.","ECONMICS"
213224,"030","research scientist","Meta Platforms, Inc.","COMPUTER SCIENCE"
213387,"110","law clerk","Willkie Farr & Gallagher LLP","LAW"
213420,"141","graphic designer","Center for Independent Thought","MEDIA COMMUNICATION"
213476,"030","software engineer","Google LLC","PHYSICS"
213486,"020","sr revenue science analyst","FedEx Corporate Services, Inc.","BUSINESS ANALYTICS INFORMATION SYSTEMS"
213503,"030","consultant","Deloitte Consulting LLP","Biochemistry"
213522,"030","software developer application","Horizon International Trd Inc","COMPUTER APPLICATIONS"
213654,"030","backend engineer","Denken Solutions, Inc.","INFORMATION SYSTEMS"
213674,"030","power business intelligence developer","S4 CONSULTANTS INC.","TECHNOLOGY"
213719,"030","software engr","Blue Spire Inc","INFO SYSTEMS MGMT"
213779,"030","network engineer","Linkpro Technologies Inc","ELECTRICAL ENGINEERING"
213796,"050","analyst","BLACKROCK FINANCIAL MANAGEMENT, INC.","ECONOMICS"
213809,"019","advanced manufacturing engineer mechanical engineers","Apple Inc.","MECHANICAL ENGINEERING"
213840,"160","senior financial analyst","Sisecam Chemicals Resources LLC","BUSINESS ADMINISTRATION"
213892,"199","associate management consultant","McKinsey & Company, Inc. United States","BUS ADMIN"
213905,"033","quality assurance engineer","Truv, Inc.","MANAGEMENT INFORMATION SYSTEMS"
213936,"039","senior research associate","Arrakis Therapeutics, Inc.","BIOINFORMATICS"
213949,"030","software developer","Reqhire INC","COMPUTER APPLICATIONS"
214002,"030","software development engineer i","Amazon.com Services LLC","BIOMEDICAL ENGINEERING"
214014,"039","senior engineer wireless","Dish Wireless L.L.C.","COMPUTER SCIENCE"
214064,"001","architectural intern","Smallwood, Reynolds, Stewart, Stewart & Associates, Inc.","ARCHITECTURE"
214078,"039","scientific software developer","Openeye Scientific Software , Inc.","CHEMISTRY"
214081,"030","chemical engineer","Apple Inc.","NATURAL RESOURCES AND ENVIRONMENT AND CHEMICAL ENGINEERING"
214161,"040","regulatory scientist","Ocean Spray Cranberries, Inc.","AGRICULTURE FOOD AND ENVIRONMENT"
214166,"020","program manager ii","Amazon.com Services LLC","INDUSTRIAL ENGINEERING"
214237,"199","associate management consultant","McKinsey & Company, Inc. United States","BUSINESS ADMINISTRATION"
214303,"041","quality system compliant analyst","Bar Bakers, LLC","FOOD SCIENCE"
214338,"039","software engineer","Pinterest, Inc.","STATISTICS"
214346,"041","sr regulatory affairs specialist","Intuitive Surgical Operations, Inc.","MEDICAL AND PREVENTIVE CARE"
214365,"030","senior software developer","Kforce, Inc","INFORMATION SYSTEMS"
214483,"049","sr scientist","PFIZER INC.","INDUSTRIAL AND PHYSICAL PHARMACY"
214496,"030","systems engineer","ACI Worldwide Corp.","COMPUTER SCIENCE"
214575,"030","member of technical staff","VMware, Inc.","SOFTWARE ENGINEERING"
214587,"030","software development","CALISTO CORPORATION","MECHANICAL AND AEROSPACE ENGINEERING"
214621,"030","business analyst","Iris Software, Inc.","COMPUTER INFORMATION SYSTEMS AND INFORMATION TECHNOLOGY"
214635,"039","senior backend engineer","DrKumo, Inc.","COMPUTER SCIENCE"
214646,"160","product analyst","Pacific Investment Management Company LLC","FINANCE AND ECONOMICS"
214711,"030","planning analysis associate","CITADEL ENTERPRISE AMERICAS SERVICES LLC","ECONOMICS"
214727,"160","assurance advisory senior associate","Frank, Rimerman & Co. LLP","ACCOUNTANCY"
214741,"074","scientist pharmacometrics","Janssen Research & Development, LLC","INDUSTRIAL PHYSICAL PHARMACY"
214757,"186","compliance manager","Netcapital, Inc.","FINANCE"
214774,"199","digital marketing data analyst","Intermix Holdco, LLC","MANAGEMENT OF TECHNOLOGY"
214780,"030","senior software engineer","SG Gaming, Inc.","COMP SCI"
214785,"030","sap consultant","Classroom Support Services LLC","INFORMATION TECHNOLOGY"
214936,"199","senior data analyst","Capital One Services, LLC","BUSINESS ANALYTICS"
214962,"003","engineering services engineer associate","Siemens Industry Software Inc.","ELECTRICAL AND COMPUTER ENGINEERING"
215001,"030","business intelligence developer","ETECH GLOBAL IT SOLUTIONS LLC","ENGINEERING MANAGEMENT"
215031,"199","principal data analyst","Capital One Services, LLC","STATISTICS (ANALYTICS)"
215046,"019","mr research scientist","Siemens Medical Solutions USA, Inc.","BIOENGINEERING"
215078,"041","scientist i process development","Thermo Fisher Scientific Inc.","BIOLOGICAL SCIENCE"
215102,"030","oevops engineer","Ecclesiastes Inc","BACHELOR OF TECHNOLOGY"
215112,"030","research staff member","IBM Corporation","PHYSICS"
215118,"030","product manager iii","Amazon.com Services LLC","DENTAL SURGERY"
215186,"030","software engineer","SOFTWORLD TECHNOLOGIES LLC","COMPUTER SCIENCE"
215230,"030","senior data scientist","MARRIOTT INTERNATIONAL, INC.","COMPUTER SCIENCE"
215271,"091","special education teacher","Global Teachers Solutions LLC","PUBLIC PERSONNEL MANAGEMENT SPECIAL EDUCATION"
215321,"030","senior program manager","Amazon.com Services LLC","MECHANICAL ENGINEERING"
215380,"169","origination associate","Credit Agricole Securities USA Inc.","FINANCIAL ENGINEERING"
215406,"030","software engineer","Siemens Industry Software Inc.","ELECTRICAL COMPUTER ENGINEERING"
215409,"030","technical project manager","SS Technologies inc","INFORMATION SCIENCE"
215418,"041","food scientist and technologist","Golden Platter Foods, Inc","MASTER OF SCIENCE IN FOOD SAFETY AND TECHNOLOGY"
215440,"039","software engineer","OUTLIER COLLECTIVE INC","COMPUTER SCIENCE"
215459,"039","data scienc eengineer","Forethought Technologies, Inc.","ELECTRICAL ENGINEERING AND COMPUTER SCIENCE"
215550,"141","software product designer","Stratasys Inc.","COMMUNICATIONS DESIGN"
215556,"022","chemist","GDB International, Inc.","POLYMER TECHNOLOGY"
215566,"160","financial analyst","ResMed Corp.","MANAGEMENT SCIENCE"
215567,"030","applied scientist","Salesforce.com, Inc.","COMPUTER SCIENCE AND ENGINEERING"
215568,"039","associate product manager","Salesforce.com, Inc.","COMPUTER SCIENCE"
215702,"030","operations research analysts","Deloitte Consulting LLP","BUSINESS INFORMATION SYSTEMS"
215764,"030","software full stack developer","Stacklogy Inc","COMPUTER AND INFORMATION SCIENCES"
215881,"160","rko associate ii","Human Interest, Inc.","FINANCE"
215950,"021","process controls engineering","Air Liquide Large Industries U.S. LP","CHEMICAL ENGINEERING"
215962,"030","software development engineer","Zillow, Inc.","INFORMATION TECHNOLOGY AND MANAGEMENT"
215967,"030","senior solutions specialist data","Sirius Computer Solutions LLC","COMPUTER ENGINEERING"
216027,"039","computer systems engineer","Stark America Inc","ENGINEERING"
216097,"074","staff pharmacist","Clarksville Pharmacy LLC","PHARMACY"
216188,"030","software developer","AWNSOLUTION LLC","COMPUTER SCIENCE AND ENGINEERING"
216203,"030","technology analyst us","Infosys Limited","ELECTRICAL AND ELECTRONICS ENGINEERING"
216219,"039","senior ad insertion technologies software developer","Invidi Technologies Corporation","MASTERS DEGREE IN MATHEMATICS AND BACHELORS DEGREE IN COMPUTER SCIENCE EVALUATED AS EQUIVALENT OF U S BACHELORS IN COMPUTER SCIENCE"
216327,"050","investment banking associate","Citigroup Global Markets Inc.","MASTER OF BUSINESS ADMINISTRATION IN GENERAL MANAGEMENT SPECIALIZATION IN CORPORATE FINANCE AND FINANCE"
216331,"169","business analyst","reAlpha Tech Corp","COMMERCE"
216380,"199","business analyst management consultant","McKinsey & Company, Inc. United States","ECONOMICS"
216483,"030","manager","Cognizant Technology Solutions US Corp","APPLIED COMPUTER SCIENCE"
216529,"030","business intelligence analyst","McKesson Corporation","INFORMATION SYSTEMS MANGEMENT"
216581,"041","associate director project clinical pharmacokineticist","BOEHRINGER INGELHEIM PHARMACEUTICALS, INC.","PHARMACEUTICAL SCIENCES"
216644,"030","software development engineer systems software developer app","Apple Inc.","COMPUTER SCIENCE"
216652,"030","full stack java developer","Slesha Inc","COMPUTER SCIENCE"
216728,"030","machine learning engineer","Syrup Tech Inc.","COMPUTER SCIENCE"
216741,"030","system architect iii","HCL America Inc","COMPUTER INFORMATION SYSTEMS"
216776,"169","analyst","Morgan Stanley & Co, LLC","COMPUTER ENGINEERING"
216807,"030","product manager iii technical","Amazon.com Services LLC","ENGINEERING MANAGEMENT"
216808,"186","associate","Morgan Stanley Fund Services Inc.","FINANCE"
216843,"003","product engineer","Siemens Industry Software Inc.","ELECTRICAL ENGINEERING"
216872,"160","quantitative research analyst","Pacific Investment Management Company LLC","FINANCE"
216892,"030","machine learning research engineer","Apple Inc.","COMPUTER SCIENCE"
216941,"007","analyst project management","DESRI Project Management Services, LLC","MECHANICAL AND AEROSPACE ENGINEERING"
216963,"007","field service engineer","Stiles Machinery Inc.","MECHANICAL ENGINEERING TECHNOLOGY"
216970,"007","data scientist","ZF Active Safety US Inc.","MECHANICAL ENGINEERING"
217083,"030","software engineer i","NCR Corporation","COMPUTER SCIENCE"
217104,"030","vice president","Morgan Stanley Services Group Inc.","APPLIED COMPUTER SCIENCE"
217154,"030","associate application developer","ADP Technology Services, Inc.","COMPUTER SCIENCE"
217172,"030","consulting staff digital emerging technology","Ernst & Young U.S. LLP","ECONOMETRICS"
217175,"030","software engineer in test i","Chicago Mercantile Exchange Inc.","INFORMATION SYSTEMS"
217183,"050","analysis and reporting analyst","Citizens Financial Group, Inc.","COMPUTER SCIENCE AND ECONOMICS"
217187,"030","research engineer","Indeed, Inc.","ELECTRICAL ENGINEERING"
217256,"022","chemist","Sannova Analytical Inc.","PHARMACY"
217342,"030","scrum master","Adbakx LLC","MANAGEMENT INFORMATION SYSTEMS"
217373,"003","computer programmer software","3PL Central LLC","COMP SCI"
217388,"030","dc consultant","Deloitte Consulting LLP","COMPUTER ENGINEERING"
217455,"010","project manager","Todos LLC","BUSINESS ADMINISTRATION"
217460,"169","vice president","Credit Suisse Asset Management LLC","FINANCE AND ELECTRONIC ENGRG"
217485,"041","sr associate","Eli Lilly and Company","BIOLOGICAL SCIENCE"
217490,"020","sr revenue science analyst","FedEx Corporate Services, Inc.","BUSINESS ANALYTICS"
217493,"039","java developer","Logicera Inc","SOFTWARE ENGINEERING"
217575,"031","systems engineer l2","WIPRO LIMITED","COMPUTER AND INFORMATION SCIENCE"
217627,"030","network engineer","MOORE INFOTECH INC","COMPUTER SCIENCE"
217629,"199","business analyst management consultant","McKinsey & Company, Inc. United States","ACTUARIAL SCIENCE STATISTICS AND ECONOMICS"
217647,"030","technical support mgr","OATH HOLDINGS INC","COMPUTER SCIENCE"
217710,"030","data scientist","Visa U.S.A. Inc.","BUSINESS ANALYTICS"
217716,"049","life sciences specialist","L.E.K. Consulting LLC","BIOLOGICAL SCIENCES"
217754,"030","oracle database administrator","STRATEGIC SYSTEMS INC.","COMPUTER SCIENCE"
217783,"003","software engineer","Argo AI, LLC","MECHANICAL ENGINEERING"
217786,"050","specialist","McKinsey & Company, Inc. United States","ECONOMICS"
217828,"039","analyst aim data engineer","Cervello Inc.","COMPUTER SOFTWARE ENGINEERING"
217865,"030","software developer","T5 TECHNOLOGIES INC","COMPUTER INORMATION SYSTEMS"
217875,"030","architect","Tata Consultancy Services Limited","APPLIED COMPUTER SCIENCE"
217970,"030","software development engineer i","Amazon.com Services LLC","ELECTRONIC ENGINEERING"
218027,"030","associate software development engineering","Charles Schwab & Company, Inc.","COMPUTER SCIENCE AND ECONOMICS"
218102,"020","actuarial analyst","Auto Club Services, Inc.","ACTUARIAL MATHEMATICS AND STATISTICS"
218115,"039","business intelligence analyst","ISQUAREINFO LLC","INFO SCI & TECH"
218324,"030","technology lead us","Infosys Limited","COMPUTER SCIENCES AND ENGINEERING"
218335,"030","assistant vice president","Credit Suisse Securities USA LLC","COMPUTER ENGINEERING"
218367,"189","strategy consultant","Telesto Strategy, LLC.","BUSINESS ANALYTICS"
218427,"030","software developer","Apple Inc.","BIO AND BRAIN ENGINEERING"
218431,"030","associate software engineer","JPMorgan Chase & Co.","MANAGEMENT INFORMATION SYSTEMS"
218607,"007","calibration engineer","LER TechForce, LLC","AUTOMATIVE ENGINEERING"
218632,"030","validation engineer","Stark Associates LLC","SCIENCE"
218685,"020","graduate quantitative researcher","IMC Americas, Inc.","MATHEMATICS"
218691,"199","i20022111093858","Capital One Services, LLC","ANALYTICS BUSINESS ADMINISTRATION"
218746,"007","embedded systems engineer iii","Rogers, Freels & Associates, Inc.","MECHANICAL ENGINEERING"
218769,"030","software engineer","Ksquare Solutions, Inc.","COMPUTER SCIENCE"
218772,"007","qc commissioning engineer","KINKISHARYO INTERNATIONAL, LLC","AEROSPACE ENGINEERING"
218826,"019","systems engineer ii","Medtronic, Inc.","BIOMEDICAL ENGINEERING"
218944,"186","director finance","Armor Defense Inc.","FINANCE"
218971,"030","project manager us","Infosys Limited","COMPUTER SCIENCE AND ENGINEERING"
218997,"030","software developer","nCoders Technology Solutions LLC","MECHANICAL ENGINEERING"
219007,"003","manufacturing engineer test","Romeo Systems, Inc.","ELECTRICAL ENGRG"
219019,"199","data analyst","LVEB LOGISTICS LLC","ANALYTICS"
219089,"999","organizational development analyst","Exacare","BUSINESS ECONOMICS"
219236,"030","software developer","Conflux Systems, Inc","INFO TECH IN MGT"
219301,"030","mechanical learning engineer","Apple Inc.","ELECTRICAL AND COMPUTER ENGINEERING & MECHANICAL ENGINEERING"
219346,"030","software development engineer i","Amazon Web Services, Inc.","COMPUTER ENGINEERING"
219380,"030","software engineer","Amiseq inc","MASTERS OF SCIENCE IN GAME SCIENCE DESIGN"
219419,"169","product manager","Intuit Inc.","MANAGEMENT SCIENCE"
219553,"030","software engineer","Tekvana Inc","COMPUTER INFORMATION SYSTEMS"
219564,"160","analyst","Fidelity Management & Research Company LLC","FINANCE"
219591,"030","software developer","22nd Century Technologies, Inc.","COMPUTER ENGINEERING"
219601,"030","junior computer systems engineer 1","Virtusa Consulting Service Pvt., Ltd.","BACHELOR OF SCIENCE IN INFORMATION TECHNOLOGY"
219609,"030","senior director cpce enterprise solutions","Expedia, Inc.","MANAGEMENT"
219632,"072","dentist","Bristol Park Dental Associates, PLLC","DENTISTRY"
219642,"030","business systems analyst","Implify LLC","ENGINEERING MANAGEMENT"
219645,"030","systems analyst","Coforge Limited","COMPUTER SCIENCE"
219646,"030","balance sheet management lead analyst","Citibank, N.A.","MBA GENERAL MANAGEMENT BS FINANCE AND ECONOMICS"
219665,"030","devops engineer","Info-Solutions Inc.","DATA ANALYTICS"
219725,"019","sourcing specialist","American Crafts","BUSINESS ADMINISTRATION"
219780,"029","manager analytics","IPG DXTRA, Inc.","BIOLOGY"
219794,"030","data engineer","Syntax Technologies LLC","MASTER OF SCIENCE"
219818,"030","software development engineer ii","Amazon.com Services LLC","CIVIL ENGINEERING"
219878,"020","model analysis validation senior analyst","Citibank, N.A.","PH D ECONOMICS"
219902,"039","senior product manager","iHeart Media Entertainment, Inc.","INFO SCI/STUDIES"
219982,"030","systems engineer","Collaborate Solutions Inc","COMPUTER SCIENCE"
220034,"030","systems design engineer electronics engineer except computer","Apple Inc.","TELECOMMUNICATIONS"
220045,"030","senior software engineer developer","Fidelity Technology Group, LLC","COMPUTER INFORMATION SYSTEMS"
220088,"039","manager product development","American Express TRS Co, Inc.","BUSINESS ANALYTICS AND BUSINESS ADMINISTRATION"
220123,"030","software engineer ii","Sezzle, Inc.","COMPUTER SCIENCE"
220152,"020","clinical data team lead","PVR Technologies, Inc.","INFORMATION TECHNOLOGY"
220210,"007","sr engineer","OmniAb, Inc.","ELECTRONICS & COMMUNICATION ENGINEERING"
220240,"050","main research analyst","S-PLATFORM LLC","MBA"
220267,"163","lead technical director","Yawal USA Inc","TECHNOLOGY"
220365,"039","data analyst","McKinsey & Company, Inc. United States","INFORMATION SYSTEMS"
220385,"160","accountant","Zero Hash Holdings, Ltd","ACCOUNTING"
220447,"030","research analyst","Zifo Technologies, Inc.","BIOMEDICAL ENGINEERING"
220601,"186","analyst","Goldman Sachs & Co LLC","FINANCE"
220623,"076","exercise physiologist","Sunshine Developmental School, Inc.","KINESIOLOGY"
220745,"019","engineer equipment engineering","MAXIM INTEGRATED PRODUCTS, INC.","MATERIAL SCIENCE AND ENGINEERING"
220828,"039","associate director operations","Microland Limited","MECHANICAL ENGINEERING"
220860,"030","it analyst","Adroit Associates Inc","INFORMATION SYSTEMS"
220884,"041","research scientist purification process sciences","Incyte Corporation","BIOTECHNOLOGY"
220888,"020","data management operations lead","Nexpro Technologies Inc","PUBLIC HEALTH"
220928,"030","dc manager","Deloitte Consulting LLP","BUSINESS ADMINISTRATION"
220931,"030","software development","Aperia Solutions","COMPUTER SCIENCE"
221042,"003","wireless systems engineer electrical engineer","Apple Inc.","ELECTRICAL ENGINEERING"
221074,"079","senior scientist study director","Medtronic, Inc.","COMPARITIVE MEDICINE AND INTEGRATIVE BIOLOGY"
221153,"030","software development engineer","Apple Inc.","COMPUTER ENGINEERING"
221182,"039","software developer","Antra Inc.","SOFTWARE ENGINEERING"
221209,"030","software developer","SLiQ Information Technologies Inc.","COMPUTER AND INFORMATION SCIENCE"
221331,"030","associate software engineer","JPMorgan Chase & Co.","COMPUTER SCIENCE"
221374,"030","collibra admin developer","Lib N Leo, LLC","MS INFORMATION TECHNOLOGY MANAGEMENT"
221412,"030","integration developer","Skygen USA, LLC","COMPUTER SCIENCE"
221414,"189","head of marketing","Endor Labs Inc.","MARKETING"
221422,"039","sr data engineer","General Mills, Inc.","MGMT INFORMATION SYSTEMS"
221448,"199","associate","McKinsey & Company, Inc. United States","BUSINESS ADMINISTRATION"
221468,"033","senior software qa engineer","Research & Diagnostic Systems, Inc.","BACHELOR OF TECHNOLOGY CHEMICAL ENGINEERING"
221511,"030","software engineer","Uber Technologies, Inc.","COMP SCI"
221512,"030","knowledge base scientist drug discovery","Sumitovant Biopharma, Inc.","INFORMATION DATA ENGINEERING"
221554,"039","software engineer","Microsoft Corporation","COMPUTER SCIENCES"
221660,"030","network hardware engineer","Meta Platforms, Inc.","COMPUTER NETWORKING"
221671,"012","manufacturing engineer","International Automotive Components Group North America, Inc.","INDUSTRIAL ENGINEERING"
221677,"030","data consultant","Horizon Soft Solutions Inc","MASTER OF SCIENCE IN INFORMATION TECHNOLOGY"
221680,"030","vice president product development","JPMorgan Chase & Co.","ELECTRICAL ENGINEERING"
221757,"160","associate","Goldman Sachs & Co LLC","FINANCE"
221773,"019","scientist il r d computer science electrical engineering","Palo Alto Research Center, Inc.","ELECTRICAL ENGRG"
221853,"049","validation engineer","VALIDATION ASSOCIATES LLC","BIOMEDICAL ENGINEERING"
221857,"030","software engineer","Nest Technologies Corporation","COMPUTER APPLICATIONS"
221877,"030","software engineer","COPART, INC","COMPUTER SCIENE"
221923,"189","sr pricing analyst","McLane Company, Inc.","BUSINESS ANALYTICS"
221961,"160","associate","Morgan Stanley & Co, LLC","ECONOMICS"
222059,"110","associate attorney","Mayer Brown LLP","LAW JD"
222071,"022","senior research scientist medicinal chemistry","Ideaya Biosciences Inc.","CHEMISTRY"
222083,"141","senior ui ux designer developer","Nutreense, Inc.","DESIGN SPECIALIZATION COMPUTER GRAPHICS DESIGNER"
222123,"030","business program manager","IBM Corporation","TECHNOLOGY MANAGEMENT"
222155,"030","software engineer","SRS Consulting, Inc.","ELECTRONICS AND COMMUNICATION ENGINEERING"
222162,"012","process engineer","Intel Corporation","PHYSICS"
222188,"033","data warehousing specialist","Maveric NXT Inc.","COMP INFO SYSS"
222243,"030","civil engineer","SHOOLIN, INC.","SCIENCE"
222247,"030","software developer","Cloudend Platform Inc","INFORMATION SYSTEMS SECURITY"
222283,"030","software development engineer in test","ProKarma, Inc.","COMPUTER INFORMATION SYSTEMS"
222294,"030","solution advisor associate","SAP America, Inc.","BUSINESS ANALYTICS"
222379,"030","software developer","NETSEC PROFESSIONALS CORPORATION","APPLIED COMPUTER SCIENCE"
222404,"030","software development engineer","Apple Inc.","COMPUTER SCI"
222411,"030","sr software engineer","KUBE CLOUDS INC","INFORMATION TECHNOLOGY"
222418,"030","senior manager data science","Dun & Bradstreet, Inc.","ELECTRICAL AND ELECTRONICS"
222443,"030","software engineer","Meta Platforms, Inc.","COMPUTER SCIENCE"
222448,"030","software engineer","Katalyst Investment Management, LP","ARCHITECTURE"
222456,"078","medical technologist","Comtrix Solutions Inc","MEDICAL LABORATORY SCIENCE"
222461,"030","manager jc50 computer programmers","Cognizant Technology Solutions US Corp","APPLIED COMPUTER SCIENCE"
222571,"022","integration lead chemical engineer","Miroculus, Inc.","CHEMICAL ENGINEERING"
222618,"039","senior cellular technologies software engineer","Qualcomm Technologies, Inc.","COMPUTER SCIENCE"
222643,"169","intl regulatory compliance specialist routing","SHIPCO TRANSPORT INC.","INTERNATIONAL BUSINESS"
222695,"169","senior vice president of human resources","BAMIA 2 LLC","HUMAN RESOURCE MANAGEMENT"
222699,"030","software engineer","Google LLC","COMPUTER SCIENCE"
222705,"030","princ software dev engineer","OATH HOLDINGS INC","COMPUTER INFORMATION SYSTEMS"
222716,"166","hr specialist","Amazon.com Services LLC","HUMAN RESOURCE MANAGEMENT AND BUSINESS ADMINISTRATION"
222722,"030","sw engineer i","NCR Corporation","COMPUTER SCIENCE"
222730,"030","senior software engineer","Cloud World, Inc.","COMPUTER INFORMATION SYSTEMS"
222736,"030","quality assurance engineer","Visionet Systems Inc.","BACHELOR OF SCIENCE IN SOFTWARE ENGINEERING"
222863,"039","product designer","Gro Intelligence, Inc.","HUMAN COMPUTER INTERACTION"
222919,"030","software development engineer systems software developer app","Apple Inc.","COMPUTER INFORMATION SYSTEMS"
223050,"199","principal associates data science","Capital One Services, LLC","ELECTRICAL AND COMPUTER ENGINEERING"
223056,"030","systems test engineer","Qualcomm Technologies, Inc.","ELECTRICAL ENGINEERING"
223186,"019","senior technical writer","GSG Consultants, Inc.","LITERATURE"
223197,"110","counsel","SOCIETE GENERALE","LAWS"
223203,"030","ace technical lead","Rogers, Freels & Associates, Inc.","MANAGEMENT INFORMATION SYSTEMS"
223207,"005","lead algorithm engineer","ENGIE North America Inc.","CIVIL & ENVIRONMENTAL ENGRG"
223229,"003","asic design engineer electronics engineer except computer","Apple Inc.","ELECTRICAL AND COMPUTER ENGINEERING"
223307,"030","software developer","Softnet LLC","COMP SCI"
223366,"199","associate implementation","McKinsey & Company, Inc. United States","BUSINESS ADMINISTRATION"
223398,"003","senior engineer yleld engineers","GlobalFoundries U.S., Inc.","ELECTRICAL ENGINEERING"
223401,"050","trader","Citigroup Global Markets Inc.","ECONOMICS"
223411,"012","process engineer","Systemsoft Inc","MECHANIAL ENGINEERING"
223430,"030","associate application developer","ADP Technology Services, Inc.","COMPUTER SCIENCE"
223460,"041","bioprocess scientist ii","Ohayo Valley Inc.","BIOLOGY"
223526,"030","software developer","3Bees Technologies Inc","ROBOTICS"
223528,"030","research staff member","IBM Corporation","STATISTICS AND OPERATIONS RESEARCH"
223606,"030","software developer","CELORISTECH LLC","COMPUTER SCIENCE"
223622,"030","java developer","Eliassen Group, LLC","COMPUTER INFORMATION SYSTEMS"
223652,"182","assistant estimator","Joy Construction Corporation Corp","CONSTRUCTION ENGINEERING AND MANAGEMENT"
223727,"030","software engineer senior","Siemens Industry Software Inc.","ELECTRICAL ENGINEERING"
223769,"012","quality continuous improvement lean manufacturing engineer","Forkey Construction and Fabricating Inc.","INDUSTRIAL AND SYSTEMS ENGINEERING"
223854,"030","software developer","OM TEK INC","COMPUTER APPLICATIONS"
223856,"999","jr project mgr","CyberGrants, LLC","ENGINEERING MGMT"
223873,"030","software developer qa","TechSuffice LLC","COMPUTER SCIENCE"
223906,"030","machine learning engineer","Varian Medical Systems, Inc.","ELECTRICAL ENGINEERING MACHINE LEARNING & DATA SCIENCE"
223960,"163","vice president","Morgan Stanley Services Group Inc.","BUSINESS ADMINISTRATION"
223961,"030","computer systems engineer","Grede II LLC","COMPUTER SYSTEMS ENGINEERING"
224008,"039","machine learning engineer","e2log Inc.","COMPUTER ENGINEERING"
224031,"169","sr associate customer engagement strategy planning","RIVIAN, LLC","BUSINESS ADMINISTRATION"
224038,"030","oracle production support","EALEARN INC","COMPUTER SCIENCE"
224039,"030","retail and ecommerce","Wal-Mart Associates, Inc.","COMPUTER SCIENCE"
224069,"030","data engineer","IBM Corporation","MASTER OF APPLIED COMPUTER SCIENCE"
224095,"030","software engineer","Syssol Inc","ENGINEERING"
224144,"007","engineer mechanical","John Mezzalingua Associates, LLC","MECHANICAL ENGINEERING"
224213,"030","machine learning engineer","Apple Inc.","ELECTRICAL AND COMPUTER ENGINEERING"
224219,"030","software developer","SRS Consulting, Inc.","ELECTRONICS AND COMMUNICATION"
224270,"039","data analyst","DataSync, Inc","COMPUTER SCIENCE"
224290,"160","associate global credit risk","JPMorgan Chase & Co.","ECONOMICS"
224302,"003","design verification engineer electronics engineers except co","Apple Inc.","ELECTRICAL & COMPUTER ENGINEERING"
224313,"030","software development engineer i","Amazon.com Services LLC","INFORMATION SYSTEMS"
224319,"030","senior database engineer","VisiQuate, Inc.","COMPUTER SCIENCE AND BUSINESS INFORMATION SYSTEMS"
224365,"039","software engineering mts","Salesforce.com, Inc.","SOFTWARE DEVELOPMENT"
224417,"039","research scientist","Salesforce.com, Inc.","COMPUTER SCIENCE"
224491,"050","associate consultant business operations","The Spur Group, Inc.","ENVIRONMENTAL STUDIES POLITICS SUSTAINABLE PLANNING"
224608,"039","vice president program management shipping logistics","Saks.com LLC","COMPUTER SCIENCE"
224646,"012","manufacturing engineer iii","Nypro Inc., A Jabil Company","INDUSTRIAL ENGINEERING"
224655,"161","program operations manager","Draper University LLC","ELECTRICAL ENGINEERING"
224687,"199","associate management consultant","McKinsey & Company, Inc. United States","PUBLIC AFFAIRS"
224729,"199","data analyst","McKinsey & Company, Inc. United States","ANALYTICS"
224733,"030","devleoper user interface","Tata Consultancy Services Limited","MANAGEMENT INFORMATION SYSTEMS"
224744,"030","site quality environmental health and safety engineer","Carl Zeiss Vision Inc.","BUS ADMIN/MECHANICAL ENGRG/INTL MARKETING"
224801,"030","software engineer","Intel Corporation","AEROSPACE ENGINEERING"
224805,"030","business analyst","G-INFOTECH INC","BUSINESS ADMINSTRATION"
224816,"160","analytical reporting analyst","Transamerica Life Insurance Company","ACTUARIAL SCIENCE"
224903,"030","associate","The Ayco Company L.P., A Goldman Sachs Company","INFORMATION TECHNOLOGY AND MANAGEMENT"
225019,"030","associate data engineer","Mosaic Learning, Inc.","INFORMATION SCIENCES TECHNOLOGIES"
225101,"019","system analysis engineer","Wal Fuel Systems USA Inc","ROBOTICS"
225111,"030","software engineer","BNS International Inc","COMPUTER SCIENCE"
225160,"030","software developer","AV Enterprise Inc.","COMPUTER SCIENCE"
225184,"199","associate management consultant","McKinsey & Company, Inc. United States","BUSINESS  ADMINISTRATION"
225266,"020","product manager","Uber Technologies, Inc.","BUSINESS ADMINISTRATION"
225379,"160","fso consulting staff business consulting","Ernst & Young U.S. LLP","MATHEMATICS IN FINANCE"
225475,"162","investment banking associate","HSBC Securities USA Inc.","FINANCE"
225515,"020","data analyst 2","Cimetrix Incorporated","AGRICULTURAL AND BIOLOGICAL ENGINEERING"
225623,"030","quality engineer","Intellectt Inc","SCIENCE"
225685,"030","software engineer","NVIDIA Corporation","COMPUTER ENGINEERING"
225753,"030","business systems analyst","CEO Foundry LLC","COMPUTER SCIENCE AND ENGINEERING"
225820,"030","software developer","COMPUNNEL SOFTWARE GROUP, INC.","COMPUTER APPLICATIONS"
225926,"012","industrial engineer","Navy Island Inc.","COMPUTER SCIENCE"
225981,"030","machine learning enginer","Apple Inc.","MECH ENGRG"
225998,"199","client service specialist","MOODY'S ANALYTICS, INC.","QUANTITATIVE FINANCE"
226065,"199","associate management consultant","McKinsey & Company, Inc. United States","BUSINESS ADMINISTRATION"
226069,"012","project engineer","Masterpiece Auto LLC","INDUSTRIAL ENGINEERING"
226114,"022","senior scientist","PPD Development, L.P.","CHEMISTRY"
226122,"007","senior engineer mems characterization engineering","Knowles Electronics LLC","MECHANICAL ENGINEERING"
226124,"030","associate software engineering","JPMorgan Chase & Co.","INFORMATION TECHNOLOGY ASSURACE ADMINISTRATION BACHELORS IN COMPUTER SCIENCE"
226206,"012","product and materials test engineer","DDL, Inc.","ENGINEERING BIOMEDICAL ENGINEERING"
226218,"184","americas head operations change management","HSBC Technology & Services USA Inc.","BACHELOR OF SCIENCE IN MANAGEMENT"
226264,"161","manager business operations","Intuit Inc.","BUSINESS ADMINISTRATION"
226266,"030","data engineer","VTech Info Inc","INFORMATION SYSTEMS"
226387,"199","associate management consultant","McKinsey & Company, Inc. United States","BUSINESS ADMINISTRATION"
226394,"076","occupational therapist","THE STEPPING STONES GROUP LLC","OCCUPATIONAL THERAPY"
226429,"161","associate quant analytics","JPMorgan Chase & Co.","BUSINESS ANALYTICS & INFORMATION MANAGEMENT"
226430,"007","plant modeling sw tools engineer","Lucid USA, Inc.","MECHANICAL ENGINEERING"
226448,"199","associate management consultant","McKinsey & Company, Inc. United States","BUSINESS, ENGERGY, ENVIRONMENT AND SUSTAINABILITY"
226482,"030","software engineer","SRS Consulting, Inc.","COMPUTER SCIENCE AND ENGINEERING"
226483,"072","dentist associate","Igor Elperin DDS, PLLC","DENTAL HEALTH"
226565,"079","veterinary intern","Rood & Riddle and Partners","VETERINARY MEDICINE"
226635,"189","operations manager","Segur Texas, LLC","BUSINESS"
226731,"162","business development specialist","Spice Route LLC","BUSINESS ADMINISTRATION WITH A CONCENTRATION IN MARKETING"
226735,"020","clinical data manager","TruMinds Technologies, Inc.","INFORMATION TECHNOLOGY MANAGEMENT"
226776,"020","business operations consultant","ZS Associates, Inc.","CHEMICAL ENGINEERING"
226826,"189","senior product marketing manager","Finco Services Inc","BUSINESS  ADMINISTRATION"
226851,"030","engineering project manager software developer applications","Apple Inc.","INFORMATION SCIENCE"
226894,"030","software developer","Databloom LLC","COMPUTER SCIENCE"
227057,"030","software development engineer i","Amazon.com Services LLC","COMPUTER SCIENCE"
227083,"030","technology analyst us","Infosys Limited","COMPUTER SCIENCE"
227109,"020","economist","CIBC World Markets Corp.","FINANCE"
227251,"030","sales support lead specialist","Citibank, N.A.","MASTER OF BUSINESS ADMINISTRATION & BACHELOR OF ARTS IN ECONOMICS"
227265,"030","machine learning engineer","Epic Creations, Inc.","MATHEMATICS"
227273,"007","product development engineer i","Midwest Interventional Systems, Inc","MECHANICAL ENGINEERING"
227279,"199","associate management consultant","McKinsey & Company, Inc. United States","BUSINESS ADMINISTRATION"
227282,"033","product manager","Omaze, Inc.","SOFTWARE MANAGEMENT"
227315,"039","data governace practice lead iii","CareSource Management Services, LLC","INFORMATION SYSTEMS MANAGEMENT"
227342,"033","senior professional application delivery","DXC Technology Services LLC","NETWORK AND COMMUNICATIONS MANAGEMENT"
227379,"050","growth product mgr","Scopely, Inc.","MASTER OF BUSINESS ADMINISTRATION"
227385,"187","training and development specialist","HMP Properties LLC","HOSPITALITY MANAGEMENT"
227411,"019","software quality engineer iii","SAIF Corporation","ENGINEERING AND TECHNOLOGY MANAGEMENT"
227416,"030","analytical associate","A.T. Kearney, Inc.","MATHEMATICS"
227431,"030","business intelligence analyst","Winwinglobal LLC","MASTER OF BUSINESS ADMINISTRATION"
227483,"161","chief of staff to ceo","OMH HealthEdge Holding, Inc.","GENERAL MANAGEMENT ACCOUNTING FINANCE AND STRATEDY"
227540,"160","financial auditor","Gerson Preston Klein Lips Eisenberg & Gelber, P.A.","BUSINESS ADMINISTRATION"
227542,"030","software development engineer","Amazon.com Services LLC","COMPUTER SCIENCE"
227711,"030","test automation engineer","Astir Technologies LLC","BACHELOR OF SCIENCE DEGREE IN COMPUTER INFORMATION SYSTEMS US EQUIVALENT"
227751,"030","vice president","Goldman Sachs Services LLC","COMPUTER SCIENCE"
227766,"030","software developer","Egen Solutions, Inc.","DATA SCIENCE"
227767,"030","splunk engineer","EALEARN INC","INFORMATION SCIENCE"
227768,"020","data sciencde analyst","Tiger Analytics, Inc.","DATA SCIENCE"
227790,"199","associate management consultant","McKinsey & Company, Inc. United States","BUSINESS ADMINISTRATION"
227833,"199","product manager","McKinsey & Company, Inc. United States","BUSINESS ADMINISTRATION"
227853,"030","software development engineer i","Amazon.com Services LLC","COMPUTER SCIENCE"
227854,"169","fulfillment and logistics","Microsoft Corporation","BUSINESS ADMINISTRATION"
227902,"169","program manager ii","Amazon.com Services LLC","BUS ADMIN"
227916,"030","senior software engineer","EPAM Systems, Inc.","COMPUTER SCIENCE"
227923,"030","business systems analyst","INNOVALY CORP","BUSINESS MANAGEMENT"
227957,"020","commercial advisor","Wood Group USA, Inc.","FINANCE"
227968,"022","associate scientist chemistry","Agios Pharmaceuticals, Inc.","CHEMISTRY"
228018,"163","senior marketing manager","Maplebear Inc","BUSINESS ANALYTICS"
228049,"030","net sql developer","Info Junction LLC","ELECTRICAL AND COMPUTER ENGINEERING"
228144,"050","paid media specialist","Brainlabs USA, LLC","LIBERAL STUDIES SOCIAL AND HISTORICAL STUDIES CONCENTRATION"
228148,"030","big data engineer i","Rock Central LLC","DATA SCIENE AND BUSINESS ANALYTICS"
228180,"030","software developer","VASTIKA, INC.","INFORMATION TECHNOLOGY AND COMPUTING"
228221,"030","big data support engineer","Amazon.com Services LLC","INDUSTRIAL ENGINEERING"
228277,"030","associate data scientist","ProKarma, Inc.","DATA ANALYTICS"
228282,"030","full stack net developer","ITSTAC, LLC","INFORMATION TECHNOLOGY AND COMPUTING"
228296,"030","machine learning engineer","CALYPSO SOFT INC","COMPUTER SCIENCE"
228306,"161","consultant","The Boston Consulting Group, Inc.","BUSINESS ADMINISTRATION"
228311,"141","story artist","Pixar","APPLIED ARTS ANIMATION"
228317,"199","ops professional mkts mgr","Bank of America, N.A.","FINANCIAL MATHEMATICS"
228370,"030","consultant data engineer","Capgemini America, Inc.","COMPUTER SCIENCE AND SOFTWARE ENGINEERING"
228401,"039","senior analyst marketing science","Omnicom Media Group Holdings, Inc.","BUSINESS ANALYTICS"
228408,"078","president","TriMed, Inc.","BIOCHEMISTRY"
228505,"030","it project mgr","Xoriant Corporation","ENGINEERING"
228516,"001","architectural designer","Lumen Architectural Engineering, P.C.","ARCHITECTURE"
228565,"160","manager","Morgan Stanley Services Group Inc.","INFORMATION TECHNOLOGY AND TECHNOLOGY MANAGEMENT"
228566,"030","ux researcher","Meta Platforms, Inc.","FAMILY SOCIAL SCIENCE & BUSINESS"
228596,"029","clinical research specialist","Medtronic, Inc.","BIOTECHNOLOGY AND BIOCHEMISTRY"
228617,"072","dentist","Ganglani D.M.D., PLLC","DOCTOR OF DENTAL MEDICINE"
228655,"030","software development engineer i","Amazon.com Services LLC","COMPUTER SCIENCE"
228708,"030","data scientist with nlp and ai","Dun & Bradstreet, Inc.","DATA SCIENCE"
228742,"030","software engineer i","Cerner Corporation","COMPUTER SCIENCE"
228744,"160","portfolio manager","Tower Research Capital, LLC","FINANCE AND ACCOUNTING"
228765,"030","data scientist","IBM Corporation","DATA SCIENCE"
228824,"030","staff software engineer","TaroPay Inc","COMPUTER SCIENCE"
228843,"007","mechanical reliability and safety engineer ii","Medtronic, Inc.","BIOENGINEERING"
228882,"030","sr analyst gtm analytics","Palo Alto Networks, Inc.","BUSINESS ADMINISTRATION BUSINESS ANALYTICS"
228950,"030","battery algorithm simulation engineer","Apple Inc.","CHEMICAL ENGINEERING"
229063,"030","software development engineer","Expedia, Inc.","COMPUTER SCIENCE"
229103,"030","machine learning engineer software developers systems softwa","Apple Inc.","ARTIFICIAL INTELLIGENCE AND INNOVATION"
229173,"020","marketing mgr","Progress Partners IB, Inc.","INTERNATIONAL MARKETING"
229257,"030","human fact design engineer","Apple Inc.","BIOMEDICAL ENGINEERING"
229304,"039","software engineer l2","Twilio Inc.","COMPUTER NETWORKING"
229315,"030","data engineer","LatentView Analytics Corporation","COMPUTER INFORMATION SYSTEMS"
229323,"160","finance analyst","Siemens Industry, Inc.","CORPORATE FINANCE MANGEMENT SCIENCE"
229362,"030","data analyst sr","Pyramid Consulting, Inc.","ELECTRICAL ENGINEERING"
229372,"030","software engineer","SRS Consulting, Inc.","COMPUTER SCIENCE"
229453,"169","vice persident of engineering","LHP Data Analytic Solutions, LLC","MD SURGERY EQUIVALENT COMBINATION OF EDUCATION AND EXPERIENCE IN COMPUTER INFORMATION SYSTEMS"
229469,"030","solution specialist","Deloitte Consulting LLP","INDUSTRIAL ENGINEERING"
229509,"008","s t research engineer expert","PPG Industries, Inc.","CHEMICAL ENGINEERING"
229511,"030","software engineer","eNcloud Services LLC","INFORMATION TECHNOLOGY"
229543,"033","rf bench test engineer","Innophase, Inc.","ELECTRICAL ENGINEERING"
229573,"030","it project sr mgr","Citibank, N.A.","INFORMATION TECHNOLOGY & BUSINESS ADMIN"
229596,"050","search associate","Merkley and Partners, Inc.","ADVERTISING & INTERGRATED MARKETING COMMUNICATIONS"
229599,"011","product analyst","Alto Pharmacy, LLC.","QUANTITATIVE MANAGEMENT"
229625,"012","manufacturing specialist material plan execution","GE RENEWABLES GRID LLC","INDUSTRIAL ENGINEERING"
229682,"039","software engineer","McKinsey & Company, Inc. United States","COMPUTER SCIENCE"
229727,"007","sr pt thermal product engineer","Lordstown Motors Corp.","AUTOMOTIVE ENGINEERING"
229752,"019","sales operations planning manager","Siemens Gamesa Renewable Energy, Inc.","MANAGEMENT INFORMATION SYSTEMS"
229799,"030","system development engineer i","Amazon.com Services LLC","COMPUTER SCIENCE"
229806,"030","software developer","Kanap Systems LLC","DATA ANALYTICS"
229903,"079","ehs specialist","Weee Inc.","BACHELOR OF ARTS MAJOR IN SUSTAIABLE ENVIRONMENT DESIGN"
229948,"030","consultant","ProKarma, Inc.","INFORMATION TECHNOLOGY MANAGEMENT COMPUTER SCIENCE"
229975,"030","implementation engineer","Apple Inc.","COMP ENGRG"
229980,"039","research scientist","Amazon.com Services LLC","COMPUTER SCIENCE"
230023,"030","software developer","Disability Capital LLC","COMPUTER ENGINEERING"
230024,"161","consultant","The Boston Consulting Group, Inc.","BUSINESS ADMINISTRATION"
230044,"030","associate consultant technology implementation l1","WIPRO LIMITED","INFORMATION AND TECHNOLOGY MANAGEMENT"
230102,"030","java full stack developer","Raven Software Solutions Inc","TECHNOLOGY"
230164,"030","associate cloud operations engineer","Zscaler, Inc.","TELECOMUNICATION NETWORKS"
230199,"039","system engineer erp","Trikaiser, LLC","COMPUTER ENGINEERING"
230205,"039","software engineer ii","TuSimple, Inc.","PHYSICS"
230259,"003","principal electrical engineer","Medtronic, Inc.","BIOMEDICAL ENGINEERING"
230264,"030","database engineer","Sanra Solutions, Inc.","INFORMATION SYSTEMS"
230292,"030","data engineer","Selfbook Inc.","BACHELOR OF SCIENCE IN COMPUTER SYSTEMS ENGINEERING"
230455,"169","senior analyst decision sciences","Universal McCann Worldwide, Inc.","INFORMATICS WITH CONCENTRATION IN ANALYTICS"
230456,"030","junior developer","Akuna Capital LLC","MECHANICAL ENGINEERING"
230470,"030","quality engineer","IBM Corporation","COMPUTER ENGINEERING"
230484,"030","sdet software dev engineer in test","Ursi Technologies Inc","COMPUTER SCIENCE OR EQUIVALENT"
230492,"007","engineer staff algorithm development engineer","The Goodyear Tire & Rubber Company","MECHANICAL ENGINEERING"
230545,"059","media planner","Admerasia Inc.","COMMUNICATION AND MEDIA"
230615,"039","chromebook product manager","Lenovo United States Inc.","INTEGRATED INNOVATION FOR PRODUCTS AND SERVICES"
230789,"169","business operations analyst","Himalaya Trading Inc.","BUSINESS ANALYTICS AND RISK MANAGEMENT"
230905,"137","localization producer","Riot Games, Inc.","TRANSLATION AND LOCALIZATION MANAGEMENT"
231027,"160","tax associate","N&K CPAs, Inc.","TAXATION"
231080,"003","software engineer","MemryX Inc.","COMPUTER SCIENCE"
231147,"199","asst dir sr financial engineer","MOODY'S ANALYTICS, INC.","BUSINESS ADMINISTRATION"
231162,"160","assurance staff audit services","Ernst & Young U.S. LLP","ACCOUNTING"
231226,"039","engineer 1","McKinsey & Company, Inc. United States","COMPUTER SCIENCE"
231271,"030","design release engineer","Zoox, Inc.","MECHANICAL ENGINEER"
231272,"039","senior data engineer","Storj Labs Inc.","BUSINESS ADMINISTRATION INFORMATION SYSTEMS AND DATA SCIENCE"
231274,"020","associate","PricewaterhouseCoopers LLP","MANAGEMENT INFORMATION SYSTEMS AND BUSINESS ADMINISTRATION"
231299,"039","principal consultant","GLOBAL APPLICATIONS SOLUTION LLC","BACHELOR OF SCIENCE COMPUTER SCIENCE"
231371,"030","business analyst","Colsh Consultants, LLC","PROFESSIONAL STUDIES"
231450,"030","software development engineer ii","Amazon.com Services LLC","ELECTRONICS ENGINEERING"
231453,"030","software developer","Oracle America, Inc.","ELECTRICAL ENGINEERING"
231463,"160","financial analyst","Chain Bridge Bank, N.A.","BUSINESS ADMINISTRATION"
231489,"030","consultant us","Infosys Limited","ELECTRONICS AND COMMUNICATION ENGINEERING"
231504,"039","software engineer","Microsoft Corporation","COMPUTER SCIENCE"
231565,"033","senior data operations supervisor","Blue Box Air, LLC","BUSINESS ADMINISTRATION BUSINESS INTELLIGENCE ANALYTICS"
231600,"029","optical scientist","Meta Platforms, Inc.","PHYSICS AND MATHEMATICS"
231609,"030","software applications developer","Riese Cloud Tek LLC","MASTER OF SCIENCE"
231615,"020","model analysis validation senior analyst","Citibank, N.A.","BIOSTATISTICS PROBABILITY AND STATISTICS"
231622,"020","operations research analyst","LESSO America Inc.","JOINT MAJOR IN MATHEMATICS & ECONOMICS"
231624,"019","lead research development engineer","Phuc Labs, INC","PH D CHEMICAL ENGINEERING"
231688,"030","product specialist iii","Thermo Fisher Scientific Inc.","BIOLOGY"
231714,"030","supplier quality engineer","Satya Soft Solutions LLC","ENGINEERING"
231748,"007","product development engineer","SPX FLOW, Inc.","MECHANICAL ENGINEERING"
231759,"160","analyst","Morgan Stanley & Co, LLC","FINANCE"
231778,"003","senior signal integrity engineer","Cruise LLC","ELECTRICAL ENGINEERING"
231821,"162","buyer asian unit business manager","Thai Imports Limited","MANAGEMENT INFORMATION SYSTEMS"
231827,"030","machine learning engineer software developer systems softwar","Apple Inc.","COMPUTER ENGINEERING"
231867,"186","chief investment officer","VAULT DEVELOPMENT PARTNERS LLC","ACCOUNTING"
231914,"030","software engineer","Meta Platforms, Inc.","INFORMATION SYSTEMS AND CONNECTIVE MEDIA (BS IN COMPUTER ENGINEERING)"
231958,"033","senior data engineer","Blackbaud, Inc.","INFORMATION TECHNOLOGY"
232016,"030","application developer","IBM Corporation","BACHELOR OF SCIENCE IN COMPUTER ENGINEERING"
232080,"013","head of business development and strategy","Re-Nuble, Inc.","SUSTAINABILITY MANAGEMENT"
232104,"030","business intelligence analsyt","StorMagic, Inc.","BUSINESS ANALYTICS"
232108,"199","marketing professional","Siemens Medical Solutions USA, Inc.","INTERNATIONAL LOGISTICS AND SUPPLY CHAIN MANAGEMENT"
232110,"030","pathways operations manager","Amazon.com Services LLC","BUS ADMIN"
232163,"030","seo product lead","The Sage Board Inc","SOFTWARE ENGINEERING"
232183,"039","software engineer","Hilti Fieldwire, Inc.","SOFTWARE ENGINEERING"
232303,"999","r d chef","A & R All God's Children LLC","BACHELOR OF SCIENCE HOTEL AND CATERING MANAGEMENT"
232420,"012","manufacturing industrial engineer","Micron Technology, Inc.","INDUSTRIAL ENGINEERING"
232489,"012","quality manager product production","ams OSRAM Automotive Lighting Systems USA, Inc.","MECHATRONICS ENGINEERING"
232498,"079","senior scientist","Sanofi US Services Inc.","COMPULATIONAL AND DATA ENABLED SCIENCES"
232517,"110","associate","Weil, Gotshal & Manges LLP","JURIS DOCTOR"
232527,"030","developer","Luminary Creative and Marketing LLC","COMPUTER INFORMATION SYSTEMS"
232531,"999","senior surgery veterinarian technician","Hope Animal Clinic, PC","VETERINARY"
232542,"161","strategy consultant","Siemens Advanta Solutions Corp.","MANAGEMENT SCIENCE AND QUANTITATIVE METHODS"
232559,"030","solutions architect","Defense In Depth Solutions, Inc.","BUSINESS ADMINISTRATION"
232564,"030","software development engineer data","Apple Inc.","BUSINESS ANALYTICS AND PROJECT MANAGEMENT"
232571,"030","associate software engineer","JPMorgan Chase & Co.","COMPUTER SCIENCE"
232585,"030","devops engineer","Strategic Resources International Inc","COMPUTER SCIENCE"
232622,"199","practice specialist","McKinsey & Company, Inc. United States","BUSINESS ADMINISTRATION"
232661,"030","software development engineer i","Fabric.com, Inc.","INFORMATION COMMUNICATION TECHNOLOGY"
232703,"039","software engineer","Jane Street Group, LLC","SOFTWARE ENGINEERING"
232712,"030","programmer analyst ii","HCL America Solutions Inc","TELECOMMUNICATIONS"
232737,"007","principal product development engineer","Gener8, LLC","MATERIAL SCIENCE AND ENGINEERING"
232786,"141","associate designer","Visual Concepts","GAMES AND PLAYABLE MEDIA"
232795,"039","software engineer","PayPal, Inc.","COMPUTER SCIENCE"
232944,"030","software engineer","Datadog, Inc.","COMPUTATIONAL SCIENCES"
232952,"079","validation engineer","ND Global Consulting Services Inc","MECHANICAL ENGINEERING"
232969,"020","data scientist","SFL SCIENTIFIC, LLC","GEOLOGY"
232970,"161","research analyst","EMFT, LLC","BUSINESS ADMISTRATION"
232987,"199","capabilities and insights analytics specialist","McKinsey & Company, Inc. United States","BUSINESS ANALYTICS"
233021,"041","research associate ii oes 19 1021","Hengenix Biotech, Inc.","PHYSIOLOGY"
233143,"030","project product manager","One Sky Flight, LLC","PROJECT MANAGEMENT"
233198,"030","tax staff tax technology transformation","Ernst & Young U.S. LLP","INFORAMTION SYSTEMS"
233255,"030","sftw developer","Wise IT Inc","ELECTRONICS AND COMMUNICATION ENGINEERING"
233317,"003","head of research","Devron Corporation","ELECTRICAL AND COMPUTER ENGINEERING"
233340,"039","business analyst","Tzadik Properties, LLC","INFORMATION TECHNOLOGY"
233388,"030","software engineer","Arohak, Inc","COMPUTER SCIENCE ENGINEERING"
233396,"030","data analyst","MACHINE LEARNING TECHNOLOGIES LLC","MASTER OF SCIENCE IN BUSINESS ANALYTICS"
233405,"160","program manager ii","Amazon.com Services LLC","ACCOUNTING"
233432,"199","business analyst","McKinsey & Company, Inc. United States","ECONOMICS AND COMPUTER SCIENCE"
233464,"041","organism engineer","Ginkgo Bioworks, Inc.","PHD CELLULAR MELECULAR BIOMEDICAL STUDIES"
233467,"030","technology lead us","Infosys Limited","COMPUTER APPLICATIONS"
233527,"030","solution analyst","Deloitte Consulting LLP","COMPUTER SCIENCE"
233571,"999","international relations specialist","Gorin Tennis Academy","INTERNATIONAL RELATIONS"
233589,"050","market research analyst","Sybaritic, Inc.","INDUSTRIAL TECHNOLOGY AND OPERATIONS CONCENTRATION SUPPLY CHAIN MANAGEMENT"
233757,"039","software development engineer","Amazon.com Services LLC","COMPUTER SCIENCE"
233867,"169","client director","Oceanside Ten Management, Inc.","ENGINEERING MANAGEMENT"
233966,"079","prosthetist orthotist","Bionic Prosthetics & Orthotics Group, LLC","PROSTHETICS & ORTHOTICS"
234021,"199","sr software engineer","McKinsey & Company, Inc. United States","COMPUTER SCIENCE"
234055,"020","senior clinical sas programmer","TruMinds Technologies, Inc.","EPIDEMIOLOGY"
234105,"160","accountant","Citi Diamonds Inc.","COMMERCE"
234123,"033","senior associate computer systems engineers","Cognizant Technology Solutions US Corp","ELECTRICAL ENGINEERING"
234167,"199","mio quantitative research analyst","MIO Partners, Inc.","FINANCIAL ENGRG"
234182,"022","sr scientist bio process","Merck Sharp & Dohme Corp.","PHARMACEUTICS"
234196,"110","corporate associate","Wachtell, Lipton, Rosen & Katz","LAW"
234344,"030","software development engineer firmware","Apple Inc.","COMP ENGRG"
234358,"030","software engineer ii","Argo AI, LLC","MECHANICAL ENGINEERING CONTROLS"
234368,"030","software developer","Oracle America, Inc.","COMPUTER SCIENCE"
234437,"030","software engineer","North Point IT Corp","COMPUTER SCIENCE"
234474,"030","senior associate","WILLIS TOWERS WATSON US LLC","INFORMATION TECHNOLOGY"
234484,"030","java developer","Agiletal Technologies Inc.","BUS ADMIN"
234592,"199","data scientist","Lazard Freres & Co LLC","MANAGEMENT SCIENCE AND ENGINEERING"
234595,"078","clinical laboratory scientist","Management Health Systems, LLC","MEDICAL LABORATORY SCIENCE"
234617,"030","software engineer","Popular Tech","APPLIED COMPUTER SCIENCE"
234691,"007","global operational excellence director","HVL LLC","MECHANICAL ENGINEERING"
234734,"142","industrial designer","Enlisted Ventures, LLC","INDUSTRIAL DESIGN"
234745,"030","software engineer","SparkzIT LLC","INFORMATION TECHNOLOGY AND MANAGEMENT"
234755,"030","azure data engineer","Logic Loops LLC","BACHELOR OF SCIENCE IN COMPUTER SCIENCE"
234809,"030","software cloud engineer","Visio Systems Inc","INFORMATION SYSTEMS"
234816,"161","consultantt","The Boston Consulting Group, Inc.","BUSINESS ADMINISTRATION"
234831,"030","software dev engineer ii","OATH HOLDINGS INC","COMPUTER SCIENCE"
234871,"030","formal validation engineer electronics engineers except","Apple Inc.","COMPUTER SCIENCE"
234948,"161","vice president product development","JPMorgan Chase & Co.","OPERATIONS MANAGEMENT AND INDUSTRIAL ENGINEERING"
234974,"163","sales manager","PERKINS ROOFING CORP","COMMERCE"
235035,"185","pathways operations manager","Amazon.com Services LLC","SUPPLY CHAIN MANAGEMENT AND BUSINESS ANALYTICS"
235056,"076","exercise physiologist","Prime Leaders Health Services, Inc","KINESIOLOGY"
235079,"030","technical test lead us","Infosys Limited","COMPUTER SCIENCE MATHEMATICS AND PHYSICS"
235107,"020","team lead revenue management","The Hertz Corporation","BUSINESS ADMINISTRATION WITH A CONCENTRATION IN FINANCE"
235169,"020","legal systems analyst","Charlee.ai","INSURANCE LAW"
235204,"001","architectural emerging professional","Strang, Inc","ARCHITECTURE"
235306,"039","software engineer","Salesforce.com, Inc.","COMPUTER SCIENCE"
235322,"030","java developer","Emonics LLC","COMPUTER SCIENCE AND INFORMATION TECHNOLOGY"
235376,"030","device engineer","Power Integrations, Inc.","ELECTRONICS ENGINEERING"
235381,"012","engineer ii","SMITHS MEDICAL ASD INC.","ENGINEERING MANAGEMENT"
235458,"050","associate","Cornerstone Research, Inc.","BUSINESS ADMIN W CONCENTRATION IN ECONOMICS"
235516,"030","machine learning engineer","Apple Inc.","SYMBOLIC SYSTEMS"
235675,"030","software engineer","Halosight, Inc.","COMPUTER SCIENCE"
235679,"030","ar vr software development engineer software developer","Apple Inc.","ELECTRICAL AND COMPUTER ENGINEERING"
235744,"001","designer","Elysian Landscapes Inc.","LANDSCAPE ARCHITECTURE"
235899,"119","law clerk","Hogan Lovells US LLP","LAW"
235943,"050","product manager","Maplebear Inc","ECONOMICS"
235957,"169","associate psychometrician measurement testing examinations","National Council of State Boards of Nursing, Inc.","Education"
235961,"039","quality assurance analyst ii information technology","National Council of State Boards of Nursing, Inc.","ELECTRICAL AND ELECTRONIC ENGINEERING"
235983,"039","program manager","Microsoft Corporation","COMPUTER SCIENCE"
236016,"160","vice president","Credit Suisse Securities USA LLC","FINANCE"
236082,"003","applications engineer sr i","Synopsys, Inc.","MATERIALS SCIENCE & ENGINEERING"
236100,"030","technology analyst us","Infosys Limited","COMPUTER SCIENCE"
236162,"110","associate attorney","Gibson, Dunn & Crutcher LLP","LAW"
236218,"099","educational counselor","THINKTOWN EDUCATION, INC.","DIVISION OF THE HUMANITIES"
236228,"030","software data operations engineer","MAQ, LLC","COMPUTER SCIENCE AND ENGINEERING"
236250,"007","mechanical engineer","Rennon Construction Corp.","MECHANICAL ENGINEERING"
236260,"030","software development engineer","Expedia, Inc.","INFORMATION SYSTEMS"
236316,"160","senior staff accountant","Kohan Retail Investment Group LLC","BUSINESS AND FINANCIAL OPERATIONS"
236335,"030","landscape architect designer","Continuum Landscape Architects Inc","LANDSCAPE ARCHITECTURE"
236359,"030","specialist","McKinsey & Company, Inc. United States","BUSINESS ADMINISTRATION"
236364,"030","developer devops","Barclays Services LLC","COMPUTER SCIENCE"
236404,"030","fe engineer electronics engineer except computer","Apple Inc.","ELECTRICAL AND COMPUTER ENGINEERING"
236458,"029","clinical statistical analyst","Simple Health LLC","BUSINESS ANALYTICS MS ACTUARIAL SCIENCE BS"
236480,"030","infotainment engineer","C-Vision, Inc.","MECHANICAL ENGINEERING"
236496,"160","product analyst","Pacific Investment Management Company LLC","ECONOMICS"
236594,"030","associate software engineer","Navis, LP","COMPUTER SOFTWARE ENGINEERING"
236750,"030","research scientist machine learning","BYTEDANCE INC.","COMPUTER SCIENCE AND ENGINEERING"
236845,"169","director of it","Housing Authority of the City of Pittsburgh","ELECTRICAL ENGINEERING"
236877,"033","technical project manager","PETABYTE TECHNOLOGIES LLC","BUSINESS ADMIN"
236898,"030","software development engineer software dev applications","Apple Inc.","COMPUTER INFORMATION SYSTEMS"
236909,"030","business intelligence engineer i","PillPack LLC","BUSINESS ANALYTICS"
236971,"030","software developer","Tektra IT Services Inc","ELECTRICAL 7 ELECTRONICS ENGINEERING"
237036,"050","credit portfolio senior group manager","Citibank, N.A.","ECONOMICS"
237054,"030","research scientist","Meta Platforms, Inc.","COMPUTER SCIENCE"
237057,"070","aesthetic body contouring fellow","Hurwitz Center for Plastic Surgery, PC","MEDICINE"
237138,"030","software development engineer systems","Apple Inc.","COMPUTER SCIENCE AND SOFTWARE ENIGNEERING"
237168,"030","architect","Tata Consultancy Services Limited","ELECTRICAL AND COMPUTER ENGINEERING"
237172,"169","quantitative analyst","D. E. Shaw & Co., L.P.","PHYSICS"
237228,"030","cloud data engineer","Lyve Tech LLC","BUSINESS ANALYTICS"
237261,"059","analyst campaign insights","MullenLowe U.S., Inc.","DATA SCIENCE"
237280,"030","computer programmer","VANTAGE LABS, LLC","COMPUTER SCIENCE AND ENGINEERING"
237397,"199","business analyst management consultant","McKinsey & Company, Inc. United States","MANAGEMENT"
237498,"030","hardware development engineer","Apple Inc.","APPLIED SCI & TECH"
237556,"050","monetization analyst lion studios","AppLovin Corporation","MARKETING"
237685,"199","business analyst management consultant","McKinsey & Company, Inc. United States","ECONOMICS"
237712,"020","senior analyst","Horizon Media LLC","DATA SCIENCE"
237720,"169","program manager","BYTEDANCE INC.","COMPUTER INFORMATION SYSTEMS"
237802,"","systems engineer","OMA4 LLC","INFORMATION TECHNOLOGY"
237879,"030","software development engineer applications software develope","Apple Inc.","MATHEMATICS"
237955,"030","software developer","Thinklusive Inc.","COMPUTER SCIENCE"
237993,"030","software developer","COMPUNNEL SOFTWARE GROUP, INC.","QUANTITATIVE FINANCE"
238256,"007","product solutions engineer","AES Clean Energy Services, LLC","MECHANICAL ENGINEERING"
238307,"039","scientific software developer","Openeye Scientific Software , Inc.","CHEMISTRY"
238323,"050","analyst","Goldman Sachs & Co LLC","GLOBAL MANAGEMENT GLOBAL BUSINESS"
238335,"160","fund accounting","JPMorgan Chase & Co.","ECONOMICS"
238392,"007","mechanical engineer","Applied Materials, Inc.","MECHANICAL ENGINEERING"
238412,"141","jr 3d designer","AppLovin Corporation","ANIMATION"
238440,"030","firmware developer","IBM Corporation","COMPUTER SCIENCE"
238449,"007","equipment engineer","Micron Technology, Inc.","MECHANICAL ENGINEERING"
238451,"169","associate","Morgan Stanley Bank N.A.","MATHEMATICS OF FINANCE"
238454,"030","software developer","VISION IT USA INC","INFORMATION TECHNOLOGY MANAGEMENT"
238464,"030","principal software engineer senior full stack developer","Mitek Systems, Inc.","TELECOMMUNICATIONS ENGINEERING U S EQUIVALENT"
238479,"030","data engineer","Chartboost, Inc.","BUSINESS ANALYTICS"
238572,"030","analytics engineer","Health Catalyst, Inc.","COMPUTER SCIENCE AND QUANTITATIVE METHODS"
238582,"030","software development engineer applications","Apple Inc.","APPLIED MATHEMATICS AND COMPUTER INFORMATION SYSTEMS"
238600,"039","analyst sr analyst business intelligence","Salesforce.com, Inc.","BUSINESS ANALYTICS"
238653,"030","strategic sales operations specialist","Hitachi Vantara LLC","BUSINESS ADMINISTRATION CONCENTRATION FINANCE"
238737,"059","associate manager compliance risk and diligence","Kroll Associates, Inc.","INTERNATIONAL RELATIONS"
238758,"012","process engineering specialist","HSBC Technology & Services USA Inc.","BUS ADMIN"
238787,"199","software administrator","Bloomberg LP","MATHEMATICS OF COMPUTATION"
238821,"039","engineer 2","McKinsey & Company, Inc. United States","COMPUTER SCIENCE"
238836,"030","research scientist","Meta Platforms, Inc.","COMPUTER SCIENCE"
238879,"039","software engineering mts","Salesforce.com, Inc.","COMPUTER SCIENCE"
238889,"161","consultant","The Boston Consulting Group, Inc.","BUSINESS ADMINISTRATION"
238893,"199","associate analyst 3","MOODY'S INVESTORS SERVICE, INC.","QUANTITATIVE FINANCE"
238899,"169","it manager","Safeway Inc.","COMPUTER INFORMATION SYSTEMS"
238911,"049","senior climate change and sustainability specialist","ICF Incorporated, LLC","ENVIRONMENTAL AND SUSTAINABILITY SCIENCE"
238959,"030","mulesoft developer","ISOLVE TECHNOLOGY INC","BUSINESS ANALYTICS"
238994,"160","staff accountant","Chen & Fan Accountancy Corporation","ACCOUNTING"
239003,"030","software engineer","Zoox, Inc.","MECHATRONIC ENGINEERING"
239006,"160","business analyst","Miku, Inc","BUSINESS ADMINISTRATION"
239060,"169","account executive","IPG Health LLC","NEUROSCIENCE AND BEHAVIOR"
239073,"033","senior associate computer systems engineers","Cognizant Technology Solutions US Corp","ELECTRONIC ENGINEERING"
239079,"141","designer","Maisonette, Inc.","DESIGNER"
239087,"119","legal consultant","Davis Polk & Wardwell LLP","LAW"
239093,"199","director of mineralized co2 commercialization","Blue Planet Systems Corporation","U S BACHELORS DEGREE IN BUSINESS ADMINISTRATION EQUIVALENT"
239126,"030","software engineer ii","DiDi Research America, LLC","COMPUTER ENGINEERING"
239144,"999","pathways operations manager mba","Amazon.com Services LLC","BUSINESS ADMINISTRATION"
239225,"169","operations program manager","Microsoft Corporation","BUSINESS ADMINISTRATION"
239234,"001","global account director","M. Arthur Gensler Jr. & Associates, Inc.","BACHELOR OF ARCHITECTURE"
239340,"142","product designer","Brave Software, Inc.","WEB DESIGN NEW MEDIA"
239449,"030","support engineer","Adroit Associates Inc","BUSINESS  ANALYTICS"
239465,"041","associate biologics cmc","WuXi Biologics USA, LLC","BIOTECHNOLOGY"
239477,"161","product marketing analyst","BlueVine Capital, Inc.","BUSINESS  ADMINISTRATION"
239542,"030","software development engineer","Apple Inc.","COMPUTER ENGINEERING"
239651,"030","manager","Deloitte Consulting LLP","BUSINESS ADMINISTRATION"
239684,"030","data engineer","NESTOR TECHNOLOGIES INC.","COMP SCI & INFO SYSS"
239687,"160","senior vice president asset management","Bedrock Management Services, LLC","BUSINESS ADMINISTRATION"
239730,"030","hardware development engineer electronics engineer except c","Apple Inc.","ELECTRICAL AND COMPUTER ENGINEERING"
239812,"160","tax consultant","Deloitte Tax LLP","BUSINESS ECONOMICS / ACCOUNTING"
239855,"039","product manager","Crystal Equation Corporation","MASTER OF SCIENCE IN INFORMATION SYSTEMS & TECHNOLOGY"
239892,"163","international sales director","Advance 2000, Inc.","BUSINESS"
239985,"030","software development engineer","Apple Inc.","SECURITY INFORMATICS"
240216,"039","net developer","Wafts Solutions Inc",""
240225,"020","strategy associate","UMA Education, Inc.","BUSINESS ADMINISTRATION"
240231,"030","programmer analyst","Appstream Technologies llc","INFORMATION TECHNOLOGY"
240248,"161","associate","The Boston Consulting Group, Inc.","MATHEMATICAL ECONOMICS"
240300,"030","software developer data analyst","Eversoft Technologies LLC","COMPUTER SCIENCE AND ENGINEERING"
240392,"040","chief agronomist","GroGuru, Inc.","AGRONOMY"
240468,"008","staff scientist research development","Thermo Fisher Scientific Inc.","CHEMISTRY"
240532,"030","international operations analyst business intelligence","Melaleuca Inc","BUSINESS ANALYTICS"
240572,"030","senior software engineer","HUBSPOT, INC","COMPUTER SCIENCE"
240585,"030","senior consultant data analyst","Turnberry Solutions Inc","COMPUTER SCIENCE"
240636,"030","technology analyst us","Infosys Limited","COMPUTER SCIENCE"
240684,"030","production engineer","Intellectt Inc","ENGINEERING AND OPERATIONS MANAGEMENT"
240712,"160","broker dealer","SG AMERICAS SECURITIES, LLC","INTERNATIONAL AFFAIRS AND BUSINESS ADMINISTRATION"
240733,"010","geomechanical engineer i","Freeport-McMoRan Chino Mines Company","MINERAL ENGINEERING (SPECIALIZATION IN GEOTECHNICAL ENGINEERING)"
240740,"030","software verification test engineer ii","Cepheid","TELECOMMUNICATION ENGINEERING"
240769,"039","software developer applications","Enduring Games, Inc.","INTERACTIVE TECHNOLOGY DIGITAL GAME DEVELOPMENT"
240772,"075","project manager data quality","PRIME HEALTHCARE MANAGEMENT, INC.","PUBLIC HEALTH"
240794,"012","quality engineer","Westfall Technik, Inc.","INDUSTRIAL ENGINEERING"
240813,"160","quantitative research analyst","Pacific Investment Management Company LLC","FINANCIAL MATHEMATICS"
240870,"030","software engineer","NGA GROUP INC","ELECTRONICS COMMUNICATION ENGINEERING"
240886,"030","software developer","VCIT Solutions, Inc.","INFORMATION TECHNOLOGY"
240897,"030","software developer","Tek Excel, Inc.","APPLIED COMPUTER SCIENCE"
241109,"166","training and development specialist","Global Impact Investing Network","INTERNATIONAL AFFAIRS"
241193,"030","vice president","Credit Suisse Securities USA LLC","COMPUTER SCIENCE"
241201,"189","head of engineering","Product Science, Inc.","COMPUTER INFORMATION SYSTEMS"
241215,"030","programmer analyst","INDUR IT SOLUTIONS INC","MECHANICAL ENGINEERING"
241250,"199","senior manager risk management","American Express Company","COMPUTER INFORMATION SYSTEMS"
241256,"030","salesforce business system analyst","Incapsulate, LLC","INFORMATION SYSTEMS TECHNOLOGY"
241269,"030","data scientist","Oracle America, Inc.","ELECTRICAL ENGINEERING"
241336,"030","power engineer electrinics engineer except computer","Apple Inc.","ELECTRICAL AND COMPUTER ENGINEERING"
241343,"003","firmware engineer","SONY ELECTRONICS INC.","COMPUTER ENGINEERING"
241383,"022","manufacturing process engineer","Entegris, Inc.","MASTER OF SCIENCE IN CHEMICAL ENGINEERING"
241431,"012","buyer","Vizgen, Inc.","INDUSTRIAL ENGINEERING"
241575,"019","product engineer mechanical engineer","Palo Alto Research Center, Inc.","MECHANICAL ENGINEERING"
241576,"199","analyst","McKinsey & Company, Inc. United States","INFORMATION SYSTEMS MANAGEMENT"
241589,"169","managing director it organizational management","JPMorgan Chase & Co.","COMPUTER SCIENCE"
241634,"160","staff accountant","Critical Systems LLC","ACCOUNTING"
241642,"030","software development engineer i","Amazon.com Services LLC","COMPUTER ENGINEERING"
241743,"019","research associate","Akoya Biosciences, Inc.","BIOMEDICAL ENGINEERING"
241866,"199","sata journalist","MOODY'S INVESTORS SERVICE, INC.","JOURNALISM"
241896,"012","manufacturing engineer","Accrete Hitech Solutions Inc","MECHANICAL ENGINEERING"
241916,"003","wireless hardware engineer","Eridan Communications, Inc.","ELECTRICAL ENGINEERING"
241931,"003","hardware systems engineer electrical engineer","Apple Inc.","ELECTRICAL ENGINEERING"
242004,"010","software engineer 2","Boomi L.P.","DATA ANALYTICS ENGINEERING"
242010,"076","exercise physiologist","TheraAide Rehab, LLC","EXERCISE SCIENCE"
242041,"161","manager","ExlService.com, LLC","BUS ANALYTICS"
242072,"030","config release engineer","Apple Inc.","COMP SCI"
242084,"165","senior art director","The WeissComm Group LTD","ADVERTISING"
242088,"003","camera engineer","Qualcomm Technologies, Inc.","COMP ENGINEERING"
242095,"030","manager","Cognizant Technology Solutions US Corp","ELECTRICAL & ELECTRONIC ENGINEERING"
242113,"030","principal qa engineer i","Cambridge Mobile Telematics, Inc.","EMBEDDED SYSTEMS ENGINEIRRING US EQUIVALENT"
242120,"162","sr supply chain supervisor logistics","ZF Transmissions Gray Court, LLC","BUSINESS ADMINISTRATION"
242150,"030","software developers applications","Apple Inc.","ELECTRICAL ENGINEERING"
242180,"030","sr engineer software development","Verato, Inc.","COMPUTER TECHNOLOGY ENGINEER US EQUIVALENT OF COMPUTER ENGINEERING"
242182,"003","staff product engineer","Navitas Semiconductor Corporation","ELECTRONIC AND COMPUTER ENGINEERING"
242262,"169","business analyst 2","Capgemini America, Inc.","BUSINESS ADMINISTRATION"
242290,"059","analyst campaign insights","MullenLowe U.S., Inc.","BUSINESS ANALYTICS"
242307,"030","senior data science analyst","TECH INSPIRON LLC","BUSINESS ADMINISTRATION"
242371,"030","associate software engineer","NB Ventures, Inc","INFORMATION TECHNOLOGY AND ANALYTICS"
242376,"039","data engineer","Citizens Financial Group, Inc.","DATA SCIENCE"
242407,"110","associate","KIRKLAND & ELLIS LLP","LAW"
242427,"030","senior platform engineer multi platform","Nuvalence, LLC","SCIENCE TECHNOLOGY"
242535,"160","analyst","The Ayco Company L.P., A Goldman Sachs Company","BUSINESS ADMINISTRATION FINANCE"
242565,"030","vice president","BLACKROCK FINANCIAL MANAGEMENT, INC.","COMPUTER SCIENCE ELECTRONIC ENGINEERING"
242572,"030","associate software engineer","JPMorgan Chase & Co.","COMPUTER SCIENCE"
242585,"030","process engineer materials","James R. Glidewell Dental Ceramics, Inc.","ENGINEERING"
242675,"199","associate management consultant","McKinsey & Company, Inc. United States","PUBLIC POLICY"
242678,"030","associate","Bank of China","FINANCIAL MATHEMATICS"
242780,"007","assistant plant manager","Louis Dreyfus Company Agricultural Industries LLC","MECHANICAL ENGINEERING"
242998,"199","engagement manager management consultant","McKinsey & Company, Inc. United States","BUSINESS ADMINISTRATION"
243015,"030","marcom business affairs","Apple Inc.","PROFESSIONAL COMMUNICATION"
243087,"030","sr software engineer","LinkedIn Corporation","COMPUTER SCIENCE"
243105,"007","senior opto mechanical systems engineer","Carbon, Inc.","MECHANICAL ENGINEERING"
243143,"039","senior product designer","Anheuser-Busch InBev Services, LLC","BUSINESS ANALYTICS AND MACHINE LEARNING"
243178,"030","software engineer 2","Epsilon Data Management LLC","INFORMATION SYSTEMS"
243204,"008","process engineer","Blue Ridge Paper Products LLC","CHEMICAL ENGINEERING"
243206,"005","control systems engineer","Control Engineering, Inc.","ELECTRICAL ENGINEERING"
243219,"003","software engineer","Zoox, Inc.","COMPUTER SCIENCE"
243295,"030","software development engineer i","Amazon.com Services LLC","ELECTRONIC ENGINEERING"
243309,"199","business analyst management consultant","McKinsey & Company, Inc. United States","PHILOSOPHY"
243343,"189","consultant","Bain & Company, Inc.","BUSINESS ADMINISTRATION"
243350,"079","clinical director","American Hospice and Home Health Care Services Inc.","PHARMACY"
243366,"030","software developer","Datad Solutions Inc","INFORMATION TECHNOLOGY ELECTRICAL ENGINEERING"
243402,"199","associate management consultant","McKinsey & Company, Inc. United States","EDUCATION"
243495,"030","java developer","Slesha Inc","COMPUTER SCIENCE"
243591,"030","data quality specialist i","Charter Communications, Inc.","INFORMATION TECHNOLOGY"
243626,"039","avp senior anaplan developer","Cerberus Capital Management, L.P.","BUSINESS ADMINISTRATION"
243778,"033","engineer","inContact, Inc.","COMPUTER INFORMATION SYSTEMS"
243786,"030","systems design engineer electrical eng","Apple Inc.","ELECTRICAL ENGRG"
243835,"030","software engineer i ii","HAIJUN WU","MASTER OF SCIENCE IN INFORMATION SYSTEMS"
243938,"030","software engineer","Confluent, Inc.","COMPUTER ENGINEERING"
243982,"030","software engineer","Meta Platforms, Inc.","COMPUTER ENGINEERING"
243998,"030","machine learning engineer software developers systems softwa","Apple Inc.","ELECTRICAL AND COMPUTER ENGINEERING"
244019,"050","investment banking analyst","Citigroup Global Markets Inc.","BACHELOR OF SCIENCE IN BUSINESS ADMINISTRATION MAJOR IN FINANCE"
244026,"030","software engineer","SygnusIT Inc","COMPUTER SCIENCE"
244029,"030","data and cloud engineer","APPRIDAT SOLUTIONS, LLC","COMPUTER SCIENCE AND ENGINEERING"
244044,"049","associate director biostatistics","PFIZER INC.","STATISTICS"
244126,"030","java developer","DWBI SERVICES INC","MECHANICAL ENGINEERING"
244160,"030","simulation and controls system engineer electrical engineer","Apple Inc.","ELECTRICAL ENGINEERING AND COMPUTER SCIENCES"
244225,"010","scientist ii field applications","Thermo Fisher Scientific Inc.","INORGANIC CHEMISTRY"
244264,"160","financial analyst","KCT Professional Services LLC","STATISTICS"
244293,"030","technology lead us","Infosys Limited","COMPUTER APPLICATIONS"
244376,"030","software development engineer i","Amazon.com Services LLC","COMPUTER SCIENCE"
244406,"030","associate software engineer","JPMorgan Chase & Co.","COMPUTER SCIENCE"
244419,"141","creative lead","GARAGE SOLUTIONS LLC","GRAPHIC DESIGN"
244441,"030","programmer","INFOMATICS INC","COMPUTER SCIENCE AND ENGINEERING"
244472,"030","product analyst","Google LLC","STATISTICS"
244482,"199","senior business analyst","Capital One, National Association","BUSINESS ADMINISTRATION WITH AN ADDITIONAL UNDERGRADUATE MAJOR IN ECONOMICS"
244493,"169","senior analyst decision sciences","Universal McCann Worldwide, Inc.","APPLIED STATISTICS IN SOCIAL SCIENCE RESEARCH WITH CONCENTRATION IN COMPUTATIONAL METHODS"
244539,"033","software engineer","Energy Domain, LLC","COMPUTER SCIENCE"
244588,"030","data engineer","Datalore Technologies Inc","BACHELOR OF TECHNOLOGY IN INFORMATION TECHNOLOGY"
244618,"030","software developer","Virtuouspros Inc","POWER ELECTRONICS"
244753,"030","forward deployed engineer","Element Analytics, Inc.","MANAGEMENT INFORMATION SYSTEMS"
244783,"020","business intelligence analyst","Bespin Capital LLC","APPLIED STATISTICS"
244844,"030","information security engineer ii","Bluescape","CYBER SECURITY"
244854,"","pv design technician","Green Convergence","MECHANICAL ENGINEERING"
244884,"039","senior strategy manager","JumpCloud Inc.","ECONOMICS"
244885,"030","program manager ii","Amazon.com Services LLC","INDUSTRIAL AND SYSTEMS ENGINEERING"
244889,"072","dental associate ii","Todays Dental At Greenville LLC","DOCTORATE IN DENTAL MEDICINE"
244907,"030","software developer","WEDOCLEVER LLC","COMPUTER SCIENCE"
244924,"030","product design engineer","Apple Inc.","MECHANICAL ENGINERING"
244968,"019","packaging engineer","eco.logic brands inc.","PACKAGING SCIENCE"
245089,"039","research engineer ii","TuSimple, Inc.","ELECTRICAL & COMPUTER ENGINEERING AND MECHANICAL ENGINEERING"
245100,"012","industrial engineer","Interlake Mecalux, Inc.","ADVANCED MANUFACTURING"
245104,"030","software engineer","Deere and Company","COMPUTER SCIENCE AND ENGINEERING"
245199,"030","associate site reliability engineer","JPMorgan Chase & Co.","COMPUTER SCIENCE"
245215,"030","front end engineer i","Amazon Development Center U.S, Inc.","INTERACTIVE TELECOMMUNICATIONS"
245221,"030","associate technical program mgr","STOCKX LLC","MGMT INFORMATION SYSTEMS"
245292,"030","software developer","STRATEGIC STAFFING IT INC","MECHANICAL ENGINEERING"
245385,"030","api engineer","Palni Inc.","COMPUTER SCIENCE"
245408,"030","net full stack developer","INFOMATICS TECHNOLOGIES INC","INFORMATION TECHNOLOGY MANAGEMENT"
245446,"005","civil associate i","Michael Baker International, Inc.","CIVIL ENGINEERING"
245470,"030","software data operations engineer","MAQ, LLC","COMPUTER ENGINEERING"
245475,"030","associate implementation","McKinsey & Company, Inc. United States","BUSINESS ADMINISTRATION"
245491,"030","associate software engineer","JPMorgan Chase & Co.","COMPUTER SCIENCE"
245535,"001","graduate bim coordinator","BURO HAPPOLD CONSULTING ENGINEERS, INC.","BLDG SCIENCE"
245580,"162","premium portfolio marketing manager","Siemens Medical Solutions USA, Inc.","MEDICAL IMAGING"
245596,"030","salesforce business analyst","GenPx Inc","INFORMATION SYSTEMS"
245603,"189","plant manager","SATHI, LLC","CHEMICAL ENGINEERING"
245612,"153","athletic trainer","ANB-PTSMA Holdings, Inc.","ATHLETIC TRAINING"
245658,"131","process engineer","LONZA BIOLOGICS INC.","ENVIRONMENTAL TECHNOLOGY SUSTAINABILTY"
245675,"072","dentist","Hamlet Karapetian DMD Inc.","DENTISTRY"
245709,"041","msat scientist","LONZA BIOLOGICS INC.","CHEMICAL ENGINEERING"
245750,"039","software engineering lmts","Salesforce.com, Inc.","INFORMATION TECHNOLOGY"
245895,"020","senior data analyst","Beyond 12 Education Inc.","ENVIRONMENTAL SCIENCE AND POLICY"
245899,"007","engineer i","SOLVED ENGINEERING, INC","MASTER OF SCIENCE IN MECHANICAL ENGINEERING"
245904,"161","consultant","The Boston Consulting Group, Inc.","BUSINESS ADMINISTRATION"
245919,"030","software engineer","Semanticbits LLC","COMPUTER SCIENCE"
245923,"030","qa engineer","Oremda Infotech Inc","INFORMATION TECHNOLOGY"
245980,"008","manager batch furnace","Ardagh Glass, Inc.","CHEMICAL ENGINEERING"
246030,"030","java developer","STRATEGIC SYSTEMS INC.","COMPUTER SCIENCE"
246037,"030","quality engineer","Intellectt Inc","MECHANICAL ENGINEERING"
246096,"030","senior machine learning engineer","Cruise LLC","DATA SCIENCE"
246106,"041","senior scientist ii","Sanegene Bio USA Inc.","MORPHOLOGY"
246124,"039","software technical product manager mobile apps","Medtronic, Inc.","INFORMATION SYSTEMS"
246160,"030","business intelligence analyst","Iris Software, Inc.","INFORMATION MANAGEMENT"
246193,"030","senior auditor business intelligence data analyst","CHS Inc.","INFO MGT"
246205,"039","salesforce developer","Lanco Global Systems, Inc.","COMPUTER SCIENCE"
246207,"050","management marketing financial analyst","Swigart Law Group, APC","ECONOMICS"
246219,"186","head of personnal investing","Fidelity Brokerage Services LLC","BUSINESS ADMIN"
246267,"041","senior process development engineer","Orbillion Bio, Inc.","BIOPHARMACEUTICAL PROCESSING"
246271,"110","attorney","Davis Polk & Wardwell LLP","LAW"
246291,"005","structural engineer","DESIGN ENGINEERING, INC.","CIVIL ENGINEERING"
246389,"160","senior associate","Brookfield Asset Management LLC","BUSINESS ADMISTRATION"
246403,"030","software developer","Tuppl Technologies Inc","COMPUTER SCIENCE & INFORMATION TECHNOLOGY"
246429,"030","software engineer machine learning","Ikigai Labs, Inc.","COMPUTER ENGINEERING"
246459,"165","public relations account coordinator","BOB GOLD & ASSOCIATES","STRATEGIC PUBLIC RELATIONS"
246485,"030","senior software developer","Kforce, Inc","COMPUTER SCIENCE"
246654,"007","machine learning software engineer","DEKA RESEARCH & DEVELOPMENT CORP","MECHANICAL ENGINEERING ROBOTICS"
246663,"039","software engineer","Microsoft Corporation","FASHION TECHNOLOGY"
246794,"030","devops cloud engineer","Bruhat Technologies Inc","MASTER OF SCI"
246825,"049","scientist i computational chemistry","Blueprint Medicines Corporation","CHEMICAL ENGINEERING"
246928,"030","software engineer","Brillfy Technology Inc","COMPUTER ENGINEERING"
246940,"039","digital architect","Rising Sun Technologies LLC","COMPUTER SCIENCE AND ENGINEERING"
246967,"030","partner engineer","Uber Technologies, Inc.","ENGNIEERING AND MANAGEMENT"
246993,"030","data engineer","CALYPSO SOFT INC","INFORMATION TECH AND CYBERSECURITY"
247010,"030","software engineer","Automata Transactions LLC","COMPUTER ENGINEERING"
247020,"030","software developer","Edge Cloud Technologies Inc","APPLIED COMPUTER"
247030,"141","ui ux design developer","Rhombus Power, Inc.","VISUAL COMMUNICATION DESIGN"
247036,"003","process development engineer","Texas Instruments Incorporated","ELECTRICAL ENGINEERING"
247050,"030","software developer","L&T TECHNOLOGY SERVICES LIMITED","ELECTRICAL ENGINEERING"
247051,"050","quantitative analysis analyst","Citigroup Global Markets Inc.","BS COMPUTATIONAL FINANCE"
247085,"161","quality measurements analytical consultant ii","Excellus Health Plan, Inc.","INFORMATION MANAGEMENT"
247108,"030","software engineer","PAG CONSULTING, INC","COMPUTER ENGINEERING"
247113,"030","principal data scientist i","Charter Communications, Inc.","BUSINESS ANALYTICS"
247190,"039","senior web developer","Camunda Inc.","COMPUTER INFORMATION SYSTEMS"
247196,"030","java developer","Rab3 Tech LLC","COMPUTER SCIENCE"
247215,"030","software engineer","Uber Technologies, Inc.","COMPUTER ENGINEERING"
247252,"039","machine learning engineer","Pinterest, Inc.","COMPUTER SCIENCE"
247375,"186","avp manager fraud analytics","Barclays Services LLC","BUSINESS ADMINISTRATION"
247500,"039","data engineer","Iquest Solutions Corp","BUSINESS ANALYTICS"
247547,"072","associate dentist","Toral Pandya Professional Dental Corporation","DOCTOR IN DENTAL SURGERY"
247642,"030","business intelligence engineer","Swartek Corporation","ELECTRONICS AND COMMUNICATIONS"
247681,"020","consultant analytics","Fractal Analytics, Inc.","BUSINESS ANALYTICS"
247720,"003","software engineer senior","Siemens Industry Software Inc.","ELECTRONICS ENGINEERING AND ELECTRONICS"
247749,"050","regulatory risk officer","Citibank, N.A.","STATISTICS BS CHEMICAL ENGINEERING MS"
247821,"039","software engineer","Salesforce.com, Inc.","COMPUTER SCIENCE"
247854,"160","intl audit mgr mortgage regulatory","Zillow, Inc.","ACCOUNTING"
247889,"161","consultant","The Boston Consulting Group, Inc.","CHEMISTRY"
247894,"003","electrical engineer 2","Skyworks Solutions Inc.","ELECTRICAL ENGRG"
247900,"030","analyst","Tata Consultancy Services Limited","INFIRMATION TECHNOLOGY"
247976,"008","sr research specialist","The Dow Chemical Company","CHEMICAL ENGINEERING"
248077,"030","advanced analytics associate","KYORYOUNA INC","BACHELOR OF TECHNOLOGY"
248115,"031","data analyst","Hughes Network Systems LLC","INDUSTRIAL ENGINEERING"
248135,"030","ui developer","Symplore Inc","COMP & INFO SCI"
248200,"160","accountant associate","PRAGER METIS CPAS, LLC","ACCOUNTING"
248207,"007","cost and value engineering professional","Siemens Mobility, Inc.","GLOBAL AUTOMOTIVE AND MANUFACTURING ENGINEERING"
248305,"199","transaction manager self storager","Highline Storage Partners, LLC","BUSINESS ADMINISTRATION"
248356,"030","engineer senior systems software","NVIDIA Corporation","ELECTRICAL ELECTRONIC ENGINEERING"
248371,"030","software development engineer i","Amazon.com Services LLC","COMPUTER SCIENCE"
248399,"030","data analyst","Fortune Minds Inc","ANALYTICS"
248444,"007","quality engineer","TREMEC Corporation","MECHANICAL ENGINEERING"
248446,"003","r d engineer ic design","Broadcom Corporation","ELECTRICAL ENGINEERING"
248551,"039","software engineer","Iotics Corporation LLC","COMPUTER SCIENCE"
248613,"030","senior software quality analyst","Satellite Healthcare, Inc.","INFORMATION TECHNOLOGY"
248622,"099","mandarin teacher","ZGT LLC","TEACHING CHINESE"
248650,"030","sr sdet engineer","Equitas IT Inc","INFORMATION SYSTEMS"
248658,"030","software development engineer applications","Apple Inc.","DATA SCI"
248682,"030","java developer","Kanap Systems LLC","Computer Science"
248710,"012","manager i operations","Amazon.com Services LLC","INDUSTRIAL ENGINEERING"
248789,"199","quantitative analyst","MOODY'S INVESTORS SERVICE, INC.","FINANCIAL ENGINEERING"
248850,"030","solutions architect","TechnoFlair Solutions LLC","ENGINEERING"
248852,"050","originator","Citigroup Global Markets Inc.","MASTER OF BUSINESS ADMINISTRATION"
248880,"030","network security engineer","Marlabs LLC","COMPUTER SCIENCE & ENGINEERING"
248938,"030","data engineer iii","Cars.com","INFORMATION SYSTEMS"
248981,"007","r d engineer materials composites processing","Wahl Clipper Corporation","METALLURGICAL ENGINEERING"
249090,"007","mechanical engineer 2","ASML US, LP","MECHANICAL ENGRG"
249189,"050","vice president strategy and business development","Ameream Management LLC","ACCOUNTING"
249335,"030","software development engineer","Apple Inc.","COMP SCI"
249361,"030","applications development senior programmer analyst","Citibank, N.A.","M S CYBER SECURITY AND PRIVACY B S ELECTRONIC ENGINEERING"
249430,"019","quality engineer","Silgan Dispensing Systems Corporation","ENGINEERING"
249475,"189","associate consultant","Bain & Company, Inc.","ECONOMICS"
249491,"199","software engineer","Bloomberg LP","COMPUTER SCIENCE"
249549,"030","business intelligence analyst","Safeway Inc.","BUSINESS ANALYTICS"
249558,"005","contracts development manager","Transurban USA Inc.","CIVIL ENGINEERING"
249564,"001","landscape designer","SWA Group","LANDSCAPE ARCHITECTURE"
249571,"186","senior analyst portfolio construction and risk","The Beneficient Company Group USA","FINANCIAL ENGINEERING"
249757,"030","security engineer","Code Poets LLC","COMPUTER SCIENCE"
249812,"039","program manager","Microsoft Corporation","BUSINESS ANALYTICS AND INFORMATION TECHNOLOGY MANAGEMENT"
249891,"166","management associate","Citibank, N.A.","INDUSTRIAL LABOR RELATIONS WITH A CONCENTRATION IN HR OPERATIONS"
249943,"161","financial analyst","THEHEMAN, LLC","BACHELOR OF BUSINESS ADMINISTRATION IN BUSINESS ANALYTICS"
249946,"030","sw engineer i","NCR Corporation","INFORMATION SYSTEMS"
249951,"030","software developer","SUNRISE TECHNOLOGIES LLC","MASTER OF COMPUTER SCIENCE"
249988,"073","veterinarian","SAGE VETERINARY CENTERS","VETERINARY MEDICINE"
250040,"039","java full stack developer","Smart Info Solutions LLC","INFORMATION TECHNOLOGY"
250042,"030","staff software engineer","LinkedIn Corporation","COMPUTER SCIENCE"
250047,"031","systems administrator","ONS Computer & IT Solutions, INC.","INFORMATION SYSTEMS IT SECURITY NETWORKING"
250140,"003","asic design engineer electronics engineer except computer","Apple Inc.","ELECTRICAL ENGINEERING"
250199,"160","portfolio manager","Pacific Investment Management Company LLC","FINANCE"
250238,"039","software engineer","Microsoft Corporation","COMPUTER SCIENCE"
250257,"030","programmer analyst i","HCL America Inc","INFORMATION SYSTEMS"
250505,"184","purchasing specialist analyst","Zinus, Inc.","BUSINESS"
250510,"199","data scientist i","McKinsey & Company, Inc. United States","BUSINESS ANALYTICS AND INFO SYSTEMS"
250569,"030","gp p sr analyst","Citibank, N.A.","BACHELOR OF SCIENCE IN MECHANICAL ENGINEERING AND INDUSTRIAL ENGINEERING BACHELOR OF BUSINESS ADMINISTRATION IN FINANCE"
250615,"003","deep learning engineer","Femtosense, Inc.","COMPUTATIONAL AND MATHEMATICAL ENGINEERING"
250675,"019","engineer ii design","Microchip Technology Inc.","COMPUTER ENGINEERING"
250686,"050","associate","Primavera USA LLC","BUSINESS ADMINISTRATION"
250704,"033","senior project manager","DFS Corporate Services LLC","ENGINEERING MANAGEMENT"
250736,"030","data engineer","Scipher Medicine Corporation","MASTER OF SCIENCE IN INFORMATION SYSTEMS"
250739,"030","professional services i","Amazon Web Services, Inc.","COMPUTER SCIENCE"
250818,"183","program manager","Tesla, Inc.","SUPPLY CHAIN MANAGEMENT"
250849,"030","support engineer ii external","Amazon Web Services, Inc.","COMPUTER ENGINEERING"
250913,"161","engagement manager","ExlService.com, LLC","MANAGMENT SCIENCE"
250939,"076","mhp therapist","Pinnacle Pointe Behavioral Healthcare Systems","MENTAL HEALTH COUNSELLING"
250965,"039","data engineer","Eficens Systems LLC","DATA SCIENCE"
250967,"199","practice specialist","McKinsey & Company, Inc. United States","BUSINESS MANAGEMENT"
250969,"030","technical architect","Gaea Global Technologies, Inc.","COMPUTER SYSTEMS ENGINEERING"
250973,"182","assistant project manager","Sea Pac Engineering, Inc.","MASTER OF SCIENCE IN CIVIL ENGINEERING"
250992,"162","supply chain manager","Lexora Inc.","MASTER OF SCIENCE IN INDUSTRIAL ENGINEERING"
251004,"030","software engineer","ARINSPECT, INC.","INFORMATION TECHNOLOGY BUSINESS ANALYTICS"
251025,"030","principal research scientist","Runway AI, Inc.","SCIENTIFIC COMPUTING"
251046,"030","machine learning engineer","Apple Inc.","LANGUAGE TECHNOLOGIES"
251115,"030","salesforce developer","EMERGTECH BUSINESS SOLUTIONS INC","BUSINESS ADMINISTRATION"
251141,"030","data analyst","Advanced Instruments LLC","INFORMATION MANAGEMENT"
251172,"020","associate data scientist","Caterpillar Inc.","SCIENCE IN ECONOMICS AND SCIENCE IN ANALYTICS"
251174,"162","senior aortic sales representative","Medtronic, Inc.","EMERGENCY MEDICAL SERVICES"
251212,"199","associate managment consultant","McKinsey & Company, Inc. United States","BUSINESS ADMINISTRATION"
251260,"005","civil engineer","Mehta & Associates, Inc.","CIVIL ENGINEERING"
251316,"030","software developer","Apple Inc.","ELECTRICAL & COMP ENGRG"
251325,"161","management analysts","Horne LLP","BUSINESS ADMINISTRATION"
251331,"007","reliability engineer","CONSTELLIUM AUTOMOTIVE USA, LLC","US MASTERS DEGREE MECHANICAL ENGINEERING"
251395,"110","associate attorney","Bevilacqua PLLC","LAW"
251489,"199","principal associate data science","Capital One Services, LLC","ANALYTICS"
251637,"030","software development engineer i","Amazon Development Center U.S, Inc.","INFORMATION SYSTEMS"
251655,"030","lead developer","Luminary Creative and Marketing LLC","COMPUTER SCIENCE"
251665,"001","architectural designer","DORIN & COPPEL, LLC","ARCHITUURAL & BUIDING SCIENCE"
251718,"030","software engineer","Nuro, Inc.","ROBOTICS AND COMPUTER INFORMATION SCIENCE"
251790,"030","machine learning engineer 5","Snap Inc.","ASTRONOMY"
251910,"030","java developer","IT CATS LLC","INFORMATION SYSTEMS"
251925,"199","client service specialist","MOODY'S ANALYTICS, INC.","BUSINESS ADMINISTRATION AND MANAGEMENT"
251935,"030","software developer","Oracle America, Inc.","COMPUTER SCIENCE AND ENGINEERING"
252084,"030","product manager iii technical","Amazon.com Services LLC","BUSINESS ADMINISTRATION"
252086,"039","software development","Randstad Technologies, LLC","COMPUTER SCIENCE"
252112,"030","business analyst","KeySource Acquisition, LLC","BUSINESS ADMINISTRATION INFORMATION SYSTEMS"
252136,"003","asic design engineer","Apple Inc.","ELECTRICAL & COMP ENGRG"
252184,"196","captain","Air Ambulance Worldwide, LLC","AVIATION SCIENCE"
252270,"039","software engineer","DoorDash, Inc.","ENGINEERING"
252304,"030","software development engineer in test ii","S&P GLOBAL MARKET INTELLIGENCE INC.","COMPUTER SCIENCE"
252313,"050","fin solutions sr group manager","Citibank, N.A.","BUSINESS ADMINISTRATION WITH A MAJOR IN FINANCE"
252316,"029","mts analytical characterization engineer","QuantumScape Battery, Inc.","PHYSICS"
252362,"169","quantitative trading analyst","Trade Terminal Inc.","FINANCIAL ENGINEERING"
252369,"030","software engineer","BMR INFOTEK INC.","COMPUTER SCIENCE AND ENGINEERING"
252383,"163","marketing director new verticals","Octane Lending, Inc.","BUSINESS ADMINISTRATION"
252393,"012","managing director and chief engineer","Interstate Resources Inc.","MBA H 1B IS BASED ON HIS BACHELOR S IN INDUSTRIAL ENGINEERING"
252425,"030","cloud architect","Lucid Technology Inc","INFO AND COMMS TECH"
252473,"110","associate","KIRKLAND & ELLIS LLP","LAW"
252496,"001","junior designer","Skidmore, Owings & Merrill LLP","ARCHITECTURE"
252521,"003","asic design engineer electronics engineer except computer","Apple Inc.","ELECTRICAL ENGINEERING"
252598,"003","senior battery electrical engineer","FARADAY & FUTURE INC.","DOCTOR OF PHILOSOPHY IN ELECTRICAL ENGINEERING"
252617,"039","software engineering smts","Salesforce.com, Inc.","INFORMATION SYSTEMS"
252630,"030","hedge fund research analyst","CAPTION MANAGEMENT, LLC","MGMT INFORMATION SYSTEMS"
252661,"019","indirect procurement ops analyst ii","Waters Technologies Corporation","ENGINEERING MANAGEMENT"
252700,"030","business systems analyst","Innovative Consulting Solutions LLC","COMPUTERS SCIENCE"
252732,"007","system engineer","Rorze Automation Inc.","MECHANICAL ENGINEERING"
252792,"050","quantitative analysis analyst","Citigroup Global Markets Inc.","MATHEMATICS AND COMPUTER SCIENCE AND ECONOMICS"
252807,"163","business development manager","Cameron International Corporation","BUSINESS ADMINISTRATION"
252875,"030","data scientist","The Nielsen Company US LLC","INDUSTRIAL AND SYSTEMS ENGINEERING"
252880,"039","junior security operations analyst","McKinsey & Company, Inc. United States","CYBER SECURITY AND PRIVACY"
252980,"030","software developer","INFI USA INC","MASTER OF COMPUTER SCIENCE"
253066,"039","software engineer","Salesforce.com, Inc.","MATHEMATICS COMPUTER SCIENCE"
253068,"030","software development engineer i","Amazon.com Services LLC","COMPUTER SCIENCE"
253130,"030","quality assurance engineer i","Amazon.com Services LLC","COMPUTER SCIENCE"
253185,"030","devops engineer","V-Soft Solutions Inc","TELECOMMUNICATIONS ENGINEERING"
253204,"012","planning materials associate","Grocery Delivery E-Services USA Inc.","ENGINEERING"
253238,"050","trader","Citigroup Global Markets Inc.","BACHELOR OF BUSINESS ADMINISTRATION IN FINANCE"
253258,"030","software developer talend","CDI Solutions, Inc.","COMPUTER SCIENCE ENGINEERING"
253276,"030","software development engineer i","Amazon.com Services LLC","DATA SCIENCE"
253288,"059","account supervisor","Saatchi & Saatchi North America, LLC","COMMUNICATIONS"
253326,"079","clinical data scientist","Sanofi US Services Inc.","PHARMACY"
253416,"030","software developer","Neon Tech Systems","COMPUTER SCIENCE"
253435,"045","applied behavioral scientist","BetterUp, Inc.","PSYCHOLOGY"
253443,"020","analyst predictive analytics data science","Domino's Pizza, Inc.","DATA SCIENCE"
253452,"030","software engineer 2","RSA Security LLC","DATA SCIENCE"
253464,"199","engagement manager management consultant","McKinsey & Company, Inc. United States","BUSINESS ADMINISTRATION"
253499,"020","associate project manager","JPMorgan Chase & Co.","COMPUTER SCIENCE"
253511,"110","associate","Latham & Watkins LLP","LAW"
253533,"019","manager ii operations","Amazon.com Services LLC","PROJECT MANAGEMENT"
253558,"","sales administrator","F & P America Mfg., Inc.","HOSPITALITY TOURISM"
253562,"199","business analyst management consultant","McKinsey & Company, Inc. United States","PHILOSOPHY POLITICS ECONOMICS"
253594,"199","associate management consultant","McKinsey & Company, Inc. United States","BUSINESS ADMINISTRATION"
253596,"003","engineer tcad device","Micron Technology, Inc.","ELECTRICAL ENGINEERING"
253599,"007","bsm automation engineer","Advantex Solutions, Inc.","MECHANICAL ENGINEERING"
253613,"050","economist","Secretariat Economists LLC","MATHEMATICS AND ECONOMICS"
253636,"039","backend engineer","Rize Money, Inc.","COMPUTER SYSTEMS ENGINEERING"
253641,"050","model analysis validation sr officer","Citibank, N.A.","RISK MANAGEMENT"
253656,"030","software developer","G3 Soft Inc","COMPUTER SCIENCE"
253672,"039","python developer","Rising Sun Technologies LLC","COMPUTER APPLICATIONS EQUIVALENCY TO US MASTERS DEGREE IN COMPUTER INFORMATION SYSTEMS"
253713,"161","business data analyst","Detroit Tool Metal Products Co.","BUSINESS ANALYTICS"
253758,"030","data analyst","CONEXUS SOLUTIONS, INC.","INFORMATION TECHNOLOGY AND SYSTEMS"
253760,"030","hardware development engineer electronic engineer except com","Apple Inc.","ELECTRICAL ENGINEERING"
253881,"030","software developer","VALIANCE PARTNERS LLC.","BUSINESS ANALYTICS"
253894,"030","software engineer","Alphonso Inc.","MASTER OF SCIENCE ELECTRICAL ENGINEERING"
253912,"169","engineer manager","Sezzle, Inc.","MATHEMATICS COMPUTER SCIENCE"
253962,"030","consultant","Forrester Research, Inc.","BUSINESS ADMINISTRATION INTERNATIONAL BUSINESS"
253966,"019","robotics integration engineer i","Amazon.com Services LLC","COMPUTATIONAL SCIENCES AND BUSINESS (CONCENTRATION COMPUTER SCIENCE ARTIFICIAL INTELLIGENCE AND BRAND MANAGEMENT)"
254084,"050","associate global index research","JPMorgan Chase & Co.","MATHEMATICAL FINANCE ENGINEERING MANAGEMENT"
254167,"020","data science analyst","Tiger Analytics, Inc.","INFORMATION TECHNOLOGY AND MANAGEMENT"
254170,"003","staff engineer product applications","MAXIM INTEGRATED PRODUCTS, INC.","ELECTRICAL ENGINEERING"
254186,"030","data analyst","Technova Systems Inc","COMPUTER INFORMATION TECHNOLOGY"
254203,"078","clinical laboratory scienitist","Management Health Systems, LLC","MEDICAL LABORATORY SCIENCE"
254250,"003","machine learning engineer","Devron Corporation","ELECTRONICS AND COMMUNICATION ENGINEERING"
254254,"030","director product management","Virsec Systems, Inc.","COMPUTER SCIENCE"
254365,"160","analyst","Morgan Stanley Services Group Inc.","QUANTITATIVE FINANCE"
254486,"030","research scientist","Meta Platforms, Inc.","ELECTRICAL ENGINEERING"
254502,"007","design engineer i","Milwaukee Electric Tool Corporation","MECHANICAL ENGINEERING"
254526,"030","technology analyst us","Infosys Limited","INFORMATION SYSTEMS"
254613,"160","associate model risk auditor","JPMorgan Chase & Co.","COMPUTATIONAL FINANCE"
254627,"030","data engineer i","Amazon Web Services, Inc.","ELECTRICAL ENGINEERING"
254711,"141","graphic designer","PEARL BANYAN CAPITAL LLC","FINE ARTS"
254754,"030","team lead devops","Acronis, Inc.","SOFTWARE ENGINEERING"
254811,"030","supply operations manager","Airbus Americas, Inc.","MANAGEMENT"
254812,"030","programmer analyst","Dice IT Solutions LLC","TECHNOLOGY"
254843,"199","associate management consultant","McKinsey & Company, Inc. United States","BUSINESS ADMINISTRATION"
254915,"039","product designer ii","Twilio Inc.","INFORMATION"
254991,"030","fullstack developer","OAK TECHNOLOGIES INC","COMPUTER AND INFORMATION SCIENCES"
255011,"199","business analyst management consultant","McKinsey & Company, Inc. United States","CHEMICAL ENGRG"
255015,"001","landscape architect","BELL LANDSCAPING INC","BACHELOR OF LANDSCAPE ARCHITECTURE"
255017,"039","it services head","New Digital IT Inc.","BUSINESS ADMINISTRATION"
255072,"030","graduate software engineer","POLAR OPERATIONS LLC","COMPUTER SCIENCE"
255101,"099","data and assessment coordinator","Charter One, LLC","BUSINESS ANALYTICS"
255129,"030","software developer","DRW Holdings, LLC","MATHEMATICS AND COMPUTER SCIENCE AND ENGINEERING"
255142,"160","audit and assurance assistant","Deloitte & Touche LLP","ACCOUNTING"
255191,"030","sap associates functional consultant","RADIANT INFOSYS INC","COMPUTER SCIENCE AND ENGINEERING"
255258,"039","software engineer 2","Humana Inc.","ENGINEERING & TECHNOLOGY MANAGEMENT"
255281,"030","data engineer","GVKTEK Inc",""
255298,"030","business analyst","Autodesk, Inc.","BUS ANALYTICS"
255400,"007","mechanical design engineer","Tesla, Inc.","MECHANICAL ENGINEERING"
255431,"030","software developer","NANTEZ INC","COMPUTER SCIENCE"
255505,"030","business intelligence engineer ii","Amazon.com Services LLC","INFORMATION MANAGEMENT"
255516,"030","software development engineer in test","Datalore Technologies Inc","BACHELOR OF TECHNOLOGY IN MECHANICAL ENGINEERING"
255537,"039","account manager","Intouch Group LLC","SOCIAL MEDIA MOBILE MARKETING"
255540,"003","technical services manager","Oncare Digital Assets, Inc.","ELECTRONIC ENGINEERING"
255574,"039","director of business operations strategy","Automaton, Inc.","INFORMATION SYSTEMS"
255594,"030","software development analyst","NTT DATA, Inc.","COMPUTER SCIENCE"
255726,"050","gallery manager","Gallery Diet, Inc.","HISTORY OF ART"
255751,"030","qa automation test engineer","Datad Solutions Inc","INFORMATION TECHNOLOGY"
255914,"161","associate director management analysts","Cognizant Technology Solutions US Corp","MGT INFO SYSTEMS"
256022,"030","software development engineer i","Amazon.com Services LLC","MANAGEMENT INFORMATION SYSTEMS"
256039,"033","senior associates computer systems engineers","Cognizant Technology Solutions US Corp","ELECTRONIC ENGINEERING"
256060,"030","applications developer","Oracle America, Inc.","INFORMATION SYTEMS"
256069,"141","ux designer","Roblox Corporation","INFORMATION MANAGEMENT"
256107,"030","associate software engineer","JPMorgan Chase & Co.","COMPUTER SCIENCE"
256140,"030","product design engineer mechanical engineers","Apple Inc.","MECHANICAL ENGINEERING"
256170,"030","rf engineer","MobileComm Professionals Inc.","ELECTRICAL ENGINEERING"
256274,"189","president and chief executive officer","Center for Breakthrough Medicines LLC","INDUSTRIAL ENGINEERING"
256285,"039","senior software engineer i","Culture Biosciences, Inc.","CHEMICAL ENGRG"
256325,"186","financial analysis mgr","MUFG Bank, Ltd.","ECONOMICS"
256396,"030","associate","A.T. Kearney, Inc.","BUSINESS ADMINISTRATION"
256414,"030","sr developer","MODULAR SOFTWARE CONSULATING LLC","VLSI AND EMBEDDED SYSS DESIGN"
256466,"030","software engineer","Uber Technologies, Inc.","COMP ENGRG"
256491,"030","software dev engineer i","OATH HOLDINGS INC","COMPUTER SCIENCE AND ENGINEERING"
256495,"030","business analyst","ISITE TECHNOLOGIES, INC.","MASTER OF SCIENCE IN FINANCE MASTER OF BUSINESS ADMINISTRATION"
256532,"019","cost estimator","EVERLAST INTERIOR CONSTRUCTION INC.","CIVIL ENGINEERING"
256599,"030","senior quantitative developer","Our Kettle Inc.","PHYSICS"
256789,"003","electrical engineer","Windmoeller & Hoelscher Corporation","ELECTRONICS ENGINEERING"
256879,"030","business analyst expert","MACHINE INTELLIGENCE TECHNOLOGIES LLC","MASTER OF SCIENCE IN COMPUTER SCIENCE"
256886,"012","solutions analyst","Facility Interiors, Inc.","INDUSTRIAL ENGINEERING"
256912,"160","client data oversight analyst","Pacific Investment Management Company LLC","INFORMATION TECHNOLOGY"
256950,"030","java developer","RedShift Technologies LLC","COMPUTER SCIENCE"
256985,"160","product strategist","Pacific Investment Management Company LLC","QUANTITATIVE FINANCE"
256988,"030","professional application designer","CSC Covansys Corporation","ELECTRONIC ENGINEERING BUSINESS ADMINISTRATION"
257052,"020","applied scientist","Uber Technologies, Inc.","ALGORITHMS COMBINATORICS AND OPTIMIZATION"
257097,"039","project delivery manager","Mitsogo Inc","ELECTRONICS AND COMMUNICATION ENGINEERING"
257129,"030","program developer","Rumisoft Inc.","TECHNOLOGY"
257202,"030","it project manager","CLOUDGAMUT INC.","PROJECT MANAGMENT"
257210,"030","process control engineer","Harvey Nash Inc","MANUFACTURING ENGINEERING"
257298,"033","data analyst","Curate Partners, LLC","ENGINEERING MANAGEMENT"
257314,"030","engineer i","AIR Worldwide","CIVIL ENVIROMENTAL ENGINEERING"
257315,"050","marketing specialist","HUNGRYPANDA US INC.","INNOVATION MBA FASHION BUSINESS"
257342,"030","software developer applications","IT Vertex Inc","MASTER OF COMPUTER APPLICATIONS"
257368,"030","software development engineer i","Amazon.com Services LLC","BUSINESS ANALYTICS"
257455,"030","software engineer","BlueRibbon Global Technologies LLC","BACHELOR OF SCIENCE IN COMPUTER SCIENCE AND ENGINEERING"
257490,"160","associate tax","JPMorgan Chase & Co.","ACCOUNTING"
257498,"161","associate strategy","JPMorgan Chase & Co.","BUSINESS ADMINISTRATION"
257521,"186","analyst","Goldman Sachs & Co LLC","DATA SCIENCE AND ECONOMICS"
257529,"007","application support engineer advanced","Siemens Industry Software Inc.","MECHANICAL ENGINEERING"
257556,"030","sap basis administrator","Marvel Technologies Inc","MSTR OF COMPUTER APPLICATIONS BACHELOR OF COMPUTER APPS"
257569,"160","analyst","Morgan Stanley & Co, LLC","ECONOMICS"
257587,"030","software development engineer i","Amazon Web Services, Inc.","COMPUTER SCIENCE"
257614,"169","technical sales specialist","Anton Paar USA, Inc.","CHEMISTRY"
257650,"182","senior project manager","DMC Consultants, Inc.","BUSINESS MANAGEMENT"
257671,"001","architectural designer","GF55 ARCHITECTS LLP","ARCHITECTURE"
257761,"030","software developer","SONET SOFTWARE SOLUTIONS INC","IT MANAGEMENT"
257801,"003","field engineer","Hoffman Building Technologies, Inc.","MECHANICAL ENGRG"
257826,"007","mechanical systems engineer","Intellihot, Inc.","MECHANICAL ENGINEERING"
257896,"039","engineer","Exegy Incorporated","COMPUTER SCIENCE"
257955,"020","associate","Goldman Sachs & Co LLC","FINANCIAL MATHEMATICS"
257966,"020","risk quantitative model validation analyst","Regions Bank","INDUSTRIAL AND SYSTEMS ENGINEERING STATISTICS"
257973,"160","associate","Goldman Sachs & Co LLC","MANAGEMENT"
257994,"030","software developer","ASKINDOSYS INC","COMP SCI & ENGRG"
258000,"030","software development engineer","Expedia, Inc.","COMPUTER SCIENCE"
258119,"039","associate project manager","TVU Networks Corporation","INFORMATION TECHNOLOGY"
258122,"199","vice president","Lazard Freres & Co LLC","FINANCE"
258127,"030","management consultant","Volto Consulting and Services LLC","BACHELOR OF COMMERCE"
258168,"030","data scientist","MARRIOTT INTERNATIONAL, INC.","DATA SCIENCE"
258175,"030","software engineer","Google LLC","COMPUTER ENGINEERING"
258187,"030","software project engineer","Bastian Solutions LLC","BUSINESS ADMINISTRATION"
258234,"003","digital product owner","Deere and Company","ENGRG INSTRUMENTATION ENGRG"
258238,"169","senior product and business analytics manager","Inmar, Inc.","QUANTITATIVE MANAGEMENT"
258245,"030","data engineer","Vasantas Software Inc","INFORMATION SYSTEMS"
258274,"020","risk quantitative analyst","Regions Bank","STATISTICS"
258278,"045","in house therapist and people manager","Breathwrk, Inc.","CLINICAL PSYCHOLOGY"
258297,"199","business analyst management consultant","McKinsey & Company, Inc. United States","PUBLIC POLICY"
258299,"030","junior computer systems engineer 1","VIRTUSA CORPORATION","COMPUTER SCIENCE"
258305,"030","professional application designer","CSC Covansys Corporation","INIFORMATION TECHNOLOGY"
258465,"030","computer programmer configurer 3","Accenture LLP","COMPUTER SCIENCE"
258477,"030","software developer","Oracle America, Inc.","COMPUTER SCIENCE"
258505,"030","associate","Morgan Stanley Services Group Inc.","ENTERPRISE RISK MANAGEMENT"
258532,"003","principal process engineer","GlobalFoundries U.S., Inc.","MICROELECTRONIC ENGINEERING"
258536,"030","mgr","Deloitte Consulting LLP","INFO & COMMUNICATION TECH"
258652,"019","vision engineer","Bastian Solutions LLC","ROBOTICS ENGINEERING"
258713,"160","tax consultant","Deloitte Tax LLP","ACCOUNTING"
258745,"189","consultant","Bain & Company, Inc.","BUSINESS ADMINISTRATION"
258760,"030","software engineer","Meta Platforms, Inc.","COMPUTER SCIENCE"
258800,"041","clinical study associate i","Blueprint Medicines Corporation","CLINICAL RESEARCH PHARMACY"
258832,"022","senior research scientist","Symmetry Biosciences Inc.","CHEMISTRY"
258872,"160","product analyst","Pacific Investment Management Company LLC","FINANCE AND ECONOMICS"
258894,"030","it project manager","CitiusTech Inc.","INFORMATION TECHNOLOGY"
258899,"030","software development engineer security manager computer and","Apple Inc.","PHYSICS AND SOFTWARE ENGINEERING"
258909,"030","computer programmer","Larsen & Toubro Infotech Limited","MASTER OF BUSINESS ADMINISTRATION & MASTER OF SCIENCE IN BUSINESS ANALYTICS"
258927,"199","conultant","McKinsey & Company, Inc. United States","BUSINESS ADMINISTRATION"
259028,"030","software engineer ii","Prosper Marketplace, Inc.","COMPUTER SCIENCE AND ENGINEERING"
259058,"030","data scientist","Google LLC","STATISTICS"
259063,"030","integrations analyst","Uber Technologies, Inc.","BUSINESS ANALYTICS"
259067,"030","software developer","Kriti Infosystems Inc","ELECTRONICS AND COMMUNICATION ENGINEERING"
259090,"168","remote site monitor 1","PPD Development, L.P.","APPLIED CLINICAL RESEARCH"
259125,"003","systems design engineer electrical engineer","Apple Inc.","TELECOMMUNICATIONS"
259142,"030","senior application support analyst","SG AMERICAS OPERATIONAL SERVICES, LLC","MANAGEMENT INFORMATION SYSTEMS"
259150,"039","software engineer","Ironclad, Inc.","ELECTRICAL ENGINEERING AND COMPUTER SCIENCE"
259176,"030","software development engineer i","Amazon Web Services, Inc.","COMPUTER SCIENCE"
259184,"166","recruiting partner","Swift Technical Services, LLC","LEGAL STUDIES"
259260,"030","sql server developer","ECONTENTI INC","INFO NETWORK & COMP SECURITY"
259322,"186","financial manager","Watergate Hotel Lessee LLC","BUSINESS MANAGEMENT AND ADMINISTRATION FINANCE"
259327,"030","software engineer lead","ZENSAR TECHNOLOGIES, INC.","COMPUTER AND INFORMATION SCIENCE"
259349,"030","applied scientist ii","Amazon Development Center U.S, Inc.","COMPUTER SCIENCE"
259367,"030","senior software engineer","Obsess, Inc.","COMPUTER SCIENCE"
259393,"161","tax staff international tax services","Ernst & Young U.S. LLP","ECONOMICS"
259470,"072","dentist","Golden 10 Mapleville, PLLC","DENTISTRY"
259566,"030","supervisory analyst","CICC US Securities, Inc.","FINANCE"
259668,"033","sr information system auditor","Guild Education, Inc.","INFORMATION SYSTEMS"
259687,"030","associate","Ares Operations LLC","INFORMATION SYSTEMS AND BUSINESS ANALYTICS"
259708,"030","economist","Amazon.com Services LLC","ECONOMICS"
259726,"183","product manager","Figure Technologies","BUSINESS ANALYTICS"
259749,"030","senior project manager us","Infosys Limited","MECHANICAL ENGINEERING ENERGY MANAGEMENT"
259764,"039","research scientist","Salesforce.com, Inc.","ELECTRICAL ENGINEERING AND COMPUTER SCIENCE"
259820,"186","financial controller","MAS SEGUROS INSURANCE SERVICES, LLC","FINANCE"
259826,"032","full stack developer","Antra Inc.","COMPUTER SCIENCE"
259872,"039","data visualization specialist","EMERGTECH BUSINESS SOLUTIONS INC","DATA SCIENCE"
259881,"189","consultant","Bain & Company, Inc.","BUSINESS ADMINISTRATION"
259984,"030","project manager us","Infosys Limited","COMPUTER SCIENCE ENGINEERING"
260001,"039","infrastructure specialist","UST GLOBAL INC","ENGINEERING"
260022,"030","it software engineer","Melaleuca Inc","COMPUTER SCIENCE"
260030,"030","strategy consultant","IBM Corporation","BUSINESS ADMINISTRATION STEM CONCENTRATION"
260060,"030","research staff member","IBM Corporation","COMPUTER SCIENCE AND APPLICATIONS"
260091,"029","scientist formulation","Provivi, Inc.","MATERIALS SCIENCE AND ENGINEERING"
260106,"030","software developer","Logic Explorer LLC","COMPUTER SCIENCE"
260108,"050","mss sales trading analyst","Citigroup Global Markets Inc.","BBA IN MANAGEMENT INFORMATION SYSTEMS WITH MINORS IN FINANCE & REAL ESTATE"
260132,"007","mechanical design engineer","eShocan LLC","MECHANICAL ENGINEERING"
260138,"030","architect","Tata Consultancy Services Limited","COMPUTER INFORMATION SYSTEMS"
260140,"039","staff engineer firmware verification engineering","Western Digital Technologies, Inc.","DIGITAL SCIENCES"
260156,"030","data engineer","CLOUDONE INC","DATA SCIENCE"
260180,"030","java fullstack developer","Brillfy Technology Inc","INFORMATION TECHNOLOGY"
260208,"160","quantitative research analyst","Pacific Investment Management Company LLC","FINANCIAL ENGINEERING"
260216,"059","integrated producer","IPG Health LLC","PROJECT MANAGEMENT"
260291,"030","software development engineer systems software developer sys","Apple Inc.","COMPUTER ENGINEERING"
260322,"030","software engineer","Zelis Healthcare, LLC","COMPUTER SCIENCE"
260338,"003","asic design engineer","Apple Inc.","ELECTRICAL AND COMPUTER ENGINEERING"
260349,"165","senior associate","Blue Star Strategies, LLC","PUBLIC ADMINISTRATION"
260370,"039","data analyst","Salesforce.com, Inc.","INFORMATION SYSTEMS"
260411,"007","automation engineer","Eficens Systems LLC","MECHANICAL ENGINEERING"
260419,"030","software development engineer i","Amazon.com Services LLC","COMPUTER ENGINEERING"
260465,"007","mechanical engineer","Colossal Consulting LLC","MACHINE TOOL TECHNOLOGY"
260512,"160","acquistions and asset management analyst","APL New York Corporation","ECONOMICS"
260521,"030","analyst","AUTOMATION TECHNOLOGIES LLC","MASTER OF SCIENCE IN INDUSTRIAL ENGINEERING"
260613,"030","software dev engineer in test","Ursi Technologies Inc","COMPUTER SCIENCE OR EQUIVALENT"
260618,"041","senior research scientist","Cargill, Incorporated","VETERINARY MICROBIOLOGY"
260642,"169","data scientist i","Truist Bank","OPS RESEARCH / FINANCIAL ENGRG / APPLIED MATH"
260729,"076","physical therapist","Management Health Systems, LLC","PHYSICAL THERAPY"
260807,"030","it data bi analyst","HSBC Technology & Services USA Inc.","INFORMATION TECHNOLOGY"
260865,"030","oracle cloud analyst","Averon Solutions Inc.","MASTER OF SCIENCE"
260903,"030","computer programmer","BEACONFIRE STAFFING SOLUTIONS INC.","STATISTICS"
260950,"189","vp of operations","Belong Home Inc.","BUSINESS ADMINISTRATION"
261112,"166","director of diversity equity and inclusion","Optimae LifeServices Inc.","PHILOSOPHY"
261210,"030","software quality assurance analyst","THOUGHTLINE TECHNOLOGIES INC","TECHNOLOGY IN SOFTWARE ENGINEERING"
261216,"030","quantitative researcher","Citadel Americas Services LLC","PHYSICS"
261277,"030","network engineer","iOasiZ, Inc","INFORMATION SYSTEMS TECHNOLOGIES INFORMATION ASSURANCE"
261313,"039","product security","Salesforce.com, Inc.","CYBERSECURITY"
261314,"119","legal consultant","Davis Polk & Wardwell LLP","LAW"
261338,"041","scientist ii","eGenesis, Inc.","PLANT PATHOLOGY"
261341,"030","software development engineer in test","ZionTech Solutions, Inc.","COMPUTER SCIENCE APPLIED COMPUTER SCIENCE"
261461,"039","senior opex business analytics architect","Smith & Nephew, Inc.","COMPUTER ENGINEERING"
261581,"039","software engineer","Pinterest, Inc.","ELECTRICAL AND COMPUTER ENGINEERING"
261597,"007","manager of mechatronics engineering","Flexiv Robotics, Inc.","MECHANICAL ENGINEERING"
261644,"030","senior software engineer","Fiserv Solutions, LLC","INFORMATION SYSTEMS"
261702,"030","production support lead us","Infosys Limited","MECHANICAL ENGINEERING"
261713,"160","client advisor","JPMorgan Chase & Co.","BUSINESS ADMINISTRATION"
261741,"030","hardware systems engineer electrical engineer","Apple Inc.","ELECTRICAL ENGINEERING"
261743,"039","sap ba im consultant","3S Business Corporation","MASTER OF SCIENCE"
261776,"030","associate","Morgan Stanley Services Group Inc.","COMPUTER SCIENCE"
261990,"030","model analysis validation senior analyst","Citibank, N.A.","FINANCIAL ENGINEERING SOFTWARE ENGINEERING"
262016,"141","marcom art director","Apple Inc.","COMMUNICATIONS DESIGN"
262045,"030","software engineer i","NCR Corporation","COMPUTER SCIENCE"
262090,"030","software development engineer","Tesla, Inc.","COMPUTER SCIENCE"
262182,"199","senior business analyst","Capital One, National Association","BUSINESS ADMINISTRATION DATA DRIVEN MANAGEMENT SCIENCE"
262219,"199","production coordinator","ACTIVISION PUBLISHING INC","ANIMATION COMPUTER SCIENCE"
262226,"","senior business analyst","Quarkchain, Inc.","ENGINEERING GEOGRAPHY AND ENVIORNMENTAL ENGINEERING"
262324,"169","sr estimator oil gas and chem process projects","Amanda Monteith","CHEMICAL ENGINEERING"
262362,"030","software engineer","Google LLC","DATA ANALYTICS ENGINEERING"
262386,"030","software development engineer i","Amazon Development Center U.S, Inc.","COMPUTER SCIENCE"
262493,"161","life sciences consultant","Putnam Associates, LLC","CHEMISTRY"
262500,"020","applied scientist","Uber Technologies, Inc.","ECONOMETRICS AND QUANTITATIVE ECONOMICS"
262503,"162","product operations manager pom","Micron Technology, Inc.","SUPPLY CHAIN MANAGEMENT"
262530,"199","associate management consultant","McKinsey & Company, Inc. United States","MECHANICAL ENGINEERING"
262534,"030","software development engineer software developers systems","Apple Inc.","ELECTRICAL AND COMPUTER ENGINEERING"
262543,"039","business analyst","DataSync, Inc","BUSINESS ANALYTICS"
262551,"030","software development engineer i","Amazon.com Services LLC","COMPUTER SCIENCE"
262656,"030","software engineer","Zoom Video Communications, Inc.","COMPUTER SCIENCE AND ARTIFICAL INTELLIGENCE"
262679,"030","security engineer","IBM Corporation","COMPUTER SCIENCE"
262804,"030","software engineer","Google LLC","INFORMATION SYSTEMS"
262870,"160","analyst","Morgan Stanley & Co, LLC","FINANCE"
262874,"079","optometrist","Douglas J. Nishida, O.D., A Professional Corporation","OPTOMETRY"
262878,"003","hardware development engineer elctronics engineer except com","Apple Inc.","ELECTRICAL ENGINEERING"
262942,"020","data analytics project coordinator","Fabric Development Inc.","FINANCE AND BUSINESS SYSTEMS AND ANALYTICS"
262958,"030","software consultant","Enrich Technology Inc","AERONAUTICAL ENGRG"
262960,"033","software quality assurance analyst","Gospel Light Mennonite A Plan","COMP INFO SYSS"
263160,"030","mainframe developer","DECIPHER SOFTWARE SOLUTIONS LLC","ELECTRONICSA & COMMUNICATION ENGINEERING"
263177,"033","software development engineer test software quality assuranc","Apple Inc.","MECHATRONICS ENGINEERING"
263181,"166","executive director hr business advisor","JPMorgan Chase & Co.","BUSINESS ADMINISTRATION"
263231,"030","software developer i","Midcontinent Communications","COMPUTER SCIENCE SOFTWARE ENGINEERING"
263255,"030","software engineer","Google LLC","ELECTRICAL ENGINEERING"
263266,"152","director of music","The Episcopal Church of the Good Shepherd of Corpus  Christi","MUSICAL ARTS"
263304,"169","digital sales representative","ServiceNow, Inc.","INTERNATIONAL MARKETING"
263314,"020","data management specialist","Infonex Technologies Inc.","BIOSTATISTICS"
263324,"030","exempt non officer","Credit Suisse Securities USA LLC","COMPUTER SCIENCE"
263339,"030","software cloud devops engineer","NETSEC PROFESSIONALS CORPORATION","INFORMATION TECHNOLOGY AND ANALYTICS"
263372,"030","oracle sql developer","MOORE INFOTECH INC","COMPUTER SCIENCE OR EQUIVALENT"
263448,"001","designer","Pelli Clarke & Partners, Inc.","ARCHITECTURE"
263457,"039","technical program manager","Microsoft Corporation","INFORMATION SYSTEM"
263649,"030","software engineer ii","Juni Learning, Inc.","COMPUTER INFORMATION SYSTEMS"
263655,"030","software engineer","LinkedIn Corporation","COMPUTER SCIENCE"
263701,"110","law clerk","Ropes & Gray LLP","LAW"
263781,"039","business solutions architect","Emerson Professional Tools, LLC","MANAGEMENT INFORMATION SYSTEMS"
263803,"030","data scientist","Apple Inc.","ELECTRICAL ENGINEERING"
263813,"039","data engineer","LatentView Analytics Corporation","BACHELOR OF TECHNOLOGY IN COMPUTER SCIENCE & ENGINEERING"
263819,"030","java developer","EALEARN INC","COMPUTER SCIENCE"
263827,"199","engagement mgr mgmt consultant","McKinsey & Company, Inc. United States","BUSINESS ADMIN"
263841,"199","associate management consultant","McKinsey & Company, Inc. United States","BUSIINESS ADMINSITRATION"
263923,"160","associate","Morgan Stanley Services Group Inc.","BUSINESS ADMINISTRATION"
264009,"030","engineering project manager materials engineer","Apple Inc.","CHEMICAL ENGINEERING"
264067,"169","sr analyst quantitative modeling","STANDARD & POOR'S FINANCIAL SERVICES LLC","BUS ANALYTICS AND INFO MGT"
264143,"033","devops engineer cortex xsoar","Palo Alto Networks, Inc.","TELECOMMUNICATIONS AND NETWORK ENGINEERING"
264332,"030","software engineering mts","Salesforce.com, Inc.","COMPUTER ENGINEERING"
264339,"030","software development engineer i","Amazon.com Services LLC","COMPUTER SCIENCE"
264410,"020","applied scientist","Uber Technologies, Inc.","MGMT STATISTICS"
264414,"161","project manager","Americor Funding LLC.","MARKETING MANAGEMENT"
264440,"033","subject matter expert l3","WIPRO LIMITED","ELECTRICAL AND ELECTRONICS ENGINEERING"
264446,"019","robotics engineer","Phoenix Innovations LLC","ROBOTICS"
264632,"030","data analyst sr associate i","Turnberry Solutions Inc","BUSINESS ANALYTICS"
264649,"001","junior designer","Skidmore, Owings & Merrill LLP","ARCHITECTURE"
264688,"030","software developer","Total Mortgage Services, LLC","COMP SCI"
264752,"030","software developer","SLN Systems Inc.","APPLIED COMPUTER SCIENCE"
264802,"005","civil sanitary engineer","GREELEY AND HANSEN LLC","CIVIL ENGINEERING"
264804,"020","tax staff tax technology","Ernst & Young U.S. LLP","DATA SCIENCE"
264839,"169","senior associate business control and risk management","Santander Bank, N.A.","BUSINESS ADMINISTRATION AND MANAGEMENT"
264879,"039","program manager product management","Microsoft Corporation","ENGINEERING MANAGEMENT"
264927,"005","project manager","W Rondon Construction LLC","CIVIL ENGINEERING"
264949,"030","reliability engineer mechanical engineers","Apple Inc.","MATERIALS SCI & ENGRG"
265011,"039","principal consultant","GLOBAL APPLICATIONS SOLUTION LLC","FINANCIAL MANAGEMEMT"
265036,"030","software developer","CLICK SOFT TECHNOLOGIES LLC","APPLIED COMPUTER SCIENCE"
265040,"030","research scientist","Meta Platforms, Inc.","COMPUTER ENGINEERING"
265106,"030","senior manager","Deloitte Consulting LLP","COMMERCE"
265158,"142","product designer","HUBSPOT, INC","DIGITAL MEDIA"
265238,"030","software development engineer systems software developer sys","Apple Inc.","COMPUTER ENGINEERING"
265255,"020","quantitative researcher","Vatic Labs Operations, LLC","MATHEMATICS"
265269,"030","software engineer","Kensington Information Group, Inc.","COMPUTER SCIENCE & ENGINEERING"
265286,"162","associate risk analytics modeling analyst","JPMorgan Chase & Co.","APPLIED DATA SCIENCE"
265314,"020","data scientist","Green Key Solutions LLC","DATA SCIENCE"
265400,"030","software development engineer applications","Apple Inc.","ELECTRICAL ENGINEERING AND COMPUTER SCIENCES"
265402,"039","operations program manager","Netenrich, Inc.","APPLIED MATHEMATICS"
265405,"007","senior packaging engineer","Zoox, Inc.","MECHANICAL ENGINEERING"
265448,"030","engineer ii software","Thermo Fisher Scientific Inc.","COMPUTER SCIENCE"
265499,"032","software engineer","SYNMETA LLC","INFORMATION TECHNOLOGY COMPUTER SCIENCE"
265577,"030","software development engineer i","Amazon Development Center U.S, Inc.","COMPUTER SCIENCE"
265607,"030","software developer","IT KeySource, Inc","Electrical Engineering"
265667,"169","business growth specialist","Vibranium Venture Capital GP LLC","MANAGEMENT"
265669,"030","software engineer","Qualcomm Innovation Center, Inc.","ELECTRICAL AND COMPUTER ENGINEERING"
265717,"039","it systems analyst specialist","SOUTHWIRE COMPANY, LLC","MANAGEMENT INFORMATION SYSTEMS"
265719,"031","data engineer","Cloud Centric Inc.","COMPUTER SYSTEMS NETWORKING AND TELECOMMUNICATIONS"
265777,"005","civil engineer for projects","Crystal Creek Developers, LLC","CIVIL ENGINEERING"
265807,"033","technical analyst","Applied Underwriters, Inc.","APPLIED MATHEMATICS AND STATISTICS"
265820,"039","software engineering lmts","Salesforce.com, Inc.","INFORMATION AND COMMUNICATION TECHNOLOGY"
265835,"160","assurance staff audit audit services","Ernst & Young U.S. LLP","ACCOUNTANCY"
265851,"030","a320 map systems engineer","Airbus Americas, Inc.","ENGINEERING TECHNOLOGY"
265874,"041","senior development associate ii","Locanabio, Inc.","DRUG DEVELOPMENT AND PRODUCT MANAGEMENT"
265920,"110","associate attorney","Sidley Austin US LLP","LAW"
265935,"012","process engineer","Velodyne Lidar, Inc.","ELECTRONICS ENGINEERING TECHNOLOGY"
265940,"030","software development engineer i","Amazon.com Services LLC","INFORMATION NETWORKING"
266006,"189","consultant","Bain & Company, Inc.","BUSINESS ADMINISTRATION"
266046,"030","software engineer","Suki AI, Inc.","COMPUTER SCIENCE"
266157,"030","software development engineer","Apple Inc.","COMPUTER SCIENCE"
266177,"030","software developer","Appstream Technologies llc","BUSINESS ANALYTICS"
266255,"030","technical test lead","Infosys Limited","INFO TECH"
266259,"141","interaction designer","Intuitive Surgical Operations, Inc.","HUMAN COMPUTER INTERACTION AND DESIGN"
266312,"007","rsch scientist","Materials Resources, LLC","CE"
266359,"030","devops engineer azure","UI Path Tek LLC","COMPUTER INFORMATION SCIENCE"
266428,"160","fso sa t staff tcf valuation model economics capital tran","Ernst & Young U.S. LLP","FINANCE"
266456,"030","data engineer","LatentView Analytics Corporation","COMPUTER INFORMATION SYSTEMS"
266464,"019","lead demand planning","Gerber Products Company","SUPPLY CHAIN MANAGEMENT"
266532,"030","computer systems analyst 2","Accenture LLP","COMPUTER ENGINEERING"
266722,"030","software engineer","Google LLC","COMPUTER SCIENCE"
266777,"019","lens design engineer","Alcon Research, LLC","CHEMICAL ENGINEERING"
266835,"161","project manager digital marketing","Whitebridge Pet Brands, LLC","BUSINESS ANALYTICS"
266838,"163","international business development associate","Smith-Midland Corporation","INTERNATIONAL COMMERCE"
266882,"030","data engineer","MYTHRI CONSULTING LLC","COMPUTER SCIENCE"
266924,"020","data analyst","Biocept, Inc.","BUSINESS ANALYTICS"
266937,"195","social worker","Selfhelp Community Services, Inc.","SOCIAL WORK"
266966,"079","clinical study support manager","Procyon Technostructure LLC","HEALTH SCIENCES"
266972,"030","data engineer software developer","Signature Commercial Solutions LLC","FINANCIAL ENGINEERING"
266990,"030","software development engineer systems software developer","Apple Inc.","ELECTRICAL AND COMPUTER EINGEERING"
267010,"030","java full stack developer","CGINFOSYS INC","MASTER OF SCIENCE IN COMPUTER SCIENCE"
267033,"160","associate","Morgan Stanley & Co, LLC","BUS ADMIN"
267054,"030","sr software engineer","KUBE CLOUDS INC","COMPUTER SCIENCE"
267133,"050","behavioral scientist","Zillow, Inc.","ECONOMICS"
267219,"050","financial analyst","Accolade Capital Management, LLC","COMMERCE"
267236,"007","mechanical engineer","Applied Materials, Inc.","MECHANICAL ENGINEERING"
267297,"160","relationship transaction manager t cf","ING Financial Services, LLC","FINANCE"
267318,"030","software development engineer software developer systems software","Apple Inc.","COMP SCI"
267418,"030","robotics software engineer","Bened Software Services Inc","MECHANICAL ENGINEERING"
267466,"030","software engineer","Altimetrik Corp.","ELECTRONICS & TELECOMM ENGINEERING"
267540,"199","associate management consultant","McKinsey & Company, Inc. United States","BUSINESS ADMINISTRATION"
267579,"161","business analyst","HSBC Technology & Services USA Inc.","BACHELOR OF SCIENCE IN BUSINESS MANAGEMENT"
267606,"039","business intelligence analyst","Domain 6 Inc.","INFORMATION SYSTEMS"
267637,"030","mean stack developer","ROBOTIC PROCESS AUTOMATION LLC","MASTER OF SCIENCE IN COMPUTER SCIENCE"
267654,"160","associate quantitative analyst","Lakeside Trading, LLC","FINANCIAL ENGINEERING"
267655,"160","analyst","Union Square Advisors LLC","ECONOMICS"
267723,"030","associate product mgr systems app software designer","Duolingo, Inc.","INFORMATION SYSTEMS"
267743,"199","associate management consultant","McKinsey & Company, Inc. United States","CIVIL AND ENVIRONMENTAL ENGINEERING"
267762,"030","software engineer","Tangent Services Corporation","COMPUTER SCIENCE AND ENGINEERING"
267833,"030","software engineer","Synaty LLC","COMPUTER SCIENCE"
267845,"076","physical therapist","Interface Rehab, Inc.","SCIENCE"
267852,"199","software engineer","MOODY'S ANALYTICS, INC.","SOFTWARE ENGRG"
267854,"039","data engineer","Siemens Medical Solutions USA, Inc.","INFORMATION SCIENCES AND TECHNOLOGIES"
267901,"019","engineering mgr","Astronomer, Inc.","MECHANICAL ENGINEERING"
267941,"160","associate","Morgan Stanley & Co, LLC","FINANCE RISK MANAGEMENT ANALYTICS"
267948,"050","product manager iii","Amazon.com Services LLC","MANAGEMENT SCIENCE"
267976,"020","program manager ii","Amazon.com Services LLC","INDUSTRIAL ENGINEERING AND OPERATIONS RESEARCH"
267999,"039","software engineer","ContextLogic Inc.","INFORMATION SYSTEMS"
268008,"030","software developer","Sharpedge Solutions Inc","BUSINESS ADMINISTRATION"
268111,"110","senior counsel","Uber Technologies, Inc.","BACHELOR OF LAWS"
268112,"030","associate ux designer","JPMorgan Chase & Co.","COMMUNICATION DESIGN"
268131,"030","software development engineer software developer application","Apple Inc.","COMPUTER SCIENCE AND MATHEMATICS"
268340,"003","sr pixel design engineer","SONY ELECTRONICS INC.","ENGINEERING"
268380,"030","software engineer","SRS Consulting, Inc.","MECHANICAL ENGINEERING"
268464,"161","business systems analyst","Building Robotics Inc","INFORMATION SYSTEMS"
268468,"030","digital artist graphic designer","Apple Inc.","COMMUNICATION DESIGN"
268491,"030","senior systems analyst","Cognizant Technology Solutions US Corp","COMPUTER ENGINEERING"
268555,"110","law clerk","Willkie Farr & Gallagher LLP","CORPORATE LAW"
268556,"161","global strategy senior associate","Uber Technologies, Inc.","BUSINESS ADMINISTRATION"
268612,"030","software developement engineer i","Amazon.com Services LLC","COMPUTER SCIENCE"
268657,"030","senior analyst project program management","Dell USA L.P.","ENGINEERING MANAGEMENT"
268714,"030","principal user experience designer","Wild Life, Inc.","ELECTRONIC ART AND DIGITAL DESIGN"
268797,"001","architectural designer","Array Architects, Inc.","MASTER OF ARCHITECTURE"
268846,"020","data analyst","The Goodyear Tire & Rubber Company","CIVIL AND ENVIRONMENTAL ENGINEERING"
268870,"030","software development engineer software developer application","Apple Inc.","ELECTRICAL AND COMPUTER ENGINEERING"
268940,"030","software development engineer apps","Apple Inc.","DATA SCIENCE"
268967,"030","software devops engineer","Eficens Systems LLC","COMPUTER SCIENCE"
268981,"030","quality assurance engineer","iOasiZ, Inc","MECHANICAL ENGINEERING"
268992,"161","management analyst","Crazy Maple Studio, Inc.","BUSINESS ADMINISTRATION"
269083,"030","business analyst","Premium Technology Inc.","DATA SCIENCE"
269112,"169","project manager","UNest Holdings, Inc.","COMPUTER INFORMATION SYSTEMS"
269145,"020","senior clinical data manager","Zymeworks Biopharmaceuticals Inc.","PROJECT MANAGEMENT (MANAGEMENT SCIENCE); MICROBIOLOGY"
269182,"020","data scientist","S&P GLOBAL MARKET INTELLIGENCE INC.","QUANTITATIVE METHODS IN THE SOCIAL SCIENCES"
269217,"003","wireless power electromagnetics design engineer","NuCurrent, Inc.","ELECTRICAL ENGINEERING"
269235,"030","machine learning engineer","Apple Inc.","STATISTICS"
269241,"020","associate biostatistician","IQVIA RDS Inc.","BIOSTATISTICS"
269286,"199","associate management consultant","McKinsey & Company, Inc. United States","BUSINESS ADMINISTRATION"
269297,"039","senior fellow data science","McKinsey & Company, Inc. United States","COMPUTER SCIENCE"
269314,"030","digital technical specialist","IBM Corporation","BUSINESS ADMINISTRATION"
269331,"039","junior data analyst","ICF Incorporated, LLC","BIOMEDICAL INFORMATICS"
269332,"003","electrical engineer","Apple Inc.","ELEC ENGRG"
269346,"030","sr developer microservices","Photon Infotech Inc.","ELECTRONIC ENGINEERING"
269351,"030","cloud software engineer","Schlumberger Technology Corporation","MASTER OF COMPUTATIONAL SCIENCE AND ENGINEERING"
269379,"999","recruitment delivery manager","VM Global Partners LLC","DOCTOR OF PHILOSOPHY IN FACULTY OF PHARMACY"
269383,"030","business analyst i","Amazon.com Services LLC","SUPPLY CHAIN MANAGEMENT"
269392,"030","software developer","Solomons International, LLC","COMPUTER SCIENCE"
269398,"050","business analyst","MetricStream, Inc.","GLOBAL FINANCE"
269416,"039","software developer solutions consultant","Sahaj Software Inc","COMPUTER ENGINEERING"
269470,"169","competitive intelligence manager","ChargePoint, Inc.","MBA"
269539,"020","delivery mgr","The WeissComm Group LTD","INFO SYSTEMS"
269575,"003","engineer","SONY ELECTRONICS INC.","ELECTRICAL ENGINEERING & COMPUTER SCIENCE"
269581,"160","assurance staff audit services","Ernst & Young U.S. LLP","ACCOUNTANCY"
269582,"030","technology analyst","Credit Suisse Securities USA LLC","COMPUTER SCIENCE MATH"
269607,"139","technical writer i","Amarex Clinical Research, LLC","NEUROSCIENCE"
269624,"050","senior applied scientist","Uber Technologies, Inc.","PUBLIC ADMINISTRATION"
269668,"007","medical appliance engineer","Brius Technologies, Inc.","MECHANICAL ENGINEERING"
269719,"110","law clerk associate","Cleary Gottlieb Steen & Hamilton LLP","COMPETITION INNOVATION INFORMATION LAW"
269814,"007","mechanical engineer ii","Dexai Robotics, Inc.","MECHANICAL ENGINEERING"
269836,"030","business intelligence developer","Ursi Technologies Inc","COMPUTER SCIENCE OR EQUIVALENT"
269871,"007","biomedical engineers","Savran Technologies Inc.","MECHANICAL ENGINEERING"
269885,"020","senior business analyst","Uber Technologies, Inc.","OPERATIONS RESEARCH"
269979,"030","software development engineer","Apple Inc.","COMPUTER SCIENCE"
269980,"","data scientist machine learning","Eluvio, Inc.","COMPUTER SCIENCE"
270048,"030","programmer analyst","Nettlinx, Inc.","BUS ADMIN"
270068,"110","associate","KIRKLAND & ELLIS LLP","LAW"
270077,"030","systems test engineer","Orion Systems Integrators LLC","MASTERS IN ELECTRICAL AND COMPUTER ENGINEERING BACHELORS IN COMPUTER SCIENCE"
270165,"030","programmer analyst i","HCL America Solutions Inc","MECHANICAL ENGINEERING"
270191,"033","principal product mgr al products","IKCON Technologies Inc.","DATA SCIENCE"
270256,"030","data scientist","Circle K Stores Inc.","APPLIED ANALYTICS"
270257,"162","vice president investment finance","JPMorgan Chase & Co.","ECONOMICS AND MANAGEMENT"
270272,"169","business intelligence engineer i","Amazon Development Center U.S, Inc.","BUSINESS ANALYTICS"
270346,"030","java developer","NANTEZ INC","COMPUTER SCIENCE"
270415,"003","asic design engineer electrical engineer","Apple Inc.","COMPUTER ENGINEERING"
270420,"030","esa software developer","Kyndryl Inc.","INTERNATIONAL BUSINESS"
270631,"030","business intelligence developer","Ursi Technologies Inc","COMPUTER SCIENCE OR EQUIVALENT"
270654,"012","analyst automated fulfillment","Peapod Digital Labs LLC","MECHANICAL ENGINEERING AND APPLIED MECHANICS"
270903,"030","data engineer","Connectiq Labs, Inc.","MASTER OF SCIENCE BUSINESS ANALYTICS"
271092,"030","associate technical consultant","Perficient, Inc.","BUSINESS ANALYTICS"
271153,"030","software engineering mts","Salesforce.com, Inc.","COMPUTER SCIENCE"
271197,"010","attorney","RAITI PLLC","LAW"
271245,"199","senior solution analyst","McKinsey & Company, Inc. United States","ECONOMICS"
271247,"169","associate quantitative research","JPMorgan Chase & Co.","FINANCIAL MATHEMATICS"
271296,"030","senior software engineer","Saminavi LLC","BUSINESS ADMINISTRATION"
271339,"019","process engineer","Applied Materials, Inc.","MATERIAL SCIENCE AND ENGINEERING"
271364,"160","accounting analyst","Sumaquant LLC","ACCOUNTANCY"
271393,"030","big data developer","VISTA APPLIED SOLUTIONS GROUP INC","COMPUTER SCIENCE"
271401,"030","software developer","Oracle America, Inc.","INFORMATION SECURITY"
271474,"166","training and development specialist","US Premium Plastics LLC","EDUCATION"
271539,"019","assistant engineer i","Hazen and Sawyer, D.P.C.","ENGINEERING"
271580,"160","sr manager finance co pilot","Nestle USA, Inc.","CORPORATE FINANCE"
271634,"079","senior manager data management","UroGen Pharma, Inc.","MASTER OF SCIENCE PROJECT MANAGEMENT"
271666,"030","strategy implementation lead","Target Enterprise, Inc.","BUSINESS ADMINISTRATION"
271711,"161","program manaager","Uber Technologies, Inc.","DENTAL SURGERY"
271732,"030","wms software project engineer","Interlake Mecalux, Inc.","SUPPLY CHAIN MANAGEMENT"
271767,"030","developer associate consultant","Concord USA, LLC","DUAL MAJOR COMPUTER INFORMATION SYSTEMS AND MECHANICAL ENGINEERING U S EQUIVALENT"
271844,"019","sr database engineer","viagogo Inc.","BIOMEDICAL ENGINEERING"
271915,"109","data scientist","CSS Payroll Co, L.P.","QUANTITATIVE FINANCE AND RISK MANAGEMENT"
271919,"030","operations engineering program manger","Apple Inc.","BUSINESS ADMINISTRATION"
271934,"039","cybersecurity analyst","Idenhaus Consulting, LLC","INFORMATION SYSTEM"
271939,"007","microfluidics engineer","Fluxergy Inc.","MECHANICAL ENGINEERING"
271956,"030","senior data scientist","Gaiascope Inc.","COMPUTER SCIENCE"
272014,"030","mechanical engineer","AMERICAN TECHNOLOGY GROUP LLC","MASTER OF SCIENCE IN MECHANICAL ENGINEERING"
272033,"022","senior associate scientist","Amgen Incorporated","CHEMISTRY"
272035,"161","corporate strategy manager","Intuit Inc.","BUSINESS ADMINISTRATION"
272037,"020","senior program manager recommended installer program","The Tire Rack, Inc.","BUSINESS ADMINISTRATION AND BUSINESS ANALYTICS"
272045,"030","architect","Tata Consultancy Services Limited","ELECTRONICS AND COMMUNICATION ENGINEERING"
272150,"030","consultant","Deloitte Consulting LLP","COMPUTER ENGINEERING"
272152,"030","software developer","Tek Ninjas Solutions, LLC.","COMPUTER SCIENCE"
272155,"199","research associate","MOODY'S ANALYTICS, INC.","ECONOMICS AND COMPUTATION"
272239,"030","software engineer","IT Nest Services Inc","BUSINESS ANALYTICS"
272302,"039","senior consultant","ArisGlobal, LLC.","COMPUTER ENGINEERING"
272324,"039","software engineer storage","ContextLogic Inc.","ELECTRICAL ENGINEERING AND COMPUTER SCIENCE"
272393,"030","sdet software development engr in test","Ursi Technologies Inc","COMPUTER SCIENCE OR EQUIVALENT"
272433,"039","team lead business analysis","Sabre GLBL Inc.","SYSTEMS ENGINEERING"
272451,"169","senior analyst analytics","Universal McCann Worldwide, Inc.","INFORMATION SYSTEMS"
272505,"012","systems engineer","TECHWORK FORCE LLC","MECHANICAL ENGINEERING"
272554,"041","research associate platform development","Dyne Therapeutics, Inc.","BIOCHEMISTRY AND CELL BIOLOGY"
272557,"030","devops engineer","Iterative Scopes, Inc.","INFORMATION TECHNOLOGY"
272631,"049","clinical research specialist","Unicon Sciences, Inc.","HEALTH SYSTEMS MANAGEMENT"
272673,"030","machine learning computer vision engineer","Nod, Inc.","ROBOTICS SYSTEMS DEVELOPMENT"
272686,"199","debt valuation analyst","Altus Group US Inc.","ECONOMICS"
272737,"020","data scientist","IntelyCare Inc","STATISTICS"
272793,"030","systems engineer","Elan Technologies, Inc.","APPLIED COMPUTER SCIENCE"
272846,"030","salesforce apptus cpq clm developer","EMERGTECH BUSINESS SOLUTIONS INC","TECHNOLOGY"
272861,"020","analyst healthcare","Analysis Group, Inc.","EPIDEMIOLOGY"
273043,"030","associate","Morgan Stanley Services Group Inc.","COMPUTER SCIENCE"
273106,"030","software engineer","Google LLC","COMPUTER SCIENCE AND ENGINEERING"
273152,"039","software engineer mts","Salesforce.com, Inc.","COMPUTER SCIENCE"
273193,"005","staff engineer","Materials Managers and Engineers, Inc.","MASTER OF SCIENCE IN CIVIL ENGINEERING"
273291,"012","device engineer","VAStek, Inc.","BIOMEDICAL ENGINEERING"
273321,"030","product manager","CoStar Realty Information, Inc.","COMPUTER ENGINEERING"
273326,"008","fermentation scientist","Newlight Technologies, Inc.","CHEMICAL ENGINEERING"
273378,"199","chef","Bright Way, LLC","FOOD TECHNOLOGY"
273394,"030","software engineer ii","Wal-Mart Associates, Inc.","BUSINESS ANALYTICS AND DATA SCIENCE"
273416,"019","manufacturing engineer","Schlumberger Technology Corporation","INDUSTRIAL ENGINEERING"
273435,"199","data measurement operations analyst","Catalina Marketing Corporation","MASTER OF SCIENCE IN BUSINESS ANALYTICS"
273461,"030","sap consultant developer","FeatureStackIT Inc","ADMINISTRATION"
273469,"030","software engineer","Google LLC","COMPUTER SCIENCE"
273484,"161","strategic business and project manager","Foodcast, Inc.","MARKETING MANAGEMENT"
273555,"030","data engineer","Infylogy Corp","COMP SCI"
273576,"030","devops engineer","Thinklusive Inc.","SCIENCE"
273603,"030","java developer","Master Compliance Inc","DATA ANALYTICS ENGINEERING"
273620,"007","engineer ii","Seagate US LLC","AEROSPACE AND MECHANICAL ENGINEERING"
273697,"169","marketing and content coordinator asian markets","Govberg, LLC","APPLIED LINGUISTICS"
273762,"999","quality operations engineer","Cepheid","BIOMEDICAL ENGINEERING"
273778,"020","biostatistician","Edwards Lifesciences LLC","STATISTICAL SCIENCE"
273853,"003","electrical engineer","FormFactor, Inc.","ELECTRICAL ENGINEERING"
273937,"030","application front end developer","Ursi Technologies Inc","COMPUTER SCIENCE OR EQUIVALENT"
273947,"030","program manager","Meta Platforms, Inc.","BUSINESS ADMINISTRATION"
273949,"030","bi developer","LatentView Analytics Corporation","COMPUTER INFORMATION SYSTEMS"
273953,"030","embedded systems engineer i","Rogers, Freels & Associates, Inc.","BIOLOGICAL AND AGRICULTURAL ENGINEERING"
273996,"030","research staff member","IBM Corporation","ELECTRICAL & COMPUTER ENGINEERING"
274039,"039","product suport engineer","Telnyx, LLC","COMPUTER SCIENCE"
274140,"092","elementary education teacher culture and foreign language","Elements Academy, Inc","PSYCHOLOGY AND EDUCATIONAL STUDIES"
274148,"030","asic design engineer software developer sytems software","Apple Inc.","COMPUTER SCIENCE"
274185,"005","structural engineer ei designer","Barber & Hoffman, Inc.","CIVIL ENGINEERING"
274192,"030","strategist","Tower Research Capital, LLC","COMPUTER ENGINEERING"
274221,"199","senior analyst","McKinsey & Company, Inc. United States","QUANTITATIVE MANAGEMENT"
274230,"030","developer","Tata Consultancy Services Limited","MECHANICAL ENGINEERING"
274250,"199","asst dir research","MOODY'S ANALYTICS, INC.","MANAGEMENT"
274296,"030","software software consultant","Enrich Technology Inc","ELECTRONICS AND COMMUNICATION ENGINEERING"
274325,"199","associate management consultant","McKinsey & Company, Inc. United States","BUSINESS ADMINISTRATION"
274340,"019","cost estimator","Danella Companies, Inc.","BUSINESS ADMINISTRATION"
274355,"012","supply chain engineer","Louis Vuitton U.S. Manufacturing, Inc.","INDUSTRIAL ENGINEERING"
274369,"030","software engineer machine learning","LinkedIn Corporation","COMPUTER & INFORMATION SCIENCE & ENGINEERING"
274388,"030","machine learning engineer","Seated Technologies, Inc.","DATA SCIENCE"
274411,"030","software development engineer","Zillow, Inc.","COMPUTER SCIENCE"
274525,"022","analytical scientist","ProtaGene US, Inc.","CHEMISTRY"
274546,"029","data scientist i","Truist Bank","MATHEMATICS"
274561,"007","mechanical engineer","Real Engineering Services LLC","MECHANICAL ENGINEERING"
274581,"161","analyst","Marion Street Capital Partners, LP","FINANCE"
274607,"039","software engineer","Pinterest, Inc.","COMPUTER ENGINEERING"
274608,"005","water infrastructure planning engineer hydraulic modeler","Akel Engineering Group, Inc.","ENVIRONMENTAL ENGINEERING"
274611,"079","health educator","Wellness & Care Group of Texas Inc","MEDICAL"
274696,"033","soultion architect l1","WIPRO LIMITED","ELECTRONICS AND COMMUNICATION ENGINEERING"
274760,"007","composite blade specialist","Siemens Gamesa Renewable Energy, Inc.","ENGINEERING TECHNOLOGY"
274763,"003","wireless system application engineer","LitePoint Corporation","ELECTRICAL AND COMPUTER ENGINEERING"
274799,"039","software engineer","Robust Intelligence, Inc.","MATHEMATICS AND COMPUTING"
274811,"030","qa automation engineer","Scopely, Inc.","COMPUTER ENGINEERING"
274829,"160","analyst","Credit Suisse Securities USA LLC","ECONOMICS"
274841,"160","managing director","Morgan Stanley & Co, LLC","BUSINESS ADMINISTRATION"
274884,"030","technical implementation consultant","OneTrust LLC","ELECTRICAL AND COMPUTER ENGINEERING"
274895,"030","product designer","Nextdoor, Inc.","MAJOR CELL AND MOLECULAR BIOLOGY MINOR COMPUTER SCIENCE"
274952,"003","data engineer","SailPoint Technologies, Inc.","COMP SCI"
275014,"050","data scientist","RBC Bank Georgia, National Association","DATA ANALYTICS"
275056,"030","applied scientist i","Amazon.com Services LLC","MATERIALS SCIENCE AND ENGINEERING"
275081,"199","business analyst management consultant","McKinsey & Company, Inc. United States","CIVIL ENGINEERING"
275115,"189","management analyst","Bain & Company, Inc.","BUS ADMIN"
275132,"169","strategic planning director market access","IPG Health LLC","PHARMACY"
275137,"030","software engineer","Agero Administrative Service Corp.","COMPUTER SCIENCE"
275151,"030","business analyst","NORALOGIC INC","COMPUTER SCIENCE"
275210,"160","regional manager us canada","CSS Payroll Co, L.P.","FINANCE"
275226,"003","software engineer ii","Argo AI, LLC","ROBOTICS"
275230,"999","3d production specialist","Genies, Inc.","ANIMATION INTERACTIVE TECHNOLOGY VIDEO GRAPHICS AND SPECIAL EFFECTS"
275311,"020","consultant business operations","The Spur Group, Inc.","INDUSTRIAL ENGINEERING & ENGINEERING MGMT"
275315,"030","software development engineer software developer application","Apple Inc.","COMPUTER SCIENCE"
275324,"030","system controls engineer","Mino Automation USA Inc.","INFORMATION SYSTEMS"
275352,"030","software development engineer i","Amazon.com Services LLC","COMPUTER SCIENCE"
275362,"022","scientist i","Revolution Medicines, Inc.","ORGANIC CHEMISTRY"
275483,"030","software engineer","SONET SOFTWARE SOLUTIONS INC","COMPUTER TECHNOLOGY"
275522,"030","software engineer","CLOUD BIG DATA TECHNOLOGIES LLC","MASTER IN COMPUTER APPLICATION"
275622,"166","trainer","NeutronIT, INC","BACHELOR OF TECHNOLOGY IN COMPUTER SCIENCE ENGINEERING"
275639,"160","audit assurance assistant","Deloitte & Touche LLP","ACCOUNTANCY"
275642,"012","sr purchasing manager thermal","RIVIAN AUTOMOTIVE, LLC","INDUSTRIAL ENGINEERING AND SYSTEMS ENGINEERING"
275667,"030","it engineer","SRS Consulting, Inc.","ELECTRICAL AND COMMUNICATION ENGINEERING"
275714,"030","resident engineer","SRI TECH SOLUTIONS INC","TELECOMMUNICATION NETWORK ENGINEERING"
275743,"161","financial analyst","Golden Qi Holdings, LLC","QUANTITATIVE METHODS AND MODELING"
275779,"022","scientist ii","NANOIMAGING SERVICES, INC.","PHARMACEUTICAL SCIENCES MEDICINAL CHEMISTRY"
275793,"030","associate software engineer","JPMorgan Chase & Co.","COMPUTER SCIENCE"
275851,"168","regulatory affairs specialist ii","Foundation Medicine, Inc.","BIOMEDICAL ENGINEERING"
275859,"030","senior machine learning engineer","Udemy, Inc.","ELECTRICAL ENGINEERING"
275866,"030","software engineer","Habu, Inc.","SOFTWARE ENGINEERING"
275874,"007","integrity specialist","Stantec Consulting Services Inc.,","PETROLEUM ENGINEERING AND SUBSEA ENGINEERING"
275881,"030","technical business analyst","IBM Corporation","TECHNOLOGY PROJECT MANAGEMENT"
275889,"169","vice president entrepresie improvement","AlixPartners, LLP","BUSINESS ADMINISTRATION"
275994,"030","database administrator","Classroom Support Services LLC","COMPUTER SCIENCE"
276043,"030","business system analyst","MACHINE LEARNING TECHNOLOGIES LLC","MASTER OF SCIENCE IN COMPUTER SCIENCE"
276212,"019","systems architect","Micron Technology, Inc.","ELECTRICAL ENGINEERING"
276230,"012","industrial engineer","Vets Plus, Inc.","MASTER OF SCIENCE IN INDUSTRIAL ENGINEERING"
276244,"059","research analyst","Aniz inc","PUBLIC HEALTH/ MEDICINE"
276266,"020","associate","PricewaterhouseCoopers Advisory Services LLC","AEROSPACE ENGINEERING AND ECONOMICS"
276358,"020","associate","JPMorgan Chase & Co.","CIVIL ENGINEERING"
276400,"039","software developer","ENDEAVOUR TECHNOLOGIES INC","COMPUTER AND INFORMATION SCIENCE"
276450,"041","research scientist","Manus Bio Inc.","MOLECULAR AND CELLULAR BASIS OF INFECTION"
276547,"030","test consultant 2","Capgemini America, Inc.","COMPUTER SCIENCE"
276587,"030","senior software engineer","KUBE CLOUDS INC","SCIENCE"
276643,"050","price analyst","YD Hardwood Floors USA Inc","FINANCIAL MANAGEMENT"
276700,"050","head of the intermediaries business","Compass Group Holdings Inc.","BUSINESS ADMINISTRATION INVESTMENT FINANCE"
276733,"005","civil engineer","PROBPM INC","CIVIL ENGINEERING"
276784,"076","physical therapist","14 STREET MEDICAL PC","PHYSICAL THERAPY"
276834,"169","marketing specialist","Pyrus Consulting Group, LLC","COMMUNICATION PSYCHOLOGY"
276847,"003","field service engineer","DC GROUP, INC.","TECH MGT"
276855,"199","associate data scientist","MOODY'S ANALYTICS, INC.","QUANTITATIVE METHODS IN THE SOCIAL SCIS"
276907,"030","software deve engineer in test","Ursi Technologies Inc","COMPUTER SCIENCE OR EQUIVALENT"
276947,"030","software developer","TRAVANCORE ANALYTICS INC","ELECTRONIC ENGINEERING"
276957,"039","software engineer","Salesforce.com, Inc.","COMPUTER SCIENCE"
277044,"030","software aws connect engineer","Eficens Systems LLC","INFORMATION SYSTEMS"
277056,"030","data analyst","Figg Incorporated","BUSINESS ANALYTICS"
277063,"030","computer programmer configurer 3","Accenture LLP","INFORMATION TECHNOLOGY"
277119,"141","junior designer","The Ogilvy Group LLC - Ogilvy & Mather","FINE ARTS DESIGN"
277288,"199","business analyst management consultant","McKinsey & Company, Inc. United States","ECONOMICS"
277353,"020","manager digital media analytics","Horizon Media LLC","MARKETING ANALYTICS"
277358,"007","industrial engineer","Labrie Environmental Group USA Inc.","IND AND SYSS ENGRG"
277369,"030","software engineer","The GSI Group, LLC","COMPUTER SCIENCE"
277389,"030","data analyst engineer","Mastro Services Inc","MASTER OF SCIENCE"
277412,"003","hardware development engineer","Apple Inc.","MECHANICAL ENGINEERING"
277424,"007","mechatronics systems engineer","Adecco Group NA - Modis, Inc.","MASTER OF SCIENCE IN AUTOMOTIVE ENGINEERING"
277469,"020","it business lead analyst","Citibank, N.A.","GOVERNMENT CONTRACTS & BUSINESS ANALYTICS"
277476,"030","software engineer advanced","Siemens Industry Software Inc.","COMPUTER ENGINEERING"
277490,"031","network operations engineer","TikTok Inc.","NETWORKING AND SYSTEM ADMINISTRATION"
277518,"199","commercial and logistics agent","DSM Food Specialties USA Inc.","INTERNATIONAL BUSINESS"
277588,"199","associate management consultant","McKinsey & Company, Inc. United States","BUSINESS  ADMINISTRATION"
277592,"030","devops engineer","Virtue Serve LLC","COMP SCI"
277601,"003","director technical services","Vantiq, Inc.","ELECTRICAL ENGINEERING"
277620,"030","software engr","Codex Software Solutions Inc","BIOLOGY"
277632,"039","business intelligence engineer","BAMIA 2 LLC","BUSINESS ANALYTICS"
277639,"007","embedded systems engineer ii","Rogers, Freels & Associates, Inc.","MECHANICAL ENGINEERING"
277688,"030","software development engineer i","Amazon.com Services LLC","INFORMATION TECHNOLOGY COMMUNICATIONS ENGINEERING"
277691,"030","mechanical engineer","Apple Inc.","MECHANICAL ENGINEERING"
277846,"199","assc dir sr qa architect","MOODY'S ANALYTICS, INC.","COMPUTER ENGINEERING"
277897,"039","functional engineer","o9 Solutions, Inc.","BUSINESS ADMINISTRATION"
277926,"030","it engineer","SRS Consulting, Inc.","INFORMATION TECHNOLOGY"
277978,"160","vie president private banker","JPMorgan Chase & Co.","FINANCE"
278100,"169","assistant vice president","CREDIT SUISSE SERVICES USA LLC","ELECTRONIC ENGINEERING AND BUSINESS ADMINISTRATION CONC FINANCIAL SERVICES"
278103,"160","associate","Goldman Sachs & Co LLC","BUSINESS ADMINISTRATION"
278153,"030","machine learning engineer software developers systems softwa","Apple Inc.","COMPUTER SCIENCE"
278208,"022","senior chemist i","Adesis, Inc.","CHEMISTRY"
278217,"030","software engr 2","Boomi L.P.","COMPUTER SCIENCE"
278232,"199","product manager","Siemens Medical Solutions USA, Inc.","MARKETING AND INTERNATIONAL BUSINESS"
278353,"199","business analyst management consultant","McKinsey & Company, Inc. United States","ECONOMICS"
278481,"161","financial analyst","Tripalink Corp","FINANCE"
278495,"199","associate management consultant","McKinsey & Company, Inc. United States","BUSINESS ADMINISTRATOR"
278529,"075","health services manager","Whittier Healthcare Holdings, II, Inc.","NURSING"
278586,"033","consulting staff technology consulting tsd sap ewm","Ernst & Young U.S. LLP","INFORMATION SYSTEMS"
278616,"030","analyst prod mfd","Private National Mortgage Acceptance Company, LLC","COMPUTER SCIENCE AND ENGINEERING"
278652,"030","software developer","3Bees Technologies Inc","DATA INFORMATICS"
278671,"030","operations engineer program manager industrial engineer","Apple Inc.","BUSINESS ADMINISTRAITON"
278680,"160","audit senior associate","Grant Thornton LLP","ACCOUNTING"
278686,"007","automation engineer","Bozhon Inc.","MECHANICAL ENGINEERING"
278710,"039","technology specialist","UST GLOBAL INC","TECHNOLOGY IN COMPUTER SCIENCE AND ENGINEERING"
278728,"160","head of fundamental analysis","Veta Investment Partners, LLC","FINANCIAL ANALYSIS"
278750,"199","software engineer","Bloomberg LP","COMPUTER INFORMATION SYSTEMS AND KINESIOLOGY"
278982,"030","software engineer","JJ Tech Systems Inc.","COMPUTER SCIENCE"
279004,"039","product manager","Bola Technologies Inc.","MBA IN BUSINESS DATA ANALYTICS"
279024,"182","project manager","Urbanica Inc.","PROJECT MANAGEMENT"
279096,"030","analyst marketing operations","Expedia, Inc.","BUSINESS ANALYTICS"
279161,"030","engineer 1 es","Nordstrom, Inc.","COMPUTER SCIENCE"
279202,"030","it project manager","Allteczit inc","PRODUCT DESIGN AND MANAGEMENT"
279238,"039","software engineer","Jane Street Group, LLC","SOFTWARE ENGINEERING"
279260,"030","data scientist","Circle K Stores Inc.","DATA ANALYTICS ENGINEERING"
279377,"041","research associate cell biology","Tectonic Therapeutic, Inc.","PHARMACEUTICAL SCIENCES"
279405,"003","test solutions engineer","Micron Technology, Inc.","ELECS & ELEC ENGRG"
279431,"039","software engineering amts","Salesforce.com, Inc.","COMPUTER SCIENCE"
279496,"030","software engineer","Google LLC","COMPUTER SCIENCE"
279514,"164","product manager","Baidu USA LLC","BUSINESS ADMINISTRATION"
279523,"199","business analyst managment consultant","McKinsey & Company, Inc. United States","ART HISTORY MINORS IN BUSINESS INSTITUTIONS & FRENCH"
279670,"030","software development engineer","Apple Inc.","COMPUTER SCIENCE"
279764,"030","data scientist","The Nielsen Company US LLC","OPERATIONS RESEARCH"
279814,"030","fe engineer","Apple Inc.","ELECTRICAL ENGINEERING"
279887,"186","analyst","United Capital Financial Advisers, LLC","MECHANICAL ENGINEERING"
279894,"076","physical therapist","HealthPRO Heritage LLC","PHYSICAL THERAPY"
279935,"900","senior launch manager","Expedia, Inc.","INTERNATIONAL MANAGEMENT AND MODERN LANGUAGES"
279938,"030","associate application developer","ADP Technology Services, Inc.","COMPUTER SCIENCE"
279953,"039","ue ux researcher","Chatham Financial Corporation","HUMAN COMPUTER INTERACTION"
279969,"160","vice president portfolio management","Waterfall Asset Management, LLC","BUSINESS CONCENTRATION FINANCE"
279982,"039","senior software engineer","Turo Inc.","INFORMATION SYSTEMS"
280033,"","social media lead","Weee Inc.","MASTER OF PROFESSIONAL STUDIES FASHION MARKETING"
280043,"163","e commerce analyst","CVB, Inc.","BUSINESS ADMINISTRATION"
280067,"033","senior associate computer systems engineers","Cognizant Technology Solutions US Corp","INFORMATION TECHNOLOGY"
280116,"199","data scientist i","McKinsey & Company, Inc. United States","BUSINESS ANALYTICS"
280177,"030","senior systems analyst","Cognizant Technology Solutions US Corp","ELECTRICAL AND ELECTRONIC ENGINEERING"
280339,"033","senior analyst quality assurance technology","McCann Relationship Marketing, LLC","COMPUTER SCIENCE"
280381,"030","software developer","Linkwell Solutions Inc","COMPUTER SCIENCE"
280414,"030","software development engineer i","Amazon.com Services LLC","SOFTWARE ENGINEERING"
280489,"141","graphic designer","One Market Inc.","GRAPHIC DESIGN"
280496,"012","automation engineer","Unicon Pharma Inc.","MECHANICAL ENGINEERING"
280504,"019","senior field service engineer","Proconex, Inc.","ELECTRICAL ENGINEERING"
280557,"199","hr data analyst","Industrial and Commercial Bank of China Ltd., New York Branch","MEDIA CULTURE AND COMMUNICATION"
280785,"189","senior president of operations","SEMINOLE HARD ROCK DIGITAL, LLC","OPERATIONS MANAGEMENT"
280790,"030","machine learning engineer","Apple Inc.","INFORMATION TECHNOLOGY"
280841,"033","system operations specialist","Intellipro Group, INC","BUSINESS ANALYTICS"
280864,"169","senior supply chain analyst","Wynneford Advisors","BUSINESS ADMINISTRATION AND INDUSTRIAL ENGINEERING"
280945,"030","analytics software tester","SAS Institute Inc.","ELECTRICAL ENGINEERING"
280947,"030","business analyst","AMP Solutions LLC","ELECTRICAL AND ELECTRONICS ENGINEERING"
280949,"030","cloud data engineer","Insurance Services Office, Inc.","COMPUTER SCIENCE"
280957,"160","financial analyst","PhuQuy, Inc","FINANCE"
280981,"039","advisor business intelligence","EMC Corporation","BUSINESS ANALYTICS"
280993,"059","analyst campaign insights","MullenLowe U.S., Inc.","DATA SCIENCE"
281002,"169","project management coordinator","Alaniz LLC","BUSINESS ADMINISTRATION WITH CONCENTRATION IN MANAGEMENT"
281005,"019","trainer","Siemens Medical Solutions USA, Inc.","MEDICAL TECHNOLOGY"
281083,"039","computer vision machine learning engineer","Tangible Play, Inc.","ELECTRICAL ENGINEEING"
281191,"160","analyst","Morgan Stanley Services Group Inc.","ECONOMICS"
281245,"020","business development analyst","Biocytogen Boston Corp.","DATA SCIENCE BUSINESS ANALYTICS"
281265,"031","network and computer systems administrator","Ascentage Pharma Group Inc.","COMPUTER INFORMATION SYSTEMS"
281364,"199","associate management consultant","McKinsey & Company, Inc. United States","BUSINESS ADMINISTRATION"
281370,"030","java developer","SIA GLOBAL SOLUTIONS LLC","INFORMATION TECHNOLOGY"
281444,"169","vice president","Morgan Stanley Services Group Inc.","APPLIED COMPUTER SCIENCE"
281527,"024","gis flood analyst","ICEYE US, Inc.","EARTH AND ENVIRONMENT SYSTEMS"
281607,"020","operations research analyst","Uber Technologies, Inc.","COGNITIVE SCI"
281614,"079","sr embryologist","Procreate Fertility Center of Virginia, PLLC","EMBRYOLOGY"
281624,"079","dental clinics manager","American Dental Management, PC","HEALTH SVCS ADMIN"
281644,"161","finance analyst","Expedia, Inc.","FINANCIAL ANALYSIS"
281681,"030","technical lead","Tata Consultancy Services Limited","APPLIED COMPUTER SCIENCE"
281702,"039","software engineer","Pinterest, Inc.","COMPUTATIONAL SCIENCE AND ENGINGEERING"
281742,"031","data engineer","DATAQUAD INC","APPLIED COMPUTER SCIENCE"
281845,"030","software developer","EPAM Systems, Inc.","MGT INFO SYSS"
281893,"030","software development engineer software developer application","Apple Inc.","OPERATIONS RESEARCH AND INFORMATION ENGINEERING"
281907,"039","developer advocates","Tyk Technologies Inc","COMPUTER SCIENCE"
281976,"030","software development engineer systems","Apple Inc.","ELECTRICAL ENGINEERING"
282005,"030","security analyst iii","Anthem, Inc.","CYBER SECURITY MANAGEMENT"
282057,"033","senior associate computer systems engineers","Cognizant Technology Solutions US Corp","ELECTRONICS ENGINEERING"
282197,"030","software engineer","Cimpress USA Incorporated","COMPUTER SCIENCE"
282202,"199","associate management consultant","McKinsey & Company, Inc. United States","PUBLIC POLICY"
282209,"160","financial analyst","AMAZING COMMUNITY PHARMACY LLC","BUSINESS ADMINISTRATION WITH CONCENTRATION IN FINANCE"
282305,"030","engineer software","Palo Alto Networks, Inc.","COMPUTER SCIENCE"
282307,"030","marcom designer","Apple Inc.","THEMED ENTERTAINMENT DESIGN"
282312,"030","technology analyst us","Infosys Limited","COMPUTER SCIENCE ENGINEERING"
282414,"039","software engineering amts","Salesforce.com, Inc.","ELECTRICAL & COMPUTER ENGINEERING"
282457,"041","clinical development lead","Spark Therapeutics, Inc.","MEDICAL SCIENCES"
282526,"163","senior director partnership development","Brooklyn Nets, LLC","BUSINESS ADMINISTRATION WITH CONCENTRATION IN FINANCE/MARKETING"
282650,"030","applications consultant 2","Capgemini America, Inc.","COMPUTER INFORMATION SYSTEMS"
282716,"039","research engineer","Ford Motor Company","COMPUTER SCIENCE"
282721,"030","software analyst developer","Vertex Consulting Service, Inc","COMPUTER SCIENCE EQUIVALENT"
282755,"030","specialist master","Deloitte Consulting LLP","ELECS & COMMUNICATION ENGRG"
282788,"020","operations research analyst","Cerus Corporation","ACCOUNTING"
282790,"030","salesforce developer","Symantrix Inc","INFORMATION TECHNOLOGY COMPUTING"
282800,"030","manager","Deloitte Consulting LLP","ELECTRONICS COMMUNICATION ENGINEERING"
282824,"199","associate management consultant","McKinsey & Company, Inc. United States","BUSINESS ADMINISTRATION"
282846,"030","life science research associate","PARADIGM INFOTECH INC.","MASTER OF SCIENCE"
282868,"039","software developers applications","MAPBOX, INC.","BUSINESS ANALYTICS"
282877,"030","software engineer","INVICTUS INFOTECH LLC","SCIENCE"
282888,"030","software developer","Oracle America, Inc.","COMPUTER ENGINEERING"
282902,"030","member of technical staff research engiener research sci","OpenAI, LP","COMPUTER SCIENCE"
282926,"187","lodging manager","Jamsan Hotel Management","MANAGEMENT"
282949,"059","data scientist","Marsh USA Inc.","ANALYTICS"
282960,"030","software engineer","Prime Software Technologies ,Inc.","COMP SCI"
283149,"030","technology analyst us","Infosys Limited","COMPUTER SCIENCE AND ENGINEERING"
283163,"199","data supply chain analyst","Taylor Farms Pacific,  Inc.","MASTER OF SCIENCE IN ENGINEERING MGMT"
283188,"030","quality engineer","FUSION LIFE SCIENCES TECHNOLOGIES LLC","MECHANICAL ENGINEERING"
283293,"161","consultant","The Boston Consulting Group, Inc.","BUSINESS ADMINISTRATION"
283298,"180","manager i operations","Amazon.com Services LLC","FINANCE/MANAGEMENT"
283491,"030","software developer","SoftCorp International, Inc.","COMPUTER SCIENCE"
283621,"030","test engineer electrical engineer","Apple Inc.","MECHANICAL  ENGINEERING"
283655,"119","paralegal","GREEN MAPLE LAW GROUP, APC","LAW"
283681,"169","vice president","Morgan Stanley Services Group Inc.","ELECTRONIC ENGINEERING"
283688,"199","sr product analyst","McKinsey & Company, Inc. United States","INFORMATION TECHNOLOGY"
283697,"160","financial analyst","EASTALLIANCE PARTNERS LLC","FINANCE"
283766,"030","battery alborithm engineer","Apple Inc.","MECHANICAL ENGINEERING"
283771,"020","graduate quantitative researcher","IMC Americas, Inc.","FINANCIAL ENGINEERING"
283781,"019","process engineer","Applied Materials, Inc.","ENGINEERING"
283794,"030","lead software engineer","Americor Funding LLC.","MATHEMATICS"
283847,"049","asso","Primera Analytical Solutions Corporation","BIOENGINEERING"
284073,"","software developer","Edify Technologies, Inc.","ELECTRONIC ENGINEERING"
284231,"182","vdc specialist","FL Crane & Sons","CONSTRUCTION MANAGEMENT"
284345,"030","product management senior specialist","Salesforce, Inc.","ENGINEERING MANAGEMENT"
284665,"030","software engineer","PRECISIONTECHNOLOGIES CORP","ELECTRICAL ENGINEERING"
284817,"003","image sens power arch engineer electrical engineer","Apple Inc.","ELECTRICAL ENGINEERING"
285159,"030","software development engineer iii","Amazon Development Center U.S., Inc.","COMPUTER ENGINEERING"
285393,"007","hils control system engineer","Altair ProductDesign, Inc.","MECHANICAL ENGINEERING"
285520,"030","food safety regulatory compliance manager","GC Ingredients Inc.","FOOD SCIENCE"
285943,"019","director global coordination","Giumarra International Berry LLC","BUSINESS"
286098,"160","financial analyst","MA TECH SOLUTION INC","COMMERCE"
286163,"041","quantitative pharmacology programmer analyst","ALEXION PHARMACEUTICALS, INC.","FINANCIAL RISK MANAGEMENT"
286598,"030","technical lead","Tata Consultancy Services Limited","ELECTRONICS AND COMMUNICATION ENGINEERING"
287089,"003","power applications engineer","Wolfspeed, Inc.","ELECTRICAL ENGINEERING"
287124,"030","program manager","Google LLC","ELETRICAL AND ELECTRONICS ENGINEERING"
287207,"030","software development engineer ii","Amazon.com Services LLC","COMPUTER INFO SYSTEMS AND APPLIED MATHEMATICS"
287210,"030","applications consultant 3","Capgemini America, Inc.","COMPUTER INFORMATION SYSTEM"
287609,"030","computer systems analyst 3","Accenture LLP","ELECTRONICS ENGINEERING"
287626,"019","supply planner","Novozymes North America, Inc.","INDUSTRIAL ENGINEERING"
287935,"030","analyst","Tata Consultancy Services Limited","COMPUTER INFORMATION SYSTEMS"
288217,"141","interior designer","Barton and Monroe","DESIGN INTERIOR DESIGN"
288637,"020","actuarial associate","Ameritas Life Insurance Corp.","ACTUARIAL MATHEMATICS"
288735,"079","medical laboratory scientists","Lovingcare Nursing and Home Care Services Inc.","MADICAL LABORATORY SCIENCE"
288925,"020","associate business analyst","Voya Services Company","COMPUTER SCIENCE"
289359,"033","manager jc50 computer systems engineers architecs","Cognizant Technology Solutions US Corp","INFORMATION TECHNOLOGY"
289535,"003","hardware development engineer","Apple Inc.","PHOTONICS & OPTICAL SCIENCES"
289643,"030","business analyst l3","Wipro Limited","ELECTRICAL ENGINEERING"
290110,"031","solutions architect","Akamai Technologies, Inc.","MANAGEMENT INFORMATION SYSTEMS"
290203,"030","ar vr software development engineeer software developer syst","Apple Inc.","ELECTRICAL ENGINEERING & COMPUTER SCIENCES"
290629,"019","project management specialist","Yeaher Inc.","CHEMICAL ENGINEERING"
290765,"029","environmental engineer associate 2","Energy and Environmental Economics, Inc.","ENERGY ENGINEERING"
291130,"186","analyst","Scotia Capital USA, Inc.","FINANCE INTERNATIONAL BUSINESS"
291326,"050","project manager","Citibank, N.A.","BUSINESS ANALYTICS BS IN FINANCE"
291400,"030","hardware development engineer electronics engineer","Apple Inc.","COMPUTER ENGINEERING IN INTERNET OF THINGS"
291420,"020","commodity spec manager","Apple Inc.","MATHEMATICS AND STATISTICS"
291434,"039","software engineer","Microsoft Corporation","INFO NETWORKING APPLIED STUDY"
291466,"160","intercompany accounting mgr mgr accounting","Uber Technologies, Inc.","ACCOUNTING"
291471,"160","tax staff diversified staff group","Ernst & Young U.S. LLP","ACCOUNTANCY"
291540,"199","senior business analyst","Capital One Services, LLC","BUSINESS ANALYTICS"
291993,"033","solution architect ii","Persistent Systems INC","INFORMATION TECHNOLOGY"
292027,"007","engineer i","CHA Consulting, Inc.","MECHANICAL ENGINEERING"
292750,"012","logistic specialist ii","ASM  America, Inc.","INDUSTRIAL ENGINEERING"
292764,"030","senior software engineer","Uber Technologies, Inc.","INFORMATION TECHNOLOGY"
293098,"030","human factors design engineer","Apple Inc.","MECHANICAL ENGINEERING"
293160,"001","intern architect","Studio.BNA, Inc.","URBAN PLANNING AND DESIGN"
293306,"007","manufacturing equipment engineer","Hydranautics","MECHANICAL ENGINEERING"
293357,"164","market sales analyst","ITW Food Equipment Group LLC","BUSINESS ADMINISTRATION"
293611,"012","process engineer","Intel Corporation","CHEMICAL ENGINEERING"
293672,"030","systems administrator","SG AMERICAS OPERATIONAL SERVICES, LLC","INFORMATION SYSTEMS & BUSINESS AND ECONOMICS"
294446,"019","sr software developer algorithmic trading infrstructure","Milton Labs, LLC","MEASUREMENT AND CONTROL ENGINEERING"
294559,"030","software development engineer systems software developer","Apple Inc.","COMPUTER SCIENCE"
294788,"001","design staff 2","The Lamar Johnson Collaborative, Inc.","CITY DESIGN"
295182,"030","software development engineer","Adobe Inc.","COMPUTER SYSTEMS ENGINEERING"
295312,"003","software development engineer systems electronics engineer","Apple Inc.","ELECTRICAL ENGINEERING"
295460,"041","associate scientist","WuXi Advanced Therapies Inc.","BIOENGINEERING"
295470,"030","software engineer i","Uber Technologies, Inc.","SOFTWARE ENGINEERING"
295715,"030","software development engineer i","Amazon.com Services LLC","COMPUTER SCIENCE"
295800,"030","acoustics engineer","Apple Inc.","MECHANICAL ENGINEERING"
296420,"020","business data analyst","Health One Alliance, LLC","DATA SCIENCE AND ANALYTICS"
296463,"189","director customer experience","Cisco Systems, Inc.","BUSINESS ADMINISTRATION"
296600,"072","general dentist","Familia Dental Davenport LLC","DENTAL SURGERY"
296706,"030","software engineer i","Uber Technologies, Inc.","ELECTRICAL AND COMPUTER ENGINEERING"
296886,"005","engineer i","CHA Consulting, Inc.","CIVIL ENGINEERING"
297310,"030","software engineer","SAVVY SOFTWARE SOLUTIONS, INC","ELECTRICAL & ELECTRONICS ENGINEERING"
297327,"119","associate attorney","Sheppard, Mullin, Richter & Hampton LLP","LAW"
297357,"","machine learning engineer","ByteDance Inc.","STATISTICS"
297460,"001","architectural technician","LaBella Associates, D.P.C.","ARCHITECTURE"
297516,"030","channel program producer","Apple Inc.","BUSINESS ADMINISTRATION"
297563,"999","financial analyst","MYFLORADNA, INC","FINANCIAL MANAGEMENT"
297635,"","financial risk specialists","GET CORP. PAYROLL ACCOUNTING & TAX","MBA FIN"
297665,"019","power module development engineer","Wolfspeed, Inc.","MATERIALS SCIENCE AND ENGINEERING"
297866,"030","software engineer","Google LLC","COMPUTER SCIENCE"
298471,"030","software development engineer pplications software developer","Apple Inc.","COMPUTER SCIENCE"
299031,"030","software engineer ii","Uber Technologies, Inc.","MANAGEMENT SCIENCE AND ENGINEERING"
299208,"030","software development engineer iii","Amazon.com Services LLC","APPLIED COMPUTER SCIENCE"
299402,"030","machine learning engineer data scientist","Apple Inc.","COMPUTER SCIENCE AND ENGINEERING"
299530,"030","pr mgr market research analysts and marketing specialists","Apple Inc.","TEACHING FOREIGN LANGUAGE"
299605,"030","software development engineer software developers","Apple Inc.","ELECTRICAL AND COMPUTER ENGINEERING"
299679,"059","order mgmt provisioning specialist","Anaplan, Inc.","COMPUTER SCIENCE"
299691,"141","hi designer","Apple Inc.","DESIGN AND TECHNOLOGY"
300262,"030","software development engineer i","Amazon.com Services LLC","DATA SCIENCE"
300301,"003","design verification engineer electrical engineer","Apple Inc.","ELECTRICAL ENGINEERING"
300711,"003","soc design engineer","Intel Corporation","ELECTRICAL ENGINEERING"
300827,"999","landscape designer","Delineator Design, LLC","ARCHITECTURE AND ENGINEERING"
300916,"079","health services manager","Everest Medics Staffing Inc","BACHELOR OF SCIENCE IN NURSING"
301037,"030","soc design verification engineer","Apple Inc.","ELECTRONIC ENGINEERING"
301122,"007","sr test engineer","Tesla, Inc.","AUTOMOTIVE ENGINEERING"
301123,"030","software engineer","Meta Platforms, Inc.","COMPUTER ENGINEERING"
301368,"030","software engineer","DxForge Inc.","COMPUTER SCIENCE AND ENGINEERING"
301484,"039","software engineer","Microsoft Corporation","COMPUTER SCIENCE"
301557,"030","production engineer","Meta Platforms, Inc.","COMPUTER SCIENCE"
301714,"030","web developer","Noblesoft Technologies Inc","INFORMATION TECHNOLOGY"
301859,"019","manufacturing quality engineer materials engineer","Apple Inc.","MATERIALS ENGINEERING"
302039,"039","software engineer","EVIDEN USA, INC.","BACHELOR OF TECHNOLOGY IN COMPUTER SCIENCE AND ENGINEERING"
302385,"030","software development engineer 1","Amazon.com Services LLC","COMPUTER SCIENCE"
302553,"030","sr product technology owner","Franklin Templeton Companies LLC","MANAGEMENT INFORMATION SYSTEMS"
302642,"091","teacher of spanish","St. Paul's School","ROMANCE STUDIES HISPANIC LITERATURE & COMPARATIVE LITERATURE"
302846,"030","system product design engineer mechanical engineers","Apple Inc.","MECHANICAL ENGINEERING"
302955,"007","ce product specialist","Cummins Inc.","MECHATRONICS ENGINEERING"
303443,"006","manufacturing quality engineer industrial engineers","Apple Inc.","CHEMICAL ENGINEERING"
303458,"007","sr engineer performance simulation application","Caterpillar Inc","MECHANICAL ENGR AND APPLIED MECHANICS"
303568,"030","software engineer","Comprobase Inc",""
303575,"030","software developer","Astute Solutions LLC","ELECTRONICS AND COMMMUNICATION ENGINEERING"
303890,"030","software developer engineer systems","Apple Inc.","COMPUTER SCIENCE"
304166,"199","senior associate","KPMG LLP","ACCOUNTING"
304404,"030","programmer developer 3","Capgemini America, Inc.","COMPUTER INFORMATION SYSTEMS"
304649,"030","partner engineer android","Meta Platforms, Inc.","COMPUTER SCIENCE"
304720,"019","sr automation engineer","Steripack USA Limited LLC","BIOMEDICAL ENGINEERING"
304750,"030","systems analyst","Omsai Com LLC","BACHELORS OF ENGINEERING IN TELECOMMUNICATION"
304854,"030","software engineer","Adobe Inc.","ELECTRICAL ENGINEERING"
304878,"007","product design engineer mechanical engineers","Apple Inc.","MECHANICAL ENGINEERING"
305393,"030","machine learning engineer","Apple Inc.","COMPUTER INFORMATION SYSTEMS"
305422,"003","hardware development engineer electrical engineer","Apple Inc.","ELECTRICAL AND COMPUTER ENGINEERING"
305939,"030","software development engineer","Apple Inc.","COMPUTER SCIENCE"
306291,"012","process engineer","Intel Corporation","MATERIALS SCIENCE AND ENGINEERING"
306636,"030","technical project manager","LinkedIn Corporation","MANAGEMENT INFORMATION SYSTEMS"
306865,"030","software engineer","Vidu Solutions LLC","MATH PHYSICS CHEMISTRY"
307032,"030","applied scientist ii","Amazon Development Center U.S., Inc.","ELECTRONICS ENGINEERING"
307346,"033","senior associate jc60 computer systems engineer architects","Cognizant Technology Solutions US Corp","APPLIED COMPUTER SCIENCE"
307669,"030","software engineer","Upstart Network, Inc.","COMPUTER SCIENCE"
307939,"012","industrial engineer","CO-AX Technology Inc.","INDUSTRIAL MANAGEMENT"
307985,"169","estimator level 1","Racanelli Construction Co. Inc.","CIVIL ENGINEERING"
308343,"169","product manager","Microsoft Corporation","ENGINEERING MANAGEMENT"
308509,"030","computer programmer","Advantecs Group, Inc.","COMPUTER SCIENCE AND ENGINEERING"
309067,"030","software engineer","Google LLC","COMPUTER SCIENCE"
309205,"030","computer systems analysts","LTIMINDTREE LIMITED","ELECTRONICS & TELECOMMUNICATION"
309254,"030","software developer","XIT Solutions Inc","ELECTRONICS AND COMMUNICATION ENGINEERING"
309594,"041","principal scientist i","Novartis Institutes for BioMedical Research, Inc.","MOLECULAR GENETICS"
309627,"039","data scientist","PeritusHub LLC.","INFORMATION TECHNOLOGY"
309782,"030","database administrator devops engineer","Strategic Systems,Inc","COMP INFO SYSS"
310045,"003","hardware develop engineer electrical engineer","Apple Inc.","ENGINEERING PHYSICS"
310138,"033","manager jc50 computer systems engineers architects","Cognizant Technology Solutions US Corp","COMPUTER INFORMATION SYSTEMS"
310192,"030","software engineer","Google LLC","ELECTRICAL ENGINEERING MACHINE LEARNING AND DATA SCIENCE BACHELORS IN DATA SCIENCE COMPUTER SCIENCE"
311030,"076","exercise physiologist","Physical Therapy of New York PC","PHYSICAL THERAPY"
311783,"030","systems analyst","Coforge Limited","APPLIED COMPUTER SCIENCE"
311983,"005","product engineer","XP Health, Inc.","CIVIL AND ENVIORNMENTAL ENGINEERING"
312131,"165","associate paid social","Group M Worldwide, LLC","MARKETING"
312348,"030","software engineer i","Sony Interactive Entertainment LLC","INFO"
312710,"039","analytics analyst","R1RCM HOLDCO INC.","INFORMATION TECHNOLOGY AND ANALYTICS"
312823,"030","software engineer","OATH HOLDINGS INC.","COMPUTING & INFORMATION SCIENCE"
312836,"007","aircraft technologies engineer","VT San Antonio Aerospace, Inc.","AIRCRAFT MAINTENANCE TECHNOLOGY"
312946,"003","engineer df dram","Micron Technology, Inc.","MATERIALS SCIENCE ENGINEERING AND COMMERCIALIZATION"
312984,"030","business analyst","Config Consultants LLC","TECHNICAL ENTREPRENEURSHIP AND MANAGEMENT"
313079,"020","advanced data science associate","ZS Associates, Inc.","BUSINESS ANALYTICS"
313335,"","attorney","King Law","JURIS DOCTORATE IN LAW"
313425,"005","structural engineer","Gilsanz Murray Steficek LLP Engineers and Architects","CIVIL ENGINEERING"
313443,"020","data scientist","Ford Motor Company","INDUSTRIAL ENGINEERING WITH AN ADDITIONAL MASTERS DEGREE IN MATHEMATICS WITH CONCENTRATION IN STATISTICS & OPERATIONS RESEARCH"
313662,"030","staff software engineer","Uber Technologies, Inc.","COMPUTER ENGINEERING"
314008,"003","rf systems engineer electronics engineer","Apple Inc.","ELECTRICAL ENGINEERING"
314088,"049","public relations coordinator","CKR Enterprise, Inc","HUMAN MOVEMENT STUDIES AND LIFE SCIENCES"
314124,"030","technical leader","KPIT Technologies Inc.,","MECHANICAL ENGINEERING"
314246,"030","software engineer","Byte Link Systems, Inc.","COMPUTER SCIENCE"
314956,"030","associate","DB Global Technology, Inc","COMPUTER SCIENCE"
314968,"030","software development engineer i","Amazon.com Services LLC","COMPUTER SCIENCE"
315276,"030","technical support engineer","Fortinet, Inc.","CYBER FORENSICS AND SECURITY"
315427,"110","associate attorney","Baker & McKenzie LLP","LAW"
315458,"030","associate business intelligence and reporting","Santander Bank, N.A.","BUSINESS ANALYTICS"
315474,"030","software engineer","Devoir Software Solutions LLC","TECHNOLOGY"
315998,"041","senior scientist clinical pharmacology and pharmacometrics","AstraZeneca Pharmaceuticals LP","MATHEMATICS"
316115,"070","associated licensed professional counselor","North Bend Medical Center Inc","CLINICAL PSYCHOLOGY"
316195,"189","health and recreation dir","The Salvation Army","NONPROFIT ADMINISTRATION"
316355,"012","process engineer","Fufeng USA Incorporated","POWER PLANT AND POWER SYSTEMS"
316408,"163","offshor wind risk advisory leader","Marsh USA LLC","LAW EVALUATED EQUIVALENT TO US BS EQUIVALENT IN INSURANCE"
316635,"030","producer","Apple Inc.","BUSINESS ADMINISTRATION"
316661,"160","analyst","Deutsche Bank Securities Inc.","FINANCIAL ENGINEERING"
316799,"160","staff accountant","Chen & Fan Accountancy Corporation","ACCOUNTING"
317089,"030","application developer","IBM Corporation","MASTER OF APPLIED COMPUTER SCIENCE"
317592,"030","statistician","Midland Credit Management, Inc.","STATISTICAL SCIENCE"
317607,"030","associate embedded firmware engineer","LEA, LLC","ELECTRICAL AND COMPUTER ENGINEERING"
317839,"030","data engineer","ALDATATECH LLC","MASTER OF ENGINEERING ENGINEERING MANAGEMENT"
317854,"039","design engineer","Actalent Services, LLC","AUTOMATION AND ROBOTICS"
318012,"039","cloud engineer","Logan Data Inc","COMPUTER APPLICATIONS"
318013,"020","principal biostatistician","Nektar Therapeutics","BIOSTATISTICS"
318105,"030","quantitative researcher","CITADEL SECURITIES AMERICAS SERVICES LLC","PHYSICS MATHEMATICS"
318564,"030","product manager","FedML, Inc.","INFORMATION TECHNOLOGY IT MANAGEMENT"
318665,"030","software development engineer iii","Amazon Development Center U.S., Inc.","COMPUTER ENGINEERING"
318986,"050","senior associate market research","JPMorgan Chase & Co.","INTEGRATED MARKETING"
319037,"030","software engineer","Uber Technologies, Inc.","ELECTRICAL AND COMPUTER ENGINEERING"
319114,"030","appllied research scientist","Meta Platforms, Inc.","COMPUTER VISION BACHELORS DEGREE IN COMPUTER ENGINEERING"
319329,"030","lead ii software engineering","UST GLOBAL INC","COMPUTER APPLICATIONS"
319377,"001","project mgr architect","DLR Group, Inc.","ARCHITECTURE"
319381,"020","assistant vp","DB USA Core Corporation","DATA ANALYTICS / PUBLIC ADMINISTRATION"
319669,"160","accounting specialist","Pacific Coast Appliance Repair LLC","BANKING"
319677,"030","i20023250327897","Spotify USA, Inc.","COMP SCI"
320401,"030","computer vision engineer software developer","Apple Inc.","ROBOTICS"
320460,"019","environmental engineer","Good Earthkeeping Organization, Inc.","CIVIL AND ENVIRONMENTAL ENGINEERING"
320474,"153","programs specialist","Hammond Area Recreation District 1","KINESIOLOGY"
321082,"030","software engineer ii","Lucid Software, Inc.","COMPUTER ENGINEERING"
321124,"160","associate","Horiko Capital Management LLC","LAW"
321652,"169","project controls consultant","Turner & Townsend, Inc.","CIVIL ENGINEERING"
321713,"020","auditor","State Street Bank and Trust Company","BUSINESS ANALYTICS"
322031,"030","human interface designer","Apple Inc.","INTERACTION DESIGN"
322056,"030","cognos developer","TSG Consulting, LLC.","INFO TECH/MGT"
322100,"059","research analyst","The Hanover Research Council, LLC","BUSINESS RESEARCH"
322104,"030","software develpment engineer","Apple Inc.","ELECTRICAL AND COMPUTER ENGINEERING"
322243,"030","software developer application","Apple Inc.","COMPUTER SCIENCE"
322277,"030","data engineer i","Amazon.com Services LLC","INFORMATION SYSTEMS"
322407,"030","software development engineer i","Amazon.com Services LLC","COMPUTER SCIENCE"
322843,"005","civil engineer","Ardent Company LLC.","CIVIL ENGINEERING"
322880,"022","scientist i synthetic chemistry","Element Biosciences, Inc.","CHEMISTRY"
322915,"020","associate product manager program manager","Uber Technologies, Inc.","COMPUTER AND INFORMATION SCIENCE"
322942,"030","software engineer","Flexcar LLC","COMPUTER ENGINEERING"
323121,"012","process engineer","Intel Corporation","CHEMICAL ENGINEERING"
323191,"030","senior data engineer","Searce Inc.","INFORMATION OF TECHNOLOGY ELECTRONICS AND COMMUNICATION ENGINEERING"
323284,"030","software engineer","Qualcomm Technologies, Inc.","ELECTRICAL COMPUTER ENGINEERING"
323544,"050","analyst","BDT Capital Partners, LLC","ECONOMICS"
323701,"199","associate management consultant","McKinsey & Company, Inc. United States","BUSINESS ADMINISTRATION"
324095,"039","data scientist i","Amazon.com Services LLC","DATA SCIENCE"
324109,"161","business development manager","Pacific Coast Appliance Repair LLC","BANKING"
324344,"030","physical design engineer electrical engineer","Apple Inc.","ELECTRICAL & COMPUTER ENGINEERING"
324520,"119","law clerk","Rai Law Inc.","LAW"
324902,"030","machine learning engineer software developers","Apple Inc.","ELECTRICAL AND COMPUTER ENGINEERING"
325071,"022","senior chemist","Henkel Corporation","CHEMISTRY"
325101,"030","application security analyst","Pacific Western Bank","INFORMATION SYSTEMS"
325239,"030","software development engineer iii","Amazon.com Services LLC","COMPUTER ENGINEERING"
325307,"040","product manager ubigro","UbiQD, Inc.","AGRICULTURAL AND BIOLOGICAL ENGINEERING"
325330,"161","market research analyst","Bitmain Development Inc.","EDUCATIONAL/INSTRUCTIONAL TECH"
325537,"020","manager central operations","Uber Technologies, Inc.","INTELLIGENCE AND SECURITY STUDIES"
325559,"039","data scientist","The Northern Trust Company","BACHELOR OF SCIENCE IN INFORMATION TECHNOLOGY AND DATA ANALYTICS MASTER OF SCIENCE IN FINANCE"
325590,"030","online marketing director","Apple Inc.","DIGITAL MARKETING AND COMPUTER SCIENCE"
325723,"030","sr solution architect","Jade Global Inc.","COMPUTER ENGINEERING"
325786,"030","module test instrumentation and auto engineer","Apple Inc.","MECH ENGRG"
325866,"030","research scientist","ByteDance Inc.","CHEMISTRY"
325994,"039","data analyst","Block Inc.","BUSINESS ANALYTICS"
326409,"030","software development engineer systems electronics engi","Apple Inc.","ELECTRICAL ENGINEERING AND COMPUTER ENGINEERING"
326530,"030","solutions architect iii","Amazon Web Services, Inc.","ELECTRONIC ENGINEERING"
326960,"030","alp operations manager","Chewy, Inc.","BUSINESS SUPPLY CHAIN MANAGEMENT"
327186,"030","cloud developer","TechZon, Inc.","ECE PER EXPERT EVALUATION EQUIVALENT TO US BACHELORS IN COMPUTER INFORMATION SYSTEMS"
327314,"030","sharepoint consultant","kodisoftllc","COMPUTER SCIENCE"
327349,"160","senior accountant","Uber Technologies, Inc.","MANAGEMENT AND ACCOUNTING"
327573,"030","software development engineer software developers","Apple Inc.","SOFTWARE ENGINEERING"
327705,"030","oracle developer","ALLEN LUND COMPANY LLC","BACHELOR OF ENGINEERING"
327804,"030","database developer","Resolvit Resources LLC","COMPUTER SCIENCE"
327839,"030","software development engineer i","Amazon.com Services LLC","COMPUTER SCIENCE"
328147,"030","software development engineer i","AUDIBLE, INC.","COMPUTER SCIENCE"
328276,"001","architectural designer","Gelfand Partners Architects","ARCHITECTURE"
328341,"030","data scientist","Apple Inc.","CIVIL ENGINEERING"
328390,"160","budget analyst","CRC Oncology Corp.","FINANCE"
328482,"195","mental health counselor","Christina Thaier Consulting LLC","COUNSELING"
328633,"030","programmer analyst","RiseIT Solutions, Inc.","ELECTRICAL ELECTRONICS ENGINEERING EDUCATION EVALUATED AS EQUIVALENT TO A US BS WITH HONORS DEGREE IN ELECTRICAL AND COMPUTER ENGINEERING"
329511,"030","software developer","Siaraa Technologies, Inc.","COMPUTER APPLICATIONS AND MATHEMATICS"
329532,"030","software development engineer test 3 software quality assura","Apple Inc.","COMPUTER SCIENCE"
329900,"030","software engineer","The MathWorks, Inc.","COMPUTER SCIENCE ENGINEERING"
329943,"059","media specialist","Admerasia Inc.","NEW MEDIA AND COMMERCE MARKETING"
330255,"003","engineer ii electrical","System One Holdings, LLC","ELECTRICAL ENGINEERING"
330355,"030","software development engineer i","Amazon Development Center U.S., Inc.","COMPUTER OF SCIENCE"
330577,"030","software development engineer ii","Amazon Web Services, Inc.","COMPUTER SCIENCE"
330690,"007","mechanical engineer","Eli Lilly and Company","MECHANICAL ENGINEERING"
330851,"030","machine learning engineer","Thoughtstream Enterprises LLC","MUSIC TECH"
330901,"110","associate","Nelson Mullins Riley & Scarborough LLP","JURIS DOCTOR"
331006,"030","product designer","Meta Platforms, Inc.","INTERACTIVE DESIGN"
331236,"019","project engineer","Applied Water Management, Inc.","ENVIRONMENTAL ENGINEERING"
331263,"030","software engineer","Niftek Inc","COMPUTER SCIENCE & TECHNOLOGY"
331398,"030","sr outbound product mgr","ServiceNow, Inc.","BUSINESS ADMINISTRATION"
331412,"030","associate","KPMG LLP","TECHNOLOGY MANAGEMENT"
331554,"007","battery electrochemical modeling engineer mechanical enginee","Apple Inc.","MECHANICAL ENGINEERING"
331607,"160","controller","ARK CARDIOVASCULAR & ARRHYTHMIA CENTER, PLC","BUSINESS ADMINISTRATION"
331983,"030","software engineer","Google LLC","COMPUTER SCIENCE"
332156,"039","integration engineer 2","PayPal, Inc.","SOFTWARE ENGINEERING"
332497,"030","sensor system architect","Apple Inc.","ENGINEERING PHYSICS"
332598,"003","senior r d engineer","Contour Crafting Corporation","MANUFACTURING ENGINEERING"
332840,"030","data engineer","LendingClub Bank National Association","COMPUTER SCIENCE"
333191,"019","mems design evaluation engineer","Analog Devices, Inc","MECHANICAL ENGINEERING"
333322,"030","power bi developer","Alpine Data Solutions, LLC","INFORMATION SYSTEMS"
333440,"030","marketing specialist","Apple Inc.","Business Administration"
333478,"186","avp jr underwriter tmt","Bank of Hope","ENGINEERING MANAGEMENT"
333867,"030","dft engineer","Apple Inc.","ELECTRICAL AND COMPUTER ENGINEERING"
333996,"030","software","SUN CLOUD LLC","COMPUTER SCIENCE"
334006,"030","business analyst 2","Capgemini America, Inc.","MANAGEMENT INFORMATION SYSTEMS"
334084,"030","fe engineer electronics engineer","Apple Inc.","COMPUTER ENGINEERING"
334267,"041","clinical research associate i","CTI Clinical Trial Services, Inc.","NEUROBIOLOGY"
334296,"030","software development engineer","Apple Inc.","COMP ENGRG"
334386,"160","analyst","Goldman Sachs & Co LLC","MATHEMATICS"
334500,"999","personal financial advisor","ROI Financial Advisors, LLC","FINANACE"
334742,"007","robotics engineer","Genista Biosciences Inc.","MECHANICAL ENGINEERING"
334861,"030","computer systems analyst","Promantus Inc.","BUSINESS ADMINISTRATION"
335002,"199","vice president senior credit officer","MOODY'S INVESTORS SERVICE, INC.","BUSINESS ADMINISTRATION"
335757,"030","software developer","PRAVASTECH INC","ELECTRICAL & ELECTRONICS ENGINEERING"
335864,"099","instructional coordinator for cirriculum development","PHIL ART STUDIO & SCI TOEFL INC","FINE ART METALS JEWELRY"
335939,"030","technology lead us","Infosys Limited","INFORMATION TECHNOLOGY"
336183,"007","global technical specialist team manager heat gas systems","Alfa Laval Inc.","MECHANICAL ENGINEERING AND BUSINESS ADMINISTRATION"
336288,"033","delivery manager l1","Wipro Limited","ELECTRONICS ENGINEERING"
336301,"076","physical therapist","APT Holdings LLC","PHYSICAL THERAPY"
336841,"030","software development engineer systems electronics engineer","Apple Inc.","ELECTRONIC ENGINEERING"
337237,"012","sr hardware engineer manufacturing diagnostics","Lucid USA, Inc.","MECHATRONIC ENGINEERING"
337422,"030","software engineer","TECHSHAPERS INC","COMPUTER SCIENCE"
337492,"030","sr software engineer ii infrastructure security staff swe","Uber Technologies, Inc.","COMPUTER ENGINEERING"
337639,"030","data scientist 1","Rock Central LLC","DATA ANALYTICS ENGINEERING"
337643,"160","associate","CENTERBRIDGE PARTNERS, L.P.","ECONOMICS"
337807,"030","wireless systems engineer electrical engineers","Apple Inc.","ELECTRICAL AND COMPUTER ENGINEERING"
337911,"019","engineer 1 process tl","Semiconductor Components Industries, LLC","CHEMICAL ENGINEERING"
338105,"030","product safety engineer mechanical engineer","Apple Inc.","MECHATRONIC ENGINEERING"
338311,"039","applied researcher 1","eBay Inc.","COMPUTER SCIENCE"
338432,"184","aircraft maintenance crew chief","Corporate Flight Management, Inc","AERONAUTICS AVIATION AEROSPACE SCIENCE AND TECHNOLOGY"
338627,"030","software developer applications","Riteclik Corporation","ELECTRONICS AND COMMUNICATIONS ENGINEERING"
338740,"160","financial analyst","Horizon Insights Inc","FINANCIAL ANALYSIS"
338874,"039","senior information security consultant","Enterprise Risk Management Inc","INFORMATION TECHNOLOGY INFORMATION SECURITY OR OTHER SUITABLE DEGREE"
338891,"039","software engineer","Spotnana Technology, Inc.","COMP SCI"
339615,"030","software development engineer i","Amazon.com Services LLC","COMPUTER SCIENCE"
339898,"039","analyst business intelligence","Honda Aircraft Company, LLC","INFORMATION TECHNOLOGY AND SYSTEMS"
340178,"012","operations supervisor","Atacama 100, LLC","INDUSTRIAL ENGINEERING"
340296,"030","project mgr","Brillio, LLC","BACHELOR OF ENGINEERING IN ELECTRICAL & ELECTRONICS ENGINEERING"
340339,"059","adult services area director","Seven Hills Rhode Island, Inc.","NONPROFIT MANAGEMENT"
340395,"059","research coordinator and data analyst","First Place AZ","PUBLIC ADMINISTRATION"
340499,"030","machine learning engineer software developers","Apple Inc.","ROBOTICS"
340623,"030","packaged app development associate manager","Accenture LLP","COMPUTER SCIENCE"
340834,"030","software developer i","Blue5Green, LLC.","MECHANICAL ENGINEERING"
340937,"001","landscape designer","SWA Group","LANDSCAPE ARCHITECTURE"
341186,"030","software engineer","Spring 11 LLC","INFORMATION TECHNOLOGY MANAGEMENT"
341290,"030","accountant and auditors","Brandon Consulting Associates, Inc.","FINANCIAL RISK MANAGEMENT"
341364,"079","veterinarian","HJA CORPORATION","DOCTOR OF VETERINARY MEDICINE"
341568,"039","software engineer","Microsoft Corporation","COMPUTER SCIENCE"
341902,"003","computer hardware engineer","Nano Dimension USA Inc.","MECHATRONIC ENGINEERING"
341919,"030","associate consultant us","Infosys Limited","ELECTRONICS AND COMMUNICATION ENGINEERING"
341922,"001","architectural design project manager","North Crane Capital","ARCHITECTURE"
342176,"030","software developer","Infoville Inc","COMPUTER SCIENCE"
342438,"030","software quality assurance analyst","CGI Technologies and Solutions Inc.","ELECTRONICS AND COMMUNICATION ENGINEERING"
342592,"041","scientist","Sana Biotechnology, Inc.","BIOLOGICAL SCIENCES"
342648,"161","o m financial planning analyst","Bitmain Development Inc.","ECONOMETRICS AND QUANTITATIVE ECONOMICS"
342758,"049","senior director of research and development","TEVA BRANDED PHARMACEUTICAL PRODUCTS R&D, INC.","BIOLOGY"
343362,"030","software engineer","Formlabs, Inc.","SYSTEMS  ENGINEERING"
343527,"030","software developer","Siaraa Technologies, Inc.","INFORMATION TECHNOLOGY"
344175,"030","software engineer developer","Fidelity Technology Group, LLC","COMP SCI"
344428,"030","hcm consultant","Novalink Solutions, LLC","BUSINESS ADMINISTRATION"
344615,"030","technical writer instructional designer product manager","SIRITECHSOLUTIONS CORP","BACHELOR OF SCIENCE"
344740,"030","program manager ii","Amazon.com Services LLC","BUSINESS ADMINISTRATION"
344952,"020","quantitative analytics specialist","Wells Fargo Bank, N.A.","BIOENGINEERING"
345209,"030","software developers","LTIMINDTREE LIMITED","BACHELOR OF TECHNOLOGY IN PETROLEUM ENGINEERING"
345235,"076","occupational therapist","San Mateo Healthcare & Wellness Centre, LP","OCCUPATIONAL THERAPY"
345299,"030","business development analyst","Intralox, LLC","ENERGY ENGINEERING BUSINESS ADMINISTRATION"
345372,"019","structural designer","Reuther Bowen, P.C.","CIVIL ENGINEERING"
345492,"030","data scientist computer and information research scientist","Apple Inc.","OPERATIONS RESEARCH & INDUSTRIAL ENGINEERING"
345522,"039","business operation specialist","DSM-H LLC","DATA SCIENCE"
345564,"031","software development engineer test","ITSUTRA Inc.","BACHELOR OF SCIENCE COMPUTER INFORMATION SYSTEMS"
346054,"012","process engineer","Intel Corporation","CHEMICAL ENGINEERING"
346091,"030","software engineer senior","Akamai Technologies, Inc.","CONTROL SCIENCE AND ENGINEERING"
347024,"019","security analyst logistics engineer","Apple Inc.","ELECTRONIC ENGINEERING BUSINESS ADMINISTRATION"
347118,"199","landscape architect and urban designer","CHPlanning, Ltd","LANDSCAPE ARCHITECTURE & REGIONAL PLANNING"
347206,"030","java developer","Lorvish Technologies Inc","COMPUTER SCIENCE & ENGINEERING"
347336,"","commercial designer","JENNIFER ACCESSORIES, INC.","BACHELOR IN FINE ART"
347351,"030","content production","Apple Inc.","PROJECT MANAGEMENT"
347383,"030","technology analyst us","Infosys Limited","ELECTRICAL AND ELECTRONICS ENGINEERING"
347425,"050","digital marketing specialist","AZURION GROUP INC","MARKETING ANALYTICS"
347530,"030","data engineer","Eigen X, LLC","INFORMATION SYSTEMS"
347673,"003","battery algorithm engineer electrical engineer","Apple Inc.","ELECTRICAL ENGINEERING"
347726,"039","project manager","Tech Mahindra Americas Inc.","HOSPITAL MGT"
347812,"030","software developer","New York Technology Partners, Inc.","COMPUTER SCIENCE"
347865,"020","senior financial data analyst","The Hertz Corporation","BUSINESS ADMINISTRATION"
348215,"030","systems design engineer electronics engineer","Apple Inc.","TELECOMMUNICATIONS"
348254,"030","software engineer i","Uber Technologies, Inc.","DATA SCIENCE"
348572,"141","designer","Acorns Grow Incorporated","PROJECT MANAGEMENT"
348603,"005","senior project engineer","City of Lawrence, Kansas","CIVIL ENGINEERING"
348640,"030","software engineer","Quest Global Services-NA, Inc.","MASTER OF SCIENCE IN COMPUTER SCIENCE"
348728,"030","workday consultant","IBM Corporation","BACHELOR OF SCIENCE IN COMPUTER SCIENCE"
349003,"039","senior engineer firmware verification engineering","WESTERN DIGITAL TECHNOLOGIES, INC.","COMPUTER SCIENCE"
349161,"160","analyst","Deutsche Bank Securities Inc.","FINANCE CHEMICAL ENGINEERING"
349358,"110","law clerk","Christiansen Law, PLLC","MASTER OF LAW LLM"
349577,"030","machine learning engineer software developer","Apple Inc.","PHYSICS"
349769,"030","devops engineer","Relay Network, LLC","SOFTWARE ENGINEERING"
349963,"030","hardware development engineer","Apple Inc.","MATERIALS SCIENCE AND ENGINEERING"
350238,"030","software engineer","Meta Platforms, Inc.","ELECTRICAL ENGINEERING AND COMPUTER SCIENCE"
350285,"033","level iii support analysis","Anaplan, Inc.","BUSINESS ANALYTICS"
350354,"030","design verification engineer electronics engineer","Apple Inc.","COMPUTER ENGINEERING"
350464,"030","asic design engineer electrical engineer","Apple Inc.","ELECTRICAL ENGINEERING AND COMPUTER SCIENCES"
350633,"030","computer systems analyst 2","Accenture LLP","ELECTRONICS ENGINEERING"
350727,"141","creative technologist software development engineer","Apple Inc.","DESIGN AND TECHNOLOGY"
350807,"030","manufacturing quality engineer industrial engineer","Apple Inc.","MECHANICAL ENGINEERING"
350958,"030","tools and automation engineer software quality assurance ana","Apple Inc.","SOFTWARE ENGINEERING"
351461,"041","consultant strategic advisory","TRINITY PARTNERS, LLC","BIOTECHNOLOGY"
351521,"003","materials engineer","Apple Inc.","MATERIALS SCIENCE AND ENGINEERING"
352064,"033","performance test engineer","SCIGON Solutions, Inc.","COMPUTER SCIENCE & ENGINEERING"
352155,"030","supply demand planner","Apple Inc.","BUSINESS ADMINSTRATION WITH A CONCENTRATION IN GLOBAL SUPPLY CHAIN MANAGEMENT"
352157,"039","technical lead","EVIDEN USA, INC.","MASTER OF COMPUTER APPLICATION"
352202,"007","mechanical engineer","PM Group Inc","MECHANICAL ENGINEERING"
352469,"030","technical analyst","Inrika Inc","INFORMATION TECHNOLOGY AND MANAGMENT"
353115,"030","software engineer","Peramal Services LLC","Computer Information Systems"
353496,"030","software developer","MENZO TECHNOLOGIES CORP","COMPUTER SCIENCE"
353631,"030","software engineer","EPITOMSOFT LLC","MASTER OF SCIENCE"
354100,"030","software test engineer","Sawtest Solution Inc.","BUSINESS ANALYTICS"
354374,"030","software engineer","EPITOMSOFT LLC","BACHELOR OF SCIENCE"
354583,"007","senior materials engineer","Boston Materials, Inc.","MECHANICAL ENGINEERING"
354610,"030","software java developer","Samurai Infotech LLC","COMPUTER SCIENCE"
354681,"030","automation test engineer","Peafowl Inc","INFORMATION TECHNOLOGY"
354897,"030","sr data scientist","BLST Operating Company, LLC","DATA SCIENCE"
355303,"169","project management specialists","KYOTO SPOT JAPANESE CUISINE INC","PROJECT MANAGEMENT"
355311,"014","interior designer","WBS Capital Inc","DESIGN"
355643,"030","senior systems analyst","Cognizant Technology Solutions US Corp","COMPUTER ENGINEERING"
355992,"015","software developer","USATech Consulting LLC","BACHELOR OF SCIENCE"
356020,"030","splunk engineer","INFOSPRINTS LLC","COMPUTER SCIENCE AND ENGINEERING"
356022,"030","software developer","JLAN USA Technologies","TECHNOLOGY"
356175,"020","analyst product","Giant Eagle, Inc.","ENIGINEERING MANAGEMENT"
356186,"030","software engineer","EPITOMSOFT LLC","BACHELOR OF SCIENCE"
356801,"030","senior sap data analytics engineer","HBR Analytics & BI Solutions LLC","MASTER OF SCIENCE IN APPLIED COMPUTER SCIENCE"
356902,"030","software developer","Terbium Technologies INC","COMPUTER SCIENCE & ENGINEERING"
356953,"030","computer system architect","UP2DATE TECHNOLOGY SOLUTIONS LLC","INFORMATION TECHNOLOGY"
357429,"030","bi developer","Key Business Solutions Inc","EQUIVALENCY TO US BACHELORS DEGREE IN INFORMATION TECHNOLOGY"
358367,"030","senior systens engineer","DigiCloud LLC","COMPUTER SCIENCE & ENGINEERING"
358418,"050","software developer","Lead IT Corporation","COMPUTER SCIENCE"
358739,"030","software developer","GAR Technologies Inc","PHARMACY"
359127,"030","net developer","Nantez Inc","COMPUTER SCIENCE"
359294,"030","sr software engineer","Micasa Global","BACHELOR'S DEGREE IN BUSINESS ADMINISTRATION"
359486,"039","software developer qa cloud engineer","ClientServer Technology Solutions LLC","COMP SCI"
359637,"030","java full stack developer","MultiEdge, Inc","BACHELOR OF SCIENCE"
359690,"030","software engineer","Happy Companies, Inc.","COMPUTER SCIENCE AND ENGINEERING"
359702,"030","data analyst","Fierce Solution LLC","INFORMATION SYSTEMS"
359784,"030","software developer","GALAXY IT LLC","BUSINESS ADMINISTRATION"
360027,"015","senior network engineer","Sky Systems, Inc.","COMPUTER APPLICATIONS"
360047,"030","solutions architect","V3Tech Solutions Inc.","INFORMATION SYSTEMS ENGINEERING AND MANAGEMENT"
360189,"030","programmer analyst","Babatek Inc","TECHNOLOGY"
360742,"030","it infrastructure architect","Cloudberyl LLC","COMPUTER SCIENCE AND ENGINEERING"
360812,"039","software test engineer","IT RYSOURCES INC","INFORMATION TECHNOLOGY"
360819,"030","project engineer","VSquare IT, Inc","INDUSTRIAL ENGINEERING"
361013,"007","mechanical engineers","infonero inc","MANUFACTURING MANAGEMEN/ ENGINEERING"
361117,"030","rpa developer","Cloud Revolute Inc","BACHELORS OF COMPUTER SCIENCE ENGINEERING"
361586,"030","software developer","Code Tech Inc","ELECTRICAL ELECTRONICS ENGINEERING"
361690,"030","software engineer","PISTOS IT SERVICES LLC","BACHELOR OF ENGINEERING"
363348,"030","software developer","PBITS INC","PHARMACY"
363539,"030","programmer analyst","TEK GIGZ LLC","COMPUTER SCIENCE AND INFORMATION TECHNOLOGY"
364028,"030","reports developer","Information Unlimited Inc","COMPUTER SCIENCE"
364182,"030","ui developer","V-Soft Consulting Group, Inc.","INFORMATION TECHNOLOGY"
364817,"030","sr software engineer qa","TESTGRID LABS INC","COMPUTER SCIENCE & ENGINEERING"
365597,"030","software developer","TechnoSai Global Solutions LLC","BACHELOR OF TECHNOLOGY IN ELECTRICAL ELECTRONICS ENGINEERING"
366517,"030","software developer","Zeus Systems Inc","MASTERS OF ELECTRICAL AND COMPUTER ENGINEERING"
366593,"030","data engineer","I Net Software Technologies Inc","COMPUTER INFORMATION SYSTEMS"
366604,"003","silicon validation engineer electronics engineer","Apple Inc.","ELECTRICAL ENGINEERING"
366731,"030","net developer","Noblesoft Technologies Inc","COMPUTER APPLICATIONS"
366751,"030","middleware sme","LDM TECHNOLOGIES LLC","ELECTRICAL AND ELECTRONICS ENGINEERING"
366963,"030","software developer","SIRITECHSOLUTIONS CORP","BACHELOR OF SCIENCE"
366973,"030","database architect","Technitia Inc","INFORMATION SYSTEMS SECURITY"
367142,"030","software developer","Cloud Technosoft LLC","BACHELOR OF TECHNOLOGY DEGREE IN COMPUTER SCIENCE & ENGINEERING"
367442,"030","computer systems analysts","KIAN CORPORATION","COMPUTER SCIENCE AND ENGINEERING"
367641,"182","project control specialist","TERA CLOUDX INC","ARCHITECTURE ENGINEERING - CONSTRUCTION MANAGEMENT"
367708,"050","marketing specialist","Roselover Trading Inc","ECONOMICS"
367868,"030","software engineer","JLAN USA Technologies","ENGINEERING"
367968,"030","software engineer","upcodeit llc","SCIENCE"
368114,"030","software engineer","Nutech Systems Inc","COMPUTER APPLICATIONS"
368216,"005","project engineer","Crossword Staffing Solutions LLC","CIVIL ENGINEERING"
368337,"030","software developer","Siaraa Technologies, Inc.","ENGINEERING AND COMPUTER INFORMATION SYSTEMS"
368663,"033","business analyst","Maxil Technology Solutions Inc","MASTER OF SCIENCE AGRICULTURE IN AGRONOMY"
368856,"030","software engineer","Signitives Technologies LLC","BACHELOR OF SCIENCE"
368933,"030","programmer analyst","Vervenest Technologies Inc","COMPUTER SCIENCE"
369140,"039","software engineer","PRIMETECH SOFTWARE SERVICE LLC","MASTER OF BUSINESS ADMINISTRATION"
369188,"030","software engineer","InCom Technologies Inc","COMPUTER SCIENCE ENGINEERING"
369393,"030","java developer","SATCON INC","COMPUTER SCIENCE"
369779,"039","technical wrtiter","Kennedy International Software, Inc.","COMPUTER SCIENCE AND ENGINEERING"
370169,"030","software engineer","Destin IT Solutions INC","COMPUTER SCIENCE"
370208,"030","test engineer","OMA4 LLC","COMPUTER SCIENCE & ENGINEERING"
370232,"030","software developer","Ameya Global Inc","COMPUTER APPLICATIONS"
370303,"030","technical analyst 2","Tek Ninjas Solutions, LLC.","ELECTRONICS AND COMMUNICATION ENGINEERING"
370637,"030","database administrator","Fatpipe Technologies, Inc.","INFORMATION TECHNOLOGY"
371087,"030","software developer","Blooming Tech Inc","BUSINESS ADMINISTRATION"
371088,"169","licensing product development coordinator","Culturefly LLC","BUSINESS OF FASHION"
371187,"039","software developer","harika immadi","COMPUTER INFORMATION SYSTEMS"
371233,"030","software developer","Immense Brains LLC","COMPUTER SCIENCE"
371385,"039","data engineer","VOLECE IT GROUP LLC","DATA ANALYTICS ENGINEERING"
371535,"030","software engineer","Zenfair Solutions Inc","COMPUTER SCIENCE"
371820,"030","software engineer","PamTen, Inc.","COMPUTER SCIENCE AND ENGINEERING"
372067,"030","softwarequality assurance analysts and testers","Zentech Consulting Inc","MASTER S DEGREE IN INFORMATION TECHNOLOGY"
372254,"030","software developer","V-Soft Solutions Inc","COMPUTER SCIENCE"
372565,"030","programmer analyst","STENORA CORP INC","CIVIL ENGINEERING"
373040,"184","communication director","Ovations Global Network Inc","COMMUNICATIONS"
373294,"030","software quality assurance analyst","VistalTech Inc","MASTERS IN INFORMATION SYSTEMS"
373324,"030","software developer","Vityou Inc","MECHANICAL ENGINEERING"
373356,"030","market research analyst","VJ Technosoft Inc","COMPUTER INFORMATION SYSTEMS, INFORMATION TECHNOLOGY"
373523,"030","software developer","Enternet Business Systems, Inc","COMPUTER SCIENCE AND ENGINEERING"
373657,"030","computer systems engineer","OBJECTS ON NET, INC","COMPUTER SCIENCE AND ENGINEERING"
373939,"030","system analyst","MICROTEK SYSTEMS INC","SCIENCE"
374528,"072","general dentist","Familia Dental Moline LLC","MASTER OF SCIENCE IN RESTORATIVE DENTISTRY AND BACHELOR OF DENTAL SURGERY"
374727,"030","consultant pro svcs","Saviynt, Inc.","INFO TECH MGMT"
