"applicant_id","DOT_category","job_norm","registration_employer_name","petition_beneficiary_field"
22,"030","","AMG TECHNOLOGY LLC","INFOS SYSS"
185,"030","java developer","Lex Nimble Solutions Inc.","COMPUTER SCIENCE AND ENGINEERI"
218,"005","","Anvil Builders Inc.","CIVIL ENGRG"
300,"012","associate project consultant","Code Consultants, Inc.","FIRE PROTECTION ENGINEERING"
352,"030","","Tata Consultancy Services Limited","COMPUTER SCIENCE"
572,"039","","Microsoft Corporation","ELEC & ELEC ENGRG & BUS ADMIN"
902,"160","staff accountant","Chen & Fan Accountancy Corporation","ACCOUNTING"
1307,"119","law clerk","Tsyngauz & Associates, P.C.","MASTER OF LAWS"
1366,"030","eclinical project leader","Covance Inc.","INFORMATION TECHNOLOGY MANAGEM"
1526,"030","technology lead us","Infosys Limited","COMPUTER SCIENCE & ENGINEERING"
1587,"007","","PBS Engineers, Inc.","MECHANICAL ENGRG"
1670,"030","","IBM Corporation","BACHELOR OF SCI IN COMP SCI"
1802,"160","","Chen & Fan Accountancy Corporation","BUSINESS ADMINISTRATION"
1815,"030","technical test lead","Infosys Limited","COMP SCI & ENGRG"
1870,"040","","Monsanto Company","CROP SCIENCES"
1920,"030","","Infosys Limited","COMP SCI ENGRG"
2384,"160","","Unified Women's Healthcare","HEALTH SYSS MGT"
2526,"030","","Kforce, Inc","COMP SCI"
2562,"030","","Virtusa Corporation","COMP SCI"
2687,"166","","Persistent Systems Inc","BUSINESS ADMIN CONCENTRATION I"
2701,"160","assurance associate","PricewaterhouseCoopers LLP","MANAGEMENT INFORMATION SYSTEMS"
2789,"001","","Peter Walker and Partners Landscape Arch","LANDSCAPE ARCHITECTURE"
2819,"030","senior consultant","Deloitte Consulting LLP","COMPUTER ENGINEERING"
2828,"030","full stack software developer","AltSource, Inc.","COMPUTER SCIENCE"
2908,"030","","Kanap Systems LLC","INFO TECH & MA"
3114,"160","financial management analyst","Dallas  Fort Worth Technology, Inc.","FINANCE/BUSINESS ANALYTICS"
3314,"030","","Synechron, Inc.","BACHELOR OF SCIENCE IN COMPUTE"
3353,"030","","Larsen & Toubro Infotech Limited","INFO TECH"
3602,"039","","Amazon.com Services LLC","MATHEMATICS"
4018,"030","i20020059360563","Headstrong Services LLC","APPLIED COMPUTER SCIENCE"
4096,"003","","J-M Manufacturing Company, Inc.","ELECTRICAL ENGRG"
4237,"030","data engineer","Facebook, Inc.","DATA SCIENCE"
4281,"008","","Three Bond International, Inc.","CHEMICAL ENGRG"
4371,"199","","UBER TECHNOLOGIES, INC.","BUS ADMIN"
4424,"030","","Sterlingtech, Inc.","COMPUTER SCIENCE AND ENGRG"
4677,"005","","Stantec Consulting Services, Inc.","CIVIL ENGINEERING"
5030,"005","","T. Y. Lin International","CIVIL ENGINEERING"
5103,"186","","PolicyGenius, Inc.","BUS ADMIN"
5517,"020","","CBRE, Inc.","BUSINESS ANALYTICS AND PROJECT"
5806,"039","data analyst","AGA Service Company","BUSINESS ANALYLTICS"
6157,"039","","WeRide Corp.","COMP SCI"
6372,"039","","Cyient, Inc","COMP SCI & ENGRG"
6443,"","supply chain analyst","SoClean, Inc.","MASTER S OF SCIENCE IN INDUSTR"
6522,"030","","TAVANT TECHNOLOGIES, INC.","MSTR OF SCI INTEGRATED IN SOFT"
6632,"160","accountant","ENSON GROUP LLC","FINANCE"
6681,"020","","UBER TECHNOLOGIES, INC.","BUSINESS ADMINISTRATION"
6850,"003","","Anderson Instrument Company","INFORMATION SYSTEMS ENGINEERIN"
7006,"039","software developer applications","Ciber Global LLC","ELECTRONICS & COMMUNICATION EN"
7146,"050","","JD.com American Technologies Corporation","ECONOMICS"
7304,"199","","BBVA Securities, Inc.","BUS ADMIN"
7378,"039","product manager","Shape Security, Inc.","COMPUTER SCIENCE"
7416,"039","","Agari Data, Inc.","ELECTRICAL ENGRG & COMP SCI"
7502,"030","","Savi Technologies, Inc.","COMP SCI"
7545,"039","","Misa Imports, Inc.","MASTERS IN MANAGEMENT"
7889,"182","assistant superintendant","ATANE Engineers, Architects and Land Surveyors, D.P.C.","CIVIL ENGINEERING"
8069,"030","","PYCUBE INC","MSTR OF SCI IN INFO TECH MGT"
8078,"030","","Qualcomm Technologies, Inc.","ELECTRICAL & COMPUTER ENGRG"
8134,"030","business analyst","ConsultAdd Inc.","BACHELOR OF ENGINEERING ELECTR"
8168,"030","","Infosys Limited","COMPUTER SCIENCE"
8186,"161","","NIKE, Inc.","STATISTICS"
8328,"163","regional sales manager","SCHNEIDER ELECTRIC IT CORPORATION","ELECTRONICS ENGINEERING"
8444,"","global portfolio leader","Cargill Incorporated","BUSINESS ADMINISTRATION"
8563,"003","signaling commissioning engineer","Hitachi Rail STS USA, Inc.","ELECTRICAL ENGINEERING"
8834,"030","system and network administrator","Fierce Solution, LLC.","ELECTRICAL ENGINEERING"
9084,"030","","TekBasic, LLC","INFO SYSS TECHS-INFO ASSURANCE"
9169,"030","sr software engr technical support","MarkLogic Corporation","APPLIED COMPUTER SCIENCE"
9287,"199","associate business development man","Bertelsmann, Inc.","BUSINESS ADMINISTRATION"
9319,"030","","Medical Mutual of Ohio","INFORMATION TECHNOLOGY"
9673,"030","","Tencent America LLC","ELEC & COMP ENGRG"
9841,"186","market liquidity and capital risk","Regions Bank","MBA FINANCIAL ANALYSIS AND MOD"
9849,"039","product manager","Adobe Inc.","ENGINEERING MANAGEMENT BUSINES"
9974,"072","","Merit Dental of OH Bejarano and Grabeman","DOCTOR OF DENTAL SURGERY"
10422,"030","","Wipro Limited","COMP SCI & ENGRG"
10598,"020","","DeltaMed Solutions, Inc.","BIOSTATISTICS"
10671,"039","","Hitachi Vantara LLC","APPLIED COMPUTER SCIENCE"
10740,"030","","Mindtree Limited","BACHELOR OF SCI IN COMP SCI"
10799,"030","","State Auto Property & Casualty Insurance Company","COMPUTER SCIENCE"
10887,"030","","ZettaPrime Inc","MSTR OF MECH ENGRG"
11031,"031","machine learning engineer","SuperMediaFuture Corp.","ROBOTICS"
11075,"110","","Bryan Cave Leighton Paisner LLP","LAW"
11168,"030","architect","Tata Consultancy Services Limited","COMPUTER INFORMATION SYSTEMS"
11232,"030","","UNIGO, INC","COMPUTER SCIENCE"
11457,"007","staff engineer","Becton, Dickinson and Company","MECHANICAL ENGINEERING"
11534,"001","architectural designer","Aedis Inc.","ARCHITECTURE"
11733,"030","","Indus Group Inc.","MASTER OF BUSINESS ADMIN"
11998,"030","","Bahwan CyberTek Inc.","CHARTERD ACCOUNTANCY"
12457,"039","","JD Finance America Corporation","COMPUTER SCIENCE"
12567,"039","","Ciber Global LLC","SCIENCE"
12670,"030","","Google LLC","COMPUTER SCIENCE"
12862,"039","","Ciber Global LLC","INFO TECH"
12975,"030","","Tech Mahindra Americas Inc","COMPUTER SCIENCE"
13043,"030","","Blue Nile, Inc.","INFORMATION SYSTEMS"
13207,"030","","Mastercard International Incorporated","BUS ADMIN & MGT"
13384,"169","manager","Deloitte Consulting LLP","ELECTRONIC ENGINEERING"
13609,"039","","JD.com American Technologies Corporation","COMPUTER SCIENCE"
13649,"030","","Goldman Sachs Bank USA","INFORMATION MANAGEMENT"
13688,"119","","Sabanero New York Distribution Corp.","LAW"
13911,"001","architectural designer","KYU SUNG WOO ARCHITECT INC","ARCHITECTURAL"
13943,"020","data analyst","RELX, Inc.","STATISTICS"
14568,"160","","Cornelius CPAs, LLC","MSTR OF SCI IN BUS ANALYTICS"
14868,"030","","Mphasis Corporation","COMP INFO SYSS"
14913,"199","","Klaviyo, Inc.","ENGRG MGT"
14916,"001","designer","AU Workshop","DESIGN"
15529,"020","trader","MPG Operations LLC","MATHEMATICS AND PHYSICS"
15599,"110","","BRYANT RABBINO LLP","LAW"
15650,"039","","Ciber Global LLC","COMP SCI"
15911,"030","qa automation test lead","IBM Corporation","BACHELOR OF SCIENCE IN COMPUTE"
16004,"030","researcher","Wormpex AI Research, LLC","ELECTRICAL & COMP ENGRG"
16007,"030","","HCL America Inc","MECHANICAL ENGINEERING"
16205,"039","","Mintex Tech, Inc.","COMP SCI"
16333,"030","","Concepts Information Technology Inc","MSTR OF SCIENCE IN INFO SYSS S"
16438,"030","analyst testing","Tata Consultancy Services Limited","SOFTWARE ENGINEERING"
16914,"030","","Xoriant Corporation","COMPUTER ENGINEERING"
17518,"160","","KLICHS, LLP","MASTER OF SCI IN ACCOUNTING"
17565,"030","","Amazon.com Services LLC","MATHEMATICS & COMP SCIENCE"
17880,"029","","VERTIS GLOBAL INC","MSTRS IN SCI IN COMP INFO SYS"
18035,"022","","Krigen Pharmaceuticals LLC","PHARMACEUTICAL CHEMISTRY"
18087,"039","5g radio frequency engr","Mojo Solutions and Services MSS LLC","COMPUTER SCIENCE"
18370,"030","","Tech Mahindra Americas Inc","COMPUTER APPLICATIONS"
18574,"001","","SWA Group","LANDSCAPE ARCHITECTURE"
19296,"020","","Willdan Lighting and Electric, Inc.","STATISTICS"
19320,"039","","American Eagle Outfitters Inc.","COMPUTER SCIENCE"
19629,"030","member of technical staff","VMware, Inc.","COMPUTER SCIENCE"
19767,"030","developer","InterSystems Corporation","DOUBLE MAJOR COMPUTER SCIENCE"
19807,"030","","Apple, Inc.","NEUROSCIENCE"
19972,"030","","Oracle America, Inc.","COMPUTER SCIENCE"
19994,"001","architect 1","J. Bradley Architects, LLC","ARCHITECTURE"
20389,"030","systems analyst","JK Moving Services Inc.","COMPUTER SCIENCE"
20432,"030","systems analyst","Birlasoft Solutions, Inc.","INFORMATION TECHNOLOGY"
20587,"030","site reliability engineer","Google LLC","COMPUTER SCIENCE"
20677,"039","","Santander Bank, N.A.","MSTR OF BUS ADMIN BUS ANALYTIC"
20750,"030","sap hybris solutions architect","Mobolutions LLC","COMPUTER SCIENCE"
20802,"030","","SKY Technologies LLC","COMPUTER SCIENCE"
20842,"030","","OSS, Inc.","COMPUTER SCIENCE"
20854,"030","data operations analyst","COOSEMANS TAMPA, INC","COMPUTER SCIENCE"
20953,"032","software developer it analyst","AA TECH GROUP LLC","MANAGEMENT"
21187,"030","pro data scientist","AT&T SERVICES, INC.","BUSINESS ANALYTICS BACHELOR DE"
21306,"030","","LinkedIn Corporation","COMP ENGRG"
21379,"160","accountant","GrubMarket, Inc.","ACCOUNTANCY"
21381,"030","","Shutterfly, LLC","COMPUTER SCIENCE"
21786,"166","","SHIRO Technologies LLC","MBA-INFO SYSS"
21848,"033","","Cognizant Technology Solutions US Corp","ELEC ENGRG"
22036,"161","","YAS Homes NY Realty Inc","MSTR OF SCI IN INTEGRATED MARK"
22037,"030","software development engr in test","VST Consulting, Inc.","ENGINEERING"
22055,"030","","Pavane Solutions Inc","COMPUTER INFORMATION SCIENCES"
22158,"050","","Citibank, N.A.","BUS ADMIN"
22856,"030","","Personal Capital Corporation","COMPUTER SCIENCE"
23343,"030","","AMSOFT CORP","TELECOMMUNICATIONS SYSS MGT"
23411,"003","component design engineer","Intel Corporation","ELECTRICAL & COMPUTER ENGINEER"
23503,"003","","Danfoss, LLC","POWER ELECTRONICS AND DRIVES"
23509,"039","senior ux designer","Edenspiekermann LA Corp.","APPLIED SCIENCE"
23587,"030","network engineer","BYTEDANCE INC.","COMPUTER SCIENCE"
23646,"007","scanner engineer","Bastian Solutions LLC","MECHANICAL & AEROSPACE ENGINEE"
23877,"030","ui developer","i28 Technologies Corporation","ELECTRICAL AND ELECTRONICS ENG"
23953,"030","","Tekresources Inc.","COMP INFO SYSS"
23993,"169","","ConMoto Consulting Group, Inc.","MECHANICAL ENGRG"
24010,"030","","Crystal Dynamics, Inc.","COMPUTER SCIENCE"
24219,"023","staff engineer hardware developmen","WESTERN DIGITAL TECHNOLOGIES, INC.","MATERIALS ENGINEERING"
24348,"030","","LinkedIn Corporation","COMP SCI"
24457,"020","","Sunray Enterprise, Inc.","CHEMICAL ENGINEERING"
24481,"039","","Zazzle, Inc.","COMPUTER SCIENCE"
24632,"019","","SYNERGY BIOLFUELS LLC","ENGRG MGT"
24825,"030","","Avan IT LLC","COMPUTER SCIENCE"
25442,"030","","Uniphy Health Systems, LLC","INFORMATION SYSTEMS"
25490,"160","","Deloitte Tax LLP","PROFESSIONAL ACCOUNTING"
25620,"003","commissioning engineer","TRC Environmental Corporation","ELETRICAL ENGINEERING"
25781,"003","","Samsung Semiconductor, Inc.","ELEC & COMP ENGRG"
26032,"007","","Federal-Mogul Powertrain, LLC","MECHANICAL ENGINEERING"
26125,"030","senior java developer","Henry Schein One, LLC","INFORMATION TECHNOLOGY"
26318,"030","","eInfochips, Inc.","ELECTRONICS ENGINEERING"
26367,"001","architectural designer","Backen & Gillam Architects","ARCHITECTURE"
26664,"007","","Chenbro Micom USA, Inc.","MECHANICAL ENGINEERING"
26671,"030","","IQUBE TECHNOLOGIES INC","COMP SCI ENGRG"
26717,"003","","Caresoft Global Inc.","ELECTRICAL ENGINEERING"
26862,"003","component design engineer","Intel Corporation","ELEC ENGRG APPLIED PHYSICS"
26975,"039","","Avideon CRM LLC","INFO TECH"
27148,"007","","King Southwest and Consulting of Cypress","MECH ENGRG"
27381,"003","","Qualcomm Technologies, Inc.","ELEC & COMP ENGRG"
27896,"039","","Cloud Data Systems Inc","COMPUTER SCIENCE"
27962,"019","","Fresenius USA, Inc.","BIOMEDICAL ENGINEERING"
28136,"183","product manager","UBER TECHNOLOGIES, INC.","BUSINESS ADMINISTRATION"
28698,"030","","MB IT ASSOCIATES, LLC","SCI/INFO SYSS SECURITY"
28739,"030","","Soothsayer Analytics LLC","BACHELOR OF ENGRG IN INFO & TE"
28783,"030","","Cognizant Technology Solutions US Corp","MSTR OF SCI DEG IN APPLIED COM"
28812,"162","supply chain analyst","REGAL HOME COLLECTIONS, INC","SUPPLY CHAIN MGMT"
28929,"184","program mgr","Tesla, Inc.","INDUSTRIAL ENGINEERING"
28978,"030","","Dematic Corp.","SOFTWARE ENGRG"
29336,"041","","Catalent Pharma Solutions","MEDICAL BIOTECHNOLOGY"
29400,"030","","Expleo Technology USA, Inc","INFO ASSURANCE"
29407,"030","","Shadow Health, Inc.","COMPUTER SCIENCE"
29766,"030","","Nokia of America Corporation","COMPUTER SCIENCE"
29849,"030","","Samsung Research America, Inc.","ELEC ENGRG & COMP SCI"
29980,"030","","Integration Developer Network","BACHELOR OF ENGRG IN ELECS & C"
30326,"030","java developer","Citratek Inc.","COMPUTER INFO SCIENCE"
30333,"030","","Jeevan Technologies Inc","BACHELOR DEGREE IN COMP SCI &E"
30470,"039","","JD Finance America Corporation","ELECTRICAL & COMPUTER ENGRG"
30662,"050","risk operations analyst","Jefferies LLC","STATISTICS"
30753,"030","","Oracle America, Inc.","COMP SCI"
31083,"030","","Infosys Limited","OTHERS"
31716,"030","","Left Right LLC","ELECTRICAL ENGINEERING"
31770,"032","","Veridic Solutions LLC","COMPUTER SCIENCE"
31927,"029","chief scientist","Syzygy Plasmonics Inc.","CHEMISTRY"
31942,"119","legal consultant","Davis Polk & Wardwell LLP","LAW"
32226,"020","","PricewaterhouseCoopers LLP","BUSINESS ADMINISTRATION"
32615,"030","technology architect us","Infosys Limited","BIO INFORMATICS"
32802,"007","","Tata Consultancy Services Limited","MECHANICAL ENGINEERING"
33321,"030","","DoorDash, Inc.","COMPUTER SCIENCE"
33725,"030","data engineering consultant","Accenture LLP","BUSINESS ANALYTICS"
33912,"039","management associate","Mastercard International Incorporated","BUSINESS ADMINISTRATION"
34101,"030","test engineer","Tata Elxsi Limited","COMPUTER ENGINEERING"
34114,"","director of marketing and intake","Klein & Babbitt, LLC","MASTER OF LAWS"
34179,"030","","Arista Networks, Inc.","ELECTRICAL & COMP ENGRG"
34327,"019","dental material engineer","DENTCA INC","MECHANICAL ENGINEERING POLYMER"
34466,"003","senior member of technical staff i","Maxim Integrated Products, Inc.","ELECTRICAL ENGINEERING"
34518,"001","","Peter Walker and Partners Landscape Arch","LANDSCAPE ARCHITECTURE"
34564,"030","","MOORE INFOTECH INC","COMPUTER SCIENCE"
34807,"030","","Tata Consultancy Services Limited","APPLIED COMPUTER SCIENCE"
35009,"030","","ROBOTICS TECHNOLOGIES LLC","MSTR OF SCI IN BUS ANALYTICS"
35083,"020","principal biostatistician","Novartis Pharmaceuticals Corporation","STATISTICS"
35237,"030","","Credit Karma, Inc.","SOFTWARE ENGINEERING"
35357,"049","research scientist","LACTALIS AMERICAN GROUP, INC.","AGRICULTURE & LIFE SCIENCE FOO"
35406,"010","","IDEAL OIL AND GAS CONNECTIONS, INC.","PETROLEUM ENGINEERING"
35418,"030","researcher","Microsoft Corporation","ELECTRONIC ENGINEERING"
35492,"012","","Stanley Black & Decker Inc.","SUPPLY CHAIN MANAGEMENT"
35540,"030","technical consultant","Yardi Systems, Inc.","COMPUTER SCIENCE"
36041,"030","apps systems engineer 6","VISTA APPLIED SOLUTIONS GROUP INC","COMPUTER SCIENCE"
36429,"008","","TriNova, Inc.","CHEMICAL ENGINEERING"
36556,"030","developer i","Insurance Services Office, Inc.","INFORMATION MANAGEMENT"
37074,"072","denitst","DR. MINGHAO ERIC CHEN, P.C.","DENITISTRY"
37262,"","team leader engineering pm1","Schlumberger Technology Corporation","OPERATION RESEARCH"
37293,"039","software developer applications","Ciber Global LLC","COMPUTER SCIENCE AND ENGINEERI"
37473,"030","","HCL Global Systems, Inc.","INFORMATION SYSS SECURITY"
37537,"003","","PBS Engineers, Inc.","ELECTRICAL ENGRG"
37806,"030","software developer applications","Apple, Inc.","COMPUTER ENGINEERING"
37819,"030","sap systems analyst functional","FLUXTEK SOLUTIONS INC.","MASTER S IN INDUSTRIAL ENGINEE"
38551,"186","manager finance","Kraft Foods Group Brands LLC","BUSINESS ADMINISTRATION FINANC"
38836,"001","architect i","Aedis Inc.","ARCHITECTURE"
38857,"131","pharmacy mgmt analyst","Unipharma Inc.","BUSINESS ADMINISTRATION"
38894,"030","manager","Capgemini America, Inc.","ELECTRONIC ENGINEERING"
38934,"160","staff accountant","Woda Cooper Companies Inc.","ACCOUNTING"
38971,"030","","Altisource Solutions, Inc.","COMPUTER ENGINEERING"
39112,"079","","Bilinguals Inc.","SPEECH LANGUAGE PATHOLOGY"
39200,"030","","Microsoft Corporation","APPLIED COMP SCI"
39303,"030","","ITC INFOTECH USA INC","ELEC & COMP ENGRG BUS ADMIN"
39911,"012","amo maintenance planner","Baker Hughes Company","INDUSTRIAL ENGINEERING"
40425,"185","","Schnuck Markets, Inc.","INFORMATION TECH AND MGT"
40650,"","program manager","Commonwealth Electrical Technologies Inc","ENERGY SYSTEMS"
40707,"020","royalty analyst","HDMI Licensing Administrator, Inc.","PUBLIC ADMINISTRATION & FINANC"
40878,"030","ios developer","Dataquad Inc.","COMPUTER NETWORKING"
40933,"030","","FedEx Corporate Services, Inc.","MSTR OF BUS ADMIN QUANTITATIVE"
41076,"039","","Salesforce.com, Inc.","INFORMATION TECHNOLOGY MOBILIT"
41357,"007","","Turnkey Processing Solutions, LLC","MECHANICAL ENGINEERING"
41509,"007","","Testengeer, Inc.","MECHANICAL ENGRG"
41590,"030","senior software developer","Envision InfoSolutions Inc","COMPUTER SCIENCE"
41740,"039","","PayPal, Inc.","PHYSICS"
42057,"030","","CREST360, INC","MSTR OF SCI INFO SYS TECH-INTE"
42207,"030","","Oracle America, Inc.","COMP SCI"
42222,"005","","Herrero Builders Incorporated","CIVIL ENGRG/ENGRG & PROJECT MA"
42261,"039","","Ciber Global LLC","ELECS & COMM ENGRG"
42347,"160","audit and assurance assistant","Deloitte & Touche LLP","ACCOUNTING"
42802,"030","","Aetna Resources LLC","MANAGEMENT INFO SYSTEMS"
42815,"030","","Tata Consultancy Services Limited","COMPUTER INFORMATION SYSTEMS"
42996,"019","clinical data programmer biomedica","Agios Pharmaceuticals, Inc.","BIOMEDICAL ENGINEERING"
43149,"030","sales operations ii","AMAZON WEB SERVICES, INC.","BUSINESS ANALYTICS"
43718,"030","","Visa Technology & Operations LLC","INFO SYSS ENGRG & MGT"
44139,"199","","Bertelsmann, Inc.","COMP SCI"
44350,"005","field engineer","M. A. Mortenson Company","MECHANICAL ENGRG"
44457,"161","","Adobe Inc.","BUS ADMIN"
44742,"132","","Law Office of Robert B. Jobe P.C.","ENGLISH"
44868,"119","","Davis Polk & Wardwell LLP","LAW"
45146,"039","c sharp net engineer","Axxess Consult Inc.","COMPUTER SCIENCE"
45282,"039","","Bard na nGleann International Inc","ENGRG MGT"
45344,"091","","Henderson Collegiate School","MATHEMATICS"
45520,"039","","Axiom Software Laboratories, Inc.","COMPUTER SCIENCE"
45523,"020","","Finco Services Inc","MATHEMATICAL SCIENCES"
45828,"039","","MX Technologies, Inc.","INFO SCI & TECHS"
45949,"007","","Wabtec US Rail, Inc.","MECHANICAL ENGINEERING"
45993,"030","","Ciber Global LLC","MECHANICAL ENGRG"
46142,"199","senior data analyst","Capital One Services, LLC","INFORMATION AND COMMUNICATIONS"
46180,"030","","Verata Health, Inc.","BUS ANALYTICS & INFO SYSTEMS"
46433,"030","rf engineer","Unified Business Technologies, Inc.","BACHELOR OF SCIENCE IN TELECOM"
46435,"033","sr asso jc60 sqa engineers teste","Cognizant Technology Solutions US Corp","ELECTRONIC ENGINEERING"
46653,"050","tax itts transfer pricing senior","Ernst & Young U.S. LLP","DOCTOR OF PHILOSOPHY IN ECONOM"
46704,"030","technology lead us","Infosys Limited","COMPUTER SCIENCE ENGINEERING"
46711,"032","","Charlotte's Web Holdings, Inc.","BUSINESS ANALYTICS"
46892,"199","","American Express TRS Co, Inc.","BUS ADMIN GEN MGMT/MARKETING"
46978,"161","","S2 IT GROUP LLC","IND TECH & OPS"
47244,"030","","Digital Scripts Inc","INFO QUALITY"
47693,"031","enterprise applications analyst","Boveda, Inc.","MATHEMATICS"
47729,"030","","QUEST GLOBAL SERVICE NA, INC","ELECS ENGRG"
47904,"030","java backend developer","Enfec, LLC","COMPUTER ENGINEERING"
48028,"030","quality engineer","Stark Associates, LLC.","INDUSTRIAL ENGINEERING"
48429,"022","","Havix Group Inc.","CHEMISTRY"
48473,"033","","Cisco Systems, Inc.","COMPUTER SCIENCE"
48790,"020","","Amazon.com Services LLC","BACHELORS OF SCI IN OPS MGT WO"
48870,"003","asics engineer","Qualcomm Technologies, Inc.","COMPUTER ENGINEERING"
49098,"030","","CovetIT Inc","MSTR OF SCI IN COMP SCI"
49875,"030","","Google LLC","MECHANICAL ENGRG"
49890,"030","","Infosys Limited","ELECTRICAL & ELECS ENGRG"
50105,"030","","Ciber Global LLC","MGT & INFO SCI/STUDIES"
50273,"030","","Datum Consulting Group LLC","SYSTESM AND COMP ENGRG"
50371,"012","","Intel Corporation","PHYSICS"
50433,"007","structural mechanics simulation sc","W.L. Gore & Associates, Inc.","MECHANICAL ENGINEERING"
50438,"141","","Moxtra Inc.","WEB DESIGN & NEW MEDIA"
50614,"169","","JAAV Inc.","MARKETING"
50696,"030","","ZENSAR TECHNOLOGIES INC.","BUS ADMIN"
50703,"003","","Analog Devices, Inc.","ELECTRICAL ENGINEERING"
50779,"030","","Nexzentek Solutions, Inc.","TECH"
50849,"161","senior associate","Avant Energy, Inc.","MASTER OF BUSINESS ADMINISTRAT"
51418,"030","consultant","Deloitte Consulting LLP","COMPUTER ENGINEERING"
51657,"030","application developer","IBM Corporation","BACHELOR OF SCIENCE IN COMPUTE"
51799,"030","","Lowe's Companies, Inc.","INFO TECH"
51826,"030","","Medtronic, Inc.","SOFTWARE ENGINEERING"
52101,"030","lead consultant us","Infosys Limited","PRODUCTION ENGINEERING SYSTEM"
52276,"030","","Cognizant Technology Solutions US Corp","COMP SCI"
52665,"169","","Menusifu, Inc","MSTR OF BUS ADMIN"
52691,"119","","Faraday & Future Inc.","LAW"
52792,"003","","PBS Engineers, Inc.","MGT SCI"
53040,"010","","Bristol, Inc.","BUS ADMIN BACHELORS US EQUIVAL"
53548,"030","","Facebook, Inc.","COMPUTER SCIENCE"
54039,"012","","Intel Corporation","POLYMER SCI & ENGRG"
54096,"160","analyst","Goldman Sachs & Co LLC","ECONOMICS"
54152,"109","data scientist","Axbio, Inc.","PHYSICS"
54268,"007","","Mercer Spring & Wire LLC","INDUSTRIAL ENGINEERING"
54865,"039","delivery optimization engineer","E-IT PROFESSIONALS CORP.","COMPUTER & INFORMATION SYSTEM"
54952,"","hr specialist","Truefresh HPP LLC","MASTERS IN INTERNATIONAL MARKE"
55262,"030","senior data scientist","IBM Corporation","BUSINESS INTELLIGENCE AND DATA"
55520,"189","growth analyst","2ND KITCHEN INC.","BUSINESS MANAGEMENT"
55587,"033","solution architect ii","Persistent Systems Inc","APPLIED COMPUTER SCIENCE"
55630,"030","","Nutanix, Inc.","ELECTRICAL ENGINEERING"
55737,"030","","Infosys Limited","ELECS & COMM ENGINEERING"
55793,"020","sr sas programmer","NexPro Technologies, Inc.","ANALYTICS"
55823,"030","software developer net","Appridat Solutions LLC","COMPUTER SCIENCE"
55887,"030","","IBM Corporation","BACHELOR OF SCI IN COMP SCI"
56112,"030","","T-MOBILE USA, INC.","COMPUTER ENGINEERING"
56274,"030","solution engineer i","The Most Group, Inc.","MANAGEMENT INFORMATION SYSTEMS"
56780,"030","computer specialist system support","Accenture LLP","COMPUTER INFORMATION SYSTEMS"
56926,"030","","Lorhan Corporation, Inc.","MSTR OF SCI IN ELEC & COMP ENG"
56997,"030","","Lowe's Companies, Inc.","COMPUTER ENGINEERING"
57183,"030","","Juniper Networks, Inc.","COMP SYSS ENGRG"
57462,"001","","PLAT Studio Inc.","LANDSCAPE ARCHITECTURE"
57616,"039","","Ciber Global LLC","COMP SCI"
57720,"030","","Unisys Corporation","INFO TECH"
57756,"030","","Salesforce.com, Inc.","COMPUTER SCI"
57888,"030","","RingCentral, Inc.","BIOTECHNOLOGY & CHEMICAL ENGIN"
57956,"030","","Aricent Technologies Holdings Ltd.","MECH ENGRG"
57981,"189","","Bain & Company, Inc.","ECONOMICS"
58376,"141","","Implus Footcare LLC","IND DESIGN"
58428,"030","","Svanaco, Inc.","COMPUTER SCIENCE"
58547,"099","instructional coordinator","New Arts","FINE ARTS DANCE"
59323,"030","java developer","The Hatch Group, LLC","COMPUTER SCIENCE"
59605,"030","","Adobe Inc.","COMP SCI"
59640,"007","","SUNRISE ELECTRONICS INC","MSTR OF SCI IN MECH ENGRG"
59737,"","ui developer","Conflux Systems Inc.","COMPUTER SYSTEMS AND INFORMATI"
59804,"110","","Duane Morris LLP","LAW"
59840,"007","","ASML US, LP","MECHANICAL ENGINEERING"
60031,"030","","IQUBE TECHNOLOGIES INC","COMP INFO SYSS"
60076,"030","architect","Tata Consultancy Services Limited","COMPUTER SCIENCE"
60244,"001","project designer","HPA, Inc.","ARCHITECTURE"
60535,"033","","Cognizant Technology Solutions US Corp","COMPUTER ENGINEERING"
60540,"030","","Microsoft Corporation","APPLIED COMPUTER SCIENCE"
60656,"079","sterile packaging engr","WishBone Medical, Inc.","PACKAGING"
60862,"030","hardware development engineer","Apple, Inc.","ELECTRICAL ENGINEERING"
60884,"030","","Amazon.com Services LLC","MGT INFO SCI"
60900,"161","consultant","The Boston Consulting Group, Inc.","CHEMISTRY"
60901,"039","","SAIVEN Technologies, Inc.","MSTR OF COMP APPS"
61015,"030","","Sage IT Inc","ELEC ENGRG"
61110,"003","","TESSOLVEDTS, INC.","ELECTRONICS & COMMUNICATION EN"
61318,"072","","Midwest Dental Kansas, Derby, PA","DOCTORATE IN DENTAL SURGERY"
61369,"199","innovation specialist","McKinsey & Company, Inc. United States","STRATEGIC MGMT"
61480,"005","","HVJ Associates, Inc.","CIVIL ENGINEERING"
62098,"039","","JD Finance America Corporation","COMP SCI"
62215,"030","test engineer ii","TAPQA, LLC","COMPUTER SCIENCE"
62474,"039","","Egrove Systems Corporation","MSTR OF BUS ADMIN"
62722,"169","marketing business development a","Grabr Inc.","BUSINESS ADMIN"
63305,"161","","Bimbo Bakeries USA, Inc.","BUSINESS ADMINISTRATION"
63705,"003","","Champion Controls, Inc","ELEC ENGRG"
63782,"189","product manager","Cisco Systems, Inc.","BUSINESS ADMINISTRATION"
64013,"030","","Ciber Global LLC","COMP & INFO SCI"
64419,"019","","HDR Architecture, Inc.","LANDSCAPE ARCHITECTURE"
64713,"030","","Brillio, LLC","BACHELOR OF SCI IN INFO TECH"
65198,"110","","Google LLC","JURIS DOCTOR IN LAW"
65217,"023","","Nikon Metrology Inc","GEOPHYSICS"
65279,"049","","GlaxoSmithKline LLC","PHARMACY/PHARMACEUTICAL SCI"
65726,"110","law clerk","Lorraine D'Alessio, PLC","LAW"
65823,"030","","Infosys Limited","COMPUTER SCIENCE"
66092,"050","","Ivy Enterprises, Inc","ECONOMICS WITH A MINOR IN INFO"
66123,"030","software site reliability engr","Staxa Technologies LLC","SCIENCE"
66163,"019","","Magic Leap, Inc.","PRODUCT DESIGN & MANUFACTURING"
66373,"030","application engineer","Stellar IT Solutions LLC","LINGUISTICS"
66437,"030","","NTT DATA, Inc.","ELECTRONIC ENGRG"
66528,"039","","WeRide Corp.","ELEC ENGRG"
66563,"001","design staff ii architectural proj","BOWER LEWIS THROWER ARCHITECTS, LTD","ADVANCED ARCHITECTURAL DESIGN"
66707,"039","data engineer i","Mitek Systems, Inc.","DATA INFORMATICS"
67135,"020","","JD.com American Technologies Corporation","MATHEMATICS"
67206,"030","","Cognizant Technology Solutions US Corp","COMPUTER AND INFORMATION SCI"
67468,"030","","Corevance Inc","INFO SYSS TECHS - INFO ASSURAN"
67592,"141","ux ui product design engineer","AlphaMD.ai Inc.","COMPUTER SCIENCE"
67610,"141","","TIFFANY & CO.","METALS & JEWELRY DESIGN"
67699,"020","","Medpace, Inc.","BIOSTATISTICS"
67959,"030","simulia r d development mgr","DASSAULT SYSTEMES SIMULIA CORP.","COMPUTATIONAL MECHANICS"
67969,"030","application developer","RJT Compuquest Inc. dba Apolis","MASTER OF INFO TECH & MGT"
68150,"169","fso senior it risk assurance techn","Ernst & Young U.S. LLP","INFORMATION SYSTEMS AUDIT AND"
68532,"007","","Alltech Inc.","MECHANICAL ENGINEERING MRA NOT"
68695,"030","android developer mobile app devel","Apptrics, LLC","COMPUTER SCIENCE & INFORMATION"
68747,"030","","Genomic Health, Inc.","COMP SCI"
68826,"001","architectural designer","Backen & Gillam Architects","ARCHITECTURE"
68845,"019","","Repligen Corporation","MASTER OF ENGRG IN BIOMEDICAL"
68923,"030","software development eng in test","Prophecy Consulting","INFORMATION TECHNOLOGY"
69214,"160","","CONSTANT INVESTMENTS, INC.","INTL ECONOMICS"
69554,"005","","Garver, LLC","CIVIL ENGRG"
69922,"189","","Grail, Inc.","ENGINEERING"
70049,"031","","Wipro Limited","ELECTRICAL AND ELECTRONICS"
70126,"030","","LATCHABLE, INC.","INDUSTRIAL ENGINEERING"
70217,"030","","Ansira Partners, LLC.","MSTR OF SCI IN COMP SCI"
70397,"049","","Cargill Incorporated","ANIMAL SCIENCE"
70541,"030","","Headstrong Services LLC","COMPUTER SCIENCE"
70589,"001","","SWA Group","LANDSCAPE ARCHITECTURE"
70972,"030","","Prodware Solutions LLC","FINANCIAL MATHEMATICS"
71555,"030","","Amazon.com Services LLC","MANAGEMENT SCIENCE"
71808,"030","","Kforce, Inc","ENGRG"
71875,"160","fso advisory staff actuarial servi","Ernst & Young U.S. LLP","BUSINESS & SCIENCE"
71905,"030","sr functional consultant","Accenture LLP","COMPUTER SCIENCE"
71921,"076","","Interface Rehab, Inc.","PHYSICAL THERAPY"
71927,"030","","Prime Healthcare Management, Inc.","COMP INFO SYSS AND INFO TECH"
72103,"030","","Samsung Electronics America, Inc.","COMP ENGRG"
72260,"030","","Verata Health, Inc.","COMP SCI"
72262,"030","","Cornerstone OnDemand, Inc.","ELECTRICAL ENGRG"
72358,"005","","Brindley Engineering Corporation","CIVIL ENGRG"
72414,"012","reliability engineer","Medtronic, Inc.","APPLIED ENGINEERING AND TECH"
72724,"119","law clerk","Debevoise & Plimpton LLP","LAW"
73075,"092","associate chinese teacher","Avenues New York LLC","COGNITIVE SCIENCE IN EDUCATION"
73085,"003","member of the technical staff elec","Mobiveil, Inc","ELECTRICAL ENGINEERING"
73602,"030","","Ciber Global LLC","AUTOMOTIVE ENGINEERING"
73797,"030","","Veridic Solutions LLC","INFORMATION SYSTEMS SECURITY"
73815,"030","","Apple, Inc.","BIOMEDICAL AND ELEC ENGRG"
73859,"039","","Forix LLC","BUS ADMIN WITH A SPECIALIZATIO"
73904,"030","","Infosys Limited","NETWORK ENGRG"
74101,"020","","Deluxe Corporation","BUSINESS ANALYTICS"
74106,"030","","BuildSimHub Inc.","BUS ANALYTICS"
74245,"110","","White & Case LLP","LAW"
74266,"030","","IQUBE TECHNOLOGIES INC","COMP APPS"
74339,"039","","Tatvam Technologies Inc","ELECS & COMM"
74784,"039","","Asurion, LLC","COMPUTER SCIENCE"
74859,"030","","CrowdCircle Inc.","INFORMATION"
75031,"030","","Accenture LLP","COMP APPS"
75178,"030","","ImageVision.ai LLC","COMP APPS"
75387,"030","","Credit Suisse Securities USA LLC","MATHEMATICAL SCIS OPS RESEARCH"
75457,"030","","AMAZON DEVELOPMENT CENTER U.S., INC.","ELECTRICAL ENGRG COMP ENGRG"
75680,"030","sap supply chain analyst","Kabeer Consulting, Inc.","INFO SYSTEMS SECURITY"
75901,"020","","Cheng Shin Rubber USA, Inc.","MATHEMATICS"
75943,"033","solutiondelivery advisor","Deloitte & Touche LLP","INFORMATION TECH AUDITING AND"
76121,"012","","Intel Corporation","PHYSICS"
76329,"189","","Lotte New York Palace LLC","BUSINESS ADMINISTRATION"
76723,"030","","RIDGE BUSINESS SOLUTIONS LLC","INFO TECH"
77188,"019","","GLOBALFOUNDRIES U.S. Inc.","CHEMICAL & BIOMOLECULAR ENGRG"
77449,"030","","LinkedIn Corporation","INTELLIGENT INFO SYSS MS COMP"
77610,"030","","Lowe's Companies, Inc.","COMP APP"
77723,"031","","Standav Corp.","INFO TECH MGT"
77727,"030","","HARPRO TECH, INC","MSTR OF SCI IN ELECTRICAL ENGI"
77751,"031","","Sunflower Construction LLC","COMP SCI"
77863,"030","","WAL-MART ASSOCIATES, INC.","COMPUTER SCIENCE"
77899,"","architectural designer","Gregg Wies & Gardner Architects LLC","ARCHITECTURE"
77941,"039","technical lead","Tata Consultancy Services Limited","APPLIED COMPUTER SCIENCE"
78101,"003","fpga design engineer","Morgan Advanced Programmable Systems Inc","ELECTRICAL ENGINEERING"
78368,"030","application developer","IBM Corporation","BACHELOR OF SCI IN COMP SCI"
78408,"160","accountant","Liao, Kin & Company, P. C.","ACCOUNTING ANALYTICS"
78469,"030","consulting engineer","Cisco Systems, Inc.","TELECOMMUNICATIONS"
78516,"031","data engineer etl","Shipt, Inc.","INFORMATION SYSTEMS"
78557,"012","applications engineering sales mgr","Mayekawa USA, Inc.","ELECTRICAL ENGINEERING"
78917,"030","sr network engineer","Oath Holdings Inc.","MANAGEMENT INFORMATION SYSTEMS"
78939,"030","engineer sr","Nordstrom, Inc.","COMPUTER SCIENCE"
79023,"039","oracle database admin","ABN TECH CORPORATION","COMPUTER SCIENCE"
79239,"030","senior consultant","Oracle Financial Services Software, Inc.","COMPUTER SCIENCE"
79410,"998","sr manager interactive development","Sapient Corporation","TECHNOLOGY"
79433,"041","associate bioinformatics scientist","PGEN Therapeutics, Inc.","BIOLOGY BIOINFORMATICS AND SYS"
79611,"030","technology lead us","Infosys Limited","COMPUTER APPLICATIONS"
79670,"030","java developer","Reliant Vision Group, Inc.","COMPUTER SCIENCE & INFORMATION"
79805,"199","","CPA Global North America, LLC","US MSTRS DEG IN COMP SCIENCE"
80233,"030","","Optimus Ride Inc.","IND ENGRG"
80240,"030","","PRODIGY TECHNOLOGIES INC","COMP INFO SYSS"
80384,"007","","Cruise LLC","AEROSPACE ENGRG"
80421,"186","risk management specialist","United Auto Credit Corporation","APPLIED ANALYTICS"
80641,"169","","Amazon.com Services LLC","BUSINESS ADMINISTRATION"
80736,"019","","Genentech, Inc.","BIOMEDICAL ENGINEERING"
80764,"160","","Deloitte & Touche LLP","PROFESSIONAL ACCOUNTING"
80930,"030","cloud site reliability engineer","VMware, Inc.","ELECTRICAL ENGINEERING"
81207,"030","big data administrator","LAVSUN Technologies, Inc.","COMPUTER SCIENCE"
81720,"050","","Citibank, N.A.","FINANCE"
82206,"030","","Tata Consultancy Services Limited","INFO TECH"
82259,"002","","Bye Aerospace, Inc.","AEROSPACE ENGINEERING"
82280,"030","technology consultant","Slalom, LLC","ELECTRONIC ENGINEERING"
82362,"030","technology analyst us","Infosys Limited","COMPUTER SCIENCE & ENGINEERING"
82702,"030","","Techno Tasks, Inc","INFO TECH MGNT"
82929,"003","","IPCOS INC","ELECTRICAL ENGINEERING"
82952,"007","","Mevion Medical Systems, Inc.","MECH ENGRG"
83426,"030","sr automated tester","NewWave Telecom and Technologies, Inc.","COMPUTER INFORMATION SYSTEMS"
83523,"008","process development scientist","Eat Just,  Inc.","AGRICULTURAL & BIOLOGICAL ENGI"
83891,"199","analyst","BofA Securities, Inc.","HOTAL ADMINSTRATION"
83948,"001","","SWA Group","LANDSCAPE ARCHITECTURE"
84116,"030","","Mindquest Technology Solutions LLC","MSTR OF SCI IN INFO TECH"
84206,"030","sr solution architect","Salesforce.com, Inc.","COMPUTER APPLICATIONS"
84312,"020","","CARFAX, Inc.","APPLIED STATISTICS"
84607,"007","product engineer","AFE, Inc.","MECHANICAL ENGINEERING"
84724,"030","","Opendoor Labs Inc.","ELECTRICAL & COMP ENGRG"
84993,"005","staff engineer","Fugro USA Land, Inc.","CIVIL ENGINEERING"
85367,"030","compliance specialist","I3 Infotek, Inc.","CHEMISTRY"
85435,"030","","Kforce, Inc","INFO SYS TECHS - INFO ASSURANC"
85603,"030","sr applications programmer devlpr","Ciber Global LLC","COMPUTER SCIENCE"
85653,"030","functional consultant","Tata Consultancy Services Limited","COMP INFO SYSS"
86137,"030","","TraceLink, Inc.","COMPUTER SCIENCE"
86278,"030","","Tata Consultancy Services Limited","ELECTRICAL ENGINEERING"
86601,"001","","Skidmore, Owings & Merrill LLP","ARCHITECTURE"
86912,"022","","BIOGENE ORGANICS, INC.","ORGANIC CHEMISTRY"
87002,"030","clinical data engineer","Devansh Lab Werks Inc","INFORMATION TECHNOLOGY MANAGEM"
87085,"","devops engineer","CREST360, INC","MASTER OF SCIENCE INFORMATION"
87346,"109","","12-15 Molecular Diagnostics, Inc","COMP SCI"
87396,"030","calidation engineer","AM Logic Corporation","INFUSTRIAL ENGINEERING"
87622,"020","data analyst i","Grubhub Holdings, Inc.","APPLIED ANALYTICS"
87651,"039","","China Merchants Bank Co. Ltd.","SOFTWARE ENGINEERING"
87841,"012","internal quality engineer","Doosan Fuel Cell America, Inc.","INDUSTRIAL ENGINEERING"
87953,"030","data engineer","TechField LLC","MASTER OF ENGINEERING IN COMPU"
87990,"030","senior consultant","Deloitte Consulting LLP","MBA"
87999,"030","","Twitter, Inc.","MARKETING"
88024,"020","data analyst iii","WAL-MART ASSOCIATES, INC.","BUSINESS ANALYTICS & PROJECT M"
88135,"199","","Bloomberg LP","COMPUTATIONAL SCI & ENGRG"
88793,"030","","METRIX IT SOLUTIONS INC","INFO TECH MGT"
88846,"030","","Fitbit, Inc.","IND ENGRG"
89077,"030","","Mindtree Limited","MANAGEMENT INFORMATION SYSTEMS"
89097,"160","","Lighthouse Consultants, Inc.","ECONOMICS"
89467,"030","big data developer specialist","Bhrigus Inc.","MS IN COMPUTER SCIENCE"
89730,"030","","Cognizant Technology Solutions US Corp","ELEC ENGRG"
90158,"030","senior consultant","Deloitte Consulting LLP","COMPUTER ENGINEERING"
90161,"160","","Deloitte & Touche LLP","PROFESSIONAL ACCOUNTANCY"
90171,"153","","Gainesville Area Rowing, Inc.","SPORTS MANAGEMENT"
90218,"160","","Sportority Inc","FINANCE"
90324,"005","","Base Consultants","CIVIL ENGINEERING"
90682,"050","marketing consultant","Arya Diamond Jewellery USA Inc.","COMMERCE"
90783,"199","","L'Oreal Travel Retail Americas, Inc.","MSTR OF BUS ADMIN"
91312,"030","python developer","Avco Consulting, Inc","INFORMATION TECHNOLOGY"
91378,"199","","McKinsey & Company, Inc. United States","BUS ADMIN & CHEMICAL ENGRG"
91396,"030","","Amazon.com Services LLC","BACHELORS IN ELECS & COMM ENGI"
91527,"039","","ServiceLink Management Company, LLC","MASTER OF SCIENCE IN ANALYTICS"
91578,"007","","Joyson Safety Systems Acquisition, LLC","MECHANICAL ENGINEERING"
91655,"030","","AMAZON DEVELOPMENT CENTER U.S., INC.","COMPUTER & INFORMATION SCI"
91720,"164","","Apple, Inc.","BUS ADMIN"
91730,"030","hris consultant","Lowe's Companies, Inc.","INFORMATION SYSTEMS"
91777,"030","","SumTotal Systems, LLC","COMPUTER INFORMATION SYSTEMS"
91858,"030","net developer","Texperts Inc.","MASTER OF SCIENCE IN COMPUTER"
91986,"001","","SWA Group","LANDSCAPE ARCHITECTURE"
92148,"030","","Apple, Inc.","ELEC & COMP ENGRG"
92408,"030","","Lam Research Corporation","COMPUTER SCIENCE"
92457,"019","","Mass Beverly, Inc.","DESIGN"
92807,"020","statistical analyst i","Medpace, Inc.","BIOSTATISTICS"
92826,"030","infrastructure engineer","RJTECHGLOBAL INC","COMP INFO SYSS"
92861,"030","computer prgmr configurer 2","Accenture LLP","INFORMATION TECHNOLOGY"
93019,"001","","SWA Group","LANDSCAPE ARCHITECTURE"
93286,"030","","Google LLC","COMP SCI"
93687,"033","","Cognizant Technology Solutions US Corp","INFO TECH MGT"
93854,"164","","Apple, Inc.","MARKETING AND ADVERTISING"
94187,"039","data operations analyst","BlueCart, Inc.","BUSINESS ANALYTICS & PROJECT M"
94352,"030","","Computer Sciences Corporation","COMP & SYSS ENGRG"
94774,"141","","Affirm, Inc.","INFO-HUMAN-COMP INTERACTION"
94822,"030","","PragmaEdge Inc.","COMPUTER SCIENE & ENGINEERING"
94868,"030","","Palni Inc","ENGRG"
94870,"030","","Adobe Inc.","COMPUTER SCIENCE"
94992,"030","quality engineer","Intellectt, Inc.","INDUSTRIAL & HUMAN FACTORS ENG"
94998,"","xray ct application engineer valid","Nikon Metrology Inc","TECHNICAL PRODUCTION"
95052,"030","","IT Division Inc","ELECTRICAL ENGRG"
95405,"033","accountant","KDDI America, Inc.","ACCOUNTING"
95768,"160","audit assurance senior assistant","Deloitte & Touche LLP","ACCOUNTING"
96133,"030","eds design engineer","Ciber Global LLC","MECHANICAL ENGINEERING"
96153,"110","associate lawyer","Baker Botts L.L.P.","LAW"
96780,"030","senior developer","IBM Corporation","BACHELOR OF SCIENCE IN INFORMA"
97072,"030","","IQUBE TECHNOLOGIES INC","ELECS & COMMS"
97198,"030","","Cognizant Technology Solutions US Corp","MGT INFO SYSS"
97578,"030","","Apple, Inc.","COMPUTER INFO SYSTEMS & ENGINE"
97620,"030","","Revention Inc.","MSTR OF SCI APPLIED MATH"
97862,"019","","Gantri, Inc.","MSTR OF ENGRG IN MATERIALS SCI"
98247,"186","vice president of finance","RedNight Consulting, Inc.","FINANCE"
98371,"003","","Caterpillar Inc","ELECTRICAL ENGINEERING"
98717,"039","front end systems architect","Insubuy, Inc.","BACHELOR OF ENGINEERING IN COM"
98819,"019","r d engr","TECO DIAGNOSTICS","BIOMEDICAL ENGR AND ELECTRICAL"
98856,"030","","Cognizant Technology Solutions US Corp","COMPUTER SCIENCE"
99109,"030","","Software Gobal Ltd.","INFORMATION SYSTEMS"
99182,"012","","Vishtech Services Company","IND ENGRG"
99217,"141","","Eversafe Insurance Agency, Inc.","DESIGN"
99248,"032","","Inteliroute Technologies LLC","COMPUTER SCIENCE"
99314,"160","associate","Morgan Stanley & Co. LLC","BUSINESS ADMINISTRATION"
99572,"030","","CloudTron Corp","DATA COMMUNICATIONS"
99700,"039","technical support engineer","ServiceNow, Inc.","ELECTRICAL ENGINEERING"
100042,"012","","VAStek, Inc.","MECHANICAL ENGINEERING"
100049,"003","technical lead sr electrical engin","Delta Electronics Americas Ltd.","POWER ENGINEERING & POWER ELEC"
100152,"039","database architecture","Tekcrew, Inc.","MSTR OF COMP APPS"
100188,"030","","Smart Source Technologies, Inc.","COMP SCI"
100767,"030","tools and automation engineer soft","Apple Inc","INFORMATION SCIENCE"
100946,"030","architect","Tata Consultancy Services Limited","APPLIED COMPUTER SCIENCE"
101673,"030","","Cognizant Technology Solutions US Corp","APPLIED COMPUTER SCIENCE"
101748,"030","","Cloud 9 Infosystems Inc","INFORMATICS AND INFORMATION SE"
101978,"041","","Berkeley Lights Inc.","CHEMESTRY"
102002,"007","battery material scientist","Charge CCCV, LLC","ELECTRICAL ENGINEERING"
102109,"030","","Cognizant Technology Solutions US Corp","COMP INFO SYSS"
102217,"030","","Central Business Solutions, Inc.","MASTERS OF SCIENCE IN SOFTWARE"
102464,"005","","Bluewater Plumbing and Fire Protection, Inc.","CONSTRUCTION ENGRG"
102515,"030","","Coffee Meets Bagel, Inc.","COMPUTER ENGINEER"
102575,"030","","Apple Inc","LANGUAGE TECHNOLOGIES"
102611,"030","","IBM Corp","BACHELOR OF SCI IN COMP INFO S"
103088,"030","","Indus Group, Inc.","INFO SYSS"
103330,"030","","Tata Consultancy Services Limited","COMPUTER INFORMATION SYSTEMS"
103457,"160","audit staf i accountant","MSL, P. A.","ACCOUNTING"
103502,"161","domain consultant l2","WIPRO LIMITED","COMPUTER SCIENCE & ENGINEERING"
104364,"078","","Management Health Systems, LLC","MEDICAL TECHNOLOGY"
104510,"003","","Fusion Solutions, LLC","ELECTRONIC ENGINEERING"
104517,"030","","HCL America Inc","COMPUTER INFORMATION SYSTEMS"
104655,"030","","Infosys Limited","DATA ANALYTICS"
104748,"030","sa systems consultant mm is reta","ATTUNE CONSULTING USA INC.","ENGINEERING EQUIVALENT COMPUTE"
105064,"030","","Microsoft Corporation","COMPUTER INFORMATION SYSTEMS"
105164,"030","","Cognizant Technology Solutions US Corp","ELECTRONIC ENGINEERING"
105297,"030","","Uber Technologies, Inc.","COMPUTER SCIENCE"
105309,"030","","Tata Consultancy Services Limited","COMPUTER INFORMATION SYSTEMS"
105552,"030","","Techno9 Solutions, Inc","ELECTRICAL ENGINEERING"
106045,"030","","Infosys Limited","COMPUTER SCIENCE"
106283,"030","","Apple Inc","BUSINESS ADMINISTRATION WITH C"
106318,"038","program manager","Commonwealth Electrical Technologies Inc","ENERGY SYSTEMS"
106406,"019","","TMEIC CORPORATION","MASTER OF ENGRG IN COMP ENGRG"
106616,"161","","SMS InfoComm Corporation","SUPPLY CHAIN MANAGEMENT"
106754,"030","","Tata Consultancy Services Limited","COMPUTER SCIENCE"
106822,"030","","Circulant Solutions Inc.","COMPUTER ENGINEERING"
106828,"030","","Apple Inc","INTELLIGENT INFORMATION SYSTEM"
107150,"030","engineer ii","Emonics LLC","INFORMATION SYSTEMS"
107396,"030","","Apple Inc","COMPUTER SCIENCE"
107409,"039","","Microsoft Corporation","INFORMATION SYSTEMS MANAGEMENT"
107426,"041","associate scientist","Alloy Therapeutics LLC","BIOLOGICAL SCIENCES"
107806,"","audit assurance sr assistant","Deloitte & Touche LLP","ACCOUNTING"
107849,"030","solutions consultant","Google LLC","MANAGEMENT"
107860,"020","","Uber Technologies, Inc.","SYMBOLIC SYSTEMS"
107975,"020","analyst","Deutsche Bank Securities Inc.","DATA SCIENCE"
108405,"030","","SportsMEDIA Technology Corp.","COMPUTER SCIENCE"
108483,"030","","IBM Corp","BACHELOR OF SCIENCE IN COMPUTE"
108568,"039","","THE UNITY CARE GROUP","HEALTH INFORMATICS"
108955,"030","","Kastech Solutions LLC","MSTR OF SCI IN INFO TECH MGT"
109133,"039","","iHeartMedia Management Services, Inc.","COMP INFO TECH"
109257,"030","","EOG Resources, Inc.","COMP SCI"
109373,"030","package solution consultant","IBM Corp","MASTER APPLIED COMPUTER SCI"
109507,"030","system analyst","Cognizant Technology Solutions US Corp","MASTER OF SCIENCE DEGREE IN CO"
109951,"030","systems analyst","UST GLOBAL INC","ENGINEERING"
110029,"030","application developer","IBM Corp","ELECTRONICS ENGINEERING"
110381,"030","","Trine IT, Inc.","US EQUIVALENT BS IN ELECS ENGI"
110390,"030","","Apple Inc","COMPUTER SCIENCE"
110407,"032","","Fuge Technologies Inc","INFO SYSS"
110496,"039","","Forethought Technologies, Inc.","INFORMATION SYSTEMS"
110549,"030","","CitiusTech Inc.","COMPUTER INFORMATION SYSTEMS"
110766,"030","","Apple Inc","VISUAL COMMS DESIGN"
110782,"030","","Apple Inc","ELECTRONIC ENGINEERING"
111495,"029","polymer scientist","Eastern Tech LLC","POLYMER ENGINEERING"
111908,"012","controls engineer","E2 Consulting Engineers, Inc.","INDUSTRIAL ENGINEERING"
111965,"030","","AB2 Consulting Inc","COMPUTER SCIENCE ENGINEERING"
112218,"030","","Apple Inc","ELECTRICAL & COMPUTER ENGINEER"
112891,"161","","Uber Technologies, Inc.","BUSINESS ADMINISTRATION"
113461,"030","","URSI TECHNOLOGIES INC","COMP SCI OR EQUIVALENT"
113505,"030","business systems analyst","Colsh Consultants, LLC.","INDUSTRIAL & SYSTEMS ENGINEERI"
113543,"030","","Jeevan Technologies Inc.","BACHELOR DEG IN COMP TECH & EL"
113921,"030","","Netflix Inc.","COMPUTER SCIENCE AND ENGINEERI"
113978,"031","","WIPRO LIMITED","BUSINESS ADMINISTRATION"
114157,"030","lead technical specialist","Orrbasystems LLC","APPLIED COMPUTER SCIENCE"
114281,"019","thin film process dvlp engineer","Micron Technology, Inc.","MATERIALS SCIENCE AND ENGRG"
114350,"030","","Cognizant Technology Solutions US Corp","INFORMATION TECHNOLOGY"
114522,"030","sap technical consultant","SSTECH LLC","INFORMATION TECHNOLOGY"
114612,"030","","Apple Inc","COMPUTER ENGINEERING"
114689,"159","digital line producer","CBS Interactive","JOURNALISM"
114778,"141","associate artist motion grpahics","Volt Management Corp","ANIMATION & DIGITAL ARTS"
114796,"030","","Apple Inc","ELECTRICAL AND COMPUTER ENGRG"
114825,"030","","Apple Inc","ENGINEERING"
114927,"030","","Datum Consulting Group LLC","MGT STUDIES"
115049,"020","financial engineer","Entagile llc","MATHEMATICS IN FINANCE"
115177,"030","","CUSTOMERTIMES CORP","BUSINESS ADMINISTRATION"
115320,"030","","TECH INSPIRON,LLC","COMP SCI"
115412,"030","","Savvy IT Group Inc","TECHNOLOGY"
115558,"030","","FLUXTEK SOLUTIONS INC","MASTER OF SCIENCE IN COMPUTER"
115597,"039","","Sovereign Technologies, LLC","AUTOMOTIVE ENGINEERING"
115606,"030","sap s4 hana technical consultant","Marvel Technologies Inc","BACHELOR ENGRG IN CMPTR SCI"
115637,"","sap solutions engineer","ASAR America Inc.","COMPUTER SCIENCE ENGINEERING"
115728,"030","","TEK GIANTS INC","COMP INFO TECH"
115766,"030","senior engineer","Brillio, LLC","BACHELOR OF ENG INFO SCI ENGRG"
115774,"030","","Tata Consultancy Services Limited","COMPUTER SCIENCE"
115904,"030","","TANGENSIS INC","COMPUTER SCIENCE"
116093,"030","","RStudio, Inc.","COMP ENGRG"
116265,"030","","Apple Inc","COMPUTER ENGINEERING"
116445,"030","hardward development engineer mech","Apple Inc","THEORETICAL & APPLIED MECHANIC"
116481,"030","","Stellar IT Solutions LLC","BUSINESS ANALYTICS"
116577,"030","","Apple Inc","COMPUTING"
116748,"039","","Potomac College, LLC","INFO TECH"
116832,"030","","ETISBEW TECHNOLOGY GROUP","INFORMATION TECHNOLOGY"
117267,"030","edi consultant","Tribis Inc","SOCIOLOGY"
117450,"030","","Visionet Systems Inc.","BACHELOR OF SCIENCE IN COMPUTE"
117672,"030","fe engineer 3","Apple Inc","ELECTRICAL & COMPUTER ENIGNEER"
117796,"030","power bi analyst","Cardinal Integrated Technologies Inc.","ENGINEERING AND TECHNOLOGY MAN"
117875,"169","senior manager i product mgmt","Wal-Mart Associates, Inc.","COMPUTER ENGRG AND BUS ADMIN"
117939,"030","","Aricent Technologies Holdings  Ltd.","INFORMATION TECHNOLOGY"
118066,"186","finance analytics analyst","Tesla, Inc.","BUSINESS ANALYTICS"
118087,"030","","Apple Inc","MECHANICAL ENGINEERING"
118171,"030","","Cognizant Technology Solutions US Corp","APPLIED COMP SCI"
118634,"041","research scentist and member of th","D. E. Shaw Research, LLC","PHARMACY/ PHYSICAL CHEMISTRY"
119570,"030","application developer","Signature Commercial Solutions, LLC","ELECTRICAL ENGINEERING"
119682,"030","","PROKARMA, INC.","COMPUTER INFORMATION SYSTEMS"
119714,"030","","Vantage Point Consulting, Inc","CERAMIC TECHNOLOGY"
119731,"030","distinguished engr","Apple Inc","SYSTEMS ENGINEERING"
120132,"030","","MOORE INFOTECH INC","COMPUTER SCIENCE"
120150,"160","","DB USA Core Corporation","FINANCE"
120235,"030","","Tata Consultancy Services Limited","COMPUTER SCIENCE"
120553,"030","sr systems analyst","Cognizant Technology Solutions US Corp","COMPUTER SCIENCE"
120613,"030","machine learning enigneer","Apple Inc","COMPUTER ENGINEERIGN & COMPUTE"
121407,"033","","Brain Corporation","ENGINEERING MAJOR IN ROBOTICS"
121562,"030","research engineer","Amsted Rail Co., Inc.","MECHANICAL ENGINEERING"
121596,"","digital media developer","Trinitarian Bible Society","AUDIO VIDEO TECHNOLOGY"
121599,"132","content operations coordinator","NETSTAR US INC.","SPANISH LITERATURE"
121600,"030","","Apple Inc","ELECTRICAL ENGINEERING"
121951,"020","analyst merchant growth analytics","Uber Technologies, Inc.","BUSINESS ANALYTICS"
122009,"030","","Net Orbit Inc","BUSINESS ADMINISTRATION"
122152,"030","architect","Tata Consultancy Services Limited","MECHANICAL ENGINEERING"
122236,"030","soc 15 1132","URSI TECHNOLOGIES INC","COMPUTER SCIENCE OR EQUIVALENT"
122261,"039","dot net developer","ATOS SYNTEL INC","MASTER IN CMPTR APPLICATIONS"
122381,"030","","MOORE INFOTECH INC","COMP SCI"
122648,"030","","Apple Inc","COMPUTER SCIENCE"
122862,"189","director of research","FLAGLER INVESTMENT PARTNERS, LLC","FINANCE"
123018,"030","","Accenture LLP","COMPUTER ENGINEERING"
123195,"030","","Lucid Holdings, LLC","MASTER OF COMP SCI"
123300,"030","","HUMETIS TECHNOLOGIES INC","ELECTRONICS & COMMUNICATION EN"
123334,"012","","Valiant International, Inc.","IND & SYSTEMS ENGINEERING"
123621,"030","","Keerthan IT Solutions Inc","COMPUTER SCIENCE"
123760,"005","","T. Y. Lin International","CIVIL ENGRG"
123963,"039","rpa developer","QBOTICA INC","BACHELOR OF ENGINEERING"
124403,"030","asso specialist technology","SYNECHRON INC","ELECTRONICS & TELECOMMUNICATIO"
124534,"030","","SQA Concepts Inc","ELECTRONICS AND COMMUNICATION"
124834,"033","advisory consultant","Deloitte & Touche LLP","INFORMATION SYSTEMS"
125028,"160","","PRO METAL RECYCLING INC.","MASTER ECONOMICS BACHELOR ACCO"
125199,"019","","Thermo Fisher Scientific Inc.","LOGISTICS & SUPPLY CHAIN MANAG"
125250,"030","","Netline Technologies LLC.","COMPUTER SCIENCE"
125504,"003","systems engineer","Wi-Tronix, LLC","ELECTRICAL ENGINEERING"
125577,"050","","JPMorgan Chase & Co.","BUSINESS ANALYTICS"
125879,"160","","Chen & Fan Accountancy Corporation","ACCOUNTANCY"
125906,"079","","Bilinguals Inc.","SPEECH & LANGUAGE PATHOLOGY"
125983,"003","","Intel Corporation","ELECTRICAL AND COMPUTER ENGINE"
126042,"160","","Horizon Insights, Inc.","MBA"
126161,"001","","SIGMA7 DESIGN GROUP INC","ARCHITECTURAL & BLDG SCI TECH"
126269,"024","geological sample test","Lowa Gracas de Deus","GEOLOGY"
126340,"005","","Forell Elsesser Engineers, Inc.","CIVIL ENGINEERING"
126411,"005","","Manda Developers and Builders Private Limited","CIVIL ENGINEERING"
126474,"090","furnace operations engineer","Owens-Illinois General, Inc","CHEMICAL ENGINEERING"
126521,"030","","Prolific Technologies Inc","COMP SCI"
126638,"110","associate","Weil, Gotshal & Manges LLP","JURIS DOCTOR"
127011,"186","associate","REVERE CAPITAL MANAGEMENT, LP","STATISTICS AND ANALYTICS"
127080,"019","product engineer","Halomine Inc.","MATERIALS SCIENCE & ENGINEERIN"
127260,"","multimedia manager","Renee Sacks Associates, Inc.","DESIGN AND TECHNOLOGY"
127624,"030","applied scientist computer vision","Zillow, Inc.","ELECTRICAL ENGINEERING"
127645,"030","staff hardware engineer","Qualcomm Technologies, Inc.","INFORMATION TECHNOLOGY"
127856,"039","","BTI Solutions, Inc.","COMP INFO SYSTEMS"
127883,"030","","Virtual Systems Solutions, Inc.","INDUSTRIAL ENGINEERING"
128213,"186","","AMERICAN SERVICES GROUP LLC","BACHELOR OF SCIENCE IN TECHNIC"
128515,"030","manager","Cognizant Technology Solutions US Corp","ELECTRONIC ENGINEERING"
128561,"030","data scientist operations research","Apple Inc","INDUSTRIAL & SYSTEMS ENGINEERI"
128563,"030","","Apple Inc","COMPUTER ENGINEERING"
128706,"050","growth marketing analytics lead","SlideRule Labs, Inc.","ECONOMICS"
129025,"020","performance tracking optimizatio","Deluxe Corporation","MATHEMATICS & ECONOMICS"
129337,"030","ml research engineer","Apple Inc","ELECTRICAL ENGINEERING"
129401,"003","gpu engineer","Qualcomm Technologies, Inc.","COMPUTER SCIENCE"
129509,"030","","Niantic, Inc.","COMPUTER SCIENCE"
129729,"032","","KOYA CONSULTING INC","INFORMATION TECHNOLOGY"
129919,"030","validation consultant","Katalyst HealthCares & Life Sciences Inc.","CHEMISTRY"
130049,"030","","Amazon.com Services LLC","ENGINEERING SCIENCE"
130243,"030","","Apple Inc","ELECTRICAL ENGINEERING"
130475,"030","architect","Tata Consultancy Services Limited","COMPUTER INFORMATION SYSTEMS"
130538,"166","","VDart, Inc.","HUMAN RESOURCES MANAGEMENT"
130585,"030","","Apple Inc","ELECTRICAL ENGINEERING"
130775,"041","","American Preclinical Services, LLC","INTEGRATIVE BIOLOGY & PHYSIOLO"
130917,"172","engineer","Graycor Southern Inc.","CIVIL ENGINEERING"
130936,"030","developer","Mercury Financial LLC","COMPUTER SCIENCE"
131085,"079","","Janssen Research & Development, LLC","BIOMEDICAL ENGINEERING"
131119,"030","business analyst","CRAVE INFOTECH LLC","TECHNOLOGY"
131306,"030","full stack java developer","Welkin Technologies LLC","ELECTRICAL AND ELECTRONICS"
131346,"005","staff engineer","Fugro USA Land, Inc.","CIVIL ENGINEERING"
131536,"039","lead engineer","WIPRO LIMITED","INFORMATION TECHNOLOGY"
131705,"039","","L&T TECHNOLOGY SERVICES LIMITED","COMPUTER INFORMATION SYSTEMS"
131733,"030","","SILVERXIS, INC","MSTRS OF SCI IN INFO SYSS ENGI"
131817,"030","","Streams, Inc.","COMP SCI"
131882,"030","","Infosys Limited","ELECTRICAL AND ELECTRONICS ENG"
131935,"030","","Apple Inc","CHEMICAL ENGINEERING"
132341,"030","","IBM Corp","MASTER OF APPLIED COMPUTER SCI"
132617,"030","","ANSYS, Inc.","INFO SCI"
132622,"030","technical program mgr","Apple Inc","MANUFACTURING ENGINEERING"
132627,"030","hardware develop engineer","Apple Inc","MECH ENGRG"
133154,"005","traffic operations engineer","AECOM TECHNICAL SERVICES, INC.","CIVIL ENGINEERING"
133755,"030","mobile developer","Srivin Infosystems Inc","INFORMATION TECHNOLOGY"
133895,"041","","AN-L-IT-IKS, INC.","PHARMACEUTICAL ECONOMICS & POL"
134005,"160","","BREAKTIME CORNER MARKET LLC","ACCOUNTING"
134182,"","it product owner scrum master","Scottline LLC","COMPUTER ENGINEERING"
134352,"030","","Infinite Solutions Inc.","COMPUTER APPLICATIONS"
134421,"030","pega developer","Springshine Consulting, Inc.","COMPUTER SCIENCE"
134513,"030","","Apple Inc","GEOGRAPHIC ENGINEERING"
134784,"030","advanced business analyst","Kforce, Inc","MANAGEMENT AND INFORMATION SYS"
134959,"030","","Visam Technologies Inc","COMP SCI"
135089,"005","project consultant highway enginee","Civil & Environmental Consultants, Inc.","CIVIL ENGINEERING"
135141,"001","","ARCO National Construction, LLC","ARCHITECTURE"
135146,"030","engineering lead","viagogo Inc.","INFORMATION SYSTEMS"
135369,"030","systems analyst","Cognizant Technology Solutions US Corp","INFO TECH & MGT"
135755,"030","","Apple Inc","ELECTRICAL ENGINEERING"
135790,"141","animator designer ii","Buck Design LLC","GRAPHIC DESIGN"
136034,"","business analyst","A R Systems Inc.,","COMPUTER INFO SYSTEM"
136310,"186","","Columbia Partners New York, LLC","SALES MANAGEMENT"
136378,"030","","Apple Inc","COMPUTER ENGINEERING"
136624,"030","implementation engineer","Apple Inc","ELECTRICAL & COMPUTER ENGINEER"
136857,"199","business systems analyst","Arvato Systems North America, Inc.","BUSINESS ADMIN"
136922,"030","","Tata Consultancy Services Limited","COMPUTER SCIENCE"
136989,"030","design verification engineer elect","Apple Inc","ELECTRICAL ENGINEERING COMPUTE"
137175,"030","","NerdPine Solutions LLC","INFORMATION TECHNOLOGY"
137638,"030","","Risamsoft Inc","MASTER OF SCIENCE"
137915,"030","","Tech Mahindra Americas Inc.","COMPUTER APPLICATIONS"
138392,"030","","BER-IT, INC","INFORMATION TECHNOLOGY"
138788,"030","","Collaborate Solutions, Inc.","COMPUTER SCIENCE"
138818,"030","","Flexport, Inc.","BUSINESS ADMINISTRATION"
139051,"030","","Apple Inc","BUSINESS ADMINISTRATION"
139374,"039","","TBWA Worldwide Inc.","BUSINESS ANALYTICS"
139696,"030","","Apple Inc","ELEC & COMP ENGRG"
140007,"030","","Larsen & Toubro Infotech Limited","B TECH IN ELECTRONICS & COMMUN"
140197,"169","","Quickway Imports Inc.","BUSINESS ADMINISTRATION MANAGE"
140555,"030","","Cognizant Technology Solutions US Corp","APPLIED COMPUTER SCIENCE"
141212,"030","","Tata Consultancy Services Limited","CIVIL ENGINEERING"
141341,"141","","Technicolor Creative Services USA, Inc.","ANIMATION"
141412,"161","product manager","Intuit Inc.","PRODUCT MANAGEMENT"
141473,"030","","Apple Inc","MARKETING"
141682,"","tech architecture delivery sr mgr","Accenture LLP","BUSINESS ADMIN & COMPUTER ENGI"
141985,"030","","Itential, LLC","COMPUTER SCIENCE"
142248,"","ais identity svcs engineer","Eximius Systems Inc.","CYBER SECURITY"
142322,"","construction engineer","Juneau Associates, Inc, P.C.","CIVIL ENGINEERING"
142462,"030","","Aetna Resources LLC","COMPUTER SCIENCE"
142672,"160","accountant","Anytrek Corporation","BUSINESS ADMINISTRATION"
142778,"030","","Infosys Limited","SOFTWARE TECHNOLOGY"
143610,"030","","APPSTEK, INC","INFORMATION TECHNOLOGY"
143614,"030","","Kastech Solutions LLC","MSTR OF SCI IN INFO TECH MGT"
143895,"030","","IBM Corp","BACHELOR OF SCI IN COMP INFO S"
144007,"030","","Allied Solutions LLC","COMPUTER HUMAN INTERACTION DES"
144048,"030","","Suntek Corporations Inc","INFORMATION TECHNOLOGY MANAGEM"
144131,"110","associate","Cleary Gottlieb Steen & Hamilton LLP","LAW"
144133,"030","","Birlasoft Solutions Inc.","COMPUTER ENGINEERING"
144230,"030","","PIORION SOLUTIONS INC","COMPUTER SCIENCE"
144356,"030","","TAVANT TECHNOLOGIES, INC.","BACHELOR OF TECH COMP SCI & EN"
144455,"141","","Metaleap Design Inc","ADVERTISING"
144653,"020","product mgmt spec private equity","Markit North America, Inc.","FINANCE"
144760,"030","","Tata Consultancy Services Limited","COMPUTER INFORMATION SYSTEMS"
144881,"030","","IT Division Inc","ENGRG SCI"
144968,"019","","Global Engineering Resources, LLC","MCHANICAL ENGINEERING MR GARAS"
145102,"030","","Infolob Solutions, Inc.","COMP SCI"
145113,"031","","National Association on Drug Abuse Problems, NYS","TECHNOLOGY MANAGEMENT"
145591,"030","staff developer","Financial Industry Regulatory Authority, Inc","CYBERSECURITY"
145869,"030","data and applied scientist","Microsoft Corporation","INFORMATION SYSTEMS MANAGEMENT"
146147,"169","","Thinktown Education Inc.","INTEGRATED MARKETING COMMUNICA"
146251,"030","","VR ITECH CONSULTING LLC","INFORMATION TECHN MGT"
146306,"030","","Apple Inc","DATA ANALYTICS"
146367,"030","","TechTu Business Solutions, Inc.","INFO SCI"
146448,"030","business systems analyst","Apple Inc","MGMT INFO SYSTEMS"
146964,"030","","Qualcomm Technologies, Inc.","TELECOMMUNICATIONS INFORMATION"
147390,"030","","Athena Technology inc","INFO TECH"
147906,"110","","Latham & Watkins LLP","LAW"
148252,"030","","Apple Inc","COMPUTER ENGINEERING"
148323,"030","data scientist","Caremark, L.L.C.","INFORMATION TECHNOLOGY MGMT"
148420,"163","","Aspenstate, Inc.","SALES & MARKETING"
148474,"030","","Worldwide Technology Exchange Ltd.","COMPUTER ENGINEERING"
148660,"020","associate","PricewaterhouseCoopers LLP","ENGINEERING"
148797,"030","","Cigniti Technologies, Inc.","ELECTRONICS & COMMUNICATION EN"
149074,"030","","TechAspect Solutions, Inc.","INFO SYSS"
149088,"030","software development engineer soft","Apple Inc","COMPUTER SCIENCE AND MICROBIOL"
149395,"020","","ExlService.com, LLC","PHYSICS"
149420,"199","","Bank of America, N.A.","COMPUTER INFORMATION SYSTEMS"
149491,"030","hi designer","Apple Inc","GRAPHIC DESIGN"
149577,"030","strategic business developer","Apple Inc","MANAGEMENT"
149694,"030","","IBM Corp","BACHELOR OF SCI IN COMP SCI"
149795,"160","senior project accountant","LTS Managed Technical Services LLC","BUSINESS ADMINISTRATION AND MA"
149800,"030","","Sagitec Solutions, LLC","COMPUTER ENGINEERING"
150070,"030","solutions architect","SOURCE MANTRA, INC.","COMPUTER INFORMATION SCIENCE"
150384,"050","","CRA International, Inc.","EPIDEMIOLOGY"
150426,"019","","Magna Seating of America Inc.","TEXTILE ENGINEERING"
150523,"008","","MedExpert International, Inc.","CHEMICAL ENGINEERING"
150645,"030","full stack engineer","CLOUD BIG DATA TECHNOLOGIES LLC","MASTER OF SCI IN CMPTR SCI"
150651,"039","sr analyst sales operations analyt","Constant Contact, Inc.","MARKETING ANALYTICS"
150701,"030","","SYNECHRON INC","BACHELOR OF SCIENCE IN INFORMA"
150967,"030","","PIONEER CONSULTING LLC","COMPUTER AND INFORMATION SCIEN"
151144,"030","","Apple Inc","COMPUTER INFORMATION SYSTEMS"
151178,"030","","Apple Inc","ELEC ENGRG & COMP SCIENCES"
151295,"030","","Apple Inc","OPERATIONS MANAGEMENT"
152044,"003","","AtlasPower, Inc.","ELECTRICAL ENGRG"
152106,"039","java developer","V2Soft Inc.","COMPUTER SCIENCE"
152157,"030","","SPLN INTERNATIONAL LLC","MSTR OF COMP APPS"
152418,"160","","THOMPSON, PRICE, SCOTT, ADAMS & CO., P.A.","BUSINESS ADMINISTRATION"
152604,"160","","Macquarie Global Services USA LLC","ACCOUNTANCY"
152976,"030","consultant us","Infosys Limited","ELECTRICAL ENGINEERING"
152997,"030","","Tata Consultancy Services Limited","COMPUTER INFORMATION SYSTEMS"
153107,"030","","Molabs Media LLC","COMPUTER SCIENCE"
153182,"030","","TrueFort, Inc.","MASTERS OF SCIENCE IN COMPUTER"
153283,"030","","Cognizant Technology Solutions US Corp","INFORMATION TECHNOLOGY"
153360,"030","","The MathWorks, Inc.","COMPUTER SCIENCE"
153398,"012","","Intel Corporation","CHEMICAL ENGINEERING"
153735,"003","","RJE International Inc","ELECTRICAL ENGINEER"
153939,"160","revenue operations","MODERN LIFE, INC.","BUSINESS ADMINISTRATION"
154101,"030","","Concord USA, LLC","COMP SCI"
154123,"030","","Apple Inc","GRAPHIC DESIGN & VISUAL COMM"
154240,"030","solutions consultant","Google LLC","FINANCE"
154245,"059","","AUSTRALIANS IN FILM","MASS COMMS"
154289,"022","","Albany Molecular Research, Inc.","PHARMACEUTICAL ENGRG"
154367,"030","","Infosys Limited","TELE COMMUNICATION ENGINEERING"
154429,"030","","eMeteors Technology Inc","MASTER IN COMPUTER SCIENCE"
154606,"012","engineering associate","BrandFX, LLC","INDUSTRIAL TECHNOLOGY"
154652,"169","","Deloitte Consulting LLP","MASTER OF BUSINESS ADMIN"
154668,"050","","AMERICAN BANCARD, LLC","INTL ECONOMICS & FIN"
154696,"030","hardware systems engineer","Apple Inc","ELECTRICAL & COMPUTER ENGINEER"
155294,"030","","Mphasis Corporation","INFORMATION SYSTEMS"
155306,"030","machine learning research engineer","Apple Inc","ELECTRICAL & COMPUTER ENGINEER"
155543,"030","","Amazon.com Services LLC","BUSINESS ADMINISTRATION"
155655,"030","","Infosys Limited","COMPUTER SCIENCE AND ENGINEERI"
155664,"005","transportation consultant","IHS Global Inc.","CIVIL ENG WITH TRANSPORTATION"
156035,"030","","NeboSys INC","INFORMATION TECHNOLOGY MANAGEM"
156121,"030","machine learning engineer","Apple Inc","COMPUTER SCIENCE"
156215,"030","","Apple Inc","INFORMATION NETWORKING"
156397,"161","sr product and business insights a","TINYBEANS USA LTD","APPLIED ANALYTICS"
156469,"030","senior backend data engineer","PhysIQ, Inc","MASTER IN BUSINESS ANALYTICS"
156705,"007","controls engineer","CNH Industrial America LLC","MECHANICAL ENGINEERING"
156936,"020","","PricewaterhouseCoopers Advisory Services LLC","BUISINESS ADMINISTRATION"
156954,"030","","Leia, Inc.","ELECTRICAL ENGINEERING"
157003,"030","associate manager","Tredence Inc.","MASTER OF SCIENCE IN BUSINESS"
157022,"003","rf field intergration engineer","Fusion Solutions, LLC","ELECTRONIC ENGINEERING"
157225,"030","strategic business developer","Apple Inc","BUSINESS ADMINISTRATION"
157387,"030","","Apple Inc","MECHANICAL ENGINEERING"
157388,"165","","Kouhigh Inc","COMMUNICATIONS"
157948,"030","","Microsoft Corporation","INFORMATION SYSTEMS"
157984,"030","","Lucid Holdings, LLC","COMPUTER SCIENCE"
158043,"030","","Apple Inc","ELECTRICAL AND COMPUTER ENGRG"
158077,"033","","Semperon Systems Inc.","BUSINESS MANAGEMENT"
158474,"032","","PIONEER CONSULTING LLC","INFORMATION TECHNOLOGY"
158496,"030","research scientist engineer","Apple Inc","ELECTRICAL ENGINEERING"
158514,"030","","Birlasoft Solutions Inc.","COMPUTER APPLICATIONS"
158573,"030","specialized technology consulting","SYNECHRON INC","BUSINESS ANALYST & INFORMATION"
158859,"030","creative video producer","Interbiz Consulting LLC","MEDIA & CULTURAL STUDIES"
159127,"030","","WIPRO LIMITED","SOFTWARE ENGINEERING"
159314,"041","","BOEHRINGER INGELHEIM PHARMACEUTICALS, INC.","CHEMISTRY"
159402,"030","machine learnig research engineer","Apple Inc","COMPUTER SCIENCE"
159424,"030","hardware systems engineer electric","Apple Inc","ELECTRICAL ENGINEERING"
159756,"030","","Apple Inc","ELECTRICAL ENGINEERING"
159784,"030","","Apple Inc","COMMUNICATION DATA SCIENCE"
160047,"030","","ZS Associates, Inc.","BUSINESS ANALYTICS"
160334,"030","","Cimpress USA Incorporated","TECHNOLOGY MANAGEMENT U S EQUI"
160392,"001","","PLAT Studio Inc.","LANDSCAPE ARCHITECTURE"
160453,"039","","Cummins Inc.","COMPUTER SCIENCE"
160593,"030","","Kulicke & Soffa Industries, Inc.","COMPUTER AND INFORMATION SCIEN"
160944,"039","","ATOS SYNTEL INC","BACHELORS OF ENGRG IN ELECS &"
160973,"030","","Apple Inc","PHYSICS"
161143,"030","","HexaCorp LLC","ELECTRONICS & COMM ENGRG"
161367,"039","","JD.com American Technologies Corporation","COMP SCI"
161372,"160","senior accountant","Venture Back Office, LLC","MS-ACCOUNTING"
162581,"030","power engineer","Apple Inc","COMPUTER ENGINEERING"
162651,"030","","Oracle America, Inc.","COMPUTER SCIENCE"
162663,"160","audit development program auditor","Regions Bank","INFORMATION SYSTEMS MANAGMENT"
162876,"165","","VaynerCommere LLC","MECHANICAL ENGRG"
162950,"030","","Thumbtack, Inc.","STATISTICS & COMPUTER SCIENCE"
163616,"030","","Apple Inc","COMPUTER SCIENCE & TELECOM"
163629,"030","","Intuit Inc.","COMPUTER SCIENCE"
163790,"030","","W.L. Gore & Associates Inc","DIGITAL SCIENCES"
164397,"160","tax associate","Frank Rong CPA LLC","ACCOUNTING"
164603,"033","","Indigo Ag, Inc","ENGINEERING MANAGEMENT"
164640,"030","senior systems analyst","Cognizant Technology Solutions US Corp","COMPUTER INFO SYSTEMS"
164929,"033","","Amazon Web Services, Inc.","ANALYTICS / EVIDENCE-BASED MGT"
164956,"030","big data developer","Lambdanets Services LLC","MS DEGREE APPLIED COMPUTER SCI"
164967,"020","data scientist","Capital District Physicians' Health Plan, Inc.","STATISTICS"
165138,"073","veterinarian dvm","AV Pet Cure Inc.","MASTER OF PREVENTIVE VETERINAR"
165241,"030","system administrator","Tata Consultancy Services Limited","INFORMATION TECHNOLOGY"
165297,"030","","The MathWorks, Inc.","COMPUTER SCIENCE"
165697,"033","","Mortgage Research Center, LLC","COMPUTER SCIENCE"
165804,"030","","Formac, Inc.","SOFTWARE ENGINEERING"
166036,"030","","SYNECHRON INC","BACHELOR OF SCI IN COMP SCI"
166133,"031","","Hughes Network Systems LLC","ELECTRICAL AND COMPUTER ENGINE"
166377,"030","software developer engineer in tes","ConnectIQ Labs, Inc.","SOFTWARE ENGRG"
166423,"030","","SAP America, Inc.","ELECTRICAL ENGRG"
166538,"019","senior scientiest product","Kimberly-Clark Global Sales LLC","MANUFACTURING SYSTEMS MGMT"
166544,"029","data analyst","iSpring Water Systems, LLC","GLOBAL FINANCE"
166840,"030","hardware development engineer","Apple Inc","ELECTRICAL ENGINEERING"
166913,"030","","Cognizant Technology Solutions US Corp","APPLIED COMPUTER SCIENCE"
167056,"030","","California Creative Solutions, Inc.","COMP SCI"
167090,"199","","Bloomberg LP","MS COMPUTING & INFORMATION SCI"
167118,"141","","Patagonia Works","GRAPHIC DESIGN"
167144,"169","","Bechtel Enterprises, Inc.","ANALYTIC FINANCE FINANCE INTL"
167145,"007","sr vehicle safety engineer","RIVIAN AUTOMOTIVE, LLC","INDUSTRIAL ENGINEERING"
167341,"030","","Apple Inc","ELECTRICAL AND COMPUTER ENGINE"
167596,"022","formulation r d scientist","Perrigo Research and Development Company","PHARMACEUTICAL SCIENCES"
167826,"030","supply demand planner","Apple Inc","BUSINESS ADMINISTRATION"
168471,"030","sdet soft dev engr in test soc","MOORE INFOTECH INC","COMPUTER SCIENCE"
168578,"030","implementation spec","Gaea Global Technologies, Inc.","ELECTRICAL ENGRG"
168669,"050","","JPMorgan Chase & Co.","ACCOUNTING"
169161,"030","","Apptad Inc.","COMP INFO SYSS EQUIVALENCY"
169346,"030","java developer","Baanyan Software Services, Inc.","COMPUTER SCIENCE"
169450,"007","occ mgr","JAD & Associates LLC","SCIENCE OF MECHANICAL ENGINEER"
169950,"030","","URSI TECHNOLOGIES INC","COMPUTER SCIENCE OR EQUIVALENT"
170092,"020","statistician","The Northern Trust Company","BUSINESS ANALYTICS"
170171,"030","","Apple Inc","COMPUTER SCIENCE"
170336,"012","quality engineer ii","Becton, Dickinson and Company","INDUSTRIAL SYSTEMS ENGINEERING"
170338,"160","","PricewaterhouseCoopers LLP","ECONOMICS"
170531,"160","accounting manager","JAD & Associates LLC","SCIENCE IN COMMERCE MAJOR IN A"
170855,"019","","Aurolife Pharma LLC","MECHANICAL ENGINEERING"
171030,"030","","Apple Inc","COMPUTER SCIENCE"
171042,"019","exempt non officer","Credit Suisse Securities USA LLC","INFORMATION TECH MANAGEMENT"
171610,"030","","Apple Inc","MATERIALS SCI AND ENGINEERING"
171865,"020","","Homesite Group, Inc.","STATISTICAL PRACTICE"
172694,"030","","URSI TECHNOLOGIES INC","COMP SCI OR EQUIVALENT"
172776,"030","business systems analyst","Savvy IT Group Inc","AEROSPACE ENGINEERING"
172777,"030","coe expert","Nebula Partners LLC","APPLIED COMPUTER SCIENCE"
173821,"030","","SurePrep, LLC","COMPUTER SCIENCE"
173865,"012","","VAStek, Inc.","MECHANICAL ENGINEERING"
174011,"160","","Chen & Fan Accountancy Corporation","ACCOUNTING"
174016,"030","analyst","Tata Consultancy Services Limited","MECHANICAL ENGINEERING"
174069,"030","computer system analyst","Universal System Technologies, Inc.","TECHNOLOGY"
174292,"030","","Thermo Fisher Scientific Inc.","COMPUTER SCIENCE"
174434,"030","","Apple Inc","ELEC AND COMPUTER ENGINEERING"
174644,"189","consultant","Bain & Company, Inc.","BUSINESS ADMINISTRATION"
174837,"039","it governance risk compliance sp","Radisson Hospitality, Inc.","INFORMATION ASSURANCE"
175114,"186","","Novo Platform Inc.","FINANCE"
175651,"045","school based clinician i","VOLUNTEERS OF AMERICA OF ALASKA","CLINICAL MENTAL HEALTH COUNSEL"
176650,"030","","Amazon.com Services LLC","SOFTWARE ENGINEERING"
176879,"030","technology lead us","Infosys Limited","COMPUTER APPLICATIONS"
177539,"030","","MaxoTech Solutions LLC","COMP APPS"
177765,"030","","Tata Consultancy Services Limited","COMPUTER SCIENCE"
177789,"030","powertrain virtual anallysis engin","TEC Group, Inc.","AUTOMOTIVE SYSTEMS ENGINEERING"
177821,"030","","Tata Consultancy Services Limited","INFORMATION SERVICES"
177994,"030","","Apple Inc","NANO PHOTONICS"
178011,"039","research scientist","JD Finance America Corporation","COMPUTER SCIENCE"
178105,"030","","CPC Technologies","MECHANICAL ENGINEERING"
178453,"030","salesforce developer onet 15 1132","URSI TECHNOLOGIES INC","COMPUTER SCIENCE OR EQUIVALENT"
178553,"030","","IBM Corp","MSTR OF SCI IN SOFTWARE ENGRG"
179051,"030","","Tata Consultancy Services Limited","COMPUTER SCIENCE"
179273,"039","database administrator iii","BOSTON PHARMA LLC","BUSINESS ADMINISTRATION"
180125,"040","","Seneca Foods Corporation","PLANT BREEDING AND GENETICS"
180365,"030","","Apple Inc","COMPUTER SCIENCE"
180629,"030","big data developer","Sacrosanctinfo LLC","COMPUTER SCIENCE"
181057,"030","","3i Infotech Inc.","COMPUTER INFORMATION SYSTEMS"
181133,"030","","SOFTIVA CORP","COMP INFO SYSS"
181219,"161","","The Boston Consulting Group, Inc.","BUSINESS ADMINISTRATION"
181565,"160","","Zillow, Inc.","ACCOUNTING"
182290,"160","staff accountant","Chen & Fan Accountancy Corporation","ACCOUNTANCY"
182447,"030","","Consulting Technology Services Inc","ELECTRONICS & COMMUNICATION EN"
182801,"160","","Chen & Fan Accountancy Corporation","ACCOUNTANCY"
183101,"030","","Facebook, Inc.","TELECOMMUNICATIONS ENGINEERING"
183213,"030","","Qualcomm Atheros, Inc.","COMPUTER ENGINEERING"
183289,"030","","Spotify USA, Inc.","COMPUTER SCIENCE"
183386,"160","staff accountant","AMERICAN FUTURE TECH CORP","ECONOMICS AND ACCOUNTING"
183586,"199","","LSEGH, Inc.","MARKETING ANALYTICS"
183656,"039","","Amazon.com Services LLC","INFORMATION TECHNOLOGY AUDITIN"
183714,"007","hardware development engr","Apple Inc","MECHANICAL ENGINEERING"
183951,"163","","Myovant Sciences, Inc.","BUSINESS ADMINISTRATION"
184232,"030","architect","Tata Consultancy Services Limited","COMP ENGRG"
184756,"030","manager","Cognizant Technology Solutions US Corp","APPLIED COMPUTER SCIENCE"
184856,"030","","Apple Inc","ELECTRONIC ENGINEERING"
184886,"030","worldwide enterprise mobility part","Apple Inc","ECONOMICS & FINANCE"
184943,"030","","GMA SOFT, INC.","PROJECT MANAGEMENT"
185045,"030","","Boston Scientific Corporation","ELECTRONIC ENGRG"
185174,"030","","Apple Inc","INFORMATION NETWORKING"
185578,"030","","Ashling Partners, LLC","ENGINEERING"
185579,"030","network engineer","Servesys Corporation","COMPUTER SCIENCE"
185634,"030","sr analyst analytics","Nestle Healthcare Nutrition, Inc.","BUS ANALYTICS & INFO MGT"
186042,"030","","Shriyan Software LLC","COMPUTER SCIENCE"
186056,"030","","Cricut, Inc.","COMPUTER SCIENCE"
186363,"003","","Intel Corporation","ELECTRICAL ENGRG"
186527,"030","","HP Infosystem LLC","COMPUTER AND INFORMATION SCIEN"
186841,"030","","Apple Inc","CHEMISTRY"
186956,"001","design staff i","BOWER LEWIS THROWER ARCHITECTS LTD","ARCHITECTURE"
187100,"030","","Acetech Group Corporation","HAS EQUIVALENT TO COMPUTER SCI"
187113,"030","","SHOOLIN, INC","INFO TECH MGT"
187336,"030","application specific integrated ci","Apple Inc","ELECTRICAL ENGINEERING"
187352,"030","aem architect","Consult to Hire LLC","COMPUTER INFORMATION SYSTEMS"
187401,"030","senior systems analyst","Cognizant Technology Solutions US Corp","COMPUTER INFORMATION SYSTEMS"
187546,"030","","Apple Inc","MECHANICAL ENGINEERING"
187735,"030","","IBM Corp","BACHELOR OF SCI IN COMP INFO S"
188115,"030","","IBM Corp","BACHELOR OF SCIENCE IN COMPUTE"
188176,"030","senior systems analyst","Cognizant Technology Solutions US Corp","ELECTRONIC ENGINEERING"
188201,"030","","Overstock.com, Inc.","COMPUTER SCIENCE"
188463,"003","senior reliability engineer","Tesla, Inc.","INDUSTRIAL & SYSS ENGRG & STAT"
188648,"030","developer ii java","Gentis Solutions, LLC","INFORMATION SYSTEMS MANAGEMENT"
189043,"160","","MK Asset Management, LLC","BUSINESS ADMINISTRATION"
189100,"039","andriod developer","Quality Theorem LLC","COMPUTER SCIENCE & ENGINEERING"
189308,"030","","Sallie Mae Bank","COMPUTER INFORMATION SYSTEMS"
189506,"030","","Apple Inc","PHYSICS BACHELORS IN USER EXPE"
189535,"030","","Itlize Global, LLC.","INFORMATION SYSTEMS TECHNOLOGI"
189642,"030","","Robinhood Markets, Inc.","COMPUTER SCIENCE"
189705,"030","machine learning engineer","Apple Inc","ELECTRICAL ENGINEERING"
189902,"169","ventures analyst","Plug and Play LLC","FINANCE"
189967,"030","user experience design specialist","SAP America, Inc.","INFORMATION"
190026,"022","growth associate","Eetho Brands Inc.","CHEMISTRY"
190040,"003","engineer","Siemens Industry Software Inc.","ELECTRICAL ENGINEERING"
190053,"189","dir of tennis","HCC Mississippi, LLC","BUSINESS ADMINISTRATION"
190057,"030","sap abap crm principal consultant","Logic Loops LLC","US EQUIVALENT BACHELOR OF SCIENCE IN COMPUTER SCIENCE"
190088,"030","it manager","CCL Label Inc.","IT MANAGEMENT"
190252,"041","research scientist","New England Biolabs, Inc.","MOLECULAR AND SYSTEMS BIOLOGY"
190287,"159","interface development expert","APM Terminals North America Inc.","INFORMATION TECHNOLOGY"
190312,"012","engineering change coordinator","Faurecia USA Holdings, Inc.","INDUSTRIAL AND SYSTEMS ENGINEERING"
190321,"030","strategic planning manager","NIKE INC.","BUSINESS ADMINISTRATION"
190393,"020","analyst sr analyst revenue management development","American Airlines, Inc.","QUANTITATIVE MANAGEMENT"
190506,"168","senior clinical operations regulatory specialist","Unicon Pharma Inc.","HEALTHCARE INFORMATICS"
190621,"030","data analyst","DPR Construction, A General Partnership","INFORMATION MANAGEMENT"
190723,"039","digital data platform sr analyst","United Parcel Service General Services Co.","COMPUTER SCIENCE"
190756,"119","employment law case manager","Disparti Law Group, P.A.","JURIS DOCTOR"
190855,"008","manager process engineer","Applied Materials, Inc.","CHEMICAL ENGINEERING"
190864,"","data scientist","nZero, Inc","COMPUTER SCIENCE"
190887,"039","application engineer architect customer engagement","Cadence Design Systems, Inc.","ELECTRONIC ENGINEERING"
190986,"030","","Incapsulate, LLC","MANAGEMENT INFORMATION SYSTEMS"
191030,"012","tos ci process manager","Detroit Diesel Corporation","MECHANICAL ENGINEERING"
191040,"142","textile product designer","Textiles From Europe, Inc.","FASHION DESIGN"
191086,"030","sftw engr","Cruise LLC","COMPUTER SCIENCE"
191095,"030","r d engineer","Align Technology, Inc.","MECHANICAL ENGINEERING"
191132,"007","advanced engineer","INNIO Waukesha Gas Engines, Inc.","MECHANICAL AND ENERGY ENGINEERING"
191252,"030","software application developer","US Software Group Inc","COMPUTER SCIENCE AND COMPUTER APPLICATAION"
191392,"005","civil engineer","BMJ Engineers & Surveyors, Inc.","CIVIL ENGINEERING"
191433,"003","commodity buyer","Volkswagen Group of America, Inc.","ELECTRICAL ENGINEERING"
191473,"007","","Siemens Industry Software Inc.","AEROSPACE ENGINEERING"
191498,"039","","Galatea Associates, LLC","COMP SCI"
191505,"030","","Apple Inc.","COMPUTER SCIENCE AND MATHEMATICS"
191583,"030","","Apple Inc.","ELEC & COMP ENGRG"
191763,"031","network support specialist","Bigleaf Networks, Inc.","ELECTRICAL ENGINEERING"
191838,"030","associate","LatentView Analytics Corporation","COMPUTER INFORMAITON SYSTEMS"
191909,"169","trading desk operations specialist","Jane Street Group, LLC","FINANCIAL ENGINEERING"
192135,"161","pricing and valuation analyst","Chicago Mercantile Exchange Inc.","FINANCE"
192215,"030","sdet software development engr in test","Ursi Technologies Inc","COMPUTER SCIENCE OR EQUIVALENT"
192218,"166","head of hr international","BAM Management US Holdings Inc.","FINANCE"
192249,"030","data engineer ii","NCR Corporation","ELECTRONIC ENGINEERING"
192310,"030","senior backend developer","EMERGTECH BUSINESS SOLUTIONS INC","MASTER OF BUSINESS ADMINISTRATION INFORMATION TECHNOLOGY"
192373,"119","legal assistant","Earthrights International","MASTER OF ARTS IN INTERNATIONAL AND AFFAIRS"
192419,"041","bioinformatics scientist","D. E. Shaw Research, LLC","BIOCHEMISTRY"
192441,"039","bi developer","LatentView Analytics Corporation","BACHELOR OF TECHNOLOGY IN INFORMATION TECHNOLOGY"
192473,"039","senior software developer","Randstad Technologies, LLC","COMPUTER SCIENCE"
192610,"030","data engineer","Vitesse Group Inc","AGRICULTURE CHEMISTRY"
192655,"030","dev ops engineer","Ursi Technologies Inc","COMPUTER SCIENCE OR EQUIVALENT"
192788,"003","test engineer","Populus Group LLC","ELECTRICAL AND COMPUTER ENGINEERING"
192790,"030","","Apple Inc.","COMP SCI"
192818,"030","assoc sftw engr","JPMorgan Chase & Co.","COMP SCI"
192874,"003","physicist scientist","Applied Materials, Inc.","ELECTRICAL AND COMPUTER ENGINEERING"
192917,"039","product manager","KAYAK Software Corporation","INTEGRATED DESIGN AND MANAGEMENT"
193047,"030","application developer java full stack","IBM Corporation","ELECTRICAL AND ELECTRONIC ENGINEERING"
193054,"022","research scientist engineer","Apple Inc.","BIOCHEMISTRY"
193096,"030","test consultant 2","Capgemini America, Inc.","ELECTRONICS ENGINEERING"
193106,"007","test engineer ii","Medtronic, Inc.","ELECTRICAL AND COMPUTER ENGINEERING"
193122,"039","","Microsoft Corporation","PHD IN GEOGRAPHY AND MASTERS IN GEOGRAPHY AND GEOSPATIAL INFORMATION SCIENCE AND ENGINEERING"
193158,"033","senior associate jc60","Cognizant Technology Solutions US Corp","COMP ENGRG"
193281,"030","embedded systems engineer","Meta Platforms, Inc.","COMPUTER ENGINEERING"
193297,"003","antenna engineer","John Mezzalingua Associates, LLC","ELECTRONICS AND TELECOMMUNICATIONS ENGINEERING"
193378,"030","data engineer","Softnet LLC","COMPUTER SCIENCE"
193410,"186","management analyst","CTBC Bank Corp. USA","INTERNATIONAL BUSINESS"
193514,"195","","HOLA Ohio","INTERNATIONAL RELATIONS"
193519,"030","data scientist","Meta Platforms, Inc.","ECONOMETRICS AND QUANTITATIVE ECONOMICS"
193703,"189","associate consultant","Bain & Company, Inc.","ECONOMICS"
193757,"030","","Apple Inc.","INDUSTRIAL ENGRG"
193774,"039","product manager iii","Amazon Development Center U.S, Inc.","MASTERS DEGREE BUSINESS ADMINISTRATION BACHELORS DEGREE ELECTRICAL ENGINEERING AND COMPUTER SCIENCES"
193783,"030","senior associate i data analyst","Turnberry Solutions Inc","INFORMATION SYSTEMS"
193882,"030","security architect","IBM Corporation","MANAGEMENT INFORMATION SYSTEMS"
193951,"003","rf wireless staff engineer","Renesas Electronics America Inc.","ELECTRICAL ENGINEERING (ELECTRONIC CIRCUITS & SYSTEMS)"
194099,"199","associate financial engineer","MOODY'S ANALYTICS, INC.","QUANTITATIVE FINANCE"
194182,"001","architectural designer","Quarra Stone Company LLC","ARCHITECTURE DESIGN AND RESEARCH"
194204,"199","senior associate data science","Capital One Services, LLC","DATA SCIENCE"
194315,"161","consultant","The Boston Consulting Group, Inc.","BUSINESS ADMINISTRATION"
194354,"007","cost driving engineer electrification","BorgWarner PDS Anderson LLC","MECHANICAL ENGINEERING"
194377,"030","hr lead","Ksquare Solutions, Inc.","HUMAN RESOURCES"
194437,"030","","Infosys Limited","COMPUTER SCIENCE"
194451,"199","technical talent analyst","Collabera, Inc.","MASTER OF SCIENCE"
194455,"199","associate management consultant","McKinsey & Company, Inc. United States","CHEMICAL ENGINEERING"
194478,"003","product manager","Ryzac, Inc.","ELECTRICAL ENGINEERING CONCENTRATION IN COMPUTER ENGINEERING"
194582,"030","sr test engineer","SUN CLOUD LLC","INFORMATION SCIENCE"
194584,"030","","Cognizant Technology Solutions US Corp","APPLIED COMPUTER SCIENCE"
194599,"110","associate","Law Offices of Mike P. Gao, P.C.","LAW JURIS DOCTOR"
194615,"019","research scientist","Palo Alto Research Center, Inc.","MECHANICAL ENGINEERING"
194646,"039","","MicroStrategy Incorporated","DESIGN SCIENCE"
194711,"005","nde engineer","Space Exploration Technologies Corp.","STRUCTURAL ENGINEERING"
194786,"039","ux researcher makerting analyst 2","Dynatrace LLC","EDUCATIONAL TECHNOLOGY AND APPLIED LEARNING SCIENCES"
195011,"030","","Deloitte Consulting LLP","ELECTRONICS AND COMMUNICATIONS ENGRG"
195042,"030","business systems analyst","Tangent Technologies LLC","INDUSTRIAL TECH AND OPERATIONS"
195131,"003","engineer","Dominion Energy Technical Solutions, Inc","ELECTICAL AND COMPUTER ENGINEERING"
195186,"011","","Dresser-Rand Company","INDUSTRIAL ENGINEERING TECHNOLOGY"
195222,"030","business data analyst","Intuit Inc.","ELECTRONICS ENGINEERING"
195292,"097","afterschool enrichment math teacher","The Russian School of Mathematics, Inc.","PHYSICS"
195293,"007","sr engineer r d","Edwards Lifesciences LLC","MECHANICAL & MANUFACTURING ENGINEERING"
195397,"033","","Cognizant Technology Solutions US Corp","COMPUTER INFORMATION SYSTEMS"
195434,"019","associate product manager","Superpedestrian, Inc.","CITY PLANNING"
195462,"030","java full stack developer","Intellisoft Systems LLC","MASTER OF SCIENCE"
195479,"199","senior advisor product management","Dell Marketing L.P.","BUSINESS ADMINISTRATION"
195582,"050","senior analyst","McKinsey & Company, Inc. United States","APPLIED ECONOMICS"
195602,"030","","Cubic Technologies LLC","COMPUTER SCIENCE"
195669,"165","paid social coordinator","PMG Worldwide LLC","JOURNALISM"
195695,"999","sushi chef","Dawn Sushi Corporation","BUSINESS ADMINISTRATION"
195882,"039","technical business data analyst","Smart IT Staffing, Inc.","INFORMATION SYSTEMS"
196055,"199","associate management consultant","McKinsey & Company, Inc. United States","BUSINESS ADMINISTRATION"
196064,"030","","AppLovin Corporation","INFORMATION SYSTEMS AND TECHNOLOGIES"
196080,"030","digital design consultant","Trimble Inc.","BUILDING SCIENCES"
196143,"007","systems engineer performance testing","Siemens Energy, Inc.","MECHANICAL ENGINEERING"
196235,"169","vice president","Morgan Stanley Services Group Inc.","COMMERCE"
196254,"039","sftw engineer","Twilio Inc.","COMP ENGRG"
196322,"141","","Apple Inc.","DESIGN AND HUMAN-COMPUTER INTERACTION"
196457,"039","consultant","ClearView Healthcare Partners","BIOLOGY"
196459,"030","application developer","Teamitserve Inc","MASTERS OF SCIENCE"
196504,"030","oracle cloud analyst","Avalon Software Services LLC","BUSINESS ADMINISTRATION"
196581,"039","programmer i","Disbelief, LLC","ENTERTAINMENT ARTS AND ENGINEERING"
196597,"033","autonomous technology systems integration engineer","Daimler Truck North America, LLC","ELECTRICAL AND COMPUTER ENGINEERING"
196644,"003","electronic and test engineer","ZeroAvia, Inc.","ELECTRICAL ENGINEERING"
196661,"030","machine learning engineer software developer systems softwar","Apple Inc.","COMPUTER INFO SYSTEMS & MATERIALS SCIENCE & ENGINEERIN"
196671,"199","associate management consultant","McKinsey & Company, Inc. United States","BUSINESS ADMINISTRATION"
196785,"199","financial engineer","MOODY'S ANALYTICS, INC.","MATHEMATICS AND STATISTICS"
196853,"020","","Guy Carpenter & Company LLC","ACTUARIAL SCIENCE"
196859,"030","director solutions engineering","CaptivateIQ,Inc.","COMPUTER SCIENCE"
196943,"030","it project group manager","Citicorp Credit Services, Inc. USA","INFORMATION TECHNOLOGY"
196989,"030","sr techinical architect","Pentangle Tech Services LLC","BACHELOR OF SCIENCE IN ELECTRONICS ENGINEERING"
197026,"164","digital marketing manager","The Firstgen Agency LLC","INTERNATIONAL MARKETING"
197052,"008","process engineer","Cyanco International, LLC","CHEMICAL ENGINEERING"
197095,"041","embryologist","Exemplar Genetics LLC","DEVELOPMENTAL BIOLOGY AND EMBRYOLOGY/ANIMAL SCIENCE"
197154,"199","senior knowledge analyst","McKinsey & Company, Inc. United States","ENVIRONMENTAL SCIENCE AND POLICY"
197233,"169","analyst 1","Moelis & Company Group LP","FINANCE"
197272,"030","systems engineer","GEX Management, Inc","COMPUTER SCIENCE AND ENGINEERING"
197333,"001","junior designer","Wimberly Allison Tong & Goo N.A. Inc.","ARCHITECTURE"
197361,"030","","Ursi Technologies Inc","COMP SCI OR EQUIVALENT"
197450,"030","react js developer","Advithri Technologies LLC","INFORMATION SYSTEMS SECURITY"
197481,"030","senior professional product developer","Computer Sciences Corporation","DATA SCIENCE"
197555,"161","consultant","The Boston Consulting Group, Inc.","PUBLIC ADMINISTRATION BUSINESS ADMINISTRATION"
197585,"030","devops engineer","Trans American Information Systems, Inc.","ELECTRICAL ENGINEERING"
197603,"030","bi analyst b2b ecommerce","Adi Worldlink, LLC","INFORMATION TECHNOLOGY"
197722,"030","devops engineer","RedShift Technologies LLC","COMPUTER SCIENCE"
197755,"030","devops engineer","AutoNation, Inc.","COMPUTER SCIENCE"
197759,"031","data analyst","Conflux Systems, Inc","COMPUTER APPLICATIONS"
197830,"039","sr staff technical lead sw qa","FireEye Security Holdings US LLC","SOFTWARE ENGRG"
197889,"199","associate management consultant","McKinsey & Company, Inc. United States","MANAGEMENT SCIENCE"
197905,"003","","Knapp Inc.","ELECTRICAL ENGRG"
198028,"030","data scientist","Wal-Mart Associates, Inc.","POLITICAL SCIENCE M S STATISTICS"
198056,"030","","Platinum Infosys Inc","COMPUTER APPLICATIONS"
198126,"030","","Srivin Infosystems Inc","EMBEDDED SYSTMES"
198149,"030","senior curriculum developer","Ryzac, Inc.","COMPUTER SCIENCE AND VISUAL ARTS"
198158,"030","back end developer","Terrasmart, Inc.","INFORMATION SYSTEMS"
198187,"030","automation test specialist","Convergence Acceleration Solutions LLC","INFORMATION TECHNOLOGY MANAGEMENT"
198219,"161","consultant","The Boston Consulting Group, Inc.","BUSINESS ADMINISTRATION"
198228,"039","data engineeri","Tekshapers Inc","US MASTER OF SCIENCE IN HEALTH INFORMATICS EDUCATION EQUIVALENT TO US BACHELORS DEGREE OF COMPUTER ENGINEERING"
198280,"030","principal engineer systems engineer","VERIZON DATA SERVICES LLC","ELECTRONIC ENGINEERING"
198305,"007","","Airbus Americas, Inc.","AEROSPACE ENGINEERING"
198582,"020","marketing scientist strategist","Blend360 LLC","STATISTICS"
198626,"184","","Concierge Auctions, LLC","BUSINESS ADMINISTRATION"
198655,"012","quality engineer","Vitesco Technologies USA, LLC","INDUSTRIAL ENGINEERING"
198781,"003","associate product manager","SmartBear Software Inc.","ENGINEERING"
198784,"005","engineer ports maritime","Jacobs Civil Consultants, Inc.","CIVIL ENGINEERING"
198793,"041","scientist cell therapy","Cytovia Therapeutics, Inc.","MEDICAL SCIENCES"
198798,"030","consultant us","Infosys Limited","Finance"
198801,"030","it consultant enterprise solutions","The Boston Consulting Group, Inc.","COMPUTER INFORMATION SYSTEMS"
198821,"039","associate technical consultant","Salesforce.com, Inc.","INFORMATION MANAGMENT"
198847,"030","senior technical marketing manager","Red Hat, Inc.","BUSINESS ADMINISTRATION"
198873,"110","law clerk","Cooley, LLP","LAW"
198874,"160","fso tax staff transfer pricing itts","Ernst & Young U.S. LLP","FINANCE"
198880,"030","engineer","Ibase Of Fairfield County, LLC","ENGINEERING"
198973,"160","trade operations developer fqa","Verition Group LLC","FINANCIAL ENGINEERING"
199124,"020","senior budget analyst commercial property managenent","BH Central Services LLC","ACCOUNTING & FINANCIAL MANAGEMENT"
199184,"110","associate attorney","Mayer Brown LLP","LAW"
199188,"030","sftw engr ii","Sezzle, Inc.","COMPUTER SCIENCE"
199200,"030","software qa analyst and tester","Technosoft Corporation","COMPUTER AND INFORMATION SCIENCE"
199308,"030","engineer","Tezerakt LLC","INFORMATION SYSTEMS TECHNOLOGIES"
199345,"189","senior vp of customer success and chief customer officer cco","BMC Software, Inc.","TECHNOLOGY MANAGEMENT"
199362,"199","business analyst management consultant","McKinsey & Company, Inc. United States","CHEMICAL ENGRG"
199473,"189","senior supply chain ai","Invent Analytics, LLC.","ENGINEERING MANAGEMENT"
199538,"030","systems analyst","AF&G LLC","ELECTRICAL ENGINEERING"
199543,"169","data scientist i","SparkCognition, Inc.","FINANCIAL ENGINEERING"
199545,"039","implementation analyst","BROADRIDGE FINANCIAL SOLUTIONS, INC.","INFORMATION SYSTEMS AND ACCOUNTING"
199576,"030","","Tavant Technologies Inc","BACHELOR OF SCIENCE DEGREE IN ELECTRONIC ENGINEERING"
199627,"020","sr operations analyst","NEAL ANALYTICS, LLC","ENGINEERING"
199797,"030","architect","Tata Consultancy Services Limited","INFORMATION TECHNOLOGY AND ANALYTICS"
199804,"030","business analyst","Codex Software Solutions Inc","COMPUTER APPLICATION"
199922,"189","","WorkBoard Inc.","BUSINESS MBA"
199935,"030","application developer","Astir Technologies LLC","ELECTRONICS ENGINEERING"
200015,"169","manager appraisals","Fund That Flip, Inc.","BUSINESS ADMINISTRATION"
200024,"007","technology program leader","Regal Rexnord Corporation","MECHANICAL ENGINEERING"
200155,"049","life sciences specialist","L.E.K. Consulting LLC","MOLECULAR BIOLOGY"
200179,"015","data scientist","SPRINGCOIN, INC.","DATA SCIENCE"
200259,"039","","American Express Company","MECHANICAL ENGINEERING"
200269,"030","lead technical architect","TechCORE Management Solutions Services LLC","COMPUTER ENGINEERING"
200283,"030","software development engineering advisor ii","Fiserv Solutions, LLC","COMPUTER ENGINEERING"
200322,"199","data scientist","McKinsey & Company, Inc. United States","MANAGEMENT INFORMATION SYSTEMS"
200325,"169","hw commodity specialist ii","Amazon Data Services, Inc.","SUPPLY CHAIN MANAGEMENT"
200403,"030","applied cryptographer","Manta Ray Labs, Inc.","COMPUTER SCIENCE"
200413,"189","consultant","Bain & Company, Inc.","BUSINESS ADMIN"
200521,"059","data scientist","Biomason Inc.","INFORMATION TECHNOLOGY AND MANAGEMENT"
200568,"039","solutions architect","NVIDIA Corporation","GEOPHYSICS"
200610,"030","it technical trainer","Info Junction LLC","COMPUTER SCIENCE AND ENGINEERING"
200636,"169","","JPMorgan Chase & Co.","BUSINESS ANALYTICS"
200647,"030","sap abap consultant","Atruz Solutions LLC","ELECTRONIC AND COMMUNICATION ENGINEERING"
200655,"030","associate analyst csg product senior specialist","Salesforce.com, Inc.","ANALYTICS PROFESSIONAL STUDIES"
200720,"039","systems engineer battery","Freudenberg Battery Power Systems, LLC","MECHANICAL ENGINEERING"
200794,"039","full stack developer","FireEye Security Holdings US LLC","COMPUTER SCIENCE"
200832,"030","mobile application developer","Ursi Technologies Inc","COMPUTER SCIENCE OR EQUIVALENT"
200991,"072","","Patricia Arroyo DDS Corporation","DENTISTRY"
201004,"160","analyst","The Ayco Company L.P., A Goldman Sachs Company","FINANCE"
201055,"030","engineer 1","McKinsey & Company, Inc. United States","INFORMATION TECHNOLOGY"
201075,"030","","APPLIXA TECHNOLOGIES LLC","ELECTRICAL AND ELECTRONICS ENGINEERING"
201083,"050","mss commodities analyst","Citigroup Energy Inc.","COMPUTER SCIENCE AND ECONOMICS"
201163,"161","associate management consultant","McKinsey & Company, Inc. United States","EPIDEMIOLOGY AND CLINICAL RESEARCH"
201177,"030","azure data lake developer","Thinklusive Inc.","COMPUTER SCIENCE AND ENGINEERING"
201178,"169","director consulting services","CGI Technologies and Solutions Inc.","APPLIED SCIENCE"
201197,"030","java full stack developer","Collaborate Solutions Inc","COMPUTER TECHNOLOGY"
201295,"030","business analyst i","Amazon.com Services LLC","INDUSTRIAL ENGINEERING"
201401,"199","associate management consultant","McKinsey & Company, Inc. United States","ENDOCRINOLOGY"
201484,"012","supply chain specialist","Unimacts Global LLC","INDUSTRIAL ENGINEERING"
201530,"039","data and appliied scientist","Microsoft Corporation","COMPUTER SCIENCE"
201561,"199","associate management consultant","McKinsey & Company, Inc. United States","BUSINESS ADMINISTRATION"
201625,"030","","Cognizant Technology Solutions US Corp","COMPUTER ENGRG"
201632,"030","software developer applications","RJT Compuquest Inc. dba Apolis","COMPUTER SCIENCE AND ENGINEERING"
201737,"030","healthcare it product owner","Veena Corp.","INFORMATION TECHNOLOGY"
201861,"030","applications development technical analyst","Citibank, N.A.","MANAGEMENT INFORMATION SYSTEMS AND ELECTRONIC ENGINEERING"
201876,"003","camera engineer","Qualcomm Technologies, Inc.","ELECTRICAL ENGINEERING"
201923,"199","associate management consultant","McKinsey & Company, Inc. United States","BUS ADMIN"
202013,"030","devops engineer","KYORYOUNA INC","BACHELOR OF TECHNOLOGY"
202033,"030","data engineer","TAITConsultingGroup LLC","INFO TECH"
202037,"199","knowledge analyst","McKinsey & Company, Inc. United States","INDUSTRIAL/ORGANIZATIONAL PSYCHOLOGY"
202137,"003","system test engineer","Communications Test Design, Inc.","ELECTRICAL ENGINEERING"
202191,"999","regulatory affairs specialist","Apothecary Products, LLC","REGULATORY AFFAIRS AND SERVICES"
202234,"045","behavioral health clinician i","Bartlett Regional Hospital","PSYCHOLOGY"
202296,"030","retail rotation program mba","Amazon.com Services LLC","MANAGEMENT SCIENCE"
202341,"030","developer user interface","Tata Consultancy Services Limited","INFORMATION TECHNOLOGY AND MANAGEMENT"
202479,"199","business analyst management consultant","McKinsey & Company, Inc. United States","MARKETING"
202491,"160","senior associate","Brookfield Capital Partners LLC","ECONOMICS"
202540,"110","","Simpson Thacher & Bartlett LLP","LAW"
202548,"030","systems analyst","Globe Serve LLC","COMMERCE/COMP INFO SYS"
202592,"030","salesforce developer","SYRAINFOTEK LLC","COMPUTER ENGINEERING"
202636,"030","data analyst","BROADRANGE TECHNOLOGIES INC.","APPLIED ECONOMICS AND PREDICTIVE ANALYTICS"
202678,"199","associate management consultant","McKinsey & Company, Inc. United States","BUSINESS ADMINISTRATION"
202713,"001","junior designer","Bechtel Frank Erickson Architects, Inc.","ARCHITECTURE"
202722,"039","site reliability engineer","Cricut, Inc.","COMPUTER SCIENCE"
202723,"039","senior analyst strategic insights innovation","Media Storm, LLC","INTEGRATED MARKETING MARKETING ANALYTICS"
202747,"041","laboratory molecular technology","Health Lynks LLC","ORTHOPEDIC  SURGERY"
202837,"030","machine learning engineer","Apple Inc.","INTELLIGENT INFORMATION SYSTEMS"
202954,"163","regional mgr","HSBC Bank USA, N.A.","BACHELOR OF BUSINESS ADMINISTRATION"
202978,"050","operations senior associate energy analyst","Avant Energy, Inc.","BUS ANALYTICS"
203037,"020","data scientist","Alphonso Inc.","MASTER OF SCIENCE IN OPERATION RESEARCH"
203049,"030","net developer","M9 consulting Inc","ELECTRONICS ENGINEERING"
203072,"110","law clerk associate","Cleary Gottlieb Steen & Hamilton LLP","JURIS DOCTORATE"
203092,"160","senior analyst financial analysis and valuation","Private National Mortgage Acceptance Company, LLC","FINANCIAL ENGINEERING"
203127,"005","civil engineer","American Water","CIVIL ENGINEERING"
203133,"003","lead sales operations analyst","BMC Software, Inc.","ELECTRONICS ENGINEERING"
203347,"161","enviromental operations analyst","Orion Group Management Inc.","ENVIROMENTAL CHEMISTRY"
203356,"020","technology banking senior associate","Progress Partners IB, Inc.","MASTER OF BUSINESS ADMINISTRATION MBA"
203374,"050","business analyst","Cboe Global Markets Inc","FINANCE"
203390,"030","","GLOBALVOX LLC","TELECOMMUNICATION ENGINEERING"
203417,"030","autonomous vehicle soft engineer","Boson Motor Inc.","ELECTRONIC ENGINEERING"
203469,"030","","Amazon.com Services LLC","COMP SCI"
203499,"030","","NVIDIA Corporation","COMPUTER ENGINEERING"
203518,"030","business analyst","Valiant IT Services, Inc","COMPUTER SCIENCE"
203549,"030","systems engineer","ELOGICSQUARE INC","BACHELOR OF TECHNOLOGY COMPUTER SCIENCE AND ENGINEERING"
203574,"160","","Deluxe Corporation","DATA ANALYTICS"
203596,"030","technical writer technical i","Amazon.com Services LLC","INFORMATION MANAGEMENT"
203602,"030","vice president software engineering","JPMorgan Chase & Co.","ELECTRICAL AND ELECTRONIC ENGINEERING"
203622,"199","sale engineer","Hydrion Scientific Instrument LLC","ELECTRICAL ENGINEERING"
203756,"020","data scientist","Uber Technologies, Inc.","MATHEMATICS"
203782,"142","hi designer","Apple Inc.","BUSINESS"
203827,"141","designer","Bullish Inc.","COMMUNICATIONS DESIGN"
203885,"020","applied scientist","Uber Technologies, Inc.","ECONOMICS"
203892,"003","senior rfic design engineer","Qualcomm Technologies, Inc.","ELECTRICAL ENGINEERING"
203911,"199","associate implementation","McKinsey & Company, Inc. United States","BUSINESS ADMINISTRATION"
203975,"161","risk data management analytics insight senior consultant","Deloitte & Touche LLP","FINANCIAL ENGINEERING"
203979,"169","systems analyst ii","Amazon.com Services LLC","INFORMATION TECHNOLOGY"
204032,"030","decision scientist","Uber Technologies, Inc.","BUSINESS ANALYTICS"
204118,"030","","Cognizant Technology Solutions US Corp","COMPUTER ENGINEERING"
204214,"030","atsv qca cons ii","National General Management Corp","COMPUTER ENGINEERING"
204289,"001","architect non licensed","SmithGroup, Inc., subsidiary of SmithGroup Co., Inc.","ARCHITECTURE"
204297,"020","data scientist","Lyft, Inc.","CIVIL ENGINEERING STATISTICS INDUSTRIAL ENGINEERING"
204333,"097","afterschool enrichment math teacher","The Russian School of Mathematics, Inc.","COMPUTER SCIENCE / TEACHER TRAINING"
204399,"030","data scientist","Robinhood Markets, Inc.","DATA SCIENCE AND BUSINESS ANALYTICS"
204426,"022","associate clinical data team lead ii","PPD Development, L.P.","COMPUTER SCIENCE"
204532,"039","senior regulatory compliance analyst","JDX Consulting, Inc.","FINANCIAL MANAGEMENT"
204679,"160","","Whitehall Dental Group LLC","ACCOUNTAS AND AUDITOR"
204760,"005","project engineer junior estimator","Transdev North America, Inc.","CIVIL ENGINEERING"
204906,"030","it engineer","SRS Consulting, Inc.","COMPUTER SCIENCE"
204914,"030","data scientist","Revelio Labs, Inc.","DATA SCIENCE"
204923,"007","","Moh's Performance Motorsport, LLC","MANUFACTURING ENGINEERING"
204950,"199","","McKinsey & Company, Inc. United States","BUSINESS ADMINISTRATION"
204967,"030","developer user interface","Tata Consultancy Services Limited","COMPUTER SCIENCE AND ENGINEERING"
204993,"189","vp r d strategy planning","E.R. Squibb & Sons, LLC","MEDICINE"
204998,"050","analyst","BLACKROCK FINANCIAL MANAGEMENT, INC.","MATH AND COMPUTER SCIENCE"
205067,"160","associate","PricewaterhouseCoopers LLP","ENVIRONMENTAL ECONOMICS AND POLICY"
205231,"110","associate attorney","Ahdoot & Wolfson PC","LAW"
205348,"049","psm consultant relief systems","Trinity Consultants, Inc.","CHEMICAL ENGINEER"
205394,"030","technology lead us","Infosys Limited","COMPUTER APPLICATIONS"
205400,"003","embedded controls engineer","LHP Engineering Solutions LLC","DATA SCIENCE"
205429,"041","scientist 1","Beyond Meat, Inc.","BIOLOGICAL SCIENCES"
205512,"039","lead vfx artist","Electronic Arts, Inc.","GRAPHIC ARTS AND COMPUTER ANIMATION"
205528,"030","oracle developer","Ursi Technologies Inc","COMPUTER SCIENCE OR EQUIVALENT"
205534,"164","","Nathan Horowicz Inc.","MARKETING"
205632,"030","system test engineer hil and dyno","METHODICA TECHNOLOGIES LLC","MASTER OF SCIENCE IN MECHANICAL ENGINEERING"
205725,"199","machine learning engineer","PB Tech & Advisory LLC","INDUSTRIAL ENGINEERING OPERATIONS RESEARCH"
205741,"110","associate attorney","Mayer Brown LLP","LAWS LL M"
205746,"160","associate cross asset latin american structuring","JPMorgan Chase & Co.","FINANCE"
205757,"169","","Microsoft Corporation","MASTER IN BUS ADMIN & BACHELOR IN ELEC ENGRG"
205832,"039","applied scientist i","Amazon.com Services LLC","COMPUTATIONAL SCIENCE"
205982,"072","","Norwalk Orthodontics LLC","DENTISTRY"
206006,"020","finance business analyst","Curriculum Associates LLC","FINANCIAL MATHEMATICS"
206062,"199","business analyst management consultant","McKinsey & Company, Inc. United States","BUSINESS ADMINISTRATION MANAGEMENT CONSULTING AND ECONOMICS"
206163,"030","product manager","Guidewire Software, Inc.","SOFTWARE ENGINEERING"
206176,"169","hw commodity specialsit iii","Amazon.com Services LLC","INTERNATIONAL BUSINESS"
206365,"163","digital marketing executive","SUPRA INTERNATIONAL, INC.","MBA WITH CONCENTRATION IN MARKETING MGT BACHELOR OF SCI COMP SCI"
206398,"020","associate applied ai ml","JPMorgan Chase & Co.","APPLIED MATHEMATICS"
206450,"039","senior web experience design lead","BYND LLC","INTERACTIVE TELECOMMUNICATIONS"
206581,"019","global logistician","FNS, INC.","LOGISTICS"
206649,"003","p and c engineering associate","Mesa Associates, Inc.","ELECTRICAL ENGINEERING"
206698,"030","design development quality engineer","Intellectt Inc","INDUSTRIAL MANAGEMENT"
206706,"003","sales engineering manager","Gerling Applied Engineering","BUSINESS ADMINISTRATION"
206709,"186","analyst","Goldman Sachs & Co LLC","SYSTEMS ENGINEERING"
206749,"050","investment banking associate","Citigroup Global Markets Inc.","MASTER OF BUSINESS ADMINISTRATION BACHELOR OF BUSINESS ADMINISTRATION DEGREE WITH A CONCENTRATION IN FINANCE"
206794,"030","senior data scientist","IBM Corporation","SCIENTIST"
206921,"030","","Infosys Limited","IND AND PRODUCTION ENGINEERING"
206949,"023","laser design engineer","Atonarp US, Inc.","ELECTRO OPTICS"
207067,"007","cnc programmer","Arbor Gage & Tooling","MECHANICAL ENGINEERING"
207072,"020","data scientist analytics","Expedia, Inc.","DATA SCIENCE"
207156,"030","salesforce developer","Forrester Research, Inc.","MATHEMATICS"
207168,"030","qa etl engineer","Mastro Services Inc","ELECTRONICS TELECOMMUNICATION ENGINEERING"
207256,"003","embedded system engineer","Easy Aerial, Inc.","MECHATRONICS AND ROBOTICS"
207296,"030","developer","Tata Consultancy Services Limited","COMPUTER SCIENCE"
207303,"199","asst dir sr devops engineer","MOODY'S ANALYTICS, INC.","COMPUTER SCIENCE AND ENGINEERING"
207353,"161","consultant","L.E.K. Consulting LLC","BUSINESS ADMINISTRATION"
207362,"164","global strategy and operations associate","Carrot Fertility, Inc.","MEDIA MANAGEMENT"
207385,"012","quality analyst","I3INFOTEK INC.","INDUSTRIAL ENGINEERING"
207400,"199","product mgr","Hoist Inc.","COGNITIVE SCIENCE"
207480,"030","lead engineer","Include AI Inc.","COMPUTER SCIENCE"
207550,"030","","Apple Inc.","COMP ENGRG"
207684,"030","software developer data","ACloudX Consulting LLC","COMP SCI"
207692,"029","investigator","AI Proteins, Inc.","MOLECULAR BIOLOGY"
207696,"012","direcor of new product development","Therabody, Inc.","INDUSTRIAL ENGINEERING AND INDUSTRIAL TECHNOLOGY AND OPERATIONS"
207926,"030","systems engineer","Codemoxie Solutions LLC","TECHNOLOGY"
208189,"020","senior analyst data engineering","FCB Worldwide, Inc.","MANAGEMENT INFORMATION SYSTEMS"
208209,"039","data scientist","Source Consulting LLC","INFORMATICS"
208226,"005","engineer water resources","Department of Water Resources","CIVIL AND ENVIRONMENTAL ENGINEERING"
208302,"030","","IBM Corporation","COMPUTING SCIENCE"
208342,"020","data scientist","Unilever United States, Inc.","DATA SCIENCE"
208392,"003","robotics engineer iii","Vicarious FPC, Inc.","MECHANICAL ENGINEERING"
208399,"030","program management associate","Salesforce.com, Inc.","INFORMATION MANAGEMENT"
208489,"030","","ALERTENTERPRISE, INC.","INFORMATION SYSTEMS"
208526,"003","senior analog mixed signal design engineer","Qualcomm Technologies, Inc.","ELECTRICAL ENGINEERING"
208709,"041","scientist lab services","Vizgen, Inc.","PHYSIOLOGY & BIOPHYSICS"
208767,"051","head of policy","Center for Countering Digital Hate","POLITICAL SCIENCE"
208841,"039","crm campaign specialist","LEGO Brand Retail, Inc.","COMPUTER ENGINEERING"
208876,"003","senior engineer","Arm, Inc.","MATHEMATICS"
208879,"161","senior associate","PricewaterhouseCoopers Advisory Services LLC","BUSINESS ADMINISTRATION AND MANAGEMENT DIGITAL TECHNOLOGY"
208900,"030","architect","Tata Consultancy Services Limited","DATA SCIENCE"
208920,"030","","Apple Inc.","COMPUTER ENGINEERING"
208944,"184","pathways operations manager","Amazon.com Services LLC","BUSINESS ADMINISTRATION"
209034,"020","","Amazon.com Services LLC","INFO AND OPERATIONS AND MARKETING"
209058,"030","","Apple Inc.","ELECTRICAL AND COMPUTER ENGRG"
209113,"160","business analyst","Amtrust North America, Inc.","INTERNATIONAL RELATIONS DATA ANALYTICS"
209138,"033","data analyst","Chartboost, Inc.","BUSINESS ANALYTICS"
209232,"012","team leader production","Lamb Weston Inc.","ENGINEERING TECHNOLOGY MANAGEMENT"
209357,"030","business analyst i","Amazon.com Services LLC","INDUSTRIAL ENGINEERING"
209416,"160","senior accountant","Joe Desmond CPA PLC","ACCOUNTING"
209457,"012","quality and technical engineer","Kyodo Shipping & Trading Corporation USA","MECHANICAL ENGINEERING"
209463,"030","","Cloudinfo Inc","MECHANICAL ENGINEERING INFORMATION SYSTEM SECURITY"
209503,"031","data analyst","EveryMundo","APPLIED DATA SCIENCE"
209532,"187","","Goma Inc.","MARKETING"
209544,"161","analyst","Morgan Stanley Investment Management Inc.","BUSINESS ADMINISTRATION"
209598,"030","","ITC Infotech USA, Inc.","ENGRG"
209665,"110","associate attorney","Chapman and Associates P.C.","LAW"
209681,"030","consultant","Outbox Systems, Inc dba Simplus","INFORMATION TECHNOLOGY"
209704,"","mushroom cultivation technologist","Green Box Mushrooms, Inc",""
209845,"166","senior people business partner","iManage LLC","US EQUIVALENT OF BACHELOR OF ARTS IN HUMAN RESOURCE MANAGEMENT"
209854,"039","business analyst i","Amazon.com Services LLC","INDUSTRIAL ENGINEERING"
209868,"008","senior continuous improvement specialist","Cargill, Incorporated","CHEMICAL ENGINEERING"
209883,"199","associate management consultant","McKinsey & Company, Inc. United States","MATERIAL SCIENCE AND ENGINEERING"
209890,"019","sr manager resource management","Regeneron Pharmaceuticals, Inc.","BIOCHEMISTRY"
209919,"189","senior technical program manager","Intuit Inc.","SYSTEMS ENGINEERING AND MANAGEMENT"
210018,"003","engineer ii","Seagate US LLC","ELEC ENGRG"
210025,"019","director of strategic alliances revenue operations","Keyavi Data Corp.","TECHNICAL WRITING AND PSYCHOLOGY"
210113,"030","engineer","Apple Inc.","ELECTRICAL AND COMPUTER ENGINEERING"
210226,"008","scientist","Nektar Therapeutics","CHEMICAL ENGINEERING"
210237,"022","r d scientist","Entegris, Inc.","BACHELOR OF SCI IN CHEMICAL ENGRG"
210267,"160","senior analyst catastrophe modeling","Ryan Specialty Group Services, LLC","QUANTITATIVE FINANCE RISK MANAGEMENT"
210307,"161","associate data analytics","JPMorgan Chase & Co.","DATA SCIENCE"
210397,"030","data analyst","Ikigai Labs, Inc.","DATA SCIENCE"
210401,"030","senior manager","PricewaterhouseCoopers Advisory Services LLC","MECHANICAL ENGINEERING"
210436,"030","infrastructure tech lead analyst","Citibank, N.A.","TECHNOLOGY MANAGEMENT"
210447,"012","","Jabil Inc.","INDUSTRIAL AND HUMAN FACTORS ENGINEERING"
210477,"119","law clerk","Barakat Bossa, PLLC.","JURIS DOCTOR IN LAW"
210555,"030","","RIVIAN AUTOMOTIVE, LLC","COMPUTER SCIENCE AND ENGINEERING"
210558,"030","full stack developer","Alamedatech Solutions LLC","COMPUTER SCIENCE"
210590,"019","senior systems engineer","Medtronic, Inc.","BIOMEDICAL ENGINEERING"
210593,"199","associate management consultant","McKinsey & Company, Inc. United States","ELECTRICAL & COMPUTER ENGINEERING"
210629,"030","staff auditor","Emerson Electric Co.","BUSINESS ADMINISTRATION AND MANAGEMENT"
210649,"141","character artist ii league personalization","Riot Games, Inc.","GAME DESIGN"
210679,"030","","ICONMA LLC","ANALYTICS"
210695,"050","finance and operations analyst","Fireblocks Inc.","FINANCE"
210773,"030","dc analyst","Deloitte Consulting LLP","SUPPLY CHAIN MANAGEMENT"
210785,"030","data analyst","Datalore Technologies Inc","BACHELOR OF COMPUTER SCIENCE AND ENGINEERING"
210828,"007","acs design engineer","Marmon Utility, LLC","MECHANICAL ENGRG DESIGN & MANUFACTURING"
210836,"012","monorail block supervisor","Showa Best Glove, Inc.","MECHANICAL ENGINEERING"
210903,"030","solution delivery specialist","McKinsey & Company, Inc. United States","BUSINESS ADMINISTRATION"
210916,"199","senior associate data science","Capital One Services, LLC","BUS INTELLIGENCE & DATA ANALYTICS"
210947,"161","consultant","Deloitte Consulting LLP","ECONOMICS"
210956,"160","audit senior associate","Grant Thornton LLP","ACCOUNTING"
211002,"160","associate investment banking","JPMorgan Chase & Co.","BUSINESS ADMINISTRATION"
211049,"160","senior accountant","Barder, Ltd","BUSINESS ANALYTICS"
211336,"007","mechatronics engineer","Rohinni Inc.","MECHANICAL ENGINEERING"
211382,"030","","Core Laboratories LP","ENGINEERING"
211439,"199","","McKinsey & Company, Inc. United States","BUSINESS ADMINISTRATION"
211450,"007","","Robert Ettinger, P.E., P.C.","ENERGY MANAGEMENT"
211466,"141","ux ui designer","Inverse Paradox, LLC.","INTERIOR DESIGN"
211529,"189","product manager","Integral Ad Science, Inc.","QUANTITATIVE MANAGEMENT"
211534,"030","","IBM Corporation","BACHELOR OF SCI IN INFORMATION TECHNOLOGY"
211546,"050","associate advisory","PWP Employer LP","FINANCIAL MATHEMATICS"
211662,"020","research associate ii","Evidera, Inc","PUBLIC HEALTH SYSTEMS AND POLICY"
211716,"030","","Apple Inc.","COMP SCI"
211764,"039","technical program manager","Expedia, Inc.","SOFTWARE ENGINEERING"
211837,"030","developer","California Creative Solutions, Inc.","INFORMATION TECHNOLOGY"
211839,"030","","Popular Tech","COMPUTER INFORMATION SYSTEMS"
211846,"030","business systems analyst 2","Capgemini America, Inc.","ELECTRONICS ENGINEERING"
211882,"015","","Neo Infotech Inc","COMPUTER SCIENCE & ENGINEERING"
211885,"019","staff research engineer","Jingce Electronic USA Co., Ltd.","BIOENGINEERING"
211993,"007","material flow engineer","Deere and Company","MECHANICAL ENGINEERING"
212005,"029","global transaction banking product specialist","Santander Bank, N.A.","MBA WITH COGNATE STUDIES IN FINANCE"
212079,"199","senior data analyst","Capital One Services, LLC","BUSINESS ANALYTICS"
212090,"160","executive director","Morgan Stanley Smith Barney LLC","FINANCE"
212100,"199","business analyst management consultant","McKinsey & Company, Inc. United States","MATHEMATICS AND ECONOMICS"
212116,"030","strategic sourcing manager","Apple Inc.","ENGINEERING MANAGEMENT"
212119,"020","digital product business analyst","Lucid USA, Inc.","INFORMATION SCIENCE"
212139,"186","vice president","Goldman Sachs Bank USA","FINANCE"
212154,"030","","Oracle America, Inc.","MGT INFO SYSS/ENGRG MGT EQUIVALENT"
212313,"160","associate","Morgan Stanley & Co, LLC","BUS ADMIN"
212315,"030","ad ops analyst","InMarket Media, LLC","INFORMATION SYSTEMS"
212393,"030","data engineer","Align Technology, Inc.","INFORMATION SYSTEMS"
212395,"003","automation engr","Weiler Labeling Systems LLC","ELECTRICAL AND COMP ENGRG"
212408,"030","","Uber Technologies, Inc.","COMPUTER ENGINEERING AND MATHEMATICS/APPLIED SCIENCE"
212417,"020","sales operations manager","Biohaven Pharmaceuticals, Inc.","BUSINESS ADMINISTRATION"
212426,"030","","SRS Consulting, Inc.","ELECTRONICS AND COMMUNICATION ENGINEERING"
212429,"020","director fidelity consulting","FMR LLC","BUSINESS ADMINISTRATION"
212450,"030","","POINTCLICKCARE TECHNOLOGIES USA CORP.","PRODUCT MANAGEMENT"
212472,"001","architectural designer","Fougeron Architecture Inc.","ARCHITECTURE"
212507,"030","java developer","Hance Inc","COMPUTER SCIENCE AND INFORMATION TECHNOLOGY"
212536,"033","senior consultant","Core BTS Inc","COMPUTER SCIENCE"
212671,"160","executive director payments business development manager","JPMorgan Chase & Co.","ACCOUNTING"
212681,"160","audut senior associate","Grant Thornton LLP","ACCOUNTING"
212721,"160","analyst","Deutsche Bank Securities Inc.","ECONOMICS MATHEMATICS"
212750,"030","privacy law fellow","DR TECHNOLOGIES INC","CYBERSECURITY AND CRISIS MANAGEMENT"
212872,"199","business analyst management consultant","McKinsey & Company, Inc. United States","FINANCE"
212883,"199","associate management consultant","McKinsey & Company, Inc. United States","BUSINESS ADMINISTRATION"
212959,"169","vice president","Morgan Stanley Services Group Inc.","TECHNOLOGY MANAGEMENT"
212973,"186","director","JPMorgan Chase & Co.","FINANCIAL MANAGEMENT"
212983,"030","","CAMP4 Therapeutics Corporation","BIOINFORMATICS AND GENOMICS"
212992,"030","gis applications developer","Access Services","URBAN PLANNING"
213043,"030","senior associate trust safety","Maplebear Inc","DATA SCIENCE"
213055,"163","account executive 8","Salesforce.com, Inc.","BUSINESS ADMINISTRATION"
213059,"199","assoc data science prgm ops research analyst","Bertelsmann, Inc.","COMPUTATIONAL SOCIAL SCIENCE"
213078,"030","sales analyst","Mindlance, Inc.","FINANCE"
213171,"030","java developer","Conflux Systems, Inc","COMPUTER SCIENCE"
213186,"199","associate analyst 3","MOODY'S INVESTORS SERVICE, INC.","ECONMICS"
213224,"030","research scientist","Meta Platforms, Inc.","COMPUTER SCIENCE"
213387,"110","law clerk","Willkie Farr & Gallagher LLP","LAW"
213486,"020","sr revenue science analyst","FedEx Corporate Services, Inc.","BUSINESS ANALYTICS INFORMATION SYSTEMS"
213503,"030","consultant","Deloitte Consulting LLP","Biochemistry"
213522,"030","software developer application","Horizon International Trd Inc","COMPUTER APPLICATIONS"
213625,"169","","Honeywell International Inc.","BUSINESS ADMINISTRATION"
213779,"030","network engineer","Linkpro Technologies Inc","ELECTRICAL ENGINEERING"
213796,"050","analyst","BLACKROCK FINANCIAL MANAGEMENT, INC.","ECONOMICS"
213845,"075","","Prospect Acquisition III","NURSING BUSINESS ADMINISTRATION"
213860,"030","","Infosys Limited","COMPUTER APPLICATIONS"
213892,"199","associate management consultant","McKinsey & Company, Inc. United States","BUS ADMIN"
213936,"039","senior research associate","Arrakis Therapeutics, Inc.","BIOINFORMATICS"
214014,"039","senior engineer wireless","Dish Wireless L.L.C.","COMPUTER SCIENCE"
214078,"039","scientific software developer","Openeye Scientific Software , Inc.","CHEMISTRY"
214139,"030","","Tata Consultancy Services Limited","COMPUTER ENGINEERING"
214161,"040","regulatory scientist","Ocean Spray Cranberries, Inc.","AGRICULTURE FOOD AND ENVIRONMENT"
214166,"020","program manager ii","Amazon.com Services LLC","INDUSTRIAL ENGINEERING"
214237,"199","associate management consultant","McKinsey & Company, Inc. United States","BUSINESS ADMINISTRATION"
214247,"030","","Meta Platforms, Inc.","COMPUTER SCIENCE"
214303,"041","quality system compliant analyst","Bar Bakers, LLC","FOOD SCIENCE"
214346,"041","sr regulatory affairs specialist","Intuitive Surgical Operations, Inc.","MEDICAL AND PREVENTIVE CARE"
214365,"030","senior software developer","Kforce, Inc","INFORMATION SYSTEMS"
214384,"199","","McKinsey & Company, Inc. United States","BUSINESS ADMINISTRATION"
214396,"030","","SAP America, Inc.","INFORMATION TECHNOLOGY AND MANAGEMENT"
214483,"049","sr scientist","PFIZER INC.","INDUSTRIAL AND PHYSICAL PHARMACY"
214496,"030","systems engineer","ACI Worldwide Corp.","COMPUTER SCIENCE"
214575,"030","member of technical staff","VMware, Inc.","SOFTWARE ENGINEERING"
214621,"030","business analyst","Iris Software, Inc.","COMPUTER INFORMATION SYSTEMS AND INFORMATION TECHNOLOGY"
214635,"039","senior backend engineer","DrKumo, Inc.","COMPUTER SCIENCE"
214646,"160","product analyst","Pacific Investment Management Company LLC","FINANCE AND ECONOMICS"
214711,"030","planning analysis associate","CITADEL ENTERPRISE AMERICAS SERVICES LLC","ECONOMICS"
214727,"160","assurance advisory senior associate","Frank, Rimerman & Co. LLP","ACCOUNTANCY"
214741,"074","scientist pharmacometrics","Janssen Research & Development, LLC","INDUSTRIAL PHYSICAL PHARMACY"
214743,"019","","DSP Concepts, Inc","ELECTRICAL ENGINEERING"
214757,"186","compliance manager","Netcapital, Inc.","FINANCE"
214774,"199","digital marketing data analyst","Intermix Holdco, LLC","MANAGEMENT OF TECHNOLOGY"
214785,"030","sap consultant","Classroom Support Services LLC","INFORMATION TECHNOLOGY"
214845,"030","","AGREEYA SOLUTIONS INC.","COMPUTER INFORMATION SYSTEMS"
214936,"199","senior data analyst","Capital One Services, LLC","BUSINESS ANALYTICS"
214944,"030","","Geminisoft Solutions Inc","COMP SCI"
214962,"003","engineering services engineer associate","Siemens Industry Software Inc.","ELECTRICAL AND COMPUTER ENGINEERING"
215031,"199","principal data analyst","Capital One Services, LLC","STATISTICS (ANALYTICS)"
215046,"019","mr research scientist","Siemens Medical Solutions USA, Inc.","BIOENGINEERING"
215061,"030","","Amazon.com Services LLC","SOFTWARE ENGRG"
215078,"041","scientist i process development","Thermo Fisher Scientific Inc.","BIOLOGICAL SCIENCE"
215102,"030","oevops engineer","Ecclesiastes Inc","BACHELOR OF TECHNOLOGY"
215112,"030","research staff member","IBM Corporation","PHYSICS"
215118,"030","product manager iii","Amazon.com Services LLC","DENTAL SURGERY"
215156,"030","","Accelerated Technologies Inc.","COMP ENGINEERING"
215230,"030","senior data scientist","MARRIOTT INTERNATIONAL, INC.","COMPUTER SCIENCE"
215321,"030","senior program manager","Amazon.com Services LLC","MECHANICAL ENGINEERING"
215380,"169","origination associate","Credit Agricole Securities USA Inc.","FINANCIAL ENGINEERING"
215418,"041","food scientist and technologist","Golden Platter Foods, Inc","MASTER OF SCIENCE IN FOOD SAFETY AND TECHNOLOGY"
215459,"039","data scienc eengineer","Forethought Technologies, Inc.","ELECTRICAL ENGINEERING AND COMPUTER SCIENCE"
215550,"141","software product designer","Stratasys Inc.","COMMUNICATIONS DESIGN"
215567,"030","applied scientist","Salesforce.com, Inc.","COMPUTER SCIENCE AND ENGINEERING"
215568,"039","associate product manager","Salesforce.com, Inc.","COMPUTER SCIENCE"
215764,"030","software full stack developer","Stacklogy Inc","COMPUTER AND INFORMATION SCIENCES"
215807,"030","","Apple Inc.","DATA SCI"
215881,"160","rko associate ii","Human Interest, Inc.","FINANCE"
215950,"021","process controls engineering","Air Liquide Large Industries U.S. LP","CHEMICAL ENGINEERING"
215967,"030","senior solutions specialist data","Sirius Computer Solutions LLC","COMPUTER ENGINEERING"
216116,"030","","TransUnion Interactive, Inc.","INFORMATION STUDIES"
216203,"030","technology analyst us","Infosys Limited","ELECTRICAL AND ELECTRONICS ENGINEERING"
216219,"039","senior ad insertion technologies software developer","Invidi Technologies Corporation","MASTERS DEGREE IN MATHEMATICS AND BACHELORS DEGREE IN COMPUTER SCIENCE EVALUATED AS EQUIVALENT OF U S BACHELORS IN COMPUTER SCIENCE"
216327,"050","investment banking associate","Citigroup Global Markets Inc.","MASTER OF BUSINESS ADMINISTRATION IN GENERAL MANAGEMENT SPECIALIZATION IN CORPORATE FINANCE AND FINANCE"
216331,"169","business analyst","reAlpha Tech Corp","COMMERCE"
216380,"199","business analyst management consultant","McKinsey & Company, Inc. United States","ECONOMICS"
216483,"030","manager","Cognizant Technology Solutions US Corp","APPLIED COMPUTER SCIENCE"
216581,"041","associate director project clinical pharmacokineticist","BOEHRINGER INGELHEIM PHARMACEUTICALS, INC.","PHARMACEUTICAL SCIENCES"
216611,"030","","Apple Inc.","COMPUTER SCIENCE"
216652,"030","full stack java developer","Slesha Inc","COMPUTER SCIENCE"
216728,"030","machine learning engineer","Syrup Tech Inc.","COMPUTER SCIENCE"
216741,"030","system architect iii","HCL America Inc","COMPUTER INFORMATION SYSTEMS"
216776,"169","analyst","Morgan Stanley & Co, LLC","COMPUTER ENGINEERING"
216807,"030","product manager iii technical","Amazon.com Services LLC","ENGINEERING MANAGEMENT"
216808,"186","associate","Morgan Stanley Fund Services Inc.","FINANCE"
216843,"003","product engineer","Siemens Industry Software Inc.","ELECTRICAL ENGINEERING"
216892,"030","machine learning research engineer","Apple Inc.","COMPUTER SCIENCE"
216943,"189","","Adobe Inc.","BUS ADMIN"
216947,"039","","Myntra Inc.","DATA SCI"
216970,"007","data scientist","ZF Active Safety US Inc.","MECHANICAL ENGINEERING"
216986,"039","","Digital iTechnology","COMPUTER SCIENCE"
217104,"030","vice president","Morgan Stanley Services Group Inc.","APPLIED COMPUTER SCIENCE"
217154,"030","associate application developer","ADP Technology Services, Inc.","COMPUTER SCIENCE"
217172,"030","consulting staff digital emerging technology","Ernst & Young U.S. LLP","ECONOMETRICS"
217183,"050","analysis and reporting analyst","Citizens Financial Group, Inc.","COMPUTER SCIENCE AND ECONOMICS"
217187,"030","research engineer","Indeed, Inc.","ELECTRICAL ENGINEERING"
217342,"030","scrum master","Adbakx LLC","MANAGEMENT INFORMATION SYSTEMS"
217388,"030","dc consultant","Deloitte Consulting LLP","COMPUTER ENGINEERING"
217460,"169","vice president","Credit Suisse Asset Management LLC","FINANCE AND ELECTRONIC ENGRG"
217485,"041","sr associate","Eli Lilly and Company","BIOLOGICAL SCIENCE"
217490,"020","sr revenue science analyst","FedEx Corporate Services, Inc.","BUSINESS ANALYTICS"
217493,"039","java developer","Logicera Inc","SOFTWARE ENGINEERING"
217575,"031","systems engineer l2","WIPRO LIMITED","COMPUTER AND INFORMATION SCIENCE"
217627,"030","network engineer","MOORE INFOTECH INC","COMPUTER SCIENCE"
217629,"199","business analyst management consultant","McKinsey & Company, Inc. United States","ACTUARIAL SCIENCE STATISTICS AND ECONOMICS"
217647,"030","technical support mgr","OATH HOLDINGS INC","COMPUTER SCIENCE"
217710,"030","data scientist","Visa U.S.A. Inc.","BUSINESS ANALYTICS"
217716,"049","life sciences specialist","L.E.K. Consulting LLC","BIOLOGICAL SCIENCES"
217786,"050","specialist","McKinsey & Company, Inc. United States","ECONOMICS"
217828,"039","analyst aim data engineer","Cervello Inc.","COMPUTER SOFTWARE ENGINEERING"
217875,"030","architect","Tata Consultancy Services Limited","APPLIED COMPUTER SCIENCE"
217948,"030","","Criteo Corp","SYSS ENGRG AND MGT"
218017,"019","","Cummins Inc.","COMPUTER  SCIENCE"
218027,"030","associate software development engineering","Charles Schwab & Company, Inc.","COMPUTER SCIENCE AND ECONOMICS"
218102,"020","actuarial analyst","Auto Club Services, Inc.","ACTUARIAL MATHEMATICS AND STATISTICS"
218225,"039","","Poulomi Technologies, Inc.","COMPUTER SCI"
218324,"030","technology lead us","Infosys Limited","COMPUTER SCIENCES AND ENGINEERING"
218335,"030","assistant vice president","Credit Suisse Securities USA LLC","COMPUTER ENGINEERING"
218367,"189","strategy consultant","Telesto Strategy, LLC.","BUSINESS ANALYTICS"
218438,"003","","Apple Inc.","ELEC ENGRG"
218607,"007","calibration engineer","LER TechForce, LLC","AUTOMATIVE ENGINEERING"
218691,"199","i20022111093858","Capital One Services, LLC","ANALYTICS BUSINESS ADMINISTRATION"
218746,"007","embedded systems engineer iii","Rogers, Freels & Associates, Inc.","MECHANICAL ENGINEERING"
218772,"007","qc commissioning engineer","KINKISHARYO INTERNATIONAL, LLC","AEROSPACE ENGINEERING"
218826,"019","systems engineer ii","Medtronic, Inc.","BIOMEDICAL ENGINEERING"
218944,"186","director finance","Armor Defense Inc.","FINANCE"
219019,"199","data analyst","LVEB LOGISTICS LLC","ANALYTICS"
219089,"999","organizational development analyst","Exacare","BUSINESS ECONOMICS"
219419,"169","product manager","Intuit Inc.","MANAGEMENT SCIENCE"
219564,"160","analyst","Fidelity Management & Research Company LLC","FINANCE"
219609,"030","senior director cpce enterprise solutions","Expedia, Inc.","MANAGEMENT"
219642,"030","business systems analyst","Implify LLC","ENGINEERING MANAGEMENT"
219645,"030","systems analyst","Coforge Limited","COMPUTER SCIENCE"
219646,"030","balance sheet management lead analyst","Citibank, N.A.","MBA GENERAL MANAGEMENT BS FINANCE AND ECONOMICS"
219665,"030","devops engineer","Info-Solutions Inc.","DATA ANALYTICS"
219725,"019","sourcing specialist","American Crafts","BUSINESS ADMINISTRATION"
219752,"039","","Waters Technologies Corporation","ENVIRONMENTAL SCIENCE AND POLICY"
219780,"029","manager analytics","IPG DXTRA, Inc.","BIOLOGY"
219794,"030","data engineer","Syntax Technologies LLC","MASTER OF SCIENCE"
219878,"020","model analysis validation senior analyst","Citibank, N.A.","PH D ECONOMICS"
219902,"039","senior product manager","iHeart Media Entertainment, Inc.","INFO SCI/STUDIES"
219944,"018","","Spanco Infotech Inc","INFORMATION TECHNOLOGY"
219982,"030","systems engineer","Collaborate Solutions Inc","COMPUTER SCIENCE"
220088,"039","manager product development","American Express TRS Co, Inc.","BUSINESS ANALYTICS AND BUSINESS ADMINISTRATION"
220119,"005","","City of Lawton","CIVIL ENGINEERING"
220152,"020","clinical data team lead","PVR Technologies, Inc.","INFORMATION TECHNOLOGY"
220210,"007","sr engineer","OmniAb, Inc.","ELECTRONICS & COMMUNICATION ENGINEERING"
220240,"050","main research analyst","S-PLATFORM LLC","MBA"
220267,"163","lead technical director","Yawal USA Inc","TECHNOLOGY"
220365,"039","data analyst","McKinsey & Company, Inc. United States","INFORMATION SYSTEMS"
220385,"160","accountant","Zero Hash Holdings, Ltd","ACCOUNTING"
220601,"186","analyst","Goldman Sachs & Co LLC","FINANCE"
220745,"019","engineer equipment engineering","MAXIM INTEGRATED PRODUCTS, INC.","MATERIAL SCIENCE AND ENGINEERING"
220821,"030","","Purepath Technologies Inc","DATA SCIENCE"
220828,"039","associate director operations","Microland Limited","MECHANICAL ENGINEERING"
220860,"030","it analyst","Adroit Associates Inc","INFORMATION SYSTEMS"
220884,"041","research scientist purification process sciences","Incyte Corporation","BIOTECHNOLOGY"
220888,"020","data management operations lead","Nexpro Technologies Inc","PUBLIC HEALTH"
220928,"030","dc manager","Deloitte Consulting LLP","BUSINESS ADMINISTRATION"
221074,"079","senior scientist study director","Medtronic, Inc.","COMPARITIVE MEDICINE AND INTEGRATIVE BIOLOGY"
221178,"078","","HCA Health Services of Tennessee, Inc.","MEDICAL LABORATORY SCIENCE"
221329,"019","","ConData Global, Inc.","MECHANICAL ENGRG"
221374,"030","collibra admin developer","Lib N Leo, LLC","MS INFORMATION TECHNOLOGY MANAGEMENT"
221412,"030","integration developer","Skygen USA, LLC","COMPUTER SCIENCE"
221414,"189","head of marketing","Endor Labs Inc.","MARKETING"
221422,"039","sr data engineer","General Mills, Inc.","MGMT INFORMATION SYSTEMS"
221448,"199","associate","McKinsey & Company, Inc. United States","BUSINESS ADMINISTRATION"
221512,"030","knowledge base scientist drug discovery","Sumitovant Biopharma, Inc.","INFORMATION DATA ENGINEERING"
221628,"033","","ExOne Operating, LLC",""
221660,"030","network hardware engineer","Meta Platforms, Inc.","COMPUTER NETWORKING"
221677,"030","data consultant","Horizon Soft Solutions Inc","MASTER OF SCIENCE IN INFORMATION TECHNOLOGY"
221680,"030","vice president product development","JPMorgan Chase & Co.","ELECTRICAL ENGINEERING"
221693,"030","","Infosys Limited","OPERATIONS MANAGEMENT"
221757,"160","associate","Goldman Sachs & Co LLC","FINANCE"
221773,"019","scientist il r d computer science electrical engineering","Palo Alto Research Center, Inc.","ELECTRICAL ENGRG"
221913,"031","","DeeBeCon Inc","BUSINESS MANAGEMENT"
221923,"189","sr pricing analyst","McLane Company, Inc.","BUSINESS ANALYTICS"
221961,"160","associate","Morgan Stanley & Co, LLC","ECONOMICS"
222059,"110","associate attorney","Mayer Brown LLP","LAW JD"
222071,"022","senior research scientist medicinal chemistry","Ideaya Biosciences Inc.","CHEMISTRY"
222083,"141","senior ui ux designer developer","Nutreense, Inc.","DESIGN SPECIALIZATION COMPUTER GRAPHICS DESIGNER"
222123,"030","business program manager","IBM Corporation","TECHNOLOGY MANAGEMENT"
222162,"012","process engineer","Intel Corporation","PHYSICS"
222171,"030","","Consultveda Info Technologies, Inc.","ELECS & COMMS"
222188,"033","data warehousing specialist","Maveric NXT Inc.","COMP INFO SYSS"
222243,"030","civil engineer","SHOOLIN, INC.","SCIENCE"
222283,"030","software development engineer in test","ProKarma, Inc.","COMPUTER INFORMATION SYSTEMS"
222294,"030","solution advisor associate","SAP America, Inc.","BUSINESS ANALYTICS"
222571,"022","integration lead chemical engineer","Miroculus, Inc.","CHEMICAL ENGINEERING"
222643,"169","intl regulatory compliance specialist routing","SHIPCO TRANSPORT INC.","INTERNATIONAL BUSINESS"
222695,"169","senior vice president of human resources","BAMIA 2 LLC","HUMAN RESOURCE MANAGEMENT"
222716,"166","hr specialist","Amazon.com Services LLC","HUMAN RESOURCE MANAGEMENT AND BUSINESS ADMINISTRATION"
222722,"030","sw engineer i","NCR Corporation","COMPUTER SCIENCE"
222863,"039","product designer","Gro Intelligence, Inc.","HUMAN COMPUTER INTERACTION"
222922,"030","","Apple Inc.","MECH ENGRG"
223050,"199","principal associates data science","Capital One Services, LLC","ELECTRICAL AND COMPUTER ENGINEERING"
223056,"030","systems test engineer","Qualcomm Technologies, Inc.","ELECTRICAL ENGINEERING"
223186,"019","senior technical writer","GSG Consultants, Inc.","LITERATURE"
223197,"110","counsel","SOCIETE GENERALE","LAWS"
223203,"030","ace technical lead","Rogers, Freels & Associates, Inc.","MANAGEMENT INFORMATION SYSTEMS"
223207,"005","lead algorithm engineer","ENGIE North America Inc.","CIVIL & ENVIRONMENTAL ENGRG"
223310,"030","","Apple Inc.","INFO AND COMM TECHS"
223366,"199","associate implementation","McKinsey & Company, Inc. United States","BUSINESS ADMINISTRATION"
223398,"003","senior engineer yleld engineers","GlobalFoundries U.S., Inc.","ELECTRICAL ENGINEERING"
223401,"050","trader","Citigroup Global Markets Inc.","ECONOMICS"
223411,"012","process engineer","Systemsoft Inc","MECHANIAL ENGINEERING"
223430,"030","associate application developer","ADP Technology Services, Inc.","COMPUTER SCIENCE"
223436,"030","","Tata Consultancy Services Limited","APPLIED COMPUTER SCIENCE"
223460,"041","bioprocess scientist ii","Ohayo Valley Inc.","BIOLOGY"
223528,"030","research staff member","IBM Corporation","STATISTICS AND OPERATIONS RESEARCH"
223622,"030","java developer","Eliassen Group, LLC","COMPUTER INFORMATION SYSTEMS"
223652,"182","assistant estimator","Joy Construction Corporation Corp","CONSTRUCTION ENGINEERING AND MANAGEMENT"
223785,"091","","Culver Educational Foundation","ENGLISH/PHILOSOPHY/SPANISH"
223856,"999","jr project mgr","CyberGrants, LLC","ENGINEERING MGMT"
223906,"030","machine learning engineer","Varian Medical Systems, Inc.","ELECTRICAL ENGINEERING MACHINE LEARNING & DATA SCIENCE"
223960,"163","vice president","Morgan Stanley Services Group Inc.","BUSINESS ADMINISTRATION"
224008,"039","machine learning engineer","e2log Inc.","COMPUTER ENGINEERING"
224015,"030","","Apple Inc.","ECONOMICS"
224031,"169","sr associate customer engagement strategy planning","RIVIAN, LLC","BUSINESS ADMINISTRATION"
224038,"030","oracle production support","EALEARN INC","COMPUTER SCIENCE"
224039,"030","retail and ecommerce","Wal-Mart Associates, Inc.","COMPUTER SCIENCE"
224069,"030","data engineer","IBM Corporation","MASTER OF APPLIED COMPUTER SCIENCE"
224213,"030","machine learning engineer","Apple Inc.","ELECTRICAL AND COMPUTER ENGINEERING"
224270,"039","data analyst","DataSync, Inc","COMPUTER SCIENCE"
224290,"160","associate global credit risk","JPMorgan Chase & Co.","ECONOMICS"
224319,"030","senior database engineer","VisiQuate, Inc.","COMPUTER SCIENCE AND BUSINESS INFORMATION SYSTEMS"
224366,"020","","IMC Americas, Inc.","COMPUTATIONAL FINANCE"
224415,"030","","Edubrite Systems, Inc.","COMPUTER SCIENCE"
224417,"039","research scientist","Salesforce.com, Inc.","COMPUTER SCIENCE"
224608,"039","vice president program management shipping logistics","Saks.com LLC","COMPUTER SCIENCE"
224612,"076","","Interface Rehab, Inc.","PHYSICAL THERAPY"
224644,"030","","Infinera Corporation","COMPUTER SCIENCE"
224655,"161","program operations manager","Draper University LLC","ELECTRICAL ENGINEERING"
224687,"199","associate management consultant","McKinsey & Company, Inc. United States","PUBLIC AFFAIRS"
224729,"199","data analyst","McKinsey & Company, Inc. United States","ANALYTICS"
224733,"030","devleoper user interface","Tata Consultancy Services Limited","MANAGEMENT INFORMATION SYSTEMS"
224805,"030","business analyst","G-INFOTECH INC","BUSINESS ADMINSTRATION"
224816,"160","analytical reporting analyst","Transamerica Life Insurance Company","ACTUARIAL SCIENCE"
224903,"030","associate","The Ayco Company L.P., A Goldman Sachs Company","INFORMATION TECHNOLOGY AND MANAGEMENT"
224905,"030","","DeeBeCon Inc","ELECTRONICS AND COMMUNICATION"
225019,"030","associate data engineer","Mosaic Learning, Inc.","INFORMATION SCIENCES TECHNOLOGIES"
225101,"019","system analysis engineer","Wal Fuel Systems USA Inc","ROBOTICS"
225184,"199","associate management consultant","McKinsey & Company, Inc. United States","BUSINESS  ADMINISTRATION"
225266,"020","product manager","Uber Technologies, Inc.","BUSINESS ADMINISTRATION"
225475,"162","investment banking associate","HSBC Securities USA Inc.","FINANCE"
225515,"020","data analyst 2","Cimetrix Incorporated","AGRICULTURAL AND BIOLOGICAL ENGINEERING"
225623,"030","quality engineer","Intellectt Inc","SCIENCE"
225716,"030","","Amazon Development Center U.S, Inc.","COMPUTER SCIENCE"
225753,"030","business systems analyst","CEO Foundry LLC","COMPUTER SCIENCE AND ENGINEERING"
225981,"030","machine learning enginer","Apple Inc.","MECH ENGRG"
225998,"199","client service specialist","MOODY'S ANALYTICS, INC.","QUANTITATIVE FINANCE"
226065,"199","associate management consultant","McKinsey & Company, Inc. United States","BUSINESS ADMINISTRATION"
226114,"022","senior scientist","PPD Development, L.P.","CHEMISTRY"
226122,"007","senior engineer mems characterization engineering","Knowles Electronics LLC","MECHANICAL ENGINEERING"
226124,"030","associate software engineering","JPMorgan Chase & Co.","INFORMATION TECHNOLOGY ASSURACE ADMINISTRATION BACHELORS IN COMPUTER SCIENCE"
226206,"012","product and materials test engineer","DDL, Inc.","ENGINEERING BIOMEDICAL ENGINEERING"
226218,"184","americas head operations change management","HSBC Technology & Services USA Inc.","BACHELOR OF SCIENCE IN MANAGEMENT"
226227,"015","","Apple Inc.","APPLIED PHYSICS"
226266,"030","data engineer","VTech Info Inc","INFORMATION SYSTEMS"
226387,"199","associate management consultant","McKinsey & Company, Inc. United States","BUSINESS ADMINISTRATION"
226430,"007","plant modeling sw tools engineer","Lucid USA, Inc.","MECHANICAL ENGINEERING"
226448,"199","associate management consultant","McKinsey & Company, Inc. United States","BUSINESS, ENGERGY, ENVIRONMENT AND SUSTAINABILITY"
226483,"072","dentist associate","Igor Elperin DDS, PLLC","DENTAL HEALTH"
226635,"189","operations manager","Segur Texas, LLC","BUSINESS"
226826,"189","senior product marketing manager","Finco Services Inc","BUSINESS  ADMINISTRATION"
227083,"030","technology analyst us","Infosys Limited","COMPUTER SCIENCE"
227251,"030","sales support lead specialist","Citibank, N.A.","MASTER OF BUSINESS ADMINISTRATION & BACHELOR OF ARTS IN ECONOMICS"
227265,"030","machine learning engineer","Epic Creations, Inc.","MATHEMATICS"
227273,"007","product development engineer i","Midwest Interventional Systems, Inc","MECHANICAL ENGINEERING"
227279,"199","associate management consultant","McKinsey & Company, Inc. United States","BUSINESS ADMINISTRATION"
227282,"033","product manager","Omaze, Inc.","SOFTWARE MANAGEMENT"
227315,"039","data governace practice lead iii","CareSource Management Services, LLC","INFORMATION SYSTEMS MANAGEMENT"
227342,"033","senior professional application delivery","DXC Technology Services LLC","NETWORK AND COMMUNICATIONS MANAGEMENT"
227379,"050","growth product mgr","Scopely, Inc.","MASTER OF BUSINESS ADMINISTRATION"
227416,"030","analytical associate","A.T. Kearney, Inc.","MATHEMATICS"
227483,"161","chief of staff to ceo","OMH HealthEdge Holding, Inc.","GENERAL MANAGEMENT ACCOUNTING FINANCE AND STRATEDY"
227540,"160","financial auditor","Gerson Preston Klein Lips Eisenberg & Gelber, P.A.","BUSINESS ADMINISTRATION"
227711,"030","test automation engineer","Astir Technologies LLC","BACHELOR OF SCIENCE DEGREE IN COMPUTER INFORMATION SYSTEMS US EQUIVALENT"
227751,"030","vice president","Goldman Sachs Services LLC","COMPUTER SCIENCE"
227767,"030","splunk engineer","EALEARN INC","INFORMATION SCIENCE"
227768,"020","data sciencde analyst","Tiger Analytics, Inc.","DATA SCIENCE"
227790,"199","associate management consultant","McKinsey & Company, Inc. United States","BUSINESS ADMINISTRATION"
227833,"199","product manager","McKinsey & Company, Inc. United States","BUSINESS ADMINISTRATION"
227898,"030","","Apple Inc.","COMP ENGRG"
227902,"169","program manager ii","Amazon.com Services LLC","BUS ADMIN"
227923,"030","business systems analyst","INNOVALY CORP","BUSINESS MANAGEMENT"
227957,"020","commercial advisor","Wood Group USA, Inc.","FINANCE"
227968,"022","associate scientist chemistry","Agios Pharmaceuticals, Inc.","CHEMISTRY"
228018,"163","senior marketing manager","Maplebear Inc","BUSINESS ANALYTICS"
228049,"030","net sql developer","Info Junction LLC","ELECTRICAL AND COMPUTER ENGINEERING"
228144,"050","paid media specialist","Brainlabs USA, LLC","LIBERAL STUDIES SOCIAL AND HISTORICAL STUDIES CONCENTRATION"
228148,"030","big data engineer i","Rock Central LLC","DATA SCIENE AND BUSINESS ANALYTICS"
228202,"030","","Uber Technologies, Inc.","COMP SCI"
228221,"030","big data support engineer","Amazon.com Services LLC","INDUSTRIAL ENGINEERING"
228223,"030","","Apple Inc.","COMPUTER SCIENCE"
228277,"030","associate data scientist","ProKarma, Inc.","DATA ANALYTICS"
228282,"030","full stack net developer","ITSTAC, LLC","INFORMATION TECHNOLOGY AND COMPUTING"
228296,"030","machine learning engineer","CALYPSO SOFT INC","COMPUTER SCIENCE"
228306,"161","consultant","The Boston Consulting Group, Inc.","BUSINESS ADMINISTRATION"
228311,"141","story artist","Pixar","APPLIED ARTS ANIMATION"
228317,"199","ops professional mkts mgr","Bank of America, N.A.","FINANCIAL MATHEMATICS"
228370,"030","consultant data engineer","Capgemini America, Inc.","COMPUTER SCIENCE AND SOFTWARE ENGINEERING"
228401,"039","senior analyst marketing science","Omnicom Media Group Holdings, Inc.","BUSINESS ANALYTICS"
228505,"030","it project mgr","Xoriant Corporation","ENGINEERING"
228516,"001","architectural designer","Lumen Architectural Engineering, P.C.","ARCHITECTURE"
228563,"039","","ATOS SYNTEL INC","MASTER IN COMPUTER MANAGEMENT"
228565,"160","manager","Morgan Stanley Services Group Inc.","INFORMATION TECHNOLOGY AND TECHNOLOGY MANAGEMENT"
228566,"030","ux researcher","Meta Platforms, Inc.","FAMILY SOCIAL SCIENCE & BUSINESS"
228577,"030","","Apple Inc.","COMPUTER SCIENCE"
228592,"003","","Siemens Energy, Inc.","ELECTRICAL ENGINEERING"
228708,"030","data scientist with nlp and ai","Dun & Bradstreet, Inc.","DATA SCIENCE"
228744,"160","portfolio manager","Tower Research Capital, LLC","FINANCE AND ACCOUNTING"
228765,"030","data scientist","IBM Corporation","DATA SCIENCE"
228882,"030","sr analyst gtm analytics","Palo Alto Networks, Inc.","BUSINESS ADMINISTRATION BUSINESS ANALYTICS"
228950,"030","battery algorithm simulation engineer","Apple Inc.","CHEMICAL ENGINEERING"
229058,"020","","Goldman Sachs & Co LLC","MATHEMATICS IN FINANCE"
229257,"030","human fact design engineer","Apple Inc.","BIOMEDICAL ENGINEERING"
229315,"030","data engineer","LatentView Analytics Corporation","COMPUTER INFORMATION SYSTEMS"
229323,"160","finance analyst","Siemens Industry, Inc.","CORPORATE FINANCE MANGEMENT SCIENCE"
229362,"030","data analyst sr","Pyramid Consulting, Inc.","ELECTRICAL ENGINEERING"
229453,"169","vice persident of engineering","LHP Data Analytic Solutions, LLC","MD SURGERY EQUIVALENT COMBINATION OF EDUCATION AND EXPERIENCE IN COMPUTER INFORMATION SYSTEMS"
229469,"030","solution specialist","Deloitte Consulting LLP","INDUSTRIAL ENGINEERING"
229509,"008","s t research engineer expert","PPG Industries, Inc.","CHEMICAL ENGINEERING"
229536,"030","","Staffigo Technical Services, LLC","INFORMATION SYSTEMS"
229543,"033","rf bench test engineer","Innophase, Inc.","ELECTRICAL ENGINEERING"
229573,"030","it project sr mgr","Citibank, N.A.","INFORMATION TECHNOLOGY & BUSINESS ADMIN"
229596,"050","search associate","Merkley and Partners, Inc.","ADVERTISING & INTERGRATED MARKETING COMMUNICATIONS"
229599,"011","product analyst","Alto Pharmacy, LLC.","QUANTITATIVE MANAGEMENT"
229625,"012","manufacturing specialist material plan execution","GE RENEWABLES GRID LLC","INDUSTRIAL ENGINEERING"
229727,"007","sr pt thermal product engineer","Lordstown Motors Corp.","AUTOMOTIVE ENGINEERING"
229752,"019","sales operations planning manager","Siemens Gamesa Renewable Energy, Inc.","MANAGEMENT INFORMATION SYSTEMS"
229799,"030","system development engineer i","Amazon.com Services LLC","COMPUTER SCIENCE"
229863,"030","","Apple Inc.","ELEC ENGRG"
229867,"030","","Apple Inc.","TELECOMMUNICATIONS"
229903,"079","ehs specialist","Weee Inc.","BACHELOR OF ARTS MAJOR IN SUSTAIABLE ENVIRONMENT DESIGN"
229948,"030","consultant","ProKarma, Inc.","INFORMATION TECHNOLOGY MANAGEMENT COMPUTER SCIENCE"
229975,"030","implementation engineer","Apple Inc.","COMP ENGRG"
229980,"039","research scientist","Amazon.com Services LLC","COMPUTER SCIENCE"
230019,"050","","Zorbis Inc","MARKETING"
230024,"161","consultant","The Boston Consulting Group, Inc.","BUSINESS ADMINISTRATION"
230044,"030","associate consultant technology implementation l1","WIPRO LIMITED","INFORMATION AND TECHNOLOGY MANAGEMENT"
230102,"030","java full stack developer","Raven Software Solutions Inc","TECHNOLOGY"
230164,"030","associate cloud operations engineer","Zscaler, Inc.","TELECOMUNICATION NETWORKS"
230199,"039","system engineer erp","Trikaiser, LLC","COMPUTER ENGINEERING"
230250,"030","","EAC Design, Inc","MGT INFO SYSTEMS"
230264,"030","database engineer","Sanra Solutions, Inc.","INFORMATION SYSTEMS"
230292,"030","data engineer","Selfbook Inc.","BACHELOR OF SCIENCE IN COMPUTER SYSTEMS ENGINEERING"
230455,"169","senior analyst decision sciences","Universal McCann Worldwide, Inc.","INFORMATICS WITH CONCENTRATION IN ANALYTICS"
230456,"030","junior developer","Akuna Capital LLC","MECHANICAL ENGINEERING"
230470,"030","quality engineer","IBM Corporation","COMPUTER ENGINEERING"
230484,"030","sdet software dev engineer in test","Ursi Technologies Inc","COMPUTER SCIENCE OR EQUIVALENT"
230492,"007","engineer staff algorithm development engineer","The Goodyear Tire & Rubber Company","MECHANICAL ENGINEERING"
230615,"039","chromebook product manager","Lenovo United States Inc.","INTEGRATED INNOVATION FOR PRODUCTS AND SERVICES"
230905,"137","localization producer","Riot Games, Inc.","TRANSLATION AND LOCALIZATION MANAGEMENT"
230959,"039","","ORDWAY LABS, INC.","COMPUTER SCIENCE"
231027,"160","tax associate","N&K CPAs, Inc.","TAXATION"
231147,"199","asst dir sr financial engineer","MOODY'S ANALYTICS, INC.","BUSINESS ADMINISTRATION"
231162,"160","assurance staff audit services","Ernst & Young U.S. LLP","ACCOUNTING"
231226,"039","engineer 1","McKinsey & Company, Inc. United States","COMPUTER SCIENCE"
231271,"030","design release engineer","Zoox, Inc.","MECHANICAL ENGINEER"
231272,"039","senior data engineer","Storj Labs Inc.","BUSINESS ADMINISTRATION INFORMATION SYSTEMS AND DATA SCIENCE"
231274,"020","associate","PricewaterhouseCoopers LLP","MANAGEMENT INFORMATION SYSTEMS AND BUSINESS ADMINISTRATION"
231299,"039","principal consultant","GLOBAL APPLICATIONS SOLUTION LLC","BACHELOR OF SCIENCE COMPUTER SCIENCE"
231300,"005","","Thornton Tomasetti","CIVIL ENGINEERING"
231371,"030","business analyst","Colsh Consultants, LLC","PROFESSIONAL STUDIES"
231489,"030","consultant us","Infosys Limited","ELECTRONICS AND COMMUNICATION ENGINEERING"
231565,"033","senior data operations supervisor","Blue Box Air, LLC","BUSINESS ADMINISTRATION BUSINESS INTELLIGENCE ANALYTICS"
231600,"029","optical scientist","Meta Platforms, Inc.","PHYSICS AND MATHEMATICS"
231609,"030","software applications developer","Riese Cloud Tek LLC","MASTER OF SCIENCE"
231615,"020","model analysis validation senior analyst","Citibank, N.A.","BIOSTATISTICS PROBABILITY AND STATISTICS"
231624,"019","lead research development engineer","Phuc Labs, INC","PH D CHEMICAL ENGINEERING"
231688,"030","product specialist iii","Thermo Fisher Scientific Inc.","BIOLOGY"
231714,"030","supplier quality engineer","Satya Soft Solutions LLC","ENGINEERING"
231748,"007","product development engineer","SPX FLOW, Inc.","MECHANICAL ENGINEERING"
231759,"160","analyst","Morgan Stanley & Co, LLC","FINANCE"
231778,"003","senior signal integrity engineer","Cruise LLC","ELECTRICAL ENGINEERING"
231785,"199","","McKinsey & Company, Inc. United States","JURIS DOCTOR"
231821,"162","buyer asian unit business manager","Thai Imports Limited","MANAGEMENT INFORMATION SYSTEMS"
231827,"030","machine learning engineer software developer systems softwar","Apple Inc.","COMPUTER ENGINEERING"
231867,"186","chief investment officer","VAULT DEVELOPMENT PARTNERS LLC","ACCOUNTING"
231958,"033","senior data engineer","Blackbaud, Inc.","INFORMATION TECHNOLOGY"
232016,"030","application developer","IBM Corporation","BACHELOR OF SCIENCE IN COMPUTER ENGINEERING"
232021,"169","","NFE Management LLC","GLOBAL AFFAIRS ENVIRONMENT / ENERGY POLICY"
232080,"013","head of business development and strategy","Re-Nuble, Inc.","SUSTAINABILITY MANAGEMENT"
232110,"030","pathways operations manager","Amazon.com Services LLC","BUS ADMIN"
232143,"030","","Apple Inc.","CHEMICAL ENGRG"
232163,"030","seo product lead","The Sage Board Inc","SOFTWARE ENGINEERING"
232303,"999","r d chef","A & R All God's Children LLC","BACHELOR OF SCIENCE HOTEL AND CATERING MANAGEMENT"
232489,"012","quality manager product production","ams OSRAM Automotive Lighting Systems USA, Inc.","MECHATRONICS ENGINEERING"
232498,"079","senior scientist","Sanofi US Services Inc.","COMPULATIONAL AND DATA ENABLED SCIENCES"
232517,"110","associate","Weil, Gotshal & Manges LLP","JURIS DOCTOR"
232527,"030","developer","Luminary Creative and Marketing LLC","COMPUTER INFORMATION SYSTEMS"
232531,"999","senior surgery veterinarian technician","Hope Animal Clinic, PC","VETERINARY"
232542,"161","strategy consultant","Siemens Advanta Solutions Corp.","MANAGEMENT SCIENCE AND QUANTITATIVE METHODS"
232559,"030","solutions architect","Defense In Depth Solutions, Inc.","BUSINESS ADMINISTRATION"
232585,"030","devops engineer","Strategic Resources International Inc","COMPUTER SCIENCE"
232622,"199","practice specialist","McKinsey & Company, Inc. United States","BUSINESS ADMINISTRATION"
232643,"030","","Pro IT Inc","COMPUTER SCIENCE"
232737,"007","principal product development engineer","Gener8, LLC","MATERIAL SCIENCE AND ENGINEERING"
232786,"141","associate designer","Visual Concepts","GAMES AND PLAYABLE MEDIA"
232912,"019","","Modern Market Master Inc","BACHELOR OF ARTS IN LEGAL STUDIES"
232969,"020","data scientist","SFL SCIENTIFIC, LLC","GEOLOGY"
232987,"199","capabilities and insights analytics specialist","McKinsey & Company, Inc. United States","BUSINESS ANALYTICS"
232996,"161","","Golden Qi Holdings, LLC","FINANCIAL ENGINEERING"
233021,"041","research associate ii oes 19 1021","Hengenix Biotech, Inc.","PHYSIOLOGY"
233143,"030","project product manager","One Sky Flight, LLC","PROJECT MANAGEMENT"
233228,"030","","Amazon.com Services LLC","INFO SYSS"
233255,"030","sftw developer","Wise IT Inc","ELECTRONICS AND COMMUNICATION ENGINEERING"
233317,"003","head of research","Devron Corporation","ELECTRICAL AND COMPUTER ENGINEERING"
233340,"039","business analyst","Tzadik Properties, LLC","INFORMATION TECHNOLOGY"
233396,"030","data analyst","MACHINE LEARNING TECHNOLOGIES LLC","MASTER OF SCIENCE IN BUSINESS ANALYTICS"
233405,"160","program manager ii","Amazon.com Services LLC","ACCOUNTING"
233432,"199","business analyst","McKinsey & Company, Inc. United States","ECONOMICS AND COMPUTER SCIENCE"
233464,"041","organism engineer","Ginkgo Bioworks, Inc.","PHD CELLULAR MELECULAR BIOMEDICAL STUDIES"
233467,"030","technology lead us","Infosys Limited","COMPUTER APPLICATIONS"
233527,"030","solution analyst","Deloitte Consulting LLP","COMPUTER SCIENCE"
233571,"999","international relations specialist","Gorin Tennis Academy","INTERNATIONAL RELATIONS"
233775,"019","","Halomine Inc.","MATERIALS SCIENCE AND ENGINEERING"
233867,"169","client director","Oceanside Ten Management, Inc.","ENGINEERING MANAGEMENT"
233966,"079","prosthetist orthotist","Bionic Prosthetics & Orthotics Group, LLC","PROSTHETICS & ORTHOTICS"
234055,"020","senior clinical sas programmer","TruMinds Technologies, Inc.","EPIDEMIOLOGY"
234105,"160","accountant","Citi Diamonds Inc.","COMMERCE"
234182,"022","sr scientist bio process","Merck Sharp & Dohme Corp.","PHARMACEUTICS"
234196,"110","corporate associate","Wachtell, Lipton, Rosen & Katz","LAW"
234474,"030","senior associate","WILLIS TOWERS WATSON US LLC","INFORMATION TECHNOLOGY"
234484,"030","java developer","Agiletal Technologies Inc.","BUS ADMIN"
234592,"199","data scientist","Lazard Freres & Co LLC","MANAGEMENT SCIENCE AND ENGINEERING"
234691,"007","global operational excellence director","HVL LLC","MECHANICAL ENGINEERING"
234734,"142","industrial designer","Enlisted Ventures, LLC","INDUSTRIAL DESIGN"
234755,"030","azure data engineer","Logic Loops LLC","BACHELOR OF SCIENCE IN COMPUTER SCIENCE"
234816,"161","consultantt","The Boston Consulting Group, Inc.","BUSINESS ADMINISTRATION"
234948,"161","vice president product development","JPMorgan Chase & Co.","OPERATIONS MANAGEMENT AND INDUSTRIAL ENGINEERING"
234974,"163","sales manager","PERKINS ROOFING CORP","COMMERCE"
235035,"185","pathways operations manager","Amazon.com Services LLC","SUPPLY CHAIN MANAGEMENT AND BUSINESS ANALYTICS"
235046,"030","","Amazon.com Services LLC","DATA ANALYTICS ENGRG"
235060,"050","","Saks.com LLC","MASTER OF SCIENCE IN INTEGRATED MARKETING MARKETING ANALYTICS"
235079,"030","technical test lead us","Infosys Limited","COMPUTER SCIENCE MATHEMATICS AND PHYSICS"
235107,"020","team lead revenue management","The Hertz Corporation","BUSINESS ADMINISTRATION WITH A CONCENTRATION IN FINANCE"
235169,"020","legal systems analyst","Charlee.ai","INSURANCE LAW"
235322,"030","java developer","Emonics LLC","COMPUTER SCIENCE AND INFORMATION TECHNOLOGY"
235376,"030","device engineer","Power Integrations, Inc.","ELECTRONICS ENGINEERING"
235381,"012","engineer ii","SMITHS MEDICAL ASD INC.","ENGINEERING MANAGEMENT"
235407,"183","","WHIRLPOOL CORPORATION","BUSINESS ADMINISTRATION"
235458,"050","associate","Cornerstone Research, Inc.","BUSINESS ADMIN W CONCENTRATION IN ECONOMICS"
235516,"030","machine learning engineer","Apple Inc.","SYMBOLIC SYSTEMS"
235744,"001","designer","Elysian Landscapes Inc.","LANDSCAPE ARCHITECTURE"
235897,"030","","Keep Truckin, Inc.","INFORMATION TECHNOLOGY AND MANAGEMENT"
235899,"119","law clerk","Hogan Lovells US LLP","LAW"
235930,"008","","Nissan North America, Inc.","CHEMICAL ENGINEERING"
235943,"050","product manager","Maplebear Inc","ECONOMICS"
235957,"169","associate psychometrician measurement testing examinations","National Council of State Boards of Nursing, Inc.","Education"
235983,"039","program manager","Microsoft Corporation","COMPUTER SCIENCE"
236016,"160","vice president","Credit Suisse Securities USA LLC","FINANCE"
236100,"030","technology analyst us","Infosys Limited","COMPUTER SCIENCE"
236162,"110","associate attorney","Gibson, Dunn & Crutcher LLP","LAW"
236218,"099","educational counselor","THINKTOWN EDUCATION, INC.","DIVISION OF THE HUMANITIES"
236316,"160","senior staff accountant","Kohan Retail Investment Group LLC","BUSINESS AND FINANCIAL OPERATIONS"
236359,"030","specialist","McKinsey & Company, Inc. United States","BUSINESS ADMINISTRATION"
236364,"030","developer devops","Barclays Services LLC","COMPUTER SCIENCE"
236389,"030","","CPC TECHNOLOGIES LLC","COMPUTER SCIENCE AND ENGINEERING"
236458,"029","clinical statistical analyst","Simple Health LLC","BUSINESS ANALYTICS MS ACTUARIAL SCIENCE BS"
236480,"030","infotainment engineer","C-Vision, Inc.","MECHANICAL ENGINEERING"
236496,"160","product analyst","Pacific Investment Management Company LLC","ECONOMICS"
236667,"020","","Uber Technologies, Inc.","AERONAUTICS & ASTRONAUTICS"
236750,"030","research scientist machine learning","BYTEDANCE INC.","COMPUTER SCIENCE AND ENGINEERING"
236845,"169","director of it","Housing Authority of the City of Pittsburgh","ELECTRICAL ENGINEERING"
237036,"050","credit portfolio senior group manager","Citibank, N.A.","ECONOMICS"
237054,"030","research scientist","Meta Platforms, Inc.","COMPUTER SCIENCE"
237168,"030","architect","Tata Consultancy Services Limited","ELECTRICAL AND COMPUTER ENGINEERING"
237228,"030","cloud data engineer","Lyve Tech LLC","BUSINESS ANALYTICS"
237261,"059","analyst campaign insights","MullenLowe U.S., Inc.","DATA SCIENCE"
237397,"199","business analyst management consultant","McKinsey & Company, Inc. United States","MANAGEMENT"
237498,"030","hardware development engineer","Apple Inc.","APPLIED SCI & TECH"
237556,"050","monetization analyst lion studios","AppLovin Corporation","MARKETING"
237577,"020","","Getir US, Inc.","MATHEMATICS"
237638,"039","","Salesforce.com, Inc.","COMPUTER SYSTEMS ENGINEERING"
237685,"199","business analyst management consultant","McKinsey & Company, Inc. United States","ECONOMICS"
237712,"020","senior analyst","Horizon Media LLC","DATA SCIENCE"
237720,"169","program manager","BYTEDANCE INC.","COMPUTER INFORMATION SYSTEMS"
237802,"","systems engineer","OMA4 LLC","INFORMATION TECHNOLOGY"
237882,"030","","Apple Inc.","ELEC ENGRG"
238112,"030","","Apple Inc.","ELEC & COMP ENGRG"
238256,"007","product solutions engineer","AES Clean Energy Services, LLC","MECHANICAL ENGINEERING"
238307,"039","scientific software developer","Openeye Scientific Software , Inc.","CHEMISTRY"
238323,"050","analyst","Goldman Sachs & Co LLC","GLOBAL MANAGEMENT GLOBAL BUSINESS"
238326,"007","","Radia, Inc.","MECHANICAL ENGINEERING"
238327,"078","","Guardian Healthcare Providers","MEDICAL CLINICAL LABORATORY TECHNOLOGY"
238335,"160","fund accounting","JPMorgan Chase & Co.","ECONOMICS"
238412,"141","jr 3d designer","AppLovin Corporation","ANIMATION"
238440,"030","firmware developer","IBM Corporation","COMPUTER SCIENCE"
238451,"169","associate","Morgan Stanley Bank N.A.","MATHEMATICS OF FINANCE"
238479,"030","data engineer","Chartboost, Inc.","BUSINESS ANALYTICS"
238572,"030","analytics engineer","Health Catalyst, Inc.","COMPUTER SCIENCE AND QUANTITATIVE METHODS"
238582,"030","software development engineer applications","Apple Inc.","APPLIED MATHEMATICS AND COMPUTER INFORMATION SYSTEMS"
238653,"030","strategic sales operations specialist","Hitachi Vantara LLC","BUSINESS ADMINISTRATION CONCENTRATION FINANCE"
238758,"012","process engineering specialist","HSBC Technology & Services USA Inc.","BUS ADMIN"
238821,"039","engineer 2","McKinsey & Company, Inc. United States","COMPUTER SCIENCE"
238836,"030","research scientist","Meta Platforms, Inc.","COMPUTER SCIENCE"
238889,"161","consultant","The Boston Consulting Group, Inc.","BUSINESS ADMINISTRATION"
238893,"199","associate analyst 3","MOODY'S INVESTORS SERVICE, INC.","QUANTITATIVE FINANCE"
238899,"169","it manager","Safeway Inc.","COMPUTER INFORMATION SYSTEMS"
238911,"049","senior climate change and sustainability specialist","ICF Incorporated, LLC","ENVIRONMENTAL AND SUSTAINABILITY SCIENCE"
238926,"030","","Citibank, N.A.","M S COMPUTER SCIENCE M S INFORMATION TECHNOLOGY MANAGEMENT"
238959,"030","mulesoft developer","ISOLVE TECHNOLOGY INC","BUSINESS ANALYTICS"
238994,"160","staff accountant","Chen & Fan Accountancy Corporation","ACCOUNTING"
239006,"160","business analyst","Miku, Inc","BUSINESS ADMINISTRATION"
239060,"169","account executive","IPG Health LLC","NEUROSCIENCE AND BEHAVIOR"
239079,"141","designer","Maisonette, Inc.","DESIGNER"
239087,"119","legal consultant","Davis Polk & Wardwell LLP","LAW"
239093,"199","director of mineralized co2 commercialization","Blue Planet Systems Corporation","U S BACHELORS DEGREE IN BUSINESS ADMINISTRATION EQUIVALENT"
239144,"999","pathways operations manager mba","Amazon.com Services LLC","BUSINESS ADMINISTRATION"
239225,"169","operations program manager","Microsoft Corporation","BUSINESS ADMINISTRATION"
239234,"001","global account director","M. Arthur Gensler Jr. & Associates, Inc.","BACHELOR OF ARCHITECTURE"
239340,"142","product designer","Brave Software, Inc.","WEB DESIGN NEW MEDIA"
239449,"030","support engineer","Adroit Associates Inc","BUSINESS  ANALYTICS"
239455,"030","","Truverse Inc.","COMPUTER SCIENCE"
239465,"041","associate biologics cmc","WuXi Biologics USA, LLC","BIOTECHNOLOGY"
239651,"030","manager","Deloitte Consulting LLP","BUSINESS ADMINISTRATION"
239684,"030","data engineer","NESTOR TECHNOLOGIES INC.","COMP SCI & INFO SYSS"
239687,"160","senior vice president asset management","Bedrock Management Services, LLC","BUSINESS ADMINISTRATION"
239855,"039","product manager","Crystal Equation Corporation","MASTER OF SCIENCE IN INFORMATION SYSTEMS & TECHNOLOGY"
239892,"163","international sales director","Advance 2000, Inc.","BUSINESS"
240216,"039","net developer","Wafts Solutions Inc",""
240225,"020","strategy associate","UMA Education, Inc.","BUSINESS ADMINISTRATION"
240248,"161","associate","The Boston Consulting Group, Inc.","MATHEMATICAL ECONOMICS"
240300,"030","software developer data analyst","Eversoft Technologies LLC","COMPUTER SCIENCE AND ENGINEERING"
240318,"030","","Ursi Technologies Inc","COMP SCI OR EQUIVALENT"
240392,"040","chief agronomist","GroGuru, Inc.","AGRONOMY"
240468,"008","staff scientist research development","Thermo Fisher Scientific Inc.","CHEMISTRY"
240585,"030","senior consultant data analyst","Turnberry Solutions Inc","COMPUTER SCIENCE"
240636,"030","technology analyst us","Infosys Limited","COMPUTER SCIENCE"
240656,"030","","Apple Inc.","BUS MGT AND NUTRITION"
240684,"030","production engineer","Intellectt Inc","ENGINEERING AND OPERATIONS MANAGEMENT"
240712,"160","broker dealer","SG AMERICAS SECURITIES, LLC","INTERNATIONAL AFFAIRS AND BUSINESS ADMINISTRATION"
240733,"010","geomechanical engineer i","Freeport-McMoRan Chino Mines Company","MINERAL ENGINEERING (SPECIALIZATION IN GEOTECHNICAL ENGINEERING)"
240769,"039","software developer applications","Enduring Games, Inc.","INTERACTIVE TECHNOLOGY DIGITAL GAME DEVELOPMENT"
240794,"012","quality engineer","Westfall Technik, Inc.","INDUSTRIAL ENGINEERING"
240999,"030","","Apple Inc.","ELEC & COMP ENGRG"
241193,"030","vice president","Credit Suisse Securities USA LLC","COMPUTER SCIENCE"
241201,"189","head of engineering","Product Science, Inc.","COMPUTER INFORMATION SYSTEMS"
241250,"199","senior manager risk management","American Express Company","COMPUTER INFORMATION SYSTEMS"
241256,"030","salesforce business system analyst","Incapsulate, LLC","INFORMATION SYSTEMS TECHNOLOGY"
241269,"030","data scientist","Oracle America, Inc.","ELECTRICAL ENGINEERING"
241336,"030","power engineer electrinics engineer except computer","Apple Inc.","ELECTRICAL AND COMPUTER ENGINEERING"
241343,"003","firmware engineer","SONY ELECTRONICS INC.","COMPUTER ENGINEERING"
241431,"012","buyer","Vizgen, Inc.","INDUSTRIAL ENGINEERING"
241454,"012","","Medical Device Business Services, Inc.","INDUSTRIAL ENGINEERING"
241576,"199","analyst","McKinsey & Company, Inc. United States","INFORMATION SYSTEMS MANAGEMENT"
241589,"169","managing director it organizational management","JPMorgan Chase & Co.","COMPUTER SCIENCE"
241634,"160","staff accountant","Critical Systems LLC","ACCOUNTING"
241689,"161","","The Boston Consulting Group, Inc.","BUS ADMIN"
241743,"019","research associate","Akoya Biosciences, Inc.","BIOMEDICAL ENGINEERING"
241863,"999","","7 Kings Code LLC","COMPUTER MATHEMATICAL AND INFORMATION TECHNOLOGY"
241866,"199","sata journalist","MOODY'S INVESTORS SERVICE, INC.","JOURNALISM"
241882,"030","","Majestic IT Services Inc","COMPUTER APPLICATIONS"
241911,"030","","Apple Inc.","COMP ENGRG"
241916,"003","wireless hardware engineer","Eridan Communications, Inc.","ELECTRICAL ENGINEERING"
242041,"161","manager","ExlService.com, LLC","BUS ANALYTICS"
242046,"030","","Apple Inc.","MECH ENGRG"
242049,"019","","Populus Group LLC","COMP ENGRG & WIRELESS COMM"
242072,"030","config release engineer","Apple Inc.","COMP SCI"
242088,"003","camera engineer","Qualcomm Technologies, Inc.","COMP ENGINEERING"
242095,"030","manager","Cognizant Technology Solutions US Corp","ELECTRICAL & ELECTRONIC ENGINEERING"
242113,"030","principal qa engineer i","Cambridge Mobile Telematics, Inc.","EMBEDDED SYSTEMS ENGINEIRRING US EQUIVALENT"
242120,"162","sr supply chain supervisor logistics","ZF Transmissions Gray Court, LLC","BUSINESS ADMINISTRATION"
242182,"003","staff product engineer","Navitas Semiconductor Corporation","ELECTRONIC AND COMPUTER ENGINEERING"
242262,"169","business analyst 2","Capgemini America, Inc.","BUSINESS ADMINISTRATION"
242290,"059","analyst campaign insights","MullenLowe U.S., Inc.","BUSINESS ANALYTICS"
242307,"030","senior data science analyst","TECH INSPIRON LLC","BUSINESS ADMINISTRATION"
242344,"186","","Mirador, LLC","FINANCE"
242376,"039","data engineer","Citizens Financial Group, Inc.","DATA SCIENCE"
242407,"110","associate","KIRKLAND & ELLIS LLP","LAW"
242427,"030","senior platform engineer multi platform","Nuvalence, LLC","SCIENCE TECHNOLOGY"
242535,"160","analyst","The Ayco Company L.P., A Goldman Sachs Company","BUSINESS ADMINISTRATION FINANCE"
242565,"030","vice president","BLACKROCK FINANCIAL MANAGEMENT, INC.","COMPUTER SCIENCE ELECTRONIC ENGINEERING"
242672,"039","","Strategic Business Decisions Consulting LLC","MSTRS IN BUS ANALYTICS"
242675,"199","associate management consultant","McKinsey & Company, Inc. United States","PUBLIC POLICY"
242678,"030","associate","Bank of China","FINANCIAL MATHEMATICS"
242780,"007","assistant plant manager","Louis Dreyfus Company Agricultural Industries LLC","MECHANICAL ENGINEERING"
242998,"199","engagement manager management consultant","McKinsey & Company, Inc. United States","BUSINESS ADMINISTRATION"
243105,"007","senior opto mechanical systems engineer","Carbon, Inc.","MECHANICAL ENGINEERING"
243143,"039","senior product designer","Anheuser-Busch InBev Services, LLC","BUSINESS ANALYTICS AND MACHINE LEARNING"
243204,"008","process engineer","Blue Ridge Paper Products LLC","CHEMICAL ENGINEERING"
243206,"005","control systems engineer","Control Engineering, Inc.","ELECTRICAL ENGINEERING"
243309,"199","business analyst management consultant","McKinsey & Company, Inc. United States","PHILOSOPHY"
243343,"189","consultant","Bain & Company, Inc.","BUSINESS ADMINISTRATION"
243350,"079","clinical director","American Hospice and Home Health Care Services Inc.","PHARMACY"
243402,"199","associate management consultant","McKinsey & Company, Inc. United States","EDUCATION"
243495,"030","java developer","Slesha Inc","COMPUTER SCIENCE"
243591,"030","data quality specialist i","Charter Communications, Inc.","INFORMATION TECHNOLOGY"
243626,"039","avp senior anaplan developer","Cerberus Capital Management, L.P.","BUSINESS ADMINISTRATION"
243737,"019","","Modern Market Master Inc","ENGLISH LANGUAGE AND LITERATURE"
243778,"033","engineer","inContact, Inc.","COMPUTER INFORMATION SYSTEMS"
243818,"030","","Idugg Software Solutions, Inc","BACHELOR OF PHARMACY"
244029,"030","data and cloud engineer","APPRIDAT SOLUTIONS, LLC","COMPUTER SCIENCE AND ENGINEERING"
244044,"049","associate director biostatistics","PFIZER INC.","STATISTICS"
244126,"030","java developer","DWBI SERVICES INC","MECHANICAL ENGINEERING"
244225,"010","scientist ii field applications","Thermo Fisher Scientific Inc.","INORGANIC CHEMISTRY"
244293,"030","technology lead us","Infosys Limited","COMPUTER APPLICATIONS"
244378,"030","","Nutech Systems Inc.","ELECTRONICS AND COMMUNICATION ENGINEERING"
244419,"141","creative lead","GARAGE SOLUTIONS LLC","GRAPHIC DESIGN"
244441,"030","programmer","INFOMATICS INC","COMPUTER SCIENCE AND ENGINEERING"
244472,"030","product analyst","Google LLC","STATISTICS"
244482,"199","senior business analyst","Capital One, National Association","BUSINESS ADMINISTRATION WITH AN ADDITIONAL UNDERGRADUATE MAJOR IN ECONOMICS"
244493,"169","senior analyst decision sciences","Universal McCann Worldwide, Inc.","APPLIED STATISTICS IN SOCIAL SCIENCE RESEARCH WITH CONCENTRATION IN COMPUTATIONAL METHODS"
244588,"030","data engineer","Datalore Technologies Inc","BACHELOR OF TECHNOLOGY IN INFORMATION TECHNOLOGY"
244753,"030","forward deployed engineer","Element Analytics, Inc.","MANAGEMENT INFORMATION SYSTEMS"
244792,"030","","Speridian Technologies, LLC","INFORMATION TECHNOLOGY"
244854,"","pv design technician","Green Convergence","MECHANICAL ENGINEERING"
244884,"039","senior strategy manager","JumpCloud Inc.","ECONOMICS"
244885,"030","program manager ii","Amazon.com Services LLC","INDUSTRIAL AND SYSTEMS ENGINEERING"
244889,"072","dental associate ii","Todays Dental At Greenville LLC","DOCTORATE IN DENTAL MEDICINE"
244917,"030","","EvonSys, Inc.","INFO TECH"
244924,"030","product design engineer","Apple Inc.","MECHANICAL ENGINERING"
244968,"019","packaging engineer","eco.logic brands inc.","PACKAGING SCIENCE"
245089,"039","research engineer ii","TuSimple, Inc.","ELECTRICAL & COMPUTER ENGINEERING AND MECHANICAL ENGINEERING"
245103,"162","","Live Oak Contracting, LLC","BUSINESS ADMINISTRATION"
245110,"199","","VectorGlobal WMG, Inc.","MANAGEMENT AND INTERNATIONAL BUSINESS"
245199,"030","associate site reliability engineer","JPMorgan Chase & Co.","COMPUTER SCIENCE"
245215,"030","front end engineer i","Amazon Development Center U.S, Inc.","INTERACTIVE TELECOMMUNICATIONS"
245221,"030","associate technical program mgr","STOCKX LLC","MGMT INFORMATION SYSTEMS"
245385,"030","api engineer","Palni Inc.","COMPUTER SCIENCE"
245408,"030","net full stack developer","INFOMATICS TECHNOLOGIES INC","INFORMATION TECHNOLOGY MANAGEMENT"
245446,"005","civil associate i","Michael Baker International, Inc.","CIVIL ENGINEERING"
245475,"030","associate implementation","McKinsey & Company, Inc. United States","BUSINESS ADMINISTRATION"
245504,"030","","Apple Inc.","COMP SCI"
245535,"001","graduate bim coordinator","BURO HAPPOLD CONSULTING ENGINEERS, INC.","BLDG SCIENCE"
245596,"030","salesforce business analyst","GenPx Inc","INFORMATION SYSTEMS"
245603,"189","plant manager","SATHI, LLC","CHEMICAL ENGINEERING"
245658,"131","process engineer","LONZA BIOLOGICS INC.","ENVIRONMENTAL TECHNOLOGY SUSTAINABILTY"
245709,"041","msat scientist","LONZA BIOLOGICS INC.","CHEMICAL ENGINEERING"
245895,"020","senior data analyst","Beyond 12 Education Inc.","ENVIRONMENTAL SCIENCE AND POLICY"
245899,"007","engineer i","SOLVED ENGINEERING, INC","MASTER OF SCIENCE IN MECHANICAL ENGINEERING"
245904,"161","consultant","The Boston Consulting Group, Inc.","BUSINESS ADMINISTRATION"
245923,"030","qa engineer","Oremda Infotech Inc","INFORMATION TECHNOLOGY"
245951,"030","","NVIDIA Corporation","COMMUNICATIONS ENGINEERING"
245980,"008","manager batch furnace","Ardagh Glass, Inc.","CHEMICAL ENGINEERING"
246030,"030","java developer","STRATEGIC SYSTEMS INC.","COMPUTER SCIENCE"
246037,"030","quality engineer","Intellectt Inc","MECHANICAL ENGINEERING"
246096,"030","senior machine learning engineer","Cruise LLC","DATA SCIENCE"
246106,"041","senior scientist ii","Sanegene Bio USA Inc.","MORPHOLOGY"
246205,"039","salesforce developer","Lanco Global Systems, Inc.","COMPUTER SCIENCE"
246219,"186","head of personnal investing","Fidelity Brokerage Services LLC","BUSINESS ADMIN"
246267,"041","senior process development engineer","Orbillion Bio, Inc.","BIOPHARMACEUTICAL PROCESSING"
246291,"005","structural engineer","DESIGN ENGINEERING, INC.","CIVIL ENGINEERING"
246389,"160","senior associate","Brookfield Asset Management LLC","BUSINESS ADMISTRATION"
246485,"030","senior software developer","Kforce, Inc","COMPUTER SCIENCE"
246750,"007","","LaBella Associates, D.P.C.","MASTER OF ENGRG ENGRG MGT"
246786,"020","","ExlService.com, LLC","BUSINESS ANALYTICS"
246794,"030","devops cloud engineer","Bruhat Technologies Inc","MASTER OF SCI"
246825,"049","scientist i computational chemistry","Blueprint Medicines Corporation","CHEMICAL ENGINEERING"
246940,"039","digital architect","Rising Sun Technologies LLC","COMPUTER SCIENCE AND ENGINEERING"
246967,"030","partner engineer","Uber Technologies, Inc.","ENGNIEERING AND MANAGEMENT"
246993,"030","data engineer","CALYPSO SOFT INC","INFORMATION TECH AND CYBERSECURITY"
247030,"141","ui ux design developer","Rhombus Power, Inc.","VISUAL COMMUNICATION DESIGN"
247036,"003","process development engineer","Texas Instruments Incorporated","ELECTRICAL ENGINEERING"
247085,"161","quality measurements analytical consultant ii","Excellus Health Plan, Inc.","INFORMATION MANAGEMENT"
247113,"030","principal data scientist i","Charter Communications, Inc.","BUSINESS ANALYTICS"
247190,"039","senior web developer","Camunda Inc.","COMPUTER INFORMATION SYSTEMS"
247196,"030","java developer","Rab3 Tech LLC","COMPUTER SCIENCE"
247252,"039","machine learning engineer","Pinterest, Inc.","COMPUTER SCIENCE"
247345,"030","","WIPRO LIMITED","COMPUTER APPLICATIONS"
247500,"039","data engineer","Iquest Solutions Corp","BUSINESS ANALYTICS"
247531,"030","","Google LLC","COMPUTER SCIENCE AND MATHEMATICS"
247547,"072","associate dentist","Toral Pandya Professional Dental Corporation","DOCTOR IN DENTAL SURGERY"
247609,"030","","Tekxel LLC","BACHELORS IN ELECS & COMM ENGRG"
247681,"020","consultant analytics","Fractal Analytics, Inc.","BUSINESS ANALYTICS"
247748,"030","","Capgemini America, Inc.","MASTER OF SCIENCE IN COMPUTER INFORMATION SYSS"
247854,"160","intl audit mgr mortgage regulatory","Zillow, Inc.","ACCOUNTING"
247889,"161","consultant","The Boston Consulting Group, Inc.","CHEMISTRY"
247900,"030","analyst","Tata Consultancy Services Limited","INFIRMATION TECHNOLOGY"
247976,"008","sr research specialist","The Dow Chemical Company","CHEMICAL ENGINEERING"
247983,"030","","Marlabs LLC","ARTIFICIAL INTELLIGENCE FOR ELECTRICAL & COMPUTER ENGINEERS"
247992,"030","","Meta Platforms, Inc.","COMPUTER SCIENCE"
248077,"030","advanced analytics associate","KYORYOUNA INC","BACHELOR OF TECHNOLOGY"
248115,"031","data analyst","Hughes Network Systems LLC","INDUSTRIAL ENGINEERING"
248135,"030","ui developer","Symplore Inc","COMP & INFO SCI"
248200,"160","accountant associate","PRAGER METIS CPAS, LLC","ACCOUNTING"
248207,"007","cost and value engineering professional","Siemens Mobility, Inc.","GLOBAL AUTOMOTIVE AND MANUFACTURING ENGINEERING"
248305,"199","transaction manager self storager","Highline Storage Partners, LLC","BUSINESS ADMINISTRATION"
248399,"030","data analyst","Fortune Minds Inc","ANALYTICS"
248444,"007","quality engineer","TREMEC Corporation","MECHANICAL ENGINEERING"
248446,"003","r d engineer ic design","Broadcom Corporation","ELECTRICAL ENGINEERING"
248622,"099","mandarin teacher","ZGT LLC","TEACHING CHINESE"
248650,"030","sr sdet engineer","Equitas IT Inc","INFORMATION SYSTEMS"
248658,"030","software development engineer applications","Apple Inc.","DATA SCI"
248682,"030","java developer","Kanap Systems LLC","Computer Science"
248710,"012","manager i operations","Amazon.com Services LLC","INDUSTRIAL ENGINEERING"
248850,"030","solutions architect","TechnoFlair Solutions LLC","ENGINEERING"
248852,"050","originator","Citigroup Global Markets Inc.","MASTER OF BUSINESS ADMINISTRATION"
248880,"030","network security engineer","Marlabs LLC","COMPUTER SCIENCE & ENGINEERING"
248938,"030","data engineer iii","Cars.com","INFORMATION SYSTEMS"
248946,"030","","Ursi Technologies Inc","COMP SCI OR EQUIVALENT"
249189,"050","vice president strategy and business development","Ameream Management LLC","ACCOUNTING"
249361,"030","applications development senior programmer analyst","Citibank, N.A.","M S CYBER SECURITY AND PRIVACY B S ELECTRONIC ENGINEERING"
249430,"019","quality engineer","Silgan Dispensing Systems Corporation","ENGINEERING"
249475,"189","associate consultant","Bain & Company, Inc.","ECONOMICS"
249512,"030","","Goldman Sachs & Co LLC","COMPUTER SCIENCE"
249558,"005","contracts development manager","Transurban USA Inc.","CIVIL ENGINEERING"
249571,"186","senior analyst portfolio construction and risk","The Beneficient Company Group USA","FINANCIAL ENGINEERING"
249653,"030","","Apple Inc.","ELECTRICAL & COMP ENGRG"
249812,"039","program manager","Microsoft Corporation","BUSINESS ANALYTICS AND INFORMATION TECHNOLOGY MANAGEMENT"
249830,"003","","AMEO SOLUTIONS, LLC","ELEC ENGRG"
249865,"007","","Epitec, Inc.","AUTOMOTIVE SYSTEMS ENGINEERING"
249891,"166","management associate","Citibank, N.A.","INDUSTRIAL LABOR RELATIONS WITH A CONCENTRATION IN HR OPERATIONS"
249946,"030","sw engineer i","NCR Corporation","INFORMATION SYSTEMS"
249988,"073","veterinarian","SAGE VETERINARY CENTERS","VETERINARY MEDICINE"
250040,"039","java full stack developer","Smart Info Solutions LLC","INFORMATION TECHNOLOGY"
250047,"031","systems administrator","ONS Computer & IT Solutions, INC.","INFORMATION SYSTEMS IT SECURITY NETWORKING"
250199,"160","portfolio manager","Pacific Investment Management Company LLC","FINANCE"
250461,"161","","Foremost Maritime Company LLC","FOREIGN SERVICE WITH A CONCENTRATION IN GLOBAL BUSINESS & FINANCE"
250475,"041","","Deciphera Pharmaceuticals, LLC","CELL BIOLOGY GENETICS & MOLECULAR MEDICINE"
250505,"184","purchasing specialist analyst","Zinus, Inc.","BUSINESS"
250510,"199","data scientist i","McKinsey & Company, Inc. United States","BUSINESS ANALYTICS AND INFO SYSTEMS"
250569,"030","gp p sr analyst","Citibank, N.A.","BACHELOR OF SCIENCE IN MECHANICAL ENGINEERING AND INDUSTRIAL ENGINEERING BACHELOR OF BUSINESS ADMINISTRATION IN FINANCE"
250615,"003","deep learning engineer","Femtosense, Inc.","COMPUTATIONAL AND MATHEMATICAL ENGINEERING"
250673,"030","","Apple Inc.","APPLIED DATA SCI"
250675,"019","engineer ii design","Microchip Technology Inc.","COMPUTER ENGINEERING"
250686,"050","associate","Primavera USA LLC","BUSINESS ADMINISTRATION"
250736,"030","data engineer","Scipher Medicine Corporation","MASTER OF SCIENCE IN INFORMATION SYSTEMS"
250739,"030","professional services i","Amazon Web Services, Inc.","COMPUTER SCIENCE"
250818,"183","program manager","Tesla, Inc.","SUPPLY CHAIN MANAGEMENT"
250849,"030","support engineer ii external","Amazon Web Services, Inc.","COMPUTER ENGINEERING"
250913,"161","engagement manager","ExlService.com, LLC","MANAGMENT SCIENCE"
250938,"030","","Google LLC","STATISTICS"
250950,"030","","Apple Inc.","MACHINE LEARNING"
250965,"039","data engineer","Eficens Systems LLC","DATA SCIENCE"
250967,"199","practice specialist","McKinsey & Company, Inc. United States","BUSINESS MANAGEMENT"
250969,"030","technical architect","Gaea Global Technologies, Inc.","COMPUTER SYSTEMS ENGINEERING"
250992,"162","supply chain manager","Lexora Inc.","MASTER OF SCIENCE IN INDUSTRIAL ENGINEERING"
251025,"030","principal research scientist","Runway AI, Inc.","SCIENTIFIC COMPUTING"
251046,"030","machine learning engineer","Apple Inc.","LANGUAGE TECHNOLOGIES"
251115,"030","salesforce developer","EMERGTECH BUSINESS SOLUTIONS INC","BUSINESS ADMINISTRATION"
251141,"030","data analyst","Advanced Instruments LLC","INFORMATION MANAGEMENT"
251172,"020","associate data scientist","Caterpillar Inc.","SCIENCE IN ECONOMICS AND SCIENCE IN ANALYTICS"
251174,"162","senior aortic sales representative","Medtronic, Inc.","EMERGENCY MEDICAL SERVICES"
251212,"199","associate managment consultant","McKinsey & Company, Inc. United States","BUSINESS ADMINISTRATION"
251260,"005","civil engineer","Mehta & Associates, Inc.","CIVIL ENGINEERING"
251287,"030","","Apple Inc.","ELECTRICAL AND COMPUTER ENGRG"
251331,"007","reliability engineer","CONSTELLIUM AUTOMOTIVE USA, LLC","US MASTERS DEGREE MECHANICAL ENGINEERING"
251395,"110","associate attorney","Bevilacqua PLLC","LAW"
251489,"199","principal associate data science","Capital One Services, LLC","ANALYTICS"
251525,"030","","Samsung Research America, Inc.","ELECTRICAL AND COMPUTER ENGINEERING"
251655,"030","lead developer","Luminary Creative and Marketing LLC","COMPUTER SCIENCE"
251665,"001","architectural designer","DORIN & COPPEL, LLC","ARCHITUURAL & BUIDING SCIENCE"
251790,"030","machine learning engineer 5","Snap Inc.","ASTRONOMY"
251830,"030","","McKinsey & Company, Inc. United States","BUS ADMIN"
251910,"030","java developer","IT CATS LLC","INFORMATION SYSTEMS"
251925,"199","client service specialist","MOODY'S ANALYTICS, INC.","BUSINESS ADMINISTRATION AND MANAGEMENT"
252084,"030","product manager iii technical","Amazon.com Services LLC","BUSINESS ADMINISTRATION"
252112,"030","business analyst","KeySource Acquisition, LLC","BUSINESS ADMINISTRATION INFORMATION SYSTEMS"
252136,"003","asic design engineer","Apple Inc.","ELECTRICAL & COMP ENGRG"
252184,"196","captain","Air Ambulance Worldwide, LLC","AVIATION SCIENCE"
252304,"030","software development engineer in test ii","S&P GLOBAL MARKET INTELLIGENCE INC.","COMPUTER SCIENCE"
252313,"050","fin solutions sr group manager","Citibank, N.A.","BUSINESS ADMINISTRATION WITH A MAJOR IN FINANCE"
252316,"029","mts analytical characterization engineer","QuantumScape Battery, Inc.","PHYSICS"
252364,"032","","McLaughlin Gormley King Company","INFO SYSS"
252393,"012","managing director and chief engineer","Interstate Resources Inc.","MBA H 1B IS BASED ON HIS BACHELOR S IN INDUSTRIAL ENGINEERING"
252425,"030","cloud architect","Lucid Technology Inc","INFO AND COMMS TECH"
252443,"030","","Orasys, LLC","SOFTWARE ENGRG"
252473,"110","associate","KIRKLAND & ELLIS LLP","LAW"
252481,"030","","Apple Inc.","BUS ADMIN"
252496,"001","junior designer","Skidmore, Owings & Merrill LLP","ARCHITECTURE"
252535,"186","","Goldman Sachs & Co LLC","MANAGEMENT SCIENCE AND ENGINEERING"
252630,"030","hedge fund research analyst","CAPTION MANAGEMENT, LLC","MGMT INFORMATION SYSTEMS"
252700,"030","business systems analyst","Innovative Consulting Solutions LLC","COMPUTERS SCIENCE"
252732,"007","system engineer","Rorze Automation Inc.","MECHANICAL ENGINEERING"
252807,"163","business development manager","Cameron International Corporation","BUSINESS ADMINISTRATION"
252813,"033","","TARANA WIRELESS, INC.","ELECTRICAL ENGINEERING"
252875,"030","data scientist","The Nielsen Company US LLC","INDUSTRIAL AND SYSTEMS ENGINEERING"
252880,"039","junior security operations analyst","McKinsey & Company, Inc. United States","CYBER SECURITY AND PRIVACY"
253185,"030","devops engineer","V-Soft Solutions Inc","TELECOMMUNICATIONS ENGINEERING"
253204,"012","planning materials associate","Grocery Delivery E-Services USA Inc.","ENGINEERING"
253238,"050","trader","Citigroup Global Markets Inc.","BACHELOR OF BUSINESS ADMINISTRATION IN FINANCE"
253288,"059","account supervisor","Saatchi & Saatchi North America, LLC","COMMUNICATIONS"
253326,"079","clinical data scientist","Sanofi US Services Inc.","PHARMACY"
253435,"045","applied behavioral scientist","BetterUp, Inc.","PSYCHOLOGY"
253443,"020","analyst predictive analytics data science","Domino's Pizza, Inc.","DATA SCIENCE"
253462,"161","","Apple Inc.","SUPPLY CHAIN MGT"
253464,"199","engagement manager management consultant","McKinsey & Company, Inc. United States","BUSINESS ADMINISTRATION"
253511,"110","associate","Latham & Watkins LLP","LAW"
253533,"019","manager ii operations","Amazon.com Services LLC","PROJECT MANAGEMENT"
253558,"","sales administrator","F & P America Mfg., Inc.","HOSPITALITY TOURISM"
253562,"199","business analyst management consultant","McKinsey & Company, Inc. United States","PHILOSOPHY POLITICS ECONOMICS"
253594,"199","associate management consultant","McKinsey & Company, Inc. United States","BUSINESS ADMINISTRATION"
253596,"003","engineer tcad device","Micron Technology, Inc.","ELECTRICAL ENGINEERING"
253599,"007","bsm automation engineer","Advantex Solutions, Inc.","MECHANICAL ENGINEERING"
253641,"050","model analysis validation sr officer","Citibank, N.A.","RISK MANAGEMENT"
253672,"039","python developer","Rising Sun Technologies LLC","COMPUTER APPLICATIONS EQUIVALENCY TO US MASTERS DEGREE IN COMPUTER INFORMATION SYSTEMS"
253713,"161","business data analyst","Detroit Tool Metal Products Co.","BUSINESS ANALYTICS"
253734,"012","","Southern Minnesota Beet Sugar Cooperative","MECH ENGRG"
253758,"030","data analyst","CONEXUS SOLUTIONS, INC.","INFORMATION TECHNOLOGY AND SYSTEMS"
253760,"030","hardware development engineer electronic engineer except com","Apple Inc.","ELECTRICAL ENGINEERING"
253912,"169","engineer manager","Sezzle, Inc.","MATHEMATICS COMPUTER SCIENCE"
253962,"030","consultant","Forrester Research, Inc.","BUSINESS ADMINISTRATION INTERNATIONAL BUSINESS"
254084,"050","associate global index research","JPMorgan Chase & Co.","MATHEMATICAL FINANCE ENGINEERING MANAGEMENT"
254167,"020","data science analyst","Tiger Analytics, Inc.","INFORMATION TECHNOLOGY AND MANAGEMENT"
254170,"003","staff engineer product applications","MAXIM INTEGRATED PRODUCTS, INC.","ELECTRICAL ENGINEERING"
254186,"030","data analyst","Technova Systems Inc","COMPUTER INFORMATION TECHNOLOGY"
254250,"003","machine learning engineer","Devron Corporation","ELECTRONICS AND COMMUNICATION ENGINEERING"
254254,"030","director product management","Virsec Systems, Inc.","COMPUTER SCIENCE"
254365,"160","analyst","Morgan Stanley Services Group Inc.","QUANTITATIVE FINANCE"
254379,"030","","Ursi Technologies Inc","COMP SCI OR EQUIVALENT"
254486,"030","research scientist","Meta Platforms, Inc.","ELECTRICAL ENGINEERING"
254502,"007","design engineer i","Milwaukee Electric Tool Corporation","MECHANICAL ENGINEERING"
254526,"030","technology analyst us","Infosys Limited","INFORMATION SYSTEMS"
254613,"160","associate model risk auditor","JPMorgan Chase & Co.","COMPUTATIONAL FINANCE"
254627,"030","data engineer i","Amazon Web Services, Inc.","ELECTRICAL ENGINEERING"
254754,"030","team lead devops","Acronis, Inc.","SOFTWARE ENGINEERING"
254811,"030","supply operations manager","Airbus Americas, Inc.","MANAGEMENT"
254843,"199","associate management consultant","McKinsey & Company, Inc. United States","BUSINESS ADMINISTRATION"
254892,"030","","Datalore Technologies Inc","BACHELOR OF TECH IN COMPUTER SCIENCE AND ENGINEERING"
254915,"039","product designer ii","Twilio Inc.","INFORMATION"
254991,"030","fullstack developer","OAK TECHNOLOGIES INC","COMPUTER AND INFORMATION SCIENCES"
255011,"199","business analyst management consultant","McKinsey & Company, Inc. United States","CHEMICAL ENGRG"
255017,"039","it services head","New Digital IT Inc.","BUSINESS ADMINISTRATION"
255101,"099","data and assessment coordinator","Charter One, LLC","BUSINESS ANALYTICS"
255142,"160","audit and assurance assistant","Deloitte & Touche LLP","ACCOUNTING"
255191,"030","sap associates functional consultant","RADIANT INFOSYS INC","COMPUTER SCIENCE AND ENGINEERING"
255281,"030","data engineer","GVKTEK Inc",""
255298,"030","business analyst","Autodesk, Inc.","BUS ANALYTICS"
255400,"007","mechanical design engineer","Tesla, Inc.","MECHANICAL ENGINEERING"
255516,"030","software development engineer in test","Datalore Technologies Inc","BACHELOR OF TECHNOLOGY IN MECHANICAL ENGINEERING"
255537,"039","account manager","Intouch Group LLC","SOCIAL MEDIA MOBILE MARKETING"
255540,"003","technical services manager","Oncare Digital Assets, Inc.","ELECTRONIC ENGINEERING"
255574,"039","director of business operations strategy","Automaton, Inc.","INFORMATION SYSTEMS"
255594,"030","software development analyst","NTT DATA, Inc.","COMPUTER SCIENCE"
255726,"050","gallery manager","Gallery Diet, Inc.","HISTORY OF ART"
255751,"030","qa automation test engineer","Datad Solutions Inc","INFORMATION TECHNOLOGY"
255993,"030","","Ursi Technologies Inc","COMPUTER SCIENCE OR EQUIVALENT"
256060,"030","applications developer","Oracle America, Inc.","INFORMATION SYTEMS"
256069,"141","ux designer","Roblox Corporation","INFORMATION MANAGEMENT"
256170,"030","rf engineer","MobileComm Professionals Inc.","ELECTRICAL ENGINEERING"
256274,"189","president and chief executive officer","Center for Breakthrough Medicines LLC","INDUSTRIAL ENGINEERING"
256324,"160","","Credit Suisse Securities USA LLC","DATA SCIENCE"
256325,"186","financial analysis mgr","MUFG Bank, Ltd.","ECONOMICS"
256348,"030","","eMaestro Technologies Inc","ELECTRONICS AND COMMUNICATIONS ENGINEERING"
256384,"030","","NGA GROUP INC","COMPUTER SCIENCE"
256396,"030","associate","A.T. Kearney, Inc.","BUSINESS ADMINISTRATION"
256414,"030","sr developer","MODULAR SOFTWARE CONSULATING LLC","VLSI AND EMBEDDED SYSS DESIGN"
256477,"030","","LatentView Analytics Corporation","COMP INFO SYSS"
256495,"030","business analyst","ISITE TECHNOLOGIES, INC.","MASTER OF SCIENCE IN FINANCE MASTER OF BUSINESS ADMINISTRATION"
256610,"160","","Deloitte & Touche LLP","ACCOUNTING"
256732,"030","","Meta Platforms, Inc.","COMPUTER ENGINEERING"
256879,"030","business analyst expert","MACHINE INTELLIGENCE TECHNOLOGIES LLC","MASTER OF SCIENCE IN COMPUTER SCIENCE"
256886,"012","solutions analyst","Facility Interiors, Inc.","INDUSTRIAL ENGINEERING"
256912,"160","client data oversight analyst","Pacific Investment Management Company LLC","INFORMATION TECHNOLOGY"
256942,"007","","Apple Inc.","IND & SYSS ENGRG"
256950,"030","java developer","RedShift Technologies LLC","COMPUTER SCIENCE"
256985,"160","product strategist","Pacific Investment Management Company LLC","QUANTITATIVE FINANCE"
256988,"030","professional application designer","CSC Covansys Corporation","ELECTRONIC ENGINEERING BUSINESS ADMINISTRATION"
257052,"020","applied scientist","Uber Technologies, Inc.","ALGORITHMS COMBINATORICS AND OPTIMIZATION"
257097,"039","project delivery manager","Mitsogo Inc","ELECTRONICS AND COMMUNICATION ENGINEERING"
257125,"030","","Apple Inc.","ELECTRICAL AND COMPUTER ENGRG"
257129,"030","program developer","Rumisoft Inc.","TECHNOLOGY"
257210,"030","process control engineer","Harvey Nash Inc","MANUFACTURING ENGINEERING"
257298,"033","data analyst","Curate Partners, LLC","ENGINEERING MANAGEMENT"
257314,"030","engineer i","AIR Worldwide","CIVIL ENVIROMENTAL ENGINEERING"
257342,"030","software developer applications","IT Vertex Inc","MASTER OF COMPUTER APPLICATIONS"
257490,"160","associate tax","JPMorgan Chase & Co.","ACCOUNTING"
257498,"161","associate strategy","JPMorgan Chase & Co.","BUSINESS ADMINISTRATION"
257521,"186","analyst","Goldman Sachs & Co LLC","DATA SCIENCE AND ECONOMICS"
257529,"007","application support engineer advanced","Siemens Industry Software Inc.","MECHANICAL ENGINEERING"
257556,"030","sap basis administrator","Marvel Technologies Inc","MSTR OF COMPUTER APPLICATIONS BACHELOR OF COMPUTER APPS"
257569,"160","analyst","Morgan Stanley & Co, LLC","ECONOMICS"
257614,"169","technical sales specialist","Anton Paar USA, Inc.","CHEMISTRY"
257671,"001","architectural designer","GF55 ARCHITECTS LLP","ARCHITECTURE"
257801,"003","field engineer","Hoffman Building Technologies, Inc.","MECHANICAL ENGRG"
257896,"039","engineer","Exegy Incorporated","COMPUTER SCIENCE"
257955,"020","associate","Goldman Sachs & Co LLC","FINANCIAL MATHEMATICS"
257973,"160","associate","Goldman Sachs & Co LLC","MANAGEMENT"
258122,"199","vice president","Lazard Freres & Co LLC","FINANCE"
258168,"030","data scientist","MARRIOTT INTERNATIONAL, INC.","DATA SCIENCE"
258234,"003","digital product owner","Deere and Company","ENGRG INSTRUMENTATION ENGRG"
258238,"169","senior product and business analytics manager","Inmar, Inc.","QUANTITATIVE MANAGEMENT"
258242,"030","","3i Infotech Inc.","COMPUTER SCIENCE"
258245,"030","data engineer","Vasantas Software Inc","INFORMATION SYSTEMS"
258278,"045","in house therapist and people manager","Breathwrk, Inc.","CLINICAL PSYCHOLOGY"
258297,"199","business analyst management consultant","McKinsey & Company, Inc. United States","PUBLIC POLICY"
258305,"030","professional application designer","CSC Covansys Corporation","INIFORMATION TECHNOLOGY"
258505,"030","associate","Morgan Stanley Services Group Inc.","ENTERPRISE RISK MANAGEMENT"
258532,"003","principal process engineer","GlobalFoundries U.S., Inc.","MICROELECTRONIC ENGINEERING"
258536,"030","mgr","Deloitte Consulting LLP","INFO & COMMUNICATION TECH"
258652,"019","vision engineer","Bastian Solutions LLC","ROBOTICS ENGINEERING"
258679,"033","","netLogic Solutions, Inc.","COMPUTER SCIENCE"
258745,"189","consultant","Bain & Company, Inc.","BUSINESS ADMINISTRATION"
258780,"030","","Google LLC","COMPUTER SCIENCE"
258800,"041","clinical study associate i","Blueprint Medicines Corporation","CLINICAL RESEARCH PHARMACY"
258832,"022","senior research scientist","Symmetry Biosciences Inc.","CHEMISTRY"
258872,"160","product analyst","Pacific Investment Management Company LLC","FINANCE AND ECONOMICS"
258927,"199","conultant","McKinsey & Company, Inc. United States","BUSINESS ADMINISTRATION"
259058,"030","data scientist","Google LLC","STATISTICS"
259063,"030","integrations analyst","Uber Technologies, Inc.","BUSINESS ANALYTICS"
259090,"168","remote site monitor 1","PPD Development, L.P.","APPLIED CLINICAL RESEARCH"
259102,"030","","Tata Consultancy Services Limited","INFORMATION SYSTEMS"
259142,"030","senior application support analyst","SG AMERICAS OPERATIONAL SERVICES, LLC","MANAGEMENT INFORMATION SYSTEMS"
259184,"166","recruiting partner","Swift Technical Services, LLC","LEGAL STUDIES"
259187,"030","","AstrumU, Inc.","COMPUTER SCIENCE"
259260,"030","sql server developer","ECONTENTI INC","INFO NETWORK & COMP SECURITY"
259322,"186","financial manager","Watergate Hotel Lessee LLC","BUSINESS MANAGEMENT AND ADMINISTRATION FINANCE"
259349,"030","applied scientist ii","Amazon Development Center U.S, Inc.","COMPUTER SCIENCE"
259566,"030","supervisory analyst","CICC US Securities, Inc.","FINANCE"
259668,"033","sr information system auditor","Guild Education, Inc.","INFORMATION SYSTEMS"
259687,"030","associate","Ares Operations LLC","INFORMATION SYSTEMS AND BUSINESS ANALYTICS"
259698,"050","","BriteCo Inc.","COMMUNICATION"
259705,"039","","Girikon, Inc.","INFORMATION SYSTEMS"
259714,"139","","Meta Platforms, Inc.","PUBLIC RELATIONS"
259726,"183","product manager","Figure Technologies","BUSINESS ANALYTICS"
259764,"039","research scientist","Salesforce.com, Inc.","ELECTRICAL ENGINEERING AND COMPUTER SCIENCE"
259820,"186","financial controller","MAS SEGUROS INSURANCE SERVICES, LLC","FINANCE"
259826,"032","full stack developer","Antra Inc.","COMPUTER SCIENCE"
259872,"039","data visualization specialist","EMERGTECH BUSINESS SOLUTIONS INC","DATA SCIENCE"
259881,"189","consultant","Bain & Company, Inc.","BUSINESS ADMINISTRATION"
260001,"039","infrastructure specialist","UST GLOBAL INC","ENGINEERING"
260030,"030","strategy consultant","IBM Corporation","BUSINESS ADMINISTRATION STEM CONCENTRATION"
260060,"030","research staff member","IBM Corporation","COMPUTER SCIENCE AND APPLICATIONS"
260091,"029","scientist formulation","Provivi, Inc.","MATERIALS SCIENCE AND ENGINEERING"
260108,"050","mss sales trading analyst","Citigroup Global Markets Inc.","BBA IN MANAGEMENT INFORMATION SYSTEMS WITH MINORS IN FINANCE & REAL ESTATE"
260132,"007","mechanical design engineer","eShocan LLC","MECHANICAL ENGINEERING"
260138,"030","architect","Tata Consultancy Services Limited","COMPUTER INFORMATION SYSTEMS"
260140,"039","staff engineer firmware verification engineering","Western Digital Technologies, Inc.","DIGITAL SCIENCES"
260156,"030","data engineer","CLOUDONE INC","DATA SCIENCE"
260180,"030","java fullstack developer","Brillfy Technology Inc","INFORMATION TECHNOLOGY"
260216,"059","integrated producer","IPG Health LLC","PROJECT MANAGEMENT"
260338,"003","asic design engineer","Apple Inc.","ELECTRICAL AND COMPUTER ENGINEERING"
260349,"165","senior associate","Blue Star Strategies, LLC","PUBLIC ADMINISTRATION"
260370,"039","data analyst","Salesforce.com, Inc.","INFORMATION SYSTEMS"
260375,"030","","Glassdoor, Inc.","INFO TECH MANAGEMENT"
260380,"030","","Verkada Inc.","SOFTWARE ENGINEERING APPLIED STUDY"
260411,"007","automation engineer","Eficens Systems LLC","MECHANICAL ENGINEERING"
260512,"160","acquistions and asset management analyst","APL New York Corporation","ECONOMICS"
260521,"030","analyst","AUTOMATION TECHNOLOGIES LLC","MASTER OF SCIENCE IN INDUSTRIAL ENGINEERING"
260613,"030","software dev engineer in test","Ursi Technologies Inc","COMPUTER SCIENCE OR EQUIVALENT"
260618,"041","senior research scientist","Cargill, Incorporated","VETERINARY MICROBIOLOGY"
260642,"169","data scientist i","Truist Bank","OPS RESEARCH / FINANCIAL ENGRG / APPLIED MATH"
260807,"030","it data bi analyst","HSBC Technology & Services USA Inc.","INFORMATION TECHNOLOGY"
260865,"030","oracle cloud analyst","Averon Solutions Inc.","MASTER OF SCIENCE"
260867,"030","","Turnberry Solutions Inc","COMP SCI"
260877,"012","","Trelleborg Offshore Boston, Inc.","ENGINEERING MANAGEMENT"
260897,"005","","STV Construction Inc.","CONSTRUCTION ENGINEERING AND MANAGEMENT"
260950,"189","vp of operations","Belong Home Inc.","BUSINESS ADMINISTRATION"
261112,"166","director of diversity equity and inclusion","Optimae LifeServices Inc.","PHILOSOPHY"
261277,"030","network engineer","iOasiZ, Inc","INFORMATION SYSTEMS TECHNOLOGIES INFORMATION ASSURANCE"
261307,"019","","Aditi Consulting LLC","MECHANICAL ENGINEERING"
261313,"039","product security","Salesforce.com, Inc.","CYBERSECURITY"
261314,"119","legal consultant","Davis Polk & Wardwell LLP","LAW"
261338,"041","scientist ii","eGenesis, Inc.","PLANT PATHOLOGY"
261341,"030","software development engineer in test","ZionTech Solutions, Inc.","COMPUTER SCIENCE APPLIED COMPUTER SCIENCE"
261461,"039","senior opex business analytics architect","Smith & Nephew, Inc.","COMPUTER ENGINEERING"
261519,"030","","STRATEGIC STAFFING IT INC","MASTER OF TECH IN ENGRG"
261597,"007","manager of mechatronics engineering","Flexiv Robotics, Inc.","MECHANICAL ENGINEERING"
261627,"007","","BIC Consumer Products Manufacturing Co., Inc.","MECHANICAL ENGINEERING"
261702,"030","production support lead us","Infosys Limited","MECHANICAL ENGINEERING"
261713,"160","client advisor","JPMorgan Chase & Co.","BUSINESS ADMINISTRATION"
261743,"039","sap ba im consultant","3S Business Corporation","MASTER OF SCIENCE"
261776,"030","associate","Morgan Stanley Services Group Inc.","COMPUTER SCIENCE"
261793,"030","","Meta Platforms, Inc.","MECHANICALENGINEERING"
261990,"030","model analysis validation senior analyst","Citibank, N.A.","FINANCIAL ENGINEERING SOFTWARE ENGINEERING"
262026,"030","","Uber Technologies, Inc.","ELECTRICAL ENGRG"
262091,"050","","Citigroup Global Markets Inc.","ECONOMICS"
262182,"199","senior business analyst","Capital One, National Association","BUSINESS ADMINISTRATION DATA DRIVEN MANAGEMENT SCIENCE"
262219,"199","production coordinator","ACTIVISION PUBLISHING INC","ANIMATION COMPUTER SCIENCE"
262226,"","senior business analyst","Quarkchain, Inc.","ENGINEERING GEOGRAPHY AND ENVIORNMENTAL ENGINEERING"
262324,"169","sr estimator oil gas and chem process projects","Amanda Monteith","CHEMICAL ENGINEERING"
262470,"160","","Jefferies LLC","APPLIED MATHEMATICS & ECONOMICS"
262493,"161","life sciences consultant","Putnam Associates, LLC","CHEMISTRY"
262500,"020","applied scientist","Uber Technologies, Inc.","ECONOMETRICS AND QUANTITATIVE ECONOMICS"
262503,"162","product operations manager pom","Micron Technology, Inc.","SUPPLY CHAIN MANAGEMENT"
262530,"199","associate management consultant","McKinsey & Company, Inc. United States","MECHANICAL ENGINEERING"
262543,"039","business analyst","DataSync, Inc","BUSINESS ANALYTICS"
262634,"160","","UBS Business Solutions US LLC","ECONOMICS"
262870,"160","analyst","Morgan Stanley & Co, LLC","FINANCE"
262878,"003","hardware development engineer elctronics engineer except com","Apple Inc.","ELECTRICAL ENGINEERING"
262942,"020","data analytics project coordinator","Fabric Development Inc.","FINANCE AND BUSINESS SYSTEMS AND ANALYTICS"
263160,"030","mainframe developer","DECIPHER SOFTWARE SOLUTIONS LLC","ELECTRONICSA & COMMUNICATION ENGINEERING"
263181,"166","executive director hr business advisor","JPMorgan Chase & Co.","BUSINESS ADMINISTRATION"
263184,"030","","Apple Inc.","COMP SCI"
263214,"045","","Afya Group LLC","COUNSELOR ED"
263266,"152","director of music","The Episcopal Church of the Good Shepherd of Corpus  Christi","MUSICAL ARTS"
263304,"169","digital sales representative","ServiceNow, Inc.","INTERNATIONAL MARKETING"
263314,"020","data management specialist","Infonex Technologies Inc.","BIOSTATISTICS"
263324,"030","exempt non officer","Credit Suisse Securities USA LLC","COMPUTER SCIENCE"
263333,"012","","Intel Corporation","CHEMICAL ENGINEERING"
263372,"030","oracle sql developer","MOORE INFOTECH INC","COMPUTER SCIENCE OR EQUIVALENT"
263448,"001","designer","Pelli Clarke & Partners, Inc.","ARCHITECTURE"
263457,"039","technical program manager","Microsoft Corporation","INFORMATION SYSTEM"
263497,"030","","Amazon.com Services LLC","COMPUTER SCIENCE"
263701,"110","law clerk","Ropes & Gray LLP","LAW"
263781,"039","business solutions architect","Emerson Professional Tools, LLC","MANAGEMENT INFORMATION SYSTEMS"
263803,"030","data scientist","Apple Inc.","ELECTRICAL ENGINEERING"
263813,"039","data engineer","LatentView Analytics Corporation","BACHELOR OF TECHNOLOGY IN COMPUTER SCIENCE & ENGINEERING"
263819,"030","java developer","EALEARN INC","COMPUTER SCIENCE"
263827,"199","engagement mgr mgmt consultant","McKinsey & Company, Inc. United States","BUSINESS ADMIN"
263841,"199","associate management consultant","McKinsey & Company, Inc. United States","BUSIINESS ADMINSITRATION"
263923,"160","associate","Morgan Stanley Services Group Inc.","BUSINESS ADMINISTRATION"
263933,"003","","Apple Inc.","MECH ENGRG"
264087,"030","","Sharpedge Solutions Inc","PHARMACY"
264143,"033","devops engineer cortex xsoar","Palo Alto Networks, Inc.","TELECOMMUNICATIONS AND NETWORK ENGINEERING"
264410,"020","applied scientist","Uber Technologies, Inc.","MGMT STATISTICS"
264440,"033","subject matter expert l3","WIPRO LIMITED","ELECTRICAL AND ELECTRONICS ENGINEERING"
264632,"030","data analyst sr associate i","Turnberry Solutions Inc","BUSINESS ANALYTICS"
264649,"001","junior designer","Skidmore, Owings & Merrill LLP","ARCHITECTURE"
264802,"005","civil sanitary engineer","GREELEY AND HANSEN LLC","CIVIL ENGINEERING"
264839,"169","senior associate business control and risk management","Santander Bank, N.A.","BUSINESS ADMINISTRATION AND MANAGEMENT"
264842,"039","","Salesforce.com, Inc.","COMPUTER SCIENCE AND VISUAL ARTS"
264879,"039","program manager product management","Microsoft Corporation","ENGINEERING MANAGEMENT"
265011,"039","principal consultant","GLOBAL APPLICATIONS SOLUTION LLC","FINANCIAL MANAGEMEMT"
265031,"030","","Perficient, Inc.","COMPUTER SCIENCE"
265040,"030","research scientist","Meta Platforms, Inc.","COMPUTER ENGINEERING"
265106,"030","senior manager","Deloitte Consulting LLP","COMMERCE"
265158,"142","product designer","HUBSPOT, INC","DIGITAL MEDIA"
265286,"162","associate risk analytics modeling analyst","JPMorgan Chase & Co.","APPLIED DATA SCIENCE"
265314,"020","data scientist","Green Key Solutions LLC","DATA SCIENCE"
265400,"030","software development engineer applications","Apple Inc.","ELECTRICAL ENGINEERING AND COMPUTER SCIENCES"
265402,"039","operations program manager","Netenrich, Inc.","APPLIED MATHEMATICS"
265405,"007","senior packaging engineer","Zoox, Inc.","MECHANICAL ENGINEERING"
265667,"169","business growth specialist","Vibranium Venture Capital GP LLC","MANAGEMENT"
265717,"039","it systems analyst specialist","SOUTHWIRE COMPANY, LLC","MANAGEMENT INFORMATION SYSTEMS"
265719,"031","data engineer","Cloud Centric Inc.","COMPUTER SYSTEMS NETWORKING AND TELECOMMUNICATIONS"
265724,"030","","Proficient Business Systems","COMP INFO SYSS"
265777,"005","civil engineer for projects","Crystal Creek Developers, LLC","CIVIL ENGINEERING"
265807,"033","technical analyst","Applied Underwriters, Inc.","APPLIED MATHEMATICS AND STATISTICS"
265835,"160","assurance staff audit audit services","Ernst & Young U.S. LLP","ACCOUNTANCY"
265851,"030","a320 map systems engineer","Airbus Americas, Inc.","ENGINEERING TECHNOLOGY"
265874,"041","senior development associate ii","Locanabio, Inc.","DRUG DEVELOPMENT AND PRODUCT MANAGEMENT"
265909,"005","","Daman International Consulting LLC","CIVIL ENGINEERING"
265920,"110","associate attorney","Sidley Austin US LLP","LAW"
265935,"012","process engineer","Velodyne Lidar, Inc.","ELECTRONICS ENGINEERING TECHNOLOGY"
265996,"199","","McKinsey & Company, Inc. United States","BUSINESS ADMINISTRATION"
266006,"189","consultant","Bain & Company, Inc.","BUSINESS ADMINISTRATION"
266052,"039","","Twilio Inc.","COMPUTER SCIENCE"
266255,"030","technical test lead","Infosys Limited","INFO TECH"
266259,"141","interaction designer","Intuitive Surgical Operations, Inc.","HUMAN COMPUTER INTERACTION AND DESIGN"
266276,"030","","Apple Inc.","SOFTWARE ENGRG"
266312,"007","rsch scientist","Materials Resources, LLC","CE"
266325,"033","","Optima Global Solutions Inc",""
266359,"030","devops engineer azure","UI Path Tek LLC","COMPUTER INFORMATION SCIENCE"
266428,"160","fso sa t staff tcf valuation model economics capital tran","Ernst & Young U.S. LLP","FINANCE"
266456,"030","data engineer","LatentView Analytics Corporation","COMPUTER INFORMATION SYSTEMS"
266464,"019","lead demand planning","Gerber Products Company","SUPPLY CHAIN MANAGEMENT"
266504,"020","","Uber Technologies, Inc.","BIOLOGICAL PHYSICS"
266777,"019","lens design engineer","Alcon Research, LLC","CHEMICAL ENGINEERING"
266838,"163","international business development associate","Smith-Midland Corporation","INTERNATIONAL COMMERCE"
266882,"030","data engineer","MYTHRI CONSULTING LLC","COMPUTER SCIENCE"
266910,"030","","Cognizant Technology Solutions US Corp","COMPUTER INFORMATION SYSTEMS"
266924,"020","data analyst","Biocept, Inc.","BUSINESS ANALYTICS"
266966,"079","clinical study support manager","Procyon Technostructure LLC","HEALTH SCIENCES"
267010,"030","java full stack developer","CGINFOSYS INC","MASTER OF SCIENCE IN COMPUTER SCIENCE"
267033,"160","associate","Morgan Stanley & Co, LLC","BUS ADMIN"
267133,"050","behavioral scientist","Zillow, Inc.","ECONOMICS"
267297,"160","relationship transaction manager t cf","ING Financial Services, LLC","FINANCE"
267540,"199","associate management consultant","McKinsey & Company, Inc. United States","BUSINESS ADMINISTRATION"
267579,"161","business analyst","HSBC Technology & Services USA Inc.","BACHELOR OF SCIENCE IN BUSINESS MANAGEMENT"
267637,"030","mean stack developer","ROBOTIC PROCESS AUTOMATION LLC","MASTER OF SCIENCE IN COMPUTER SCIENCE"
267655,"160","analyst","Union Square Advisors LLC","ECONOMICS"
267723,"030","associate product mgr systems app software designer","Duolingo, Inc.","INFORMATION SYSTEMS"
267743,"199","associate management consultant","McKinsey & Company, Inc. United States","CIVIL AND ENVIRONMENTAL ENGINEERING"
267854,"039","data engineer","Siemens Medical Solutions USA, Inc.","INFORMATION SCIENCES AND TECHNOLOGIES"
267901,"019","engineering mgr","Astronomer, Inc.","MECHANICAL ENGINEERING"
267941,"160","associate","Morgan Stanley & Co, LLC","FINANCE RISK MANAGEMENT ANALYTICS"
267948,"050","product manager iii","Amazon.com Services LLC","MANAGEMENT SCIENCE"
267976,"020","program manager ii","Amazon.com Services LLC","INDUSTRIAL ENGINEERING AND OPERATIONS RESEARCH"
268111,"110","senior counsel","Uber Technologies, Inc.","BACHELOR OF LAWS"
268112,"030","associate ux designer","JPMorgan Chase & Co.","COMMUNICATION DESIGN"
268248,"030","","Cloudwick Technologies, Inc","COMP ENGRG"
268340,"003","sr pixel design engineer","SONY ELECTRONICS INC.","ENGINEERING"
268423,"160","","Jefferies LLC","BUSINESS ADMINISTRATION MANAGEMENT SCIENCE"
268464,"161","business systems analyst","Building Robotics Inc","INFORMATION SYSTEMS"
268491,"030","senior systems analyst","Cognizant Technology Solutions US Corp","COMPUTER ENGINEERING"
268555,"110","law clerk","Willkie Farr & Gallagher LLP","CORPORATE LAW"
268556,"161","global strategy senior associate","Uber Technologies, Inc.","BUSINESS ADMINISTRATION"
268657,"030","senior analyst project program management","Dell USA L.P.","ENGINEERING MANAGEMENT"
268692,"030","","Pioneer Consulting Services Inc","COMPUTER APPLICATIONS"
268714,"030","principal user experience designer","Wild Life, Inc.","ELECTRONIC ART AND DIGITAL DESIGN"
268797,"001","architectural designer","Array Architects, Inc.","MASTER OF ARCHITECTURE"
268846,"020","data analyst","The Goodyear Tire & Rubber Company","CIVIL AND ENVIRONMENTAL ENGINEERING"
268992,"161","management analyst","Crazy Maple Studio, Inc.","BUSINESS ADMINISTRATION"
269064,"110","","Orrick Herrington & Sutcliffe LLP","LAW"
269081,"020","","Amazon.com Services LLC","DATA SCI"
269083,"030","business analyst","Premium Technology Inc.","DATA SCIENCE"
269182,"020","data scientist","S&P GLOBAL MARKET INTELLIGENCE INC.","QUANTITATIVE METHODS IN THE SOCIAL SCIENCES"
269217,"003","wireless power electromagnetics design engineer","NuCurrent, Inc.","ELECTRICAL ENGINEERING"
269235,"030","machine learning engineer","Apple Inc.","STATISTICS"
269241,"020","associate biostatistician","IQVIA RDS Inc.","BIOSTATISTICS"
269260,"030","","Deloitte Consulting LLP","COMPUTER SCIENCE"
269286,"199","associate management consultant","McKinsey & Company, Inc. United States","BUSINESS ADMINISTRATION"
269297,"039","senior fellow data science","McKinsey & Company, Inc. United States","COMPUTER SCIENCE"
269314,"030","digital technical specialist","IBM Corporation","BUSINESS ADMINISTRATION"
269331,"039","junior data analyst","ICF Incorporated, LLC","BIOMEDICAL INFORMATICS"
269346,"030","sr developer microservices","Photon Infotech Inc.","ELECTRONIC ENGINEERING"
269379,"999","recruitment delivery manager","VM Global Partners LLC","DOCTOR OF PHILOSOPHY IN FACULTY OF PHARMACY"
269383,"030","business analyst i","Amazon.com Services LLC","SUPPLY CHAIN MANAGEMENT"
269398,"050","business analyst","MetricStream, Inc.","GLOBAL FINANCE"
269416,"039","software developer solutions consultant","Sahaj Software Inc","COMPUTER ENGINEERING"
269496,"019","","Engineering Technology Associates, Inc.","MECHANICAL ENGINEERING"
269539,"020","delivery mgr","The WeissComm Group LTD","INFO SYSTEMS"
269575,"003","engineer","SONY ELECTRONICS INC.","ELECTRICAL ENGINEERING & COMPUTER SCIENCE"
269581,"160","assurance staff audit services","Ernst & Young U.S. LLP","ACCOUNTANCY"
269582,"030","technology analyst","Credit Suisse Securities USA LLC","COMPUTER SCIENCE MATH"
269607,"139","technical writer i","Amarex Clinical Research, LLC","NEUROSCIENCE"
269624,"050","senior applied scientist","Uber Technologies, Inc.","PUBLIC ADMINISTRATION"
269719,"110","law clerk associate","Cleary Gottlieb Steen & Hamilton LLP","COMPETITION INNOVATION INFORMATION LAW"
269721,"030","","Ramsons Innovations","COMPUTER SCIENCE AND ENGINEERING"
269885,"020","senior business analyst","Uber Technologies, Inc.","OPERATIONS RESEARCH"
269929,"001","","Tighe Architecture Inc.","ARCHITECTURE"
269980,"","data scientist machine learning","Eluvio, Inc.","COMPUTER SCIENCE"
270028,"012","","Apple Inc.","ELECTRONIC AND MECHATRONIC ENGINEERING"
270068,"110","associate","KIRKLAND & ELLIS LLP","LAW"
270077,"030","systems test engineer","Orion Systems Integrators LLC","MASTERS IN ELECTRICAL AND COMPUTER ENGINEERING BACHELORS IN COMPUTER SCIENCE"
270187,"186","","Norton Scott LLC","PROFESSIONAL STUDIES REAL ESTATE WITH A CONCENTRATION IN REAL ESTATE FINANCE"
270191,"033","principal product mgr al products","IKCON Technologies Inc.","DATA SCIENCE"
270256,"030","data scientist","Circle K Stores Inc.","APPLIED ANALYTICS"
270257,"162","vice president investment finance","JPMorgan Chase & Co.","ECONOMICS AND MANAGEMENT"
270346,"030","java developer","NANTEZ INC","COMPUTER SCIENCE"
270348,"030","","Turnberry Solutions Inc","INFO SYSS"
270654,"012","analyst automated fulfillment","Peapod Digital Labs LLC","MECHANICAL ENGINEERING AND APPLIED MECHANICS"
270751,"030","","Zoom Video Communications, Inc.","COMPUTER SCIENCE"
270903,"030","data engineer","Connectiq Labs, Inc.","MASTER OF SCIENCE BUSINESS ANALYTICS"
271092,"030","associate technical consultant","Perficient, Inc.","BUSINESS ANALYTICS"
271240,"012","","Tesla, Inc.","ELECTRONIC ENGINEERING"
271245,"199","senior solution analyst","McKinsey & Company, Inc. United States","ECONOMICS"
271310,"059","","The Martin Agency, Inc.","COMMUNICATION DESIGN"
271339,"019","process engineer","Applied Materials, Inc.","MATERIAL SCIENCE AND ENGINEERING"
271364,"160","accounting analyst","Sumaquant LLC","ACCOUNTANCY"
271393,"030","big data developer","VISTA APPLIED SOLUTIONS GROUP INC","COMPUTER SCIENCE"
271539,"019","assistant engineer i","Hazen and Sawyer, D.P.C.","ENGINEERING"
271580,"160","sr manager finance co pilot","Nestle USA, Inc.","CORPORATE FINANCE"
271666,"030","strategy implementation lead","Target Enterprise, Inc.","BUSINESS ADMINISTRATION"
271711,"161","program manaager","Uber Technologies, Inc.","DENTAL SURGERY"
271767,"030","developer associate consultant","Concord USA, LLC","DUAL MAJOR COMPUTER INFORMATION SYSTEMS AND MECHANICAL ENGINEERING U S EQUIVALENT"
271844,"019","sr database engineer","viagogo Inc.","BIOMEDICAL ENGINEERING"
271915,"109","data scientist","CSS Payroll Co, L.P.","QUANTITATIVE FINANCE AND RISK MANAGEMENT"
271919,"030","operations engineering program manger","Apple Inc.","BUSINESS ADMINISTRATION"
271934,"039","cybersecurity analyst","Idenhaus Consulting, LLC","INFORMATION SYSTEM"
271937,"030","","Resource InfoSoft, Inc.","ELECS AND COMM ENGRG"
271939,"007","microfluidics engineer","Fluxergy Inc.","MECHANICAL ENGINEERING"
271956,"030","senior data scientist","Gaiascope Inc.","COMPUTER SCIENCE"
271957,"160","","KPMG LLP","ACCOUNTING"
272033,"022","senior associate scientist","Amgen Incorporated","CHEMISTRY"
272035,"161","corporate strategy manager","Intuit Inc.","BUSINESS ADMINISTRATION"
272037,"020","senior program manager recommended installer program","The Tire Rack, Inc.","BUSINESS ADMINISTRATION AND BUSINESS ANALYTICS"
272045,"030","architect","Tata Consultancy Services Limited","ELECTRONICS AND COMMUNICATION ENGINEERING"
272150,"030","consultant","Deloitte Consulting LLP","COMPUTER ENGINEERING"
272155,"199","research associate","MOODY'S ANALYTICS, INC.","ECONOMICS AND COMPUTATION"
272302,"039","senior consultant","ArisGlobal, LLC.","COMPUTER ENGINEERING"
272393,"030","sdet software development engr in test","Ursi Technologies Inc","COMPUTER SCIENCE OR EQUIVALENT"
272433,"039","team lead business analysis","Sabre GLBL Inc.","SYSTEMS ENGINEERING"
272451,"169","senior analyst analytics","Universal McCann Worldwide, Inc.","INFORMATION SYSTEMS"
272505,"012","systems engineer","TECHWORK FORCE LLC","MECHANICAL ENGINEERING"
272554,"041","research associate platform development","Dyne Therapeutics, Inc.","BIOCHEMISTRY AND CELL BIOLOGY"
272557,"030","devops engineer","Iterative Scopes, Inc.","INFORMATION TECHNOLOGY"
272653,"030","","Tesla, Inc.","SOFTWARE ENGRG"
272673,"030","machine learning computer vision engineer","Nod, Inc.","ROBOTICS SYSTEMS DEVELOPMENT"
272686,"199","debt valuation analyst","Altus Group US Inc.","ECONOMICS"
272737,"020","data scientist","IntelyCare Inc","STATISTICS"
272744,"033","","Cognizant Technology Solutions US Corp","COMPUTER INFORMATION SYSTEMS"
272793,"030","systems engineer","Elan Technologies, Inc.","APPLIED COMPUTER SCIENCE"
272846,"030","salesforce apptus cpq clm developer","EMERGTECH BUSINESS SOLUTIONS INC","TECHNOLOGY"
272861,"020","analyst healthcare","Analysis Group, Inc.","EPIDEMIOLOGY"
273043,"030","associate","Morgan Stanley Services Group Inc.","COMPUTER SCIENCE"
273053,"030","","Meta Platforms, Inc.","APPLIED MATHEMATICS / ALGORTIHMS COMBINATORICS AND OPTIMIZATION"
273075,"099","","McKinsey & Company, Inc. United States","ECONOMICS"
273116,"020","","Uber Technologies, Inc.","ECONOMICS AND SOCIOLOGY"
273193,"005","staff engineer","Materials Managers and Engineers, Inc.","MASTER OF SCIENCE IN CIVIL ENGINEERING"
273291,"012","device engineer","VAStek, Inc.","BIOMEDICAL ENGINEERING"
273321,"030","product manager","CoStar Realty Information, Inc.","COMPUTER ENGINEERING"
273326,"008","fermentation scientist","Newlight Technologies, Inc.","CHEMICAL ENGINEERING"
273378,"199","chef","Bright Way, LLC","FOOD TECHNOLOGY"
273435,"199","data measurement operations analyst","Catalina Marketing Corporation","MASTER OF SCIENCE IN BUSINESS ANALYTICS"
273461,"030","sap consultant developer","FeatureStackIT Inc","ADMINISTRATION"
273555,"030","data engineer","Infylogy Corp","COMP SCI"
273576,"030","devops engineer","Thinklusive Inc.","SCIENCE"
273603,"030","java developer","Master Compliance Inc","DATA ANALYTICS ENGINEERING"
273620,"007","engineer ii","Seagate US LLC","AEROSPACE AND MECHANICAL ENGINEERING"
273682,"030","","Adventa Soft Inc","MANAGEMENT INFORMATION SYSTEMS"
273709,"189","","Li-Cycle Inc.","MINING ENGRG"
273762,"999","quality operations engineer","Cepheid","BIOMEDICAL ENGINEERING"
273778,"020","biostatistician","Edwards Lifesciences LLC","STATISTICAL SCIENCE"
273937,"030","application front end developer","Ursi Technologies Inc","COMPUTER SCIENCE OR EQUIVALENT"
273947,"030","program manager","Meta Platforms, Inc.","BUSINESS ADMINISTRATION"
273949,"030","bi developer","LatentView Analytics Corporation","COMPUTER INFORMATION SYSTEMS"
273953,"030","embedded systems engineer i","Rogers, Freels & Associates, Inc.","BIOLOGICAL AND AGRICULTURAL ENGINEERING"
273996,"030","research staff member","IBM Corporation","ELECTRICAL & COMPUTER ENGINEERING"
274039,"039","product suport engineer","Telnyx, LLC","COMPUTER SCIENCE"
274112,"030","","Apple Inc.","COMP SCI"
274140,"092","elementary education teacher culture and foreign language","Elements Academy, Inc","PSYCHOLOGY AND EDUCATIONAL STUDIES"
274185,"005","structural engineer ei designer","Barber & Hoffman, Inc.","CIVIL ENGINEERING"
274192,"030","strategist","Tower Research Capital, LLC","COMPUTER ENGINEERING"
274218,"030","","TekHops LLC","APPLIED COMPUTING"
274221,"199","senior analyst","McKinsey & Company, Inc. United States","QUANTITATIVE MANAGEMENT"
274230,"030","developer","Tata Consultancy Services Limited","MECHANICAL ENGINEERING"
274325,"199","associate management consultant","McKinsey & Company, Inc. United States","BUSINESS ADMINISTRATION"
274355,"012","supply chain engineer","Louis Vuitton U.S. Manufacturing, Inc.","INDUSTRIAL ENGINEERING"
274388,"030","machine learning engineer","Seated Technologies, Inc.","DATA SCIENCE"
274525,"022","analytical scientist","ProtaGene US, Inc.","CHEMISTRY"
274546,"029","data scientist i","Truist Bank","MATHEMATICS"
274581,"161","analyst","Marion Street Capital Partners, LP","FINANCE"
274608,"005","water infrastructure planning engineer hydraulic modeler","Akel Engineering Group, Inc.","ENVIRONMENTAL ENGINEERING"
274696,"033","soultion architect l1","WIPRO LIMITED","ELECTRONICS AND COMMUNICATION ENGINEERING"
274760,"007","composite blade specialist","Siemens Gamesa Renewable Energy, Inc.","ENGINEERING TECHNOLOGY"
274763,"003","wireless system application engineer","LitePoint Corporation","ELECTRICAL AND COMPUTER ENGINEERING"
274811,"030","qa automation engineer","Scopely, Inc.","COMPUTER ENGINEERING"
274829,"160","analyst","Credit Suisse Securities USA LLC","ECONOMICS"
274841,"160","managing director","Morgan Stanley & Co, LLC","BUSINESS ADMINISTRATION"
274870,"050","","Ascent Conference LLC","BUSINESS WITH MARKETING CONCENTRATION"
274884,"030","technical implementation consultant","OneTrust LLC","ELECTRICAL AND COMPUTER ENGINEERING"
274895,"030","product designer","Nextdoor, Inc.","MAJOR CELL AND MOLECULAR BIOLOGY MINOR COMPUTER SCIENCE"
274952,"003","data engineer","SailPoint Technologies, Inc.","COMP SCI"
275014,"050","data scientist","RBC Bank Georgia, National Association","DATA ANALYTICS"
275056,"030","applied scientist i","Amazon.com Services LLC","MATERIALS SCIENCE AND ENGINEERING"
275081,"199","business analyst management consultant","McKinsey & Company, Inc. United States","CIVIL ENGINEERING"
275115,"189","management analyst","Bain & Company, Inc.","BUS ADMIN"
275117,"030","","Apple Inc.","ELEC & COMP ENGRG"
275132,"169","strategic planning director market access","IPG Health LLC","PHARMACY"
275151,"030","business analyst","NORALOGIC INC","COMPUTER SCIENCE"
275210,"160","regional manager us canada","CSS Payroll Co, L.P.","FINANCE"
275230,"999","3d production specialist","Genies, Inc.","ANIMATION INTERACTIVE TECHNOLOGY VIDEO GRAPHICS AND SPECIAL EFFECTS"
275324,"030","system controls engineer","Mino Automation USA Inc.","INFORMATION SYSTEMS"
275362,"022","scientist i","Revolution Medicines, Inc.","ORGANIC CHEMISTRY"
275456,"012","","Intel Corporation","ELECTRICAL AND COMPUTER ENGINEERING"
275622,"166","trainer","NeutronIT, INC","BACHELOR OF TECHNOLOGY IN COMPUTER SCIENCE ENGINEERING"
275639,"160","audit assurance assistant","Deloitte & Touche LLP","ACCOUNTANCY"
275642,"012","sr purchasing manager thermal","RIVIAN AUTOMOTIVE, LLC","INDUSTRIAL ENGINEERING AND SYSTEMS ENGINEERING"
275667,"030","it engineer","SRS Consulting, Inc.","ELECTRICAL AND COMMUNICATION ENGINEERING"
275682,"030","","Eminence Technology Solutions Inc","HR/IT"
275714,"030","resident engineer","SRI TECH SOLUTIONS INC","TELECOMMUNICATION NETWORK ENGINEERING"
275779,"022","scientist ii","NANOIMAGING SERVICES, INC.","PHARMACEUTICAL SCIENCES MEDICINAL CHEMISTRY"
275825,"030","","Hexaware Technologies, Inc","MASTER OF SCIENCE IN INFORMATION TECHNOLOGY"
275830,"030","","Agiliad, LLC","ELECTRONICS AND TELECOMMUNICATION ENGINEERING"
275851,"168","regulatory affairs specialist ii","Foundation Medicine, Inc.","BIOMEDICAL ENGINEERING"
275859,"030","senior machine learning engineer","Udemy, Inc.","ELECTRICAL ENGINEERING"
275874,"007","integrity specialist","Stantec Consulting Services Inc.,","PETROLEUM ENGINEERING AND SUBSEA ENGINEERING"
275881,"030","technical business analyst","IBM Corporation","TECHNOLOGY PROJECT MANAGEMENT"
275889,"169","vice president entrepresie improvement","AlixPartners, LLP","BUSINESS ADMINISTRATION"
276043,"030","business system analyst","MACHINE LEARNING TECHNOLOGIES LLC","MASTER OF SCIENCE IN COMPUTER SCIENCE"
276212,"019","systems architect","Micron Technology, Inc.","ELECTRICAL ENGINEERING"
276266,"020","associate","PricewaterhouseCoopers Advisory Services LLC","AEROSPACE ENGINEERING AND ECONOMICS"
276358,"020","associate","JPMorgan Chase & Co.","CIVIL ENGINEERING"
276450,"041","research scientist","Manus Bio Inc.","MOLECULAR AND CELLULAR BASIS OF INFECTION"
276547,"030","test consultant 2","Capgemini America, Inc.","COMPUTER SCIENCE"
276700,"050","head of the intermediaries business","Compass Group Holdings Inc.","BUSINESS ADMINISTRATION INVESTMENT FINANCE"
276733,"005","civil engineer","PROBPM INC","CIVIL ENGINEERING"
276752,"030","","Apple Inc.","ELECTRICAL AND COMP ENGRG"
276803,"030","","LinkedIn Corporation","INFORMATION SYSTEMS"
276855,"199","associate data scientist","MOODY'S ANALYTICS, INC.","QUANTITATIVE METHODS IN THE SOCIAL SCIS"
276907,"030","software deve engineer in test","Ursi Technologies Inc","COMPUTER SCIENCE OR EQUIVALENT"
277056,"030","data analyst","Figg Incorporated","BUSINESS ANALYTICS"
277119,"141","junior designer","The Ogilvy Group LLC - Ogilvy & Mather","FINE ARTS DESIGN"
277276,"030","","Google LLC","ELECTRICAL ENGINEERING"
277288,"199","business analyst management consultant","McKinsey & Company, Inc. United States","ECONOMICS"
277353,"020","manager digital media analytics","Horizon Media LLC","MARKETING ANALYTICS"
277389,"030","data analyst engineer","Mastro Services Inc","MASTER OF SCIENCE"
277412,"003","hardware development engineer","Apple Inc.","MECHANICAL ENGINEERING"
277424,"007","mechatronics systems engineer","Adecco Group NA - Modis, Inc.","MASTER OF SCIENCE IN AUTOMOTIVE ENGINEERING"
277469,"020","it business lead analyst","Citibank, N.A.","GOVERNMENT CONTRACTS & BUSINESS ANALYTICS"
277490,"031","network operations engineer","TikTok Inc.","NETWORKING AND SYSTEM ADMINISTRATION"
277518,"199","commercial and logistics agent","DSM Food Specialties USA Inc.","INTERNATIONAL BUSINESS"
277588,"199","associate management consultant","McKinsey & Company, Inc. United States","BUSINESS  ADMINISTRATION"
277592,"030","devops engineer","Virtue Serve LLC","COMP SCI"
277601,"003","director technical services","Vantiq, Inc.","ELECTRICAL ENGINEERING"
277639,"007","embedded systems engineer ii","Rogers, Freels & Associates, Inc.","MECHANICAL ENGINEERING"
277846,"199","assc dir sr qa architect","MOODY'S ANALYTICS, INC.","COMPUTER ENGINEERING"
277897,"039","functional engineer","o9 Solutions, Inc.","BUSINESS ADMINISTRATION"
277926,"030","it engineer","SRS Consulting, Inc.","INFORMATION TECHNOLOGY"
277966,"030","","NFT, Inc.","ENGINEERING TECHNOLOGY"
277978,"160","vie president private banker","JPMorgan Chase & Co.","FINANCE"
278100,"169","assistant vice president","CREDIT SUISSE SERVICES USA LLC","ELECTRONIC ENGINEERING AND BUSINESS ADMINISTRATION CONC FINANCIAL SERVICES"
278103,"160","associate","Goldman Sachs & Co LLC","BUSINESS ADMINISTRATION"
278159,"030","","Eficens Systems LLC","MANAGEMENT INFO SYSTEMS"
278198,"030","","Ursi Technologies Inc","COMP SCI OR EQUIVALENT"
278208,"022","senior chemist i","Adesis, Inc.","CHEMISTRY"
278232,"199","product manager","Siemens Medical Solutions USA, Inc.","MARKETING AND INTERNATIONAL BUSINESS"
278239,"030","","Morgan Stanley Services Group Inc.","BUSINESS ANALYTICS AND INFORMATION SYSTEMS"
278353,"199","business analyst management consultant","McKinsey & Company, Inc. United States","ECONOMICS"
278495,"199","associate management consultant","McKinsey & Company, Inc. United States","BUSINESS ADMINISTRATOR"
278529,"075","health services manager","Whittier Healthcare Holdings, II, Inc.","NURSING"
278540,"020","","ExlService.com, LLC","DATA SCIENCE"
278586,"033","consulting staff technology consulting tsd sap ewm","Ernst & Young U.S. LLP","INFORMATION SYSTEMS"
278616,"030","analyst prod mfd","Private National Mortgage Acceptance Company, LLC","COMPUTER SCIENCE AND ENGINEERING"
278671,"030","operations engineer program manager industrial engineer","Apple Inc.","BUSINESS ADMINISTRAITON"
278678,"161","","Azenta, Inc.","BUSINESS ANALYTICS"
278680,"160","audit senior associate","Grant Thornton LLP","ACCOUNTING"
278686,"007","automation engineer","Bozhon Inc.","MECHANICAL ENGINEERING"
278710,"039","technology specialist","UST GLOBAL INC","TECHNOLOGY IN COMPUTER SCIENCE AND ENGINEERING"
278728,"160","head of fundamental analysis","Veta Investment Partners, LLC","FINANCIAL ANALYSIS"
278756,"141","","Apple Inc.","HUMAN-COMP INTERACTION"
279004,"039","product manager","Bola Technologies Inc.","MBA IN BUSINESS DATA ANALYTICS"
279015,"030","","Apple Inc.","TELECOMMUNICATIONS"
279044,"030","","The MathWorks, Inc.","COMP SCI & ENGRG"
279096,"030","analyst marketing operations","Expedia, Inc.","BUSINESS ANALYTICS"
279161,"030","engineer 1 es","Nordstrom, Inc.","COMPUTER SCIENCE"
279260,"030","data scientist","Circle K Stores Inc.","DATA ANALYTICS ENGINEERING"
279297,"030","","Apple Inc.","COMPUTATIONAL DATA SCIENCE"
279377,"041","research associate cell biology","Tectonic Therapeutic, Inc.","PHARMACEUTICAL SCIENCES"
279405,"003","test solutions engineer","Micron Technology, Inc.","ELECS & ELEC ENGRG"
279494,"030","","Apple Inc.","COMP SCI"
279514,"164","product manager","Baidu USA LLC","BUSINESS ADMINISTRATION"
279523,"199","business analyst managment consultant","McKinsey & Company, Inc. United States","ART HISTORY MINORS IN BUSINESS INSTITUTIONS & FRENCH"
279764,"030","data scientist","The Nielsen Company US LLC","OPERATIONS RESEARCH"
279814,"030","fe engineer","Apple Inc.","ELECTRICAL ENGINEERING"
279854,"030","","Lorven Group Inc","MASTER OF SCI IN COMPUTER SCI"
279887,"186","analyst","United Capital Financial Advisers, LLC","MECHANICAL ENGINEERING"
279935,"900","senior launch manager","Expedia, Inc.","INTERNATIONAL MANAGEMENT AND MODERN LANGUAGES"
279938,"030","associate application developer","ADP Technology Services, Inc.","COMPUTER SCIENCE"
279953,"039","ue ux researcher","Chatham Financial Corporation","HUMAN COMPUTER INTERACTION"
279969,"160","vice president portfolio management","Waterfall Asset Management, LLC","BUSINESS CONCENTRATION FINANCE"
280033,"","social media lead","Weee Inc.","MASTER OF PROFESSIONAL STUDIES FASHION MARKETING"
280043,"163","e commerce analyst","CVB, Inc.","BUSINESS ADMINISTRATION"
280116,"199","data scientist i","McKinsey & Company, Inc. United States","BUSINESS ANALYTICS"
280155,"030","","Infosys Limited","COMPUTER ENGINEERING"
280168,"169","","Matchpoint Table Tennis Center","MASTER OF BUSINESS ADMINISTRATION"
280177,"030","senior systems analyst","Cognizant Technology Solutions US Corp","ELECTRICAL AND ELECTRONIC ENGINEERING"
280496,"012","automation engineer","Unicon Pharma Inc.","MECHANICAL ENGINEERING"
280557,"199","hr data analyst","Industrial and Commercial Bank of China Ltd., New York Branch","MEDIA CULTURE AND COMMUNICATION"
280785,"189","senior president of operations","SEMINOLE HARD ROCK DIGITAL, LLC","OPERATIONS MANAGEMENT"
280790,"030","machine learning engineer","Apple Inc.","INFORMATION TECHNOLOGY"
280841,"033","system operations specialist","Intellipro Group, INC","BUSINESS ANALYTICS"
280861,"163","","Maplebear Inc","MARKETING"
280864,"169","senior supply chain analyst","Wynneford Advisors","BUSINESS ADMINISTRATION AND INDUSTRIAL ENGINEERING"
280947,"030","business analyst","AMP Solutions LLC","ELECTRICAL AND ELECTRONICS ENGINEERING"
280949,"030","cloud data engineer","Insurance Services Office, Inc.","COMPUTER SCIENCE"
280993,"059","analyst campaign insights","MullenLowe U.S., Inc.","DATA SCIENCE"
281005,"019","trainer","Siemens Medical Solutions USA, Inc.","MEDICAL TECHNOLOGY"
281083,"039","computer vision machine learning engineer","Tangible Play, Inc.","ELECTRICAL ENGINEEING"
281102,"030","","HCL America Solutions Inc","COMPUTER SCIENCE"
281191,"160","analyst","Morgan Stanley Services Group Inc.","ECONOMICS"
281210,"030","","IT Crats Inc.","INFORMATION TECHNOLOGY"
281245,"020","business development analyst","Biocytogen Boston Corp.","DATA SCIENCE BUSINESS ANALYTICS"
281364,"199","associate management consultant","McKinsey & Company, Inc. United States","BUSINESS ADMINISTRATION"
281370,"030","java developer","SIA GLOBAL SOLUTIONS LLC","INFORMATION TECHNOLOGY"
281444,"169","vice president","Morgan Stanley Services Group Inc.","APPLIED COMPUTER SCIENCE"
281527,"024","gis flood analyst","ICEYE US, Inc.","EARTH AND ENVIRONMENT SYSTEMS"
281614,"079","sr embryologist","Procreate Fertility Center of Virginia, PLLC","EMBRYOLOGY"
281644,"161","finance analyst","Expedia, Inc.","FINANCIAL ANALYSIS"
281681,"030","technical lead","Tata Consultancy Services Limited","APPLIED COMPUTER SCIENCE"
281742,"031","data engineer","DATAQUAD INC","APPLIED COMPUTER SCIENCE"
281907,"039","developer advocates","Tyk Technologies Inc","COMPUTER SCIENCE"
282005,"030","security analyst iii","Anthem, Inc.","CYBER SECURITY MANAGEMENT"
282106,"007","","Tech Mahindra Americas Inc.","INTERNAL COMBUSTION ENGINE"
282202,"199","associate management consultant","McKinsey & Company, Inc. United States","PUBLIC POLICY"
282291,"030","","Citibank, N.A.","MS BUSINESS ANALYTICS AND INFORMATION SYSTEMS BS ELECTRONICS AND COMMUNICATION ENGINEERING"
282307,"030","marcom designer","Apple Inc.","THEMED ENTERTAINMENT DESIGN"
282312,"030","technology analyst us","Infosys Limited","COMPUTER SCIENCE ENGINEERING"
282325,"189","","IBM Corporation","BACHELOR OF SCIENCE IN COMPUTER INFORMATION SYSTEMS"
282332,"030","","Wal-Mart Associates, Inc.","ELECTRICAL AND COMPUTER ENGINEERING"
282385,"030","","Amazon.com Services LLC","COMPUTER SCIENCE"
282457,"041","clinical development lead","Spark Therapeutics, Inc.","MEDICAL SCIENCES"
282526,"163","senior director partnership development","Brooklyn Nets, LLC","BUSINESS ADMINISTRATION WITH CONCENTRATION IN FINANCE/MARKETING"
282650,"030","applications consultant 2","Capgemini America, Inc.","COMPUTER INFORMATION SYSTEMS"
282662,"039","","Ness USA Inc.","COMP SCI"
282716,"039","research engineer","Ford Motor Company","COMPUTER SCIENCE"
282721,"030","software analyst developer","Vertex Consulting Service, Inc","COMPUTER SCIENCE EQUIVALENT"
282755,"030","specialist master","Deloitte Consulting LLP","ELECS & COMMUNICATION ENGRG"
282790,"030","salesforce developer","Symantrix Inc","INFORMATION TECHNOLOGY COMPUTING"
282800,"030","manager","Deloitte Consulting LLP","ELECTRONICS COMMUNICATION ENGINEERING"
282824,"199","associate management consultant","McKinsey & Company, Inc. United States","BUSINESS ADMINISTRATION"
282846,"030","life science research associate","PARADIGM INFOTECH INC.","MASTER OF SCIENCE"
282858,"030","","SmartInt Technologies LLC","HUMAN RESOURCE MANAGEMENT"
282902,"030","member of technical staff research engiener research sci","OpenAI, LP","COMPUTER SCIENCE"
282949,"059","data scientist","Marsh USA Inc.","ANALYTICS"
283149,"030","technology analyst us","Infosys Limited","COMPUTER SCIENCE AND ENGINEERING"
283163,"199","data supply chain analyst","Taylor Farms Pacific,  Inc.","MASTER OF SCIENCE IN ENGINEERING MGMT"
283188,"030","quality engineer","FUSION LIFE SCIENCES TECHNOLOGIES LLC","MECHANICAL ENGINEERING"
283293,"161","consultant","The Boston Consulting Group, Inc.","BUSINESS ADMINISTRATION"
283298,"180","manager i operations","Amazon.com Services LLC","FINANCE/MANAGEMENT"
283335,"039","","Comcast Cable Communications, LLC","MGT INFO SYSS"
283655,"119","paralegal","GREEN MAPLE LAW GROUP, APC","LAW"
283681,"169","vice president","Morgan Stanley Services Group Inc.","ELECTRONIC ENGINEERING"
283688,"199","sr product analyst","McKinsey & Company, Inc. United States","INFORMATION TECHNOLOGY"
283689,"184","","Remoov Inc.","INDUSTRIAL ENGINEER"
283766,"030","battery alborithm engineer","Apple Inc.","MECHANICAL ENGINEERING"
283781,"019","process engineer","Applied Materials, Inc.","ENGINEERING"
283847,"049","asso","Primera Analytical Solutions Corporation","BIOENGINEERING"
283956,"003","","Infineon Technologies Americas Corp.","ENGINEERING MANAGEMENT"
283977,"030","","Apple Inc.","BUSINESS ADMINISTRATION"
284028,"050","","Pacific Investment Management Company LLC","ACCOUNTING FINANCE ECONOMICS"
284231,"182","vdc specialist","FL Crane & Sons","CONSTRUCTION MANAGEMENT"
284345,"030","product management senior specialist","Salesforce, Inc.","ENGINEERING MANAGEMENT"
284469,"005","","Walsh Construction Co.","CONSTRUCTION ENGINEERING"
284883,"030","","Apple Inc.","HUMAN CENTERED DESIGN AND ENGINEERING"
284897,"020","","Morgan Stanley & Co, LLC","COMPUTATIONAL FINANCE"
285004,"030","","Amazon.com Services LLC","COMPUTER SCIENCE"
285340,"030","","Snowflake Inc.","COMPUTER SCIENCE"
285393,"007","hils control system engineer","Altair ProductDesign, Inc.","MECHANICAL ENGINEERING"
285520,"030","food safety regulatory compliance manager","GC Ingredients Inc.","FOOD SCIENCE"
285943,"019","director global coordination","Giumarra International Berry LLC","BUSINESS"
285982,"030","","Google LLC","COMPUTER SCIENCE"
286060,"030","","New York Technology Partners, Inc.","ELECTRICAL ENGINEERING"
286207,"030","","KIAN CORPORATION","MASTER OF BUSINESS ADMINISTRATION"
286392,"007","","AcousticaBio, Inc.","MECHANICAL ENGINEERING"
286477,"030","","Cyber Sphere, LLC","MANAGEMENT MATH PHYSICS AND COMPUTER SCIENCE 14 YEARS OF EXP EQUAL TO A BACHELORS IN COMPUTER INFORMATION SYSTEMS"
286504,"003","","Qualcomm Atheros, Inc.","ELECTRICAL AND COMPUTER ENGINEERING"
286598,"030","technical lead","Tata Consultancy Services Limited","ELECTRONICS AND COMMUNICATION ENGINEERING"
286935,"186","","Goldman Sachs & Co LLC","FINANCIAL ENGINEERING"
287124,"030","program manager","Google LLC","ELETRICAL AND ELECTRONICS ENGINEERING"
287186,"030","","Infosys Limited","MECHANICAL ENGINEERING"
287210,"030","applications consultant 3","Capgemini America, Inc.","COMPUTER INFORMATION SYSTEM"
287222,"030","","Penmark Global Group Inc","BUSINESS ADMINISTARTION"
287256,"030","","Apple Inc.","COMPUTER SCIENCE AND COMPUTER ENGINEERING"
287382,"019","","Novo Nordisk Research Center Seattle Inc.","MEDICAL DEVICE AND DIAGNOSTIC ENGINEERING"
287626,"019","supply planner","Novozymes North America, Inc.","INDUSTRIAL ENGINEERING"
287683,"030","","Apple Inc.","CHEMICAL ENGINEERING"
287935,"030","analyst","Tata Consultancy Services Limited","COMPUTER INFORMATION SYSTEMS"
287985,"078","","Cosmic Healthcare LLC","MEDICAL TECHNOLOGY"
288238,"005","","Force Asset Management LLC","CIVIL ENGINEERING"
288347,"030","","Vennison Technologies Inc","MASTER OF SCIENCE"
288521,"189","","Great Product Ventures, Inc.","EQUIVALENT OF US MASTERS DEGREE WITH MAJOR IN ARTS & MINOR IN MARKETING"
288637,"020","actuarial associate","Ameritas Life Insurance Corp.","ACTUARIAL MATHEMATICS"
288735,"079","medical laboratory scientists","Lovingcare Nursing and Home Care Services Inc.","MADICAL LABORATORY SCIENCE"
288925,"020","associate business analyst","Voya Services Company","COMPUTER SCIENCE"
289170,"031","","Tech Mahindra Americas Inc.","ELECTRICAL AND ELECTRONICS"
289186,"030","","Unique Tech Inc","ELECTRICAL & ELECTRON CS ENGINEERING"
289267,"033","","Uber Technologies, Inc.","ELECTRICAL AND COMPUTER ENGINEERING - APPLIED STUDY"
289535,"003","hardware development engineer","Apple Inc.","PHOTONICS & OPTICAL SCIENCES"
289643,"030","business analyst l3","Wipro Limited","ELECTRICAL ENGINEERING"
289780,"189","","Wadhwani Impact Trust","PUBLIC POLICY"
289854,"165","","JA Law Firm, P.A.","INTERNATIONAL RELATIONS"
290110,"031","solutions architect","Akamai Technologies, Inc.","MANAGEMENT INFORMATION SYSTEMS"
290238,"030","","Apple Inc.","COMPUTER ENGINEERING"
290359,"030","","Apple Inc.","NEUROSCIENCE MASTERS DEGREE IN COMPUTER SCIENCE"
290600,"030","","Meta Platforms, Inc.","COMPUTER SCIENCE"
290732,"030","","H-Town Technologies Inc","ELECTRONICS AND COMMUNICATION ENGINEERING"
290765,"029","environmental engineer associate 2","Energy and Environmental Economics, Inc.","ENERGY ENGINEERING"
290795,"030","","Amazon.com Services LLC","COMPUTER SCIENCE"
291130,"186","analyst","Scotia Capital USA, Inc.","FINANCE INTERNATIONAL BUSINESS"
291176,"050","","Goldman Sachs & Co LLC","ECONOMICS"
291206,"186","","Ten South Holdings LLC","BUSINESS ADMINISTRATION"
291420,"020","commodity spec manager","Apple Inc.","MATHEMATICS AND STATISTICS"
291425,"007","","ChargePoint, Inc.","ENGINEERING (MATERIALS AND MANUFACTURING TECHNOLOGY)"
291471,"160","tax staff diversified staff group","Ernst & Young U.S. LLP","ACCOUNTANCY"
291540,"199","senior business analyst","Capital One Services, LLC","BUSINESS ANALYTICS"
291595,"030","","Cognizant Technology Solutions US Corp","COMPUTER ENGINEERING"
291801,"003","","Apple Inc.","COMPUTER ENGINEERING"
291913,"110","","Phillips Lytle LLP","MASTER OF LAWS"
291993,"033","solution architect ii","Persistent Systems INC","INFORMATION TECHNOLOGY"
292027,"007","engineer i","CHA Consulting, Inc.","MECHANICAL ENGINEERING"
292141,"030","","Apple Inc.","COMPUTER SCIENCE"
292613,"003","","Apple Inc.","ELEC AND COMP ENGRG"
292750,"012","logistic specialist ii","ASM  America, Inc.","INDUSTRIAL ENGINEERING"
292861,"012","","Intel Corporation","CHEMICAL AND PETROLEUM ENGINEERING"
293008,"030","","Apple Inc.","ELECTRICAL ENGINEERING"
293098,"030","human factors design engineer","Apple Inc.","MECHANICAL ENGINEERING"
293160,"001","intern architect","Studio.BNA, Inc.","URBAN PLANNING AND DESIGN"
293306,"007","manufacturing equipment engineer","Hydranautics","MECHANICAL ENGINEERING"
293357,"164","market sales analyst","ITW Food Equipment Group LLC","BUSINESS ADMINISTRATION"
293611,"012","process engineer","Intel Corporation","CHEMICAL ENGINEERING"
293672,"030","systems administrator","SG AMERICAS OPERATIONAL SERVICES, LLC","INFORMATION SYSTEMS & BUSINESS AND ECONOMICS"
293897,"019","","Apple Inc.","BUS ADMIN"
293926,"030","","Amazon.com Services LLC","PUBLIC POLICY AND DIPLOMACY"
294068,"003","","Apple Inc.","ELECTRICAL ENGINEERING"
294183,"030","","SAPNEXX LLC","MASTER OF TECHNOLOGY CHEMICAL ENGINEERING"
294510,"030","","SYSTEM SOFT TECHNOLOGIES LLC","ELECTRICAL AND ELECTRONICS ENGINEERING"
294612,"030","","Apple Inc.","BIOMEDICAL ENGINEERING"
294788,"001","design staff 2","The Lamar Johnson Collaborative, Inc.","CITY DESIGN"
294864,"030","","Amazon.com Services LLC","COMPUTER ENGINEERING"
294961,"160","","DWS Investment Management Americas, Inc.","PUBLIC ADMIN"
295283,"030","","Apple Inc.","ELECTRICAL AND COMPUTER ENGINEERING"
295312,"003","software development engineer systems electronics engineer","Apple Inc.","ELECTRICAL ENGINEERING"
295460,"041","associate scientist","WuXi Advanced Therapies Inc.","BIOENGINEERING"
295711,"030","","Solytics Partners LLC","ELECTRONICS ENGINEERING DIGITAL SYSTEMS"
295745,"030","","Amazon Development Center U.S., Inc.","COMPUTER SCIENCE"
295800,"030","acoustics engineer","Apple Inc.","MECHANICAL ENGINEERING"
296420,"020","business data analyst","Health One Alliance, LLC","DATA SCIENCE AND ANALYTICS"
296463,"189","director customer experience","Cisco Systems, Inc.","BUSINESS ADMINISTRATION"
296886,"005","engineer i","CHA Consulting, Inc.","CIVIL ENGINEERING"
297327,"119","associate attorney","Sheppard, Mullin, Richter & Hampton LLP","LAW"
297357,"","machine learning engineer","ByteDance Inc.","STATISTICS"
297460,"001","architectural technician","LaBella Associates, D.P.C.","ARCHITECTURE"
297516,"030","channel program producer","Apple Inc.","BUSINESS ADMINISTRATION"
297665,"019","power module development engineer","Wolfspeed, Inc.","MATERIALS SCIENCE AND ENGINEERING"
297838,"030","","Amazon.com Services LLC","BUSINESS ANALYTICS ELECS & COMM ENGRG"
297902,"033","","EMC Corporation","COMPUTER SCIENCE AND SOFTWARE ENGINEERING"
297992,"007","","Hunting Energy Services LLC","MECHANICAL ENGINEERING"
297994,"030","","TuniraSoft, LLC","ELECTRONICS AND COMMUNICATION ENGINEERING"
298065,"007","","Apple Inc.","MECHANICAL ENGINEERING"
298595,"160","","BDO USA, LLP","BUSINESS ADMINISTRATION IN INSURANCE"
298612,"003","","Samsung Semiconductor, Inc.","ELECTRICAL AND COMPUTER ENGINERRING"
298726,"199","","CONSULTING BUSINESS SOLUTION LLC","ACCOUNING & FINANCE"
298736,"030","","Hexaware Technologies, Inc","BACHELOR OF SCIENCE IN COMPUTER INFORMATION SYSTEMS"
298939,"030","","APPLIXA TECHNOLOGIES LLC","SCIENCE"
299098,"160","","Deloitte & Touche LLP","MANAGEMENT ACCOUNTING"
299154,"003","","Apple Inc.","ELECTRICAL ENGINEERING"
299348,"161","","Wipro Limited","TELECOMMUNICATION TECHNOLOGY AND MANAGEMENT"
299402,"030","machine learning engineer data scientist","Apple Inc.","COMPUTER SCIENCE AND ENGINEERING"
299543,"030","","Apple Inc.","COMPUTER ENGINEERING"
299664,"030","","Google LLC","COMPUTER SCIENCE"
299691,"141","hi designer","Apple Inc.","DESIGN AND TECHNOLOGY"
299903,"033","","Cognizant Technology Solutions US Corp","ELECTRONICS ENGINEERING"
300508,"199","","McKinsey & Company, Inc. United States","ANALYTICS"
300711,"003","soc design engineer","Intel Corporation","ELECTRICAL ENGINEERING"
300916,"079","health services manager","Everest Medics Staffing Inc","BACHELOR OF SCIENCE IN NURSING"
300963,"030","","Amerisoft Corporation","COMPUTER SCIENCE & ENGINEERING"
301037,"030","soc design verification engineer","Apple Inc.","ELECTRONIC ENGINEERING"
301122,"007","sr test engineer","Tesla, Inc.","AUTOMOTIVE ENGINEERING"
301307,"160","","SANY America Inc.","ACCOUNTING SCIENCE"
301360,"003","","L&T TECHNOLOGY SERVICES LIMITED","ELEC ENGRG"
301412,"030","","Verily Life Sciences LLC","DATA ANALYTICS"
301557,"030","production engineer","Meta Platforms, Inc.","COMPUTER SCIENCE"
301672,"141","","GetDori, Inc.","PRODUCT DESIGN"
301682,"007","","United Safety Technology Corporation","MANUFACTURING ENGINEERING"
301714,"030","web developer","Noblesoft Technologies Inc","INFORMATION TECHNOLOGY"
301974,"030","","Apple Inc.","COMPUTATIONAL DATA SCI"
301998,"030","","Apple Inc.","COMPUTER INFORMATION SYSTEMS AND MACHATRONIC ENGINEERING"
302103,"039","","Guidewire Software, Inc.","COMPUTER SCIENCE"
302152,"030","","IQVIA Inc.","BUSINESS ADMINISTRATION"
302357,"030","","Amazon Development Center U.S., Inc.","COMPUTER SCIENCE"
302470,"001","","B.I.G. Architecture D.P.C.","MASTER OF ARCHITECTURE"
302553,"030","sr product technology owner","Franklin Templeton Companies LLC","MANAGEMENT INFORMATION SYSTEMS"
302619,"030","","Tata Consultancy Services Limited","MATHEMATICS STATISTICS AND COMPUTER SCIENCE"
302642,"091","teacher of spanish","St. Paul's School","ROMANCE STUDIES HISPANIC LITERATURE & COMPARATIVE LITERATURE"
302955,"007","ce product specialist","Cummins Inc.","MECHATRONICS ENGINEERING"
303458,"007","sr engineer performance simulation application","Caterpillar Inc","MECHANICAL ENGR AND APPLIED MECHANICS"
303560,"030","","Meta Platforms, Inc.","COMPUTER SCIENCE"
303695,"188","","Uber Technologies, Inc.","BUSINESS ADMINISTRATION DEGREE"
303831,"030","","DataLab USA, LLC.","MASTER OF SCIENCE"
303837,"020","","Ernst & Young U.S. LLP","GENERAL MANAGEMENT"
304166,"199","senior associate","KPMG LLP","ACCOUNTING"
304380,"030","","CGI Technologies and Solutions Inc.","COMPUTER SCIENCE AND ENGINEERING"
304404,"030","programmer developer 3","Capgemini America, Inc.","COMPUTER INFORMATION SYSTEMS"
304644,"161","","The Boston Consulting Group, Inc.","BUSINESS ADMINISTRATION"
304649,"030","partner engineer android","Meta Platforms, Inc.","COMPUTER SCIENCE"
304720,"019","sr automation engineer","Steripack USA Limited LLC","BIOMEDICAL ENGINEERING"
304750,"030","systems analyst","Omsai Com LLC","BACHELORS OF ENGINEERING IN TELECOMMUNICATION"
305106,"030","","Apple Inc.","MECHANICAL ENGINEERING"
305393,"030","machine learning engineer","Apple Inc.","COMPUTER INFORMATION SYSTEMS"
305625,"030","","Amazon Web Services, Inc.","COMP SCI"
306232,"019","","Servotech, Inc.","MASTERS IN MECHANICAL ENGINEERING"
306291,"012","process engineer","Intel Corporation","MATERIALS SCIENCE AND ENGINEERING"
307032,"030","applied scientist ii","Amazon Development Center U.S., Inc.","ELECTRONICS ENGINEERING"
307036,"007","","Apple Inc.","MECHANICAL ENGINEERING"
307215,"012","","Lam Research Corporation","INDUSTRIAL ENGINEERING"
307455,"030","","Amazon Development Center U.S., Inc.","COMPUTER SCIENCE"
307627,"030","","Cisco Systems, Inc.","COMPUTER SCIENCE"
307794,"030","","Qualcomm Technologies, Inc.","INFORMATION SCIENCE"
307830,"030","","GAC Solutions Inc","COMPUTER SCIENCE"
307985,"169","estimator level 1","Racanelli Construction Co. Inc.","CIVIL ENGINEERING"
308167,"030","","Apple Inc.","ELECTRICAL AND COMPUTER ENGINEERING"
308304,"005","","GEI Consultants Inc.","CIVIL ENGINEERING"
308343,"169","product manager","Microsoft Corporation","ENGINEERING MANAGEMENT"
308578,"030","","Apple Inc.","INFO NETWORKING"
308593,"030","","Apple Inc.","ROBOITICS"
308657,"032","","Expedia, Inc.","INTERNATIONAL BUSINESS"
308777,"020","","Labcorp Drug Development Inc.","STATISTICS"
309594,"041","principal scientist i","Novartis Institutes for BioMedical Research, Inc.","MOLECULAR GENETICS"
309627,"039","data scientist","PeritusHub LLC.","INFORMATION TECHNOLOGY"
309782,"030","database administrator devops engineer","Strategic Systems,Inc","COMP INFO SYSS"
310388,"030","","Chainalysis Inc.","COMPUTER SCIENCE AND PHILOSOPHY"
310524,"164","","Channel Bakers Inc.","MS IN MARKETING"
310597,"161","","msd2021 inc","DESIGN MANAGEMENT"
310607,"003","","Seqgen Inc.","COMPUTER SCIENCE"
311312,"030","","NAVOINFO INC","COMPUTER SCIENCE AND ENGINEERING"
311677,"189","","Cummins Inc.","SUPPLY CHAIN MANAGEMENT"
311783,"030","systems analyst","Coforge Limited","APPLIED COMPUTER SCIENCE"
311983,"005","product engineer","XP Health, Inc.","CIVIL AND ENVIORNMENTAL ENGINEERING"
312131,"165","associate paid social","Group M Worldwide, LLC","MARKETING"
312146,"033","","Cognizant Technology Solutions US Corp","APPLIED COMPUTER SCIENCE"
312710,"039","analytics analyst","R1RCM HOLDCO INC.","INFORMATION TECHNOLOGY AND ANALYTICS"
312725,"164","","Tubi, Inc.","BUSINESS ADMINISTRATION PUBLIC RELATIONS AND STRATEGIC COMMUNICATION"
312836,"007","aircraft technologies engineer","VT San Antonio Aerospace, Inc.","AIRCRAFT MAINTENANCE TECHNOLOGY"
312946,"003","engineer df dram","Micron Technology, Inc.","MATERIALS SCIENCE ENGINEERING AND COMMERCIALIZATION"
312984,"030","business analyst","Config Consultants LLC","TECHNICAL ENTREPRENEURSHIP AND MANAGEMENT"
313079,"020","advanced data science associate","ZS Associates, Inc.","BUSINESS ANALYTICS"
313156,"033","","Costco Wholesale Corporation","ELECTRONICS AND INSTRUMENTATION ENGINEERING"
313221,"030","","Apple Inc.","COMP SCI"
313287,"030","","Amazon.com Services LLC","ELECTRONIC ENGINEERING"
313388,"030","","Barclays Services Corp.","COMPUTER SCIENCE"
313425,"005","structural engineer","Gilsanz Murray Steficek LLP Engineers and Architects","CIVIL ENGINEERING"
313443,"020","data scientist","Ford Motor Company","INDUSTRIAL ENGINEERING WITH AN ADDITIONAL MASTERS DEGREE IN MATHEMATICS WITH CONCENTRATION IN STATISTICS & OPERATIONS RESEARCH"
313646,"003","","Deere and Company","BUS ADMIN"
313994,"030","","NetApp, Inc.","COMPUTER SCIENCE"
314076,"030","","Qentelli, LLC","COMPUTER APPLICATIONS"
314124,"030","technical leader","KPIT Technologies Inc.,","MECHANICAL ENGINEERING"
314307,"030","","Infosys Limited","ELECTRONICS & COMM ENGRG"
314388,"041","","Lycia Therapeutics, Inc.","BIOMEDICAL SCIENCE"
314431,"030","","Apple Inc.","COMPUTER SCIENCE"
314552,"160","","Deloitte & Touche LLP","FINANCE"
314758,"160","","Liu Inc","ACCOUNTING"
314780,"033","","Cognizant Technology Solutions US Corp","COMPUTER INFORMATION SYSTEMS"
314800,"030","","Tata Consultancy Services Limited","MECHANICAL ENGINEERING"
314839,"030","","Infosys Limited","COMPUTER APPLICATIONS"
314956,"030","associate","DB Global Technology, Inc","COMPUTER SCIENCE"
315161,"010","","Shutts and Bowen LLP","LAW"
315276,"030","technical support engineer","Fortinet, Inc.","CYBER FORENSICS AND SECURITY"
315427,"110","associate attorney","Baker & McKenzie LLP","LAW"
315796,"030","","TK-CHAIN,LLC","ELECTRONICS AND COMMUNICATION ENGINEERING"
315865,"110","","Knox McLaughlin Gornall & Sennett, P.C.","LAW LEGAL STUDIES"
315998,"041","senior scientist clinical pharmacology and pharmacometrics","AstraZeneca Pharmaceuticals LP","MATHEMATICS"
316195,"189","health and recreation dir","The Salvation Army","NONPROFIT ADMINISTRATION"
316346,"030","","Infosys Limited","COMPUTER SCIENCE AND ENGINEERING"
316355,"012","process engineer","Fufeng USA Incorporated","POWER PLANT AND POWER SYSTEMS"
316408,"163","offshor wind risk advisory leader","Marsh USA LLC","LAW EVALUATED EQUIVALENT TO US BS EQUIVALENT IN INSURANCE"
316416,"001","","Steelman Partners LLP","ARCHITECTURE"
316462,"039","","Visa Technology & Operations LLC","INFORMATION SYSTEM MANAGEMENT"
316635,"030","producer","Apple Inc.","BUSINESS ADMINISTRATION"
316637,"160","","Reliable Tax Service, Inc.","BUSINESS ADMINITRATION"
316661,"160","analyst","Deutsche Bank Securities Inc.","FINANCIAL ENGINEERING"
316799,"160","staff accountant","Chen & Fan Accountancy Corporation","ACCOUNTING"
317033,"003","","Apple Inc.","ELEC ENGRG"
317089,"030","application developer","IBM Corporation","MASTER OF APPLIED COMPUTER SCIENCE"
317131,"160","","Alvarez & Marsal Taxand, LLC","PUBLIC POLICY"
317158,"076","","Southwest Key Inc.","MASTERS OF CLINICAL MENTAL HEALTH COUNSELING"
317167,"092","","INTERNATIONAL SCHOOL OF BROOKLYN","EDUCATION"
317231,"030","","Concept Software & Services Inc","MASS COMMUNICATION"
317592,"030","statistician","Midland Credit Management, Inc.","STATISTICAL SCIENCE"
317607,"030","associate embedded firmware engineer","LEA, LLC","ELECTRICAL AND COMPUTER ENGINEERING"
317643,"022","","Biogen Inc.","PHARMACEUTICS"
317839,"030","data engineer","ALDATATECH LLC","MASTER OF ENGINEERING ENGINEERING MANAGEMENT"
317854,"039","design engineer","Actalent Services, LLC","AUTOMATION AND ROBOTICS"
318012,"039","cloud engineer","Logan Data Inc","COMPUTER APPLICATIONS"
318013,"020","principal biostatistician","Nektar Therapeutics","BIOSTATISTICS"
318212,"030","","Amazon.com Services LLC","COMPUTER SCIENCE"
318298,"030","","Donato Technologies Inc","COMPUTER & INFORMATION SCIENCES"
318398,"030","","Apple Inc.","COMPUTER SCIENCE"
318564,"030","product manager","FedML, Inc.","INFORMATION TECHNOLOGY IT MANAGEMENT"
318869,"030","","Sails Software Inc","COMPUTER SCIENCE AND ENGINEERING"
319114,"030","appllied research scientist","Meta Platforms, Inc.","COMPUTER VISION BACHELORS DEGREE IN COMPUTER ENGINEERING"
319267,"005","","Terracon Consultants, Inc.","CONSTRUCTION MANAGEMENT"
319329,"030","lead ii software engineering","UST GLOBAL INC","COMPUTER APPLICATIONS"
319333,"030","","Oracle America, Inc.","COMPUTER SCIENCE"
319377,"001","project mgr architect","DLR Group, Inc.","ARCHITECTURE"
319381,"020","assistant vp","DB USA Core Corporation","DATA ANALYTICS / PUBLIC ADMINISTRATION"
319669,"160","accounting specialist","Pacific Coast Appliance Repair LLC","BANKING"
319677,"030","i20023250327897","Spotify USA, Inc.","COMP SCI"
319683,"091","","ATLANTA INTERNATIONAL SCHOOL","ENGLISH LITERATURE"
320474,"153","programs specialist","Hammond Area Recreation District 1","KINESIOLOGY"
320930,"030","","3MD Inc.","INFORMATION TECHNOLOGY"
321043,"030","","Salesforce, Inc.","COMPUTER SCIENCE"
321119,"029","","NewGlobe Education Inc","MASTER OF SCIENCE IN SOCIAL ANALYSIS AND RESEARCH"
321123,"050","","Citigroup Global Markets Inc.","MBA WITH COURSEWORK IN FINANCE"
321124,"160","associate","Horiko Capital Management LLC","LAW"
321323,"020","","Uber Technologies, Inc.","PUBLIC & INTL AFFAIRS"
321652,"169","project controls consultant","Turner & Townsend, Inc.","CIVIL ENGINEERING"
321713,"020","auditor","State Street Bank and Trust Company","BUSINESS ANALYTICS"
321818,"030","","Kero Gaming Inc.","CONTROL AND INFORMATICS IN TECHNICAL SYSTEMS SYSTEMS ENGINEERING"
321879,"030","","Turo Inc.","INDUSTRIAL ENGINEERING & OPERATIONS RESEARCH"
322031,"030","human interface designer","Apple Inc.","INTERACTION DESIGN"
322056,"030","cognos developer","TSG Consulting, LLC.","INFO TECH/MGT"
322186,"030","","Lucid Software, Inc.","ELECTRICAL AND COMPUTER ENGINEERING"
322243,"030","software developer application","Apple Inc.","COMPUTER SCIENCE"
322277,"030","data engineer i","Amazon.com Services LLC","INFORMATION SYSTEMS"
322315,"030","","Unique Comp, Inc.","ELECTRICAL AND COMPUTER ENGINEERING"
322348,"030","","Wipro Limited","COMPUTER SCIENCE AND ENGINEERING"
322462,"030","","Atlassian Technologies LLC","COMPUTER SCIENCE"
322723,"160","","Goldman Sachs & Co LLC","BUSINESS ANALYTICS"
322843,"005","civil engineer","Ardent Company LLC.","CIVIL ENGINEERING"
322880,"022","scientist i synthetic chemistry","Element Biosciences, Inc.","CHEMISTRY"
322909,"030","","SAP America, Inc.","COMPUTER SCIENCE"
322915,"020","associate product manager program manager","Uber Technologies, Inc.","COMPUTER AND INFORMATION SCIENCE"
322923,"003","","Apple Inc.","MECHANICAL ENGINEERING"
323121,"012","process engineer","Intel Corporation","CHEMICAL ENGINEERING"
323191,"030","senior data engineer","Searce Inc.","INFORMATION OF TECHNOLOGY ELECTRONICS AND COMMUNICATION ENGINEERING"
323360,"161","","Wipro Limited","INFORAMTION TECHNOLOGY"
323544,"050","analyst","BDT Capital Partners, LLC","ECONOMICS"
323701,"199","associate management consultant","McKinsey & Company, Inc. United States","BUSINESS ADMINISTRATION"
324095,"039","data scientist i","Amazon.com Services LLC","DATA SCIENCE"
324109,"161","business development manager","Pacific Coast Appliance Repair LLC","BANKING"
324114,"030","","The Bank of New York Mellon","ARTIFICIAL INTELLIGENCE AND INNOVATION COMPUTER ENGINEERING"
324214,"030","","Bitwise, Inc.","B E  INFORMATION TECHNOLOGY"
324312,"003","","Rockley Photonics, Inc.","ELECTRICAL ENGINEERING"
324426,"007","","QuantumScape Battery, Inc.","MANUFACTURING AND MECHANICAL SYSTEMS INTEGRATION"
324520,"119","law clerk","Rai Law Inc.","LAW"
324581,"001","","SWA Group","LANDSCAPE ARCHITECTURE"
324678,"030","","Tesla, Inc.","COMPUTER SCIENCE"
325071,"022","senior chemist","Henkel Corporation","CHEMISTRY"
325090,"030","","Meta Platforms, Inc.","SOFTWARE ENGINEERING"
325101,"030","application security analyst","Pacific Western Bank","INFORMATION SYSTEMS"
325178,"030","","MDLIVE, Inc.","INDUSTRIAL ENGINEERING"
325277,"030","","RYZLINK CORP","SYSTEM & CONTROL ENGINEERING"
325307,"040","product manager ubigro","UbiQD, Inc.","AGRICULTURAL AND BIOLOGICAL ENGINEERING"
325319,"030","","Fiserv Solutions, LLC","COMPUTER SCIENCE"
325476,"050","","Lilly USA, LLC","MGT WITH EMPHASIS IN RESEARCH METHODS"
325537,"020","manager central operations","Uber Technologies, Inc.","INTELLIGENCE AND SECURITY STUDIES"
325559,"039","data scientist","The Northern Trust Company","BACHELOR OF SCIENCE IN INFORMATION TECHNOLOGY AND DATA ANALYTICS MASTER OF SCIENCE IN FINANCE"
325564,"033","","Cognizant Technology Solutions US Corp","COMPUTER ENGINEERING"
325590,"030","online marketing director","Apple Inc.","DIGITAL MARKETING AND COMPUTER SCIENCE"
325723,"030","sr solution architect","Jade Global Inc.","COMPUTER ENGINEERING"
325728,"030","","SLK Holdings LLC","ELECTRICAL & ELECTRONICS ENGINEERING"
325786,"030","module test instrumentation and auto engineer","Apple Inc.","MECH ENGRG"
325790,"169","","Sun Capital Advisors, LP","ECONOMICS"
325866,"030","research scientist","ByteDance Inc.","CHEMISTRY"
325994,"039","data analyst","Block Inc.","BUSINESS ANALYTICS"
326409,"030","software development engineer systems electronics engi","Apple Inc.","ELECTRICAL ENGINEERING AND COMPUTER ENGINEERING"
326530,"030","solutions architect iii","Amazon Web Services, Inc.","ELECTRONIC ENGINEERING"
326609,"030","","Wal-Mart Associates, Inc.","COMPUTER SCIENCE"
326644,"015","","SHILSOFT INC","ELECTRONICS & COMMUNICATION ENGINEERING"
326818,"020","","Suzano Pulp and Paper America, Inc.","BUSINESS ADMINISTRATION"
326824,"079","","Lea's Place LLC","REHABILITATION SCIS"
326960,"030","alp operations manager","Chewy, Inc.","BUSINESS SUPPLY CHAIN MANAGEMENT"
326994,"030","","Apple Inc.","COMPUTER ENGINEERING"
327186,"030","cloud developer","TechZon, Inc.","ECE PER EXPERT EVALUATION EQUIVALENT TO US BACHELORS IN COMPUTER INFORMATION SYSTEMS"
327314,"030","sharepoint consultant","kodisoftllc","COMPUTER SCIENCE"
327321,"030","","OKG USA Technology, Inc.","COMPUTER SCIENCE"
327349,"160","senior accountant","Uber Technologies, Inc.","MANAGEMENT AND ACCOUNTING"
327705,"030","oracle developer","ALLEN LUND COMPANY LLC","BACHELOR OF ENGINEERING"
327764,"079","","Cardinal Health, Inc.","APPLIED CLINICAL RESEARCH"
327767,"030","","SAP Labs, LLC","COMPUTER SCIENCE"
327804,"030","database developer","Resolvit Resources LLC","COMPUTER SCIENCE"
328019,"006","","Apple Inc.","MATERIALS ENGRG"
328033,"039","","Microsoft Corporation","COMPUTER SCIENCE"
328150,"030","","Uber Technologies, Inc.","COMP ENGRG"
328204,"030","","Infosys Limited","COMPUTER ENGINEERING"
328276,"001","architectural designer","Gelfand Partners Architects","ARCHITECTURE"
328291,"012","","American Builders Supply, Inc.","ENGINEERING MANAGEMENT"
328320,"030","","Apple Inc.","ELECTRICAL ENGINEERING"
328341,"030","data scientist","Apple Inc.","CIVIL ENGINEERING"
328920,"005","","LEGO Construction Co","CONSTRUCTION MANAGEMENT"
329137,"030","","ByteDance Inc.","COMP SCI"
329148,"119","","SpeedLegal, Inc","LAW"
329477,"030","","Google LLC","VISUAL COMMUNICATION DESIGN"
329488,"030","","Harpro Tech Inc","BACHELOR OF TECH IN ELECS COMM ENGRG"
329580,"030","","Adobe Inc.","STATISTICS"
329702,"030","","Ford Motor Company","COMPUTER SCIENCE"
329929,"030","","NAVY FEDERAL CREDIT UNION","BUSINESS ADMINISTRATION"
329943,"059","media specialist","Admerasia Inc.","NEW MEDIA AND COMMERCE MARKETING"
329970,"039","","JID Solutions Inc","INFORMATION TECHNOLOGY"
330269,"030","","NVIDIA Corporation","COMP SCI"
330572,"033","","SCIGON Solutions, Inc.","INFORMATION TECHNOLOGY"
330831,"161","","Honeywell International Inc.","INFORMATION TECHNOLOGY BUSINESS ADMINISTRATION"
330851,"030","machine learning engineer","Thoughtstream Enterprises LLC","MUSIC TECH"
330876,"150","","SAVIENCE TECHNOLOGIES INC","COMPUTER SCIENCE AND ENGINEERING"
330901,"110","associate","Nelson Mullins Riley & Scarborough LLP","JURIS DOCTOR"
331006,"030","product designer","Meta Platforms, Inc.","INTERACTIVE DESIGN"
331094,"039","","sonata software north america inc","COMPUTER INFORMATION SYSTEMS"
331398,"030","sr outbound product mgr","ServiceNow, Inc.","BUSINESS ADMINISTRATION"
331412,"030","associate","KPMG LLP","TECHNOLOGY MANAGEMENT"
331607,"160","controller","ARK CARDIOVASCULAR & ARRHYTHMIA CENTER, PLC","BUSINESS ADMINISTRATION"
331750,"007","","Scherdel Sales and Technology, Inc.","MECHANICAL ENGINEERING"
332156,"039","integration engineer 2","PayPal, Inc.","SOFTWARE ENGINEERING"
332497,"030","sensor system architect","Apple Inc.","ENGINEERING PHYSICS"
332598,"003","senior r d engineer","Contour Crafting Corporation","MANUFACTURING ENGINEERING"
332840,"030","data engineer","LendingClub Bank National Association","COMPUTER SCIENCE"
333081,"033","","Cognizant Technology Solutions US Corp","COMPUTER ENGINEERING"
333191,"019","mems design evaluation engineer","Analog Devices, Inc","MECHANICAL ENGINEERING"
333322,"030","power bi developer","Alpine Data Solutions, LLC","INFORMATION SYSTEMS"
333478,"186","avp jr underwriter tmt","Bank of Hope","ENGINEERING MANAGEMENT"
333867,"030","dft engineer","Apple Inc.","ELECTRICAL AND COMPUTER ENGINEERING"
334006,"030","business analyst 2","Capgemini America, Inc.","MANAGEMENT INFORMATION SYSTEMS"
334028,"030","","Capgemini America, Inc.","COMPUTER SCIENCE"
334267,"041","clinical research associate i","CTI Clinical Trial Services, Inc.","NEUROBIOLOGY"
334343,"030","","Staffigo Technical Services, LLC","COMPUTER SCIENCE"
334386,"160","analyst","Goldman Sachs & Co LLC","MATHEMATICS"
334477,"030","","Accenture LLP","INFORMATION TECHNOLOGY"
334501,"003","","SAGE Electrochromics, Inc.","ELECTRICAL ENGINEERING"
334504,"005","","WSP USA Inc.","BIOLOGICAL AND AGRICULTURAL ENGINEERING"
334690,"160","","Applied BioCode, Inc.","ACCOUNTING AND INFORMATION TECHNOLOGY AND MANAGEMENT"
334954,"030","","Risamsoft Inc","BACHELOR OF SCIENCE"
335002,"199","vice president senior credit officer","MOODY'S INVESTORS SERVICE, INC.","BUSINESS ADMINISTRATION"
335289,"199","","Mixlab, Inc.","MANAGEMENT AND SYSTEMS"
335501,"030","","Amazon.com Services LLC","MARKETING"
335689,"030","","Apple Inc.","COMMUNICATION DESIGN"
335864,"099","instructional coordinator for cirriculum development","PHIL ART STUDIO & SCI TOEFL INC","FINE ART METALS JEWELRY"
335939,"030","technology lead us","Infosys Limited","INFORMATION TECHNOLOGY"
336183,"007","global technical specialist team manager heat gas systems","Alfa Laval Inc.","MECHANICAL ENGINEERING AND BUSINESS ADMINISTRATION"
336288,"033","delivery manager l1","Wipro Limited","ELECTRONICS ENGINEERING"
336458,"030","","DB USA Core Corporation","ELEC & COMP ENGRG"
336503,"030","","REMOTE COMMUNITY INC","APPLIED COMPUTER SCIENCE"
336564,"030","","BlupaceUS LLC","MASTER OF BUSINESS ADMINISTRATION"
336781,"030","","Amazon.com Services LLC","COMPUTER SCIENCE"
336841,"030","software development engineer systems electronics engineer","Apple Inc.","ELECTRONIC ENGINEERING"
337108,"160","","Fresh International Lincoln Corp","ACTUARIAL SCIENCE"
337486,"010","","Caremark LLC","MANAGEMENT SCIENCE AND ENGINEERING"
337639,"030","data scientist 1","Rock Central LLC","DATA ANALYTICS ENGINEERING"
337643,"160","associate","CENTERBRIDGE PARTNERS, L.P.","ECONOMICS"
337911,"019","engineer 1 process tl","Semiconductor Components Industries, LLC","CHEMICAL ENGINEERING"
338100,"029","","Exponent, Inc.","MATERIALS ENGINEERING"
338311,"039","applied researcher 1","eBay Inc.","COMPUTER SCIENCE"
338432,"184","aircraft maintenance crew chief","Corporate Flight Management, Inc","AERONAUTICS AVIATION AEROSPACE SCIENCE AND TECHNOLOGY"
338627,"030","software developer applications","Riteclik Corporation","ELECTRONICS AND COMMUNICATIONS ENGINEERING"
338687,"030","","CyncHealth Advisors, Inc.","HEALTH INFORMATICS"
338954,"039","","Salesforce, Inc.","MGT SCI"
340178,"012","operations supervisor","Atacama 100, LLC","INDUSTRIAL ENGINEERING"
340296,"030","project mgr","Brillio, LLC","BACHELOR OF ENGINEERING IN ELECTRICAL & ELECTRONICS ENGINEERING"
340298,"110","","Moon & Yang, A Professional Corporation","LAW"
340339,"059","adult services area director","Seven Hills Rhode Island, Inc.","NONPROFIT MANAGEMENT"
340395,"059","research coordinator and data analyst","First Place AZ","PUBLIC ADMINISTRATION"
340596,"003","","Nikola Corporation","ELECTRONIC ENGINEERING"
340598,"030","","Amazon.com Services LLC","COMP SCI"
340623,"030","packaged app development associate manager","Accenture LLP","COMPUTER SCIENCE"
340792,"030","","CLOUDFRONT LLC","COMPUTER SCIENCE"
341113,"030","","Meta Platforms, Inc.","COMPUTER SCIENCE"
341364,"079","veterinarian","HJA CORPORATION","DOCTOR OF VETERINARY MEDICINE"
341444,"160","","Deutsche Bank Securities Inc.","FINANCIAL ECONOMICS"
341458,"001","","Wannemacher Jensen Architects, Inc.","MASTER OF ARCHITECTURE"
341530,"199","","McKinsey & Company, Inc. United States","BUSINESS ADMINISTRATION"
341624,"029","","Texas Instruments Incorporated","PHYSICS AND ASTRONOMY"
341674,"039","","Microsoft Corporation","COMPUTER SCIENCE AND ECONOMICS"
341919,"030","associate consultant us","Infosys Limited","ELECTRONICS AND COMMUNICATION ENGINEERING"
342274,"030","","Synechron INC","BACHELOR OF SCIENCE IN COMPUTER SCIENCE"
342538,"169","","Open Road Integrated Media Inc.","MARKETING ANALYTICS"
342592,"041","scientist","Sana Biotechnology, Inc.","BIOLOGICAL SCIENCES"
342648,"161","o m financial planning analyst","Bitmain Development Inc.","ECONOMETRICS AND QUANTITATIVE ECONOMICS"
342788,"160","","Chen & Fan Accountancy Corporation","ACCOUNTING"
342891,"030","","Apple Inc.","ELECTRICAL ENGINEERING"
343244,"030","","Axtria Inc","BACHELOR OF TECHNOLOGY IN COMPUTER SCIENCE AND ENGINEERING"
343711,"030","","Georgia IT Inc","INFORMATION TECHNOLOGY"
343943,"041","","Insitro, Inc.","BIOTECHNOLOGY"
343977,"189","","Keenee Corp.","BUSINESS ADMINISTRATION"
344428,"030","hcm consultant","Novalink Solutions, LLC","BUSINESS ADMINISTRATION"
344615,"030","technical writer instructional designer product manager","SIRITECHSOLUTIONS CORP","BACHELOR OF SCIENCE"
344740,"030","program manager ii","Amazon.com Services LLC","BUSINESS ADMINISTRATION"
345074,"030","","Amazon.com Services LLC","COMP SCI"
345299,"030","business development analyst","Intralox, LLC","ENERGY ENGINEERING BUSINESS ADMINISTRATION"
345372,"019","structural designer","Reuther Bowen, P.C.","CIVIL ENGINEERING"
345432,"141","","Fulton Thermal Corporation","IND & SYSS ENGRG"
345492,"030","data scientist computer and information research scientist","Apple Inc.","OPERATIONS RESEARCH & INDUSTRIAL ENGINEERING"
345522,"039","business operation specialist","DSM-H LLC","DATA SCIENCE"
345555,"030","","Lucid Holdings, Inc.","TECHNOLOGY MANAGEMENT"
345667,"030","","Bahwan CyberTek Inc.","ELECTRICAL AND ELECTRONICS ENGINEERING"
345813,"030","","i2 infotech LLC","COMPUTER APPLICATIONS"
345883,"030","","Synechron INC","COMP SCI"
346054,"012","process engineer","Intel Corporation","CHEMICAL ENGINEERING"
346425,"030","","Meta Platforms, Inc.","ELECTRICAL AND COMPUTER ENGINEERING"
347029,"160","","Centric Brands Holding LLC","FINANCE"
347046,"001","","NBBJ LP","ARCHITECHTURAL ENGINEERING"
347206,"030","java developer","Lorvish Technologies Inc","COMPUTER SCIENCE & ENGINEERING"
347239,"039","","AUTOMOTIVE ROBOTICS INCORPORATED","COMPUTER SCIENCE"
347351,"030","content production","Apple Inc.","PROJECT MANAGEMENT"
347383,"030","technology analyst us","Infosys Limited","ELECTRICAL AND ELECTRONICS ENGINEERING"
347530,"030","data engineer","Eigen X, LLC","INFORMATION SYSTEMS"
347804,"003","","SICK Product & Competence Center Americas, LLC","ELECTRONIC ENGINEERING"
347865,"020","senior financial data analyst","The Hertz Corporation","BUSINESS ADMINISTRATION"
347870,"030","","DcTek Inc","INFORMATION TECHNOLOGY"
348177,"161","","Network Runners Inc.","PROJECT MANAGEMENT"
348229,"030","","Sensata Technologies, Inc.","ELECTRICAL AND COMPUTER ENGINEERING"
348431,"030","","Apple Inc.","INFORMATION NETWORKING - APPLIED STUDY"
348439,"030","","Apple Inc.","COMPUTER SCIENCE"
348572,"141","designer","Acorns Grow Incorporated","PROJECT MANAGEMENT"
348592,"020","","GoDaddy.com, LLC","BUSINESS ANALYTICS"
348603,"005","senior project engineer","City of Lawrence, Kansas","CIVIL ENGINEERING"
348728,"030","workday consultant","IBM Corporation","BACHELOR OF SCIENCE IN COMPUTER SCIENCE"
348932,"030","","Intel Corporation","ELECTRICAL ENGINEERING"
349003,"039","senior engineer firmware verification engineering","WESTERN DIGITAL TECHNOLOGIES, INC.","COMPUTER SCIENCE"
349008,"030","","Autonomic, LLC","COMPUTER SCIENCE"
349161,"160","analyst","Deutsche Bank Securities Inc.","FINANCE CHEMICAL ENGINEERING"
349212,"020","","U.S. Bank National Association","BUSINESS ADMINISTRATION"
349358,"110","law clerk","Christiansen Law, PLLC","MASTER OF LAW LLM"
349435,"030","","Fast Switch-Great Lakes LLC","COMPUTER ENGINEERING"
349760,"030","","WeRide Corp.","INFORMATION TECHNOLOGY"
349769,"030","devops engineer","Relay Network, LLC","SOFTWARE ENGINEERING"
349963,"030","hardware development engineer","Apple Inc.","MATERIALS SCIENCE AND ENGINEERING"
350285,"033","level iii support analysis","Anaplan, Inc.","BUSINESS ANALYTICS"
350727,"141","creative technologist software development engineer","Apple Inc.","DESIGN AND TECHNOLOGY"
350838,"030","","Mphasis Corporation","COMPUTER SYSTEMS ENGINEERING"
351317,"161","","Fifth Third Bank, National Association","BUSINESS ANALYTICS"
351381,"012","","Intel Corporation","SYSTEMS AND INDUSTRIAL ENGINEERING"
351429,"030","","Amazon Development Center U.S., Inc.","COMPUTER ENGINEERING"
351461,"041","consultant strategic advisory","TRINITY PARTNERS, LLC","BIOTECHNOLOGY"
351620,"030","","Accenture LLP","INFORMATION TECHNOLOGY"
351631,"012","","IDD AEROSPACE CORPORATION","MASTER OF SCI IN IDUSTRIAL ENGRG"
351795,"020","","Aquatic Group LLC","INDUSTRIAL ENGINEERING AND OPERATIONS RESEARCH"
352064,"033","performance test engineer","SCIGON Solutions, Inc.","COMPUTER SCIENCE & ENGINEERING"
352155,"030","supply demand planner","Apple Inc.","BUSINESS ADMINSTRATION WITH A CONCENTRATION IN GLOBAL SUPPLY CHAIN MANAGEMENT"
352157,"039","technical lead","EVIDEN USA, INC.","MASTER OF COMPUTER APPLICATION"
352469,"030","technical analyst","Inrika Inc","INFORMATION TECHNOLOGY AND MANAGMENT"
352523,"030","","EMERGTECH BUSINESS SOLUTIONS INC","COMPUTER MATHEMATICAL AND INFORMATION TECHNOLOGY"
352641,"030","","Omsai Com LLC","MASTER OF TECHNOLOGY IN ENVIROMENTAL GEO INFOMATICS"
352747,"030","","New York Technology Partners, Inc.","ELECTRONICS & TELECOMMUNICATIONS"
354015,"030","","United Info Services Inc","BUSINESS ANALYTICS"
354255,"030","","AMEX SYSTEMS INC","COMPUTER SCIENCE & ENGRG"
354681,"030","automation test engineer","Peafowl Inc","INFORMATION TECHNOLOGY"
354897,"030","sr data scientist","BLST Operating Company, LLC","DATA SCIENCE"
355149,"030","","SAP TECH INC","BUSINESS ANALYTICS AND INFORMATION SYSTEMS"
355438,"030","","Odoo, Inc.","COMPUTER SCIENCE AND INFORMATION SCIENCES"
355541,"030","","Bean Infosystems LLC","COMPUTER SCIENCE"
355643,"030","senior systems analyst","Cognizant Technology Solutions US Corp","COMPUTER ENGINEERING"
355938,"039","","CYGNET INFOTECH LLC","COMPUTER SCIENCE AND ENGINEERING"
356020,"030","splunk engineer","INFOSPRINTS LLC","COMPUTER SCIENCE AND ENGINEERING"
356082,"030","","upcodeit llc","COMUTER SCIENCE AND ENGINEERING"
356175,"020","analyst product","Giant Eagle, Inc.","ENIGINEERING MANAGEMENT"
356261,"030","","Qpharma, Inc.","COMPUTER SCIENCE"
356801,"030","senior sap data analytics engineer","HBR Analytics & BI Solutions LLC","MASTER OF SCIENCE IN APPLIED COMPUTER SCIENCE"
356953,"030","computer system architect","UP2DATE TECHNOLOGY SOLUTIONS LLC","INFORMATION TECHNOLOGY"
357429,"030","bi developer","Key Business Solutions Inc","EQUIVALENCY TO US BACHELORS DEGREE IN INFORMATION TECHNOLOGY"
357702,"030","","PamTen, Inc.","ELECTRONICS AND COMMUNICATION ENGINEERING"
357718,"030","","Everest Technologies, Inc.","COMPUTER SCIENCE"
357757,"039","","Tatvam Technologies Inc","INFORMATION TECHNOLOGY"
357801,"030","","CLOUD GLOBAL LLC","BACHELOR OF SCIENCE"
357847,"030","","Career Soft Solutions Inc.","COMPUTER SCIENCE"
357849,"030","","Qualcomm Technologies, Inc.","COMPUTER SCIENCE"
357867,"030","","STRATEGIC MINDZ LLC","COMPUTER SCIENCE AND ENGINEERING"
358104,"015","","AMERICAN STAFFING LLC","ELECTRONICS AND COMMUNICATION ENGINEERING"
358132,"030","","Nectar Info Tek Llc","COMPUTER SCIENCE"
358328,"030","","Pi R-Square Solutions","COMPUTER APPLICATIONS"
358367,"030","senior systens engineer","DigiCloud LLC","COMPUTER SCIENCE & ENGINEERING"
358625,"030","","Maritz Consulting Group","LAW"
358693,"030","","Intellisoft Technologies, Inc.","COMPUTER INFORMATION SYSTEMS"
358742,"030","","ANAGHA SOLUTIONS INC","COMPUTER SCIENCE AND ENGINEERING"
358760,"072","","Sarkar dental pc","DOCTOR OF DENTAL SURGERY"
359127,"030","net developer","Nantez Inc","COMPUTER SCIENCE"
359349,"161","","Lucid USA, Inc.","DUAL BUSINESS ADMINISTRATION AND MANAGEMENT AND DIGITAL TECHNOLOGY"
359582,"039","","ABN TECH CORPORATION","COMPUTER SCIENCE"
359637,"030","java full stack developer","MultiEdge, Inc","BACHELOR OF SCIENCE"
359702,"030","data analyst","Fierce Solution LLC","INFORMATION SYSTEMS"
359751,"030","","DevBytes Inc","COMPUTER AND INFORMATION SCIENCES"
360026,"030","","AIDATA MONKS INC","BACHELORS OF COMPUTER SCIENCE AND ENGINEERING"
360027,"015","senior network engineer","Sky Systems, Inc.","COMPUTER APPLICATIONS"
360047,"030","solutions architect","V3Tech Solutions Inc.","INFORMATION SYSTEMS ENGINEERING AND MANAGEMENT"
360475,"030","","HRK SYSTEMS INC","COMPUTER SCIENCE ENGINEERING"
360742,"030","it infrastructure architect","Cloudberyl LLC","COMPUTER SCIENCE AND ENGINEERING"
360863,"030","","Finacle Soft Inc","DATA SCIENCE"
360926,"999","","Bruhat Technologies Inc","TECHNOLOGY"
360988,"073","","VETERINARY EMERGENCY GROUP, LLC","VETERINARY MEDICINE"
361117,"030","rpa developer","Cloud Revolute Inc","BACHELORS OF COMPUTER SCIENCE ENGINEERING"
361213,"039","","PROPEL INFOTECH INC","MASTERS OF COMPUTER APPLICATIONS"
361224,"030","","JLAN USA Technologies","ENGINEERING"
361322,"030","","Atlassian Technologies LLC","MANAGEMENT SCIENCE"
361354,"030","","HCL America Inc","ELECTRONICS ENGINEERING"
361660,"076","","MD OMG EMP LLC","DOCTOR OF PHYSICAL THERAPY"
362165,"030","","Avant Systems Inc","COMPUTER AND INFORMATION SCIENCE"
362910,"003","","AIRCOM PACIFIC, INC.","ENGINEERING"
363124,"030","","TATVA TEK INC","MASTERS IN COMPUTER SCIENCE"
363923,"030","","Moxie Systems, Inc","BUSINESS ADMINISTRATION EQUIVALENT TO U S BACHELORS IN MANAGEMENT INFORMATION SYSTEMS"
364028,"030","reports developer","Information Unlimited Inc","COMPUTER SCIENCE"
364132,"030","","Pyramid Consulting, Inc.","COMPUTER ENGINEERING"
364182,"030","ui developer","V-Soft Consulting Group, Inc.","INFORMATION TECHNOLOGY"
364591,"039","","C2S Technologies Inc","COMPUTER APPLICATIONS"
364605,"030","","i2 infotech LLC","ELECTRONICS ENGINEERING"
366349,"030","","Teksoft Systems Inc","BACHELOR OF TECHNOLOGY IN ELECTRONICS AND COMMUNICATION ENGINEERING"
366478,"161","","VNS Tech","COMPUTATIONAL FINANCE"
366581,"015","","ELCOTECH SOLUTIONS INC","INFORMATION TECHNOLOGY"
366593,"030","data engineer","I Net Software Technologies Inc","COMPUTER INFORMATION SYSTEMS"
366731,"030","net developer","Noblesoft Technologies Inc","COMPUTER APPLICATIONS"
366751,"030","middleware sme","LDM TECHNOLOGIES LLC","ELECTRICAL AND ELECTRONICS ENGINEERING"
366973,"030","database architect","Technitia Inc","INFORMATION SYSTEMS SECURITY"
367159,"030","","Sansutek,Inc","CYBERSECURITY AND INFORMATION ASSURANCE"
367315,"030","","CGI Technologies and Solutions Inc.","INFORMATION TECHNOLOGY"
367873,"030","","Itechmatics Inc","MASTER OF DATA SCIENCE"
367878,"030","","Goldman Sachs Services LLC","COMPUTER SCIENCE"
368224,"030","","JICOR Solutions Inc","BACHELOR OF SCIENCE"
368641,"030","","ADROIT TECHNOLOGIES & CLOUD SOLUTIONS, INC.","INFORMATION TECHNOLOGY"
368663,"033","business analyst","Maxil Technology Solutions Inc","MASTER OF SCIENCE AGRICULTURE IN AGRONOMY"
369393,"030","java developer","SATCON INC","COMPUTER SCIENCE"
369767,"076","","Dynamic Physical Therapy Services","EXERCISE SCIENCE"
369779,"039","technical wrtiter","Kennedy International Software, Inc.","COMPUTER SCIENCE AND ENGINEERING"
369966,"039","","GENISYS TECHNOLOGIES INC","INFORMATIONT ECHNOLOGY EQUIVALENCY TO US MASTERS DEGREE IN INFORMATION TECHNOLOGY"
370208,"030","test engineer","OMA4 LLC","COMPUTER SCIENCE & ENGINEERING"
370303,"030","technical analyst 2","Tek Ninjas Solutions, LLC.","ELECTRONICS AND COMMUNICATION ENGINEERING"
370392,"030","","Goldman Sachs Services LLC","COMPUTER SCIENCE AND ENGINEERING"
371048,"030","","SA FORCE IT","MASTER OF COMPUTER APPLICATION"
371055,"030","","MPR Systems","INFORMATION SCIENCE & ENGINEERING EDUCATIONAL EVALUATION IS ATTACHED"
371088,"169","licensing product development coordinator","Culturefly LLC","BUSINESS OF FASHION"
371229,"030","","Amazon Data Services, Inc.","DATA SCIENCE"
371247,"039","","Dolphin Solutions Inc.","COMPUTER APPLICATIONS"
371261,"030","","Teknoz Software Solutions LLC","BUSINESS ADMINISTRATION"
371385,"039","data engineer","VOLECE IT GROUP LLC","DATA ANALYTICS ENGINEERING"
371417,"020","","DB USA Core Corporation","BUSINESS ANALYTICS"
371714,"030","","PISTOS IT SERVICES LLC","COMPUTER SCIENCE ENGINEERING BACHELOR OF TECHNOLOGY"
372098,"030","","International Technology Solutions, Inc.","ELECTRONICS"
372486,"030","","N-ALGO SOLUTIONS LLC","ELECTRONICS AND COMMUNICATION ENGINEERING"
372905,"030","","Lasai Technologies LLC","COMPUTER SCIENCE"
372921,"007","","Volvo Car Technology USA LLC","MECH ENGRG"
373040,"184","communication director","Ovations Global Network Inc","COMMUNICATIONS"
373135,"030","","Ashley Tech Solutions INC","COMPUTER APPLICATIONS"
373823,"033","","Cognizant Technology Solutions US Corp","ELECTRONICS ENGINEERING"
373939,"030","system analyst","MICROTEK SYSTEMS INC","SCIENCE"
374066,"160","","SanctityInternational LLC","MASTERS IN ACCOUNTS"
374141,"039","","PROPEL INFOTECH INC","MASTERS OF TECHNOLOGY"
374247,"030","","Worklance, Inc","COMPUTER SCIENCE"
374265,"199","","Epay World LLC","ACCOUNTING"
374408,"030","","CapstoneUSA LLC","MANAGEMENT INFORMATION SYSTEMS"
374438,"030","","SV Infotech Group Inc","ELECTRONICS AND COMMUNICATION ENGINEERING"
374726,"030","","BYTEQUEST LOGICS INC.","MSC IN FINANCE AND FINANCIAL INFORMATION SYSTEMS"
374727,"030","consultant pro svcs","Saviynt, Inc.","INFO TECH MGMT"
374734,"030","","SM INTERFACE SYSTEMS LLC","BACHELORS IN ELECTRICAL AND ELECTRONICS"
374805,"030","","Wal-Mart Associates, Inc.","COMPUTER SCIENCE"
