"DOT_category","dot_title_norm","SOC","soc_title_norm"
"001","architect","17-1011.00","architects except landscape and naval"
"001","architect marine","17-2121.00","marine engineers and naval architects"
"001","landscape architect","17-1012.00","landscape architects"
"001","drafter architectural","17-3011.00","architectural and civil drafters"
"002","aerodynamicist","17-2011.00","aerospace engineers"
"002","sales engineer aeronautical products","41-9031.00","sales engineers"
"002","drafter aeronautical","17-3013.00","mechanical drafters"
"002","research mechanic","17-3021.00","aerospace engineering and operations technologists and technicians"
"003","electrical engineer","17-2071.00","electrical engineers"
"003","electrical engineer","17-3023.00","electrical and electronic engineering technologists and technicians"
"003","electronics engineer","17-2061.00","computer hardware engineers"
"003","electronics engineer","17-2072.00","electronics engineers except computer"
"003","supervisor drafting and printed circuit design","17-3012.00","electrical and electronics drafters"
"003","sales engineer electrical products","41-4011.07","solar sales representatives and assessors"
"003","sales engineer electrical products","41-9031.00","sales engineers"
"003","electrical engineer power system","17-2199.10","wind energy engineers"
"003","engineer in charge transmitter","11-9041.00","architectural and engineering managers"
"003","controls designer","17-2199.08","robotics engineers"
"003","controls designer","17-3013.00","mechanical drafters"
"005","airport engineer","17-2051.00","civil engineers"
"005","transportation engineer","17-2051.01","transportation engineers"
"005","waste management engineer radioactive materials","17-2161.00","nuclear engineers"
"005","chief engineer waterworks","11-9041.00","architectural and engineering managers"
"005","chief engineer waterworks","17-2051.02","water wastewater engineers"
"005","civil engineering technician","17-3022.00","civil engineering technologists and technicians"
"005","drafter civil","17-3011.00","architectural and civil drafters"
"006","ceramic design engineer","17-2131.00","materials engineers"
"006","sales engineer ceramic products","41-9031.00","sales engineers"
"006","scientific glass blower","51-9195.04","glass blowers molders benders and finishers"
"007","automotive engineer","17-2141.01","fuel cell engineers"
"007","automotive engineer","17-2141.02","automotive engineers"
"007","mechanical engineer","17-2141.00","mechanical engineers"
"007","mechanical engineer","17-2199.08","robotics engineers"
"007","mechanical engineer","17-3024.00","electro mechanical and mechatronics technologists and technicians"
"007","mechanical engineer","17-3027.00","mechanical engineering technologists and technicians"
"007","applications engineer manufacturing","17-2199.05","mechatronics engineers"
"007","sales engineer mechanical equipment","41-9031.00","sales engineers"
"007","die designer","17-3013.00","mechanical drafters"
"007","solar energy systems designer","17-2199.11","solar energy systems engineers"
"007","plant engineer","11-9041.00","architectural and engineering managers"
"007","tool programmer numerical control","51-9162.00","computer numerically controlled tool programmers"
"007","chief drafter","17-3019.00","drafters all other"
"008","absorption and adsorption engineer","17-2041.00","chemical engineers"
"008","chemical engineer","17-2031.00","bioengineers and biomedical engineers"
"008","chemical equipment sales engineer","41-9031.00","sales engineers"
"008","technical director chemical plant","11-9121.00","natural sciences managers"
"008","chemical engineering technician","19-4031.00","chemical technicians"
"010","design engineer mining and oil field equipment","17-2151.00","mining and geological engineers including mining safety engineers"
"010","design engineer mining and oil field equipment","17-2171.00","petroleum engineers"
"010","well logging captain mud analysis","19-4043.00","geological technicians except hydrologic technicians"
"010","sales engineer mining and oil well equipment and services","41-9031.00","sales engineers"
"010","chief petroleum engineer","11-9041.00","architectural and engineering managers"
"010","drafter directional survey","17-3011.00","architectural and civil drafters"
"011","foundry metallurgist","17-2131.00","materials engineers"
"011","supervisor metallurgical and quality control testing","17-2112.00","industrial engineers"
"011","metallurgical technician","17-3028.00","calibration technologists and technicians"
"011","metallurgical technician","17-3029.00","engineering technologists and technicians except drafters all other"
"011","nondestructive tester","17-3029.01","non destructive testing specialists"
"012","product safety engineer","17-2111.00","health and safety engineers except mining safety engineers and inspectors"
"012","standards engineer","17-2112.00","industrial engineers"
"012","fire prevention research engineer","17-2111.02","fire prevention and protection engineers"
"012","industrial engineer","17-3026.00","industrial engineering technologists and technicians"
"012","manufacturing engineer","17-2112.03","manufacturing engineers"
"012","quality control engineer","17-2112.02","validation engineers"
"012","air analyst","17-3025.00","environmental engineering technologists and technicians"
"012","air analyst","19-4042.00","environmental science and protection technicians including health"
"012","quality control technician","19-4099.01","quality control analysts"
"013","agricultural engineer","17-2021.00","agricultural engineers"
"013","sales engineer agricultural equipment","41-9031.00","sales engineers"
"013","agricultural engineering technician","17-3028.00","calibration technologists and technicians"
"013","agricultural engineering technician","17-3029.00","engineering technologists and technicians except drafters all other"
"014","design engineer marine equipment","17-2121.00","marine engineers and naval architects"
"014","sales engineer marine equipment","41-9031.00","sales engineers"
"014","drafter marine","17-3011.00","architectural and civil drafters"
"015","health physicist","19-2012.00","physicists"
"015","design engineer nuclear equipment","17-2161.00","nuclear engineers"
"015","sales engineer nuclear equipment","41-9031.00","sales engineers"
"015","chemical radiation technician","19-4051.02","nuclear monitoring technicians"
"015","accelerator operator","19-4051.00","nuclear technicians"
"017","drafter chief design","17-3019.00","drafters all other"
"017","auto design checker","17-3027.01","automotive engineering technicians"
"017","design drafter electromechanisms","17-3012.00","electrical and electronics drafters"
"017","detailer","17-3013.00","mechanical drafters"
"017","drafter commercial","17-3011.00","architectural and civil drafters"
"017","taper printed circuit layout","51-9161.00","computer numerically controlled tool operators"
"017","taper printed circuit layout","51-9162.00","computer numerically controlled tool programmers"
"017","taper printed circuit layout","51-9199.00","production workers all other"
"018","supervisor cartography","17-1021.00","cartographers and photogrammetrists"
"018","surveyor mine","17-1022.00","surveyors"
"018","chief of party","17-3031.00","surveying and mapping technicians"
"018","manager land surveying","11-9041.00","architectural and engineering managers"
"018","photogrammetric engineer","19-2099.01","remote sensing scientists and technologists"
"018","surveyor geodetic","17-1022.01","geodetic surveyors"
"019","biomedical engineer","17-2031.00","bioengineers and biomedical engineers"
"019","biomedical engineer","17-2199.00","engineers all other"
"019","materials engineer","17-2131.00","materials engineers"
"019","geographic information system specialist","13-1082.00","project management specialists"
"019","geographic information system specialist","15-1255.00","web and digital interface designers"
"019","geographic information system specialist","15-1299.00","computer occupations all other"
"019","geographic information system specialist","15-1299.02","geographic information systems technologists and technicians"
"019","pollution control engineer","17-2081.00","environmental engineers"
"019","supervisor estimator and drafter","17-3012.00","electrical and electronics drafters"
"019","test technician","51-4041.00","machinists"
"019","logistics engineer","13-1081.01","logistics engineers"
"019","project engineer","11-9041.00","architectural and engineering managers"
"019","project engineer","11-9041.01","biofuels biodiesel technology and product development managers"
"019","resource recovery engineer","17-2051.00","civil engineers"
"019","biomedical equipment technician","49-9062.00","medical equipment repairers"
"019","facility planner","17-3022.00","civil engineering technologists and technicians"
"019","test technician","17-3028.00","calibration technologists and technicians"
"019","test technician","17-3029.00","engineering technologists and technicians except drafters all other"
"019","laboratory technician","19-4031.00","chemical technicians"
"019","laser technician","17-3029.08","photonics technicians"
"019","specification writer","27-3042.00","technical writers"
"019","calibration laboratory technician","17-3023.00","electrical and electronic engineering technologists and technicians"
"020","mathematician","13-2099.01","financial quantitative analysts"
"020","mathematician","15-2021.00","mathematicians"
"020","mathematician","19-1029.01","bioinformatics scientists"
"020","operations research analyst","15-2031.00","operations research analysts"
"020","statistician mathematical","15-2041.00","statisticians"
"020","mathematical technician","15-2099.00","mathematical science occupations all other"
"020","mathematical technician","15-2099.01","bioinformatics technicians"
"020","actuary","15-2011.00","actuaries"
"020","statistician applied","15-2041.01","biostatisticians"
"021","astronomer","19-2011.00","astronomers"
"022","chemist","19-2031.00","chemists"
"022","toxicologist","19-1021.00","biochemists and biophysicists"
"022","chemical laboratory chief","11-9121.00","natural sciences managers"
"022","colorist","19-4044.00","hydrologic technicians"
"022","colorist","19-4099.00","life physical and social science technicians all other"
"022","perfumer","19-4031.00","chemical technicians"
"022","malt specifications control assistant","19-4013.00","food science technicians"
"022","chemist instrumentation","19-4042.00","environmental science and protection technicians including health"
"023","electro optical engineer","17-2199.07","photonics engineers"
"023","electro optical engineer","19-2012.00","physicists"
"024","crystallographer","19-2042.00","geoscientists except hydrologists and geographers"
"024","geodesist","17-1022.00","surveyors"
"024","geophysicist","19-2043.00","hydrologists"
"024","geological aide","19-4043.00","geological technicians except hydrologic technicians"
"024","paleontological helper","19-4044.00","hydrologic technicians"
"024","paleontological helper","19-4099.00","life physical and social science technicians all other"
"025","meteorologist","19-2021.00","atmospheric and space scientists"
"025","hydrographer","19-4044.00","hydrologic technicians"
"025","hydrographer","19-4099.00","life physical and social science technicians all other"
"029","geographer","19-3092.00","geographers"
"029","environmental analyst","17-2081.00","environmental engineers"
"029","environmental analyst","19-2041.00","environmental scientists and specialists including health"
"029","materials scientist","19-2032.00","materials scientists"
"029","aerial photograph interpreter","17-3031.00","surveying and mapping technicians"
"029","project manager environmental research","11-9121.00","natural sciences managers"
"029","laboratory tester","19-4031.00","chemical technicians"
"029","pollution control technician","17-3025.00","environmental engineering technologists and technicians"
"029","pollution control technician","19-4042.00","environmental science and protection technicians including health"
"029","test engine operator","19-4043.00","geological technicians except hydrologic technicians"
"029","criminalist","19-4092.00","forensic science technicians"
"029","photo optics technician","27-4021.00","photographers"
"029","bottle house quality control technician","19-4013.00","food science technicians"
"029","pilot submersible","19-4044.00","hydrologic technicians"
"029","pilot submersible","19-4099.00","life physical and social science technicians all other"
"030","software engineer","15-1221.00","computer and information research scientists"
"030","software engineer","15-1252.00","software developers"
"030","software engineer","15-1253.00","software quality assurance analysts and testers"
"030","computer programmer","15-1251.00","computer programmers"
"030","computer programmer","15-1254.00","web developers"
"030","computer programmer","15-1255.00","web and digital interface designers"
"030","computer programmer","15-1255.01","video game designers"
"030","computer programmer","15-1299.01","web administrators"
"030","programmer analyst","15-1211.00","computer systems analysts"
"031","supervisor network control operators","15-1232.00","computer user support specialists"
"031","telecommunications specialist","15-1241.01","telecommunications engineering specialists"
"031","data communications analyst","15-1231.00","computer network support specialists"
"031","data communications analyst","15-1241.00","computer network architects"
"032","user support analyst supervisor","15-1232.00","computer user support specialists"
"033","computer security coordinator","15-1212.00","information security analysts"
"033","technical support specialist","15-1232.00","computer user support specialists"
"033","computer systems hardware analyst","13-1082.00","project management specialists"
"033","computer systems hardware analyst","15-1255.00","web and digital interface designers"
"033","computer systems hardware analyst","15-1299.00","computer occupations all other"
"033","computer systems hardware analyst","15-1299.08","computer systems engineers architects"
"033","quality assurance analyst","15-1253.00","software quality assurance analysts and testers"
"039","data base administrator","15-1242.00","database administrators"
"039","data base administrator","15-1243.00","database architects"
"039","microcomputer support specialist","15-1232.00","computer user support specialists"
"040","agronomist","19-1013.00","soil and plant scientists"
"040","animal scientist","19-1011.00","animal scientists"
"040","dairy technologist","19-4021.00","biological technicians"
"040","forest ecologist","19-1032.00","foresters"
"040","range manager","19-1031.02","range managers"
"040","soil conservationist","19-1031.00","conservation scientists"
"040","wood technologist","19-2099.00","physical scientists all other"
"040","soil conservation technician","19-4071.00","forest and conservation technicians"
"040","seed analyst","19-4012.00","agricultural technicians"
"041","anatomist","19-1042.00","medical scientists except epidemiologists"
"041","animal breeder","19-1011.00","animal scientists"
"041","apiculturist","19-1013.00","soil and plant scientists"
"041","aquatic biologist","19-1029.04","biologists"
"041","biochemist","19-1021.00","biochemists and biophysicists"
"041","biologist","19-1029.02","molecular and cellular biologists"
"041","geneticist","19-1029.03","geneticists"
"041","histopathologist","19-1041.00","epidemiologists"
"041","histopathologist","29-1222.00","physicians pathologists"
"041","microbiologist","19-1022.00","microbiologists"
"041","zoologist","19-1023.00","zoologists and wildlife biologists"
"041","food technologist","19-1012.00","food scientists and technologists"
"041","public health microbiologist","19-1099.00","life scientists all other"
"041","biology specimen technician","19-4021.00","biological technicians"
"045","psychologist developmental","19-3033.00","clinical and counseling psychologists"
"045","psychologist engineering","17-2112.01","human factors engineers and ergonomists"
"045","psychologist engineering","19-3032.00","industrial organizational psychologists"
"045","psychologist educational","19-3034.00","school psychologists"
"045","psychologist social","19-3039.00","psychologists all other"
"045","counselor","21-1012.00","educational guidance and career counselors and advisors"
"045","vocational rehabilitation counselor","21-1015.00","rehabilitation counselors"
"045","counselor marriage and family","21-1013.00","marriage and family therapists"
"045","substance abuse counselor","21-1011.00","substance abuse and behavioral disorder counselors"
"049","park naturalist","19-1031.03","park naturalists"
"049","feed research aide","19-4012.00","agricultural technicians"
"049","feed research aide","19-4021.00","biological technicians"
"049","vector control assistant","19-4044.00","hydrologic technicians"
"049","vector control assistant","19-4099.00","life physical and social science technicians all other"
"050","economist","19-3011.00","economists"
"050","economist","19-3011.01","environmental economists"
"050","market research analyst i","11-2011.00","advertising and promotions managers"
"050","market research analyst i","13-1161.00","market research analysts and marketing specialists"
"050","director employment research and planning","11-1011.00","chief executives"
"051","political scientist","19-3094.00","political scientists"
"052","biographer","27-3043.05","poets lyricists and creative writers"
"052","director state historical society","19-3093.00","historians"
"054","research worker social welfare","19-3041.00","sociologists"
"055","anthropologist","19-3091.00","anthropologists and archeologists"
"055","conservator artifacts","25-4013.00","museum technicians and conservators"
"059","philologist","19-3099.00","social scientists and related workers all other"
"059","intelligence specialist","33-3021.06","intelligence analysts"
"070","pathologist","29-1222.00","physicians pathologists"
"070","anesthesiologist","29-1211.00","anesthesiologists"
"070","cardiologist","29-1212.00","cardiologists"
"070","cardiologist","29-1214.00","emergency medicine physicians"
"070","cardiologist","29-1229.00","physicians all other"
"070","dermatologist","29-1213.00","dermatologists"
"070","general practitioner","29-1215.00","family medicine physicians"
"070","general practitioner","29-1229.02","hospitalists"
"070","general practitioner","29-1229.06","sports medicine physicians"
"070","gynecologist","29-1218.00","obstetricians and gynecologists"
"070","internist","29-1216.00","general internal medicine physicians"
"070","public health physician","29-1229.05","preventive medicine physicians"
"070","neurologist","29-1217.00","neurologists"
"070","ophthalmologist","29-1241.00","ophthalmologists except pediatric"
"070","pediatrician","29-1221.00","pediatricians general"
"070","physiatrist","29-1229.04","physical medicine and rehabilitation physicians"
"070","radiologist","29-1224.00","radiologists"
"070","surgeon","29-1242.00","orthopedic surgeons except pediatric"
"070","surgeon","29-1243.00","pediatric surgeons"
"070","surgeon","29-1249.00","surgeons all other"
"070","urologist","29-1229.03","urologists"
"070","allergist immunologist","29-1229.01","allergists and immunologists"
"070","psychiatrist","29-1223.00","psychiatrists"
"071","osteopathic physician","29-1212.00","cardiologists"
"071","osteopathic physician","29-1214.00","emergency medicine physicians"
"071","osteopathic physician","29-1229.00","physicians all other"
"072","oral pathologist","29-1029.00","dentists all other specialists"
"072","oral pathologist","29-1222.00","physicians pathologists"
"072","dentist","29-1021.00","dentists general"
"072","oral and maxillofacial surgeon","29-1022.00","oral and maxillofacial surgeons"
"072","orthodontist","29-1023.00","orthodontists"
"072","prosthodontist","29-1024.00","prosthodontists"
"072","director dental services","11-9072.00","entertainment and recreation managers except gambling"
"072","director dental services","11-9179.00","personal service managers all other"
"072","director dental services","11-9199.00","managers all other"
"072","director dental services","13-1082.00","project management specialists"
"073","veterinarian laboratory animal care","29-1131.00","veterinarians"
"073","veterinary pathologist","29-1222.00","physicians pathologists"
"074","pharmacist","29-1051.00","pharmacists"
"074","pharmacist assistant","29-2052.00","pharmacy technicians"
"074","pharmacist assistant","31-9095.00","pharmacy aides"
"075","consultant educational state board of nursing","11-9072.00","entertainment and recreation managers except gambling"
"075","consultant educational state board of nursing","11-9179.00","personal service managers all other"
"075","consultant educational state board of nursing","11-9199.00","managers all other"
"075","consultant educational state board of nursing","13-1082.00","project management specialists"
"075","director community health nursing","11-9111.00","medical and health services managers"
"075","director educational community health nursing","11-9039.00","education administrators all other"
"075","director school of nursing","11-9033.00","education administrators postsecondary"
"075","nurse school","29-1141.00","registered nurses"
"075","nurse instructor","25-1072.00","nursing instructors and teachers postsecondary"
"075","instructor psychiatric aide","25-1194.00","career technical education teachers postsecondary"
"075","nurse supervisor community health nursing","29-1141.04","clinical nurse specialists"
"075","nurse practitioner","29-1171.00","nurse practitioners"
"075","nurse midwife","29-1161.00","nurse midwives"
"075","nurse general duty","29-1141.01","acute care nurses"
"075","nurse general duty","29-1141.02","advanced practice psychiatric nurses"
"075","nurse general duty","29-1141.03","critical care nurses"
"075","nurse anesthetist","29-1151.00","nurse anesthetists"
"076","audiologist","29-1181.00","audiologists"
"076","director speech and hearing clinic","29-1127.00","speech language pathologists"
"076","coordinator of rehabilitation services","11-9111.00","medical and health services managers"
"076","coordinator of rehabilitation services","21-1015.00","rehabilitation counselors"
"076","occupational therapist","29-1122.00","occupational therapists"
"076","physical therapist","29-1123.00","physical therapists"
"076","exercise physiologist","29-1129.00","therapists all other"
"076","recreational therapist","29-1125.00","recreational therapists"
"076","physical therapist assistant","31-2021.00","physical therapist assistants"
"076","orientation and mobility therapist for the blind","29-1122.01","low vision therapists orientation and mobility specialists and vision rehabilitation therapists"
"076","respiratory therapist","29-1126.00","respiratory therapists"
"076","occupational therapy assistant","31-2011.00","occupational therapy assistants"
"077","dietitian research","29-1031.00","dietitians and nutritionists"
"077","dietetic technician","29-2051.00","dietetic technicians"
"078","medical technologist teaching supervisor","29-2011.00","medical and clinical laboratory technologists"
"078","chief technologist nuclear medicine","29-1224.00","radiologists"
"078","chief technologist nuclear medicine","29-2033.00","nuclear medicine technologists"
"078","cardiopulmonary technologist chief","29-2031.00","cardiovascular technologists and technicians"
"078","radiologic technologist chief","29-2034.00","radiologic technologists and technicians"
"078","orthotist","29-2091.00","orthotists and prosthetists"
"078","cytogenetic technologist","29-2011.01","cytogenetic technologists"
"078","histotechnologist","29-2011.04","histotechnologists"
"078","histotechnologist","29-2012.01","histology technicians"
"078","pheresis specialist","29-9021.00","health information technologists and medical registrars"
"078","pheresis specialist","29-9093.00","surgical assistants"
"078","pheresis specialist","29-9099.00","healthcare practitioners and technical workers all other"
"078","cytotechnologist","29-2011.02","cytotechnologists"
"078","dental hygienist","29-1292.00","dental hygienists"
"078","radiation therapist","29-1124.00","radiation therapists"
"078","ophthalmic technician","29-2057.00","ophthalmic medical technicians"
"078","audiometrist","29-2036.00","medical dosimetrists"
"078","audiometrist","29-2099.00","health technologists and technicians all other"
"078","electroencephalographic technologist","29-2099.01","neurodiagnostic technologists"
"078","ultrasound technologist","29-2032.00","diagnostic medical sonographers"
"078","specimen processor","29-2012.00","medical and clinical laboratory technicians"
"079","medical physicist","19-1042.00","medical scientists except epidemiologists"
"079","chiropractor","29-1011.00","chiropractors"
"079","doctor naturopathic","29-1299.01","naturopathic physicians"
"079","optometrist","29-1041.00","optometrists"
"079","podiatrist","29-1081.00","podiatrists"
"079","emergency medical services coordinator","11-9111.00","medical and health services managers"
"079","public health educator","21-1091.00","health education specialists"
"079","sanitarian","19-5011.00","occupational health and safety specialists"
"079","inservice coordinator auxiliary personnel","13-1151.00","training and development specialists"
"079","director speech and hearing clinic","29-1181.00","audiologists"
"079","transplant coordinator","29-9021.00","health information technologists and medical registrars"
"079","transplant coordinator","29-9093.00","surgical assistants"
"079","transplant coordinator","29-9099.00","healthcare practitioners and technical workers all other"
"079","hypnotherapist","29-1129.00","therapists all other"
"079","community services and health education officer","11-1011.00","chief executives"
"079","medical record coder","29-2072.00","medical records specialists"
"079","acupuncturist","29-1291.00","acupuncturists"
"079","acupressurist","29-1299.00","healthcare diagnosing or treating practitioners all other"
"079","veterinary technician","29-2056.00","veterinary technologists and technicians"
"079","veterinary technician","31-9096.00","veterinary assistants and laboratory animal caretakers"
"079","dental assistant","31-9091.00","dental assistants"
"079","medical assistant","31-9092.00","medical assistants"
"079","optometric assistant","29-2036.00","medical dosimetrists"
"079","optometric assistant","29-2099.00","health technologists and technicians all other"
"079","physician assistant","29-1071.00","physician assistants"
"079","physician assistant","29-1071.01","anesthesiologist assistants"
"079","phlebotomist","31-9099.00","healthcare support workers all other"
"079","paramedic","29-2042.00","emergency medical technicians"
"079","paramedic","29-2043.00","paramedics"
"079","orthoptist","29-1299.02","orthoptists"
"079","nurse licensed practical","29-2061.00","licensed practical and licensed vocational nurses"
"079","surgical technician","29-2055.00","surgical technologists"
"079","psychiatric technician","29-2053.00","psychiatric technicians"
"090","foreign student adviser","21-1012.00","educational guidance and career counselors and advisors"
"090","academic dean","11-9033.00","education administrators postsecondary"
"090","director extension work","11-9039.00","education administrators all other"
"090","president educational institution","11-1011.00","chief executives"
"090","laboratory manager","11-9072.00","entertainment and recreation managers except gambling"
"090","laboratory manager","11-9179.00","personal service managers all other"
"090","laboratory manager","11-9199.00","managers all other"
"090","laboratory manager","13-1082.00","project management specialists"
"090","instructor business education","25-1011.00","business teachers postsecondary"
"090","faculty member college or university","25-1021.00","computer science teachers postsecondary"
"090","faculty member college or university","25-1022.00","mathematical science teachers postsecondary"
"090","faculty member college or university","25-1031.00","architecture teachers postsecondary"
"090","faculty member college or university","25-1032.00","engineering teachers postsecondary"
"090","faculty member college or university","25-1041.00","agricultural sciences teachers postsecondary"
"090","faculty member college or university","25-1042.00","biological science teachers postsecondary"
"090","faculty member college or university","25-1043.00","forestry and conservation science teachers postsecondary"
"090","faculty member college or university","25-1051.00","atmospheric earth marine and space sciences teachers postsecondary"
"090","faculty member college or university","25-1052.00","chemistry teachers postsecondary"
"090","faculty member college or university","25-1053.00","environmental science teachers postsecondary"
"090","faculty member college or university","25-1054.00","physics teachers postsecondary"
"090","faculty member college or university","25-1061.00","anthropology and archeology teachers postsecondary"
"090","faculty member college or university","25-1062.00","area ethnic and cultural studies teachers postsecondary"
"090","faculty member college or university","25-1063.00","economics teachers postsecondary"
"090","faculty member college or university","25-1064.00","geography teachers postsecondary"
"090","faculty member college or university","25-1065.00","political science teachers postsecondary"
"090","faculty member college or university","25-1066.00","psychology teachers postsecondary"
"090","faculty member college or university","25-1067.00","sociology teachers postsecondary"
"090","faculty member college or university","25-1071.00","health specialties teachers postsecondary"
"090","faculty member college or university","25-1081.00","education teachers postsecondary"
"090","faculty member college or university","25-1082.00","library science teachers postsecondary"
"090","faculty member college or university","25-1111.00","criminal justice and law enforcement teachers postsecondary"
"090","faculty member college or university","25-1112.00","law teachers postsecondary"
"090","faculty member college or university","25-1113.00","social work teachers postsecondary"
"090","faculty member college or university","25-1121.00","art drama and music teachers postsecondary"
"090","faculty member college or university","25-1122.00","communications teachers postsecondary"
"090","faculty member college or university","25-1123.00","english language and literature teachers postsecondary"
"090","faculty member college or university","25-1124.00","foreign language and literature teachers postsecondary"
"090","faculty member college or university","25-1125.00","history teachers postsecondary"
"090","faculty member college or university","25-1126.00","philosophy and religion teachers postsecondary"
"090","faculty member college or university","25-1192.00","family and consumer sciences teachers postsecondary"
"090","faculty member college or university","25-1193.00","recreation and fitness studies teachers postsecondary"
"090","graduate assistant","25-9044.00","teaching assistants postsecondary"
"090","instructor extension work","25-3031.00","substitute teachers short term"
"090","instructor extension work","25-3099.00","teachers and instructors all other"
"091","assistant principal","11-9032.00","education administrators kindergarten through secondary"
"091","teacher industrial arts","25-2023.00","career technical education teachers middle school"
"091","teacher industrial arts","25-2032.00","career technical education teachers secondary school"
"091","teacher secondary school","25-2022.00","middle school teachers except special and career technical education"
"091","teacher secondary school","25-2031.00","secondary school teachers except special and career technical education"
"092","director day care center","11-9031.00","education and childcare administrators preschool and daycare"
"092","teacher elementary school","25-2021.00","elementary school teachers except special education"
"092","teacher kindergarten","25-2012.00","kindergarten teachers except special education"
"092","teacher preschool","25-2011.00","preschool teachers except special education"
"094","work study coordinator special education","25-2058.00","special education teachers secondary school"
"094","director commission for the blind","11-9032.00","education administrators kindergarten through secondary"
"094","vocational rehabilitation consultant","21-1015.00","rehabilitation counselors"
"094","supervisor special education","25-9031.00","instructional coordinators"
"094","director special education","11-9031.00","education and childcare administrators preschool and daycare"
"094","teacher hearing impaired","25-2051.00","special education teachers preschool"
"094","teacher hearing impaired","25-2055.00","special education teachers kindergarten"
"094","teacher hearing impaired","25-2056.00","special education teachers elementary school"
"094","teacher hearing impaired","25-2057.00","special education teachers middle school"
"094","employment training specialist","21-1012.00","educational guidance and career counselors and advisors"
"096","county home demonstration agent","25-9021.00","farm and home management educators"
"096","home economist","25-1192.00","family and consumer sciences teachers postsecondary"
"096","home service director","11-9072.00","entertainment and recreation managers except gambling"
"096","home service director","11-9179.00","personal service managers all other"
"096","home service director","11-9199.00","managers all other"
"096","home service director","13-1082.00","project management specialists"
"097","director vocational training","11-9031.00","education and childcare administrators preschool and daycare"
"097","director vocational training","11-9032.00","education administrators kindergarten through secondary"
"097","instructor vocational training","25-1194.00","career technical education teachers postsecondary"
"097","instructor flying ii","25-3021.00","self enrichment teachers"
"099","director educational program","11-9031.00","education and childcare administrators preschool and daycare"
"099","director educational program","11-9032.00","education administrators kindergarten through secondary"
"099","education supervisor correctional institution","11-9039.00","education administrators all other"
"099","superintendent schools","11-1011.00","chief executives"
"099","supervisor education","25-9031.00","instructional coordinators"
"099","certification and selection specialist","13-1071.00","human resources specialists"
"099","educational resource coordinator","25-4012.00","curators"
"099","instructor driving","25-3021.00","self enrichment teachers"
"099","instructor physical education","25-1193.00","recreation and fitness studies teachers postsecondary"
"099","instructor physical education","25-2022.00","middle school teachers except special and career technical education"
"099","instructor physical education","25-2031.00","secondary school teachers except special and career technical education"
"099","instructor physical education","25-2059.01","adapted physical education specialists"
"099","instructor physical education","39-9031.00","exercise trainers and group fitness instructors"
"099","children s tutor","39-9011.00","childcare workers"
"099","instructor correspondence school","25-1194.00","career technical education teachers postsecondary"
"099","teacher adult education","25-3011.00","adult basic education adult secondary education and english as a second language instructors"
"099","tutor","25-3041.00","tutors"
"099","teacher resource","25-2051.00","special education teachers preschool"
"099","teacher resource","25-2055.00","special education teachers kindergarten"
"099","teacher resource","25-2056.00","special education teachers elementary school"
"099","teacher resource","25-2057.00","special education teachers middle school"
"099","teacher resource","25-2058.00","special education teachers secondary school"
"099","teacher aide i","25-9042.00","teaching assistants preschool elementary middle and secondary school except special education"
"099","teacher aide i","25-9043.00","teaching assistants special education"
"099","teacher aide i","25-9049.00","teaching assistants all other"
"100","library director","25-4022.00","librarians and media collections specialists"
"100","library consultant","13-1082.00","project management specialists"
"100","library consultant","13-1199.00","business operations specialists all other"
"100","bibliographer","25-4031.00","library technicians"
"101","archivist","25-4011.00","archivists"
"102","curator","25-4012.00","curators"
"102","art conservator","25-4013.00","museum technicians and conservators"
"102","paintings restorer","27-1013.00","fine artists including painters sculptors and illustrators"
"109","information scientist","15-1211.00","computer systems analysts"
"109","research associate","25-4012.00","curators"
"109","shelving supervisor","43-1011.00","first line supervisors of office and administrative support workers"
"109","research assistant i","25-4013.00","museum technicians and conservators"
"109","research worker encyclopedia","25-9099.00","educational instruction and library workers all other"
"109","museum attendant","39-7011.00","tour guides and escorts"
"110","lawyer","23-1011.00","lawyers"
"110","bar examiner","13-1082.00","project management specialists"
"110","bar examiner","13-1199.00","business operations specialists all other"
"111","judge","23-1023.00","judges magistrate judges and magistrates"
"119","hearing officer","23-1021.00","administrative law judges adjudicators and hearing officers"
"119","patent agent","23-2011.00","paralegals and legal assistants"
"119","title supervisor","23-2093.00","title examiners abstractors and searchers"
"119","contract clerk","23-2099.00","legal support workers all other"
"120","clergy member","21-2011.00","clergy"
"129","cantor","21-2099.00","religious workers all other"
"129","director of religious activities","21-2021.00","directors religious activities and education"
"131","columnist commentator","27-3023.00","news analysts reporters and journalists"
"131","columnist commentator","27-3043.05","poets lyricists and creative writers"
"131","copy writer","27-3043.00","writers and authors"
"131","reader","27-3099.00","media and communication workers all other"
"131","script reader","27-3041.00","editors"
"131","writer technical publications","27-3042.00","technical writers"
"132","editor managing newspaper","27-3041.00","editors"
"132","editor technical and scientific publications","27-3042.00","technical writers"
"137","director translation","11-1011.00","chief executives"
"137","interpreter","27-3091.00","interpreters and translators"
"139","crossword puzzle maker","27-3043.05","poets lyricists and creative writers"
"139","program coordinator","27-2012.00","producers and directors"
"141","art director","27-1011.00","art directors"
"141","color expert","27-1025.00","interior designers"
"141","cartoonist","27-1013.00","fine artists including painters sculptors and illustrators"
"141","graphic designer","27-1024.00","graphic designers"
"141","commercial designer","27-1021.00","commercial and industrial designers"
"141","cartoonist motion pictures","27-1014.00","special effects artists and animators"
"142","manager display","27-1026.00","merchandise displayers and window trimmers"
"142","display designer","27-1027.00","set and exhibit designers"
"142","interior designer","27-1025.00","interior designers"
"142","bank note designer","27-1021.00","commercial and industrial designers"
"142","fashion designer","27-1022.00","fashion designers"
"142","stained glass artist","27-1012.00","craft artists"
"142","floral designer","27-1023.00","floral designers"
"143","director of photography","27-4031.00","camera operators television video and film"
"143","photographer aerial","27-4021.00","photographers"
"143","photographer","39-4012.00","crematory operators"
"143","photographer","39-9099.00","personal care and service workers all other"
"144","painter","27-1013.00","fine artists including painters sculptors and illustrators"
"149","teacher art","25-3021.00","self enrichment teachers"
"149","supervisor scenic arts","27-1027.00","set and exhibit designers"
"149","quick sketch artist","27-1013.00","fine artists including painters sculptors and illustrators"
"149","audiovisual production specialist","25-4022.00","librarians and media collections specialists"
"149","furniture reproducer","51-7099.00","woodworkers all other"
"150","dramatic coach","27-2012.00","producers and directors"
"150","teacher drama","25-3021.00","self enrichment teachers"
"150","actor","27-2011.00","actors"
"151","choreographer","27-2032.00","choreographers"
"151","instructor dancing","25-3021.00","self enrichment teachers"
"151","dancer","27-2031.00","dancers"
"152","teacher music","25-3021.00","self enrichment teachers"
"152","musician instrumental","27-2042.00","musicians and singers"
"152","choral director","27-2041.00","music directors and composers"
"152","cue selector","13-1082.00","project management specialists"
"152","cue selector","13-1199.00","business operations specialists all other"
"152","prompter","27-2091.00","disc jockeys except radio"
"152","prompter","27-2099.00","entertainers and performers sports and related workers all other"
"153","head coach","27-2022.00","coaches and scouts"
"153","manager athlete","13-1011.00","agents and business managers of artists performers and athletes"
"153","steward racetrack","27-2023.00","umpires referees and other sports officials"
"153","manager pool","11-9072.00","entertainment and recreation managers except gambling"
"153","manager pool","11-9179.00","personal service managers all other"
"153","manager pool","11-9199.00","managers all other"
"153","manager pool","13-1082.00","project management specialists"
"153","athletic trainer","29-9091.00","athletic trainers"
"153","instructor physical","39-9031.00","exercise trainers and group fitness instructors"
"153","automobile racer","27-2021.00","athletes and sports competitors"
"153","exerciser horse","39-2021.00","animal caretakers"
"159","magician","27-2011.00","actors"
"159","laserist","27-4011.00","audio and video technicians"
"159","director motion picture","27-2012.00","producers and directors"
"159","counselor camp","39-9032.00","recreation workers"
"159","announcer","27-3011.00","broadcast announcers and radio disc jockeys"
"159","artist and repertoire manager","27-2012.04","talent directors"
"159","executive producer promos","11-2011.00","advertising and promotions managers"
"159","astrologer","27-2091.00","disc jockeys except radio"
"159","astrologer","27-2099.00","entertainers and performers sports and related workers all other"
"159","animal trainer","39-2011.00","animal trainers"
"159","instructor bridge","25-3021.00","self enrichment teachers"
"159","equestrian","27-2021.00","athletes and sports competitors"
"159","announcer","27-3099.00","media and communication workers all other"
"160","accountant tax","13-2011.00","accountants and auditors"
"160","chief bank examiner","13-2061.00","financial examiners"
"160","revenue agent","13-2081.00","tax examiners and collectors and revenue agents"
"160","controller","11-3031.01","treasurers and controllers"
"160","credit counselor","13-2052.00","personal financial advisors"
"160","credit counselor","13-2072.00","loan officers"
"160","credit analyst","13-2041.00","credit analysts"
"160","investment analyst","13-2051.00","financial and investment analysts"
"160","investment analyst","13-2054.00","financial risk specialists"
"161","budget officer","13-2031.00","budget analysts"
"161","director records management","13-1111.00","management analysts"
"161","director records management","15-1299.03","document management specialists"
"161","treasurer","11-3031.01","treasurers and controllers"
"162","christmas tree contractor","13-1021.00","buyers and purchasing agents farm products"
"162","contract administrator","11-3061.00","purchasing managers"
"162","contract specialist","13-1023.00","purchasing agents except wholesale retail and farm products"
"162","research contracts supervisor","11-9041.00","architectural and engineering managers"
"162","media buyer","11-2021.00","marketing managers"
"162","broker and market operator grain","41-3031.00","securities commodities and financial services sales agents"
"162","buyer","13-1022.00","wholesale and retail buyers except farm products"
"162","commission agent livestock","41-4012.00","sales representatives wholesale and manufacturing except technical and scientific products"
"162","prize coordinator","43-9061.00","office clerks general"
"162","purchase price analyst","13-1082.00","project management specialists"
"162","purchase price analyst","13-1199.00","business operations specialists all other"
"162","title clerk","23-2093.00","title examiners abstractors and searchers"
"163","manager contracts","13-1023.00","purchasing agents except wholesale retail and farm products"
"163","manager export","11-2022.00","sales managers"
"163","manager promotion","11-2011.00","advertising and promotions managers"
"163","director media marketing","11-2021.00","marketing managers"
"163","director underwriter solicitation","11-2032.00","public relations managers"
"163","director underwriter solicitation","11-2033.00","fundraising managers"
"163","manager circulation","41-1012.00","first line supervisors of non retail sales workers"
"163","property disposal officer","11-3012.00","administrative services managers"
"163","property disposal officer","11-3013.00","facilities managers"
"164","manager advertising","11-2011.00","advertising and promotions managers"
"164","media planner","11-2021.00","marketing managers"
"165","lobbyist","27-3031.00","public relations specialists"
"165","director fundraising","11-2032.00","public relations managers"
"165","director fundraising","11-2033.00","fundraising managers"
"165","song plugger","41-3091.00","sales representatives of services except advertising insurance financial services and travel"
"166","occupational analyst","13-1141.00","compensation benefits and job analysis specialists"
"166","director industrial relations","11-3121.00","human resources managers"
"166","contestant coordinator","27-2012.04","talent directors"
"166","manager benefits","11-3111.00","compensation and benefits managers"
"166","manager education and training","11-3131.00","training and development managers"
"166","port purser","13-1151.00","training and development specialists"
"166","senior enlisted advisor","13-1071.00","human resources specialists"
"166","special agent","41-1012.00","first line supervisors of non retail sales workers"
"166","instructor technical training","25-1194.00","career technical education teachers postsecondary"
"166","hospital insurance representative","13-1082.00","project management specialists"
"166","hospital insurance representative","13-1199.00","business operations specialists all other"
"166","prisoner classification interviewer","21-1092.00","probation officers and correctional treatment specialists"
"168","coroner","13-1041.06","coroners"
"168","industrial safety and health technician","19-5011.00","occupational health and safety specialists"
"168","customs patrol officer","33-3051.00","police and sheriff s patrol officers"
"168","equal opportunity representative","13-1041.03","equal opportunity representatives and officers"
"168","immigration inspector","33-3051.04","customs and border protection officers"
"168","inspector boiler","47-4011.00","construction and building inspectors"
"168","manager customer service","43-1011.00","first line supervisors of office and administrative support workers"
"168","quality control coordinator","11-9072.00","entertainment and recreation managers except gambling"
"168","quality control coordinator","11-9179.00","personal service managers all other"
"168","quality control coordinator","11-9199.00","managers all other"
"168","quality control coordinator","13-1082.00","project management specialists"
"168","reviewing officer driver s license","13-1041.00","compliance officers"
"168","transportation inspector","53-6051.07","transportation vehicle equipment and systems inspectors except aviation"
"168","manager regulated program","11-1011.00","chief executives"
"168","manager regulated program","11-9199.02","compliance managers"
"168","inspector air carrier","53-6051.01","aviation inspectors"
"168","building inspector","33-2021.00","fire inspectors and investigators"
"168","claim examiner","13-1031.00","claims adjusters examiners and investigators"
"168","dealer compliance representative","13-1199.00","business operations specialists all other"
"168","eligibility and occupancy interviewer","43-4061.00","eligibility interviewers government programs"
"168","inspector government property","13-1041.04","government property inspectors and investigators"
"168","inspector industrial waste","13-1041.01","environmental compliance inspectors"
"168","logging operations inspector","45-4029.00","logging workers all other"
"168","mine inspector","17-2151.00","mining and geological engineers including mining safety engineers"
"168","hazardous waste management specialist","11-9199.11","brownfield redevelopment specialists and site managers"
"168","marine cargo surveyor","53-6051.00","transportation inspectors"
"168","inspector agricultural commodities","45-2011.00","agricultural inspectors"
"168","hazardous waste material technician","47-4099.00","construction and related workers all other"
"168","personnel quality assurance auditor","17-3026.00","industrial engineering technologists and technicians"
"169","arbitrator","13-1075.00","labor relations specialists"
"169","arbitrator","23-1022.00","arbitrators mediators and conciliators"
"169","executive secretary state board of nursing","11-1011.00","chief executives"
"169","grant coordinator","13-1082.00","project management specialists"
"169","grant coordinator","13-1199.00","business operations specialists all other"
"169","meeting planner","13-1121.00","meeting convention and event planners"
"169","civil preparedness training officer","25-3021.00","self enrichment teachers"
"169","administrative assistant","43-6011.00","executive secretaries and executive administrative assistants"
"169","contact representative","43-4061.00","eligibility interviewers government programs"
"169","manager data processing","11-3021.00","computer and information systems managers"
"169","manager office","11-3012.00","administrative services managers"
"169","manager office","11-3013.00","facilities managers"
"169","order department supervisor","41-1012.00","first line supervisors of non retail sales workers"
"169","park ranger","33-3051.00","police and sheriff s patrol officers"
"169","public health registrar","29-2072.00","medical records specialists"
"169","public health registrar","29-9021.00","health information technologists and medical registrars"
"169","special agent group insurance","41-3021.00","insurance sales agents"
"169","tooling coordinator production engineering","17-2112.00","industrial engineers"
"169","coordinator skill training program","13-1151.00","training and development specialists"
"169","director educational programming","27-2012.03","media programming directors"
"169","preventive maintenance coordinator","49-1011.00","first line supervisors of mechanics installers and repairers"
"169","manager credit and collection","11-3031.00","financial managers"
"169","quality assurance coordinator","11-9111.00","medical and health services managers"
"169","gamekeeper","11-9013.00","farmers ranchers and other agricultural managers"
"169","claims adjudicator","23-1021.00","administrative law judges adjudicators and hearing officers"
"169","examiner","13-1041.00","compliance officers"
"169","financial aid counselor","13-2072.00","loan officers"
"169","secretary board of education","11-9072.00","entertainment and recreation managers except gambling"
"169","secretary board of education","11-9179.00","personal service managers all other"
"169","secretary board of education","11-9199.00","managers all other"
"169","supervisor special services","21-1012.00","educational guidance and career counselors and advisors"
"169","research analyst","13-1161.00","market research analysts and marketing specialists"
"169","estimator","13-1051.00","cost estimators"
"169","letter of credit document examiner","13-2054.00","financial risk specialists"
"169","letter of credit document examiner","13-2099.00","financial specialists all other"
"169","underwriter","13-2053.00","insurance underwriters"
"169","admeasurer","53-6051.00","transportation inspectors"
"180","manager christmas tree farm","11-9013.00","farmers ranchers and other agricultural managers"
"180","artificial breeding distributor","41-1012.00","first line supervisors of non retail sales workers"
"180","field supervisor seed production","45-1011.00","first line supervisors of farming fishing and forestry workers"
"180","superintendent","11-3051.00","industrial production managers"
"180","manager aerial planting and cultivation","11-3071.00","transportation storage and distribution managers"
"181","manager bulk plant","11-3071.00","transportation storage and distribution managers"
"181","mine superintendent","11-9021.00","construction managers"
"181","manager field party geophysical prospecting","11-9072.00","entertainment and recreation managers except gambling"
"181","manager field party geophysical prospecting","11-9179.00","personal service managers all other"
"181","manager field party geophysical prospecting","11-9199.00","managers all other"
"181","manager field party geophysical prospecting","13-1082.00","project management specialists"
"182","contractor","11-9021.00","construction managers"
"182","superintendent concrete mixing plant","11-3051.00","industrial production managers"
"182","construction inspector","47-4011.00","construction and building inspectors"
"183","manager branch","11-3051.00","industrial production managers"
"183","service supervisor leased machinery and equipment","11-9072.00","entertainment and recreation managers except gambling"
"183","service supervisor leased machinery and equipment","11-9179.00","personal service managers all other"
"183","service supervisor leased machinery and equipment","11-9199.00","managers all other"
"183","service supervisor leased machinery and equipment","13-1082.00","project management specialists"
"183","superintendent logging","45-1011.00","first line supervisors of farming fishing and forestry workers"
"184","director public service","27-2012.03","media programming directors"
"184","director transportation","11-3071.00","transportation storage and distribution managers"
"184","manager area development","11-9072.00","entertainment and recreation managers except gambling"
"184","manager area development","11-9179.00","personal service managers all other"
"184","manager area development","11-9199.00","managers all other"
"184","manager area development","13-1082.00","project management specialists"
"184","superintendent commissary","11-3061.00","purchasing managers"
"184","manager production","27-2012.05","media technical directors managers"
"184","traffic inspector","53-6051.07","transportation vehicle equipment and systems inspectors except aviation"
"184","director photogrammetry flight operations","17-1022.00","surveyors"
"184","incinerator plant general supervisor","51-1011.00","first line supervisors of production and operating workers"
"184","maintenance supervisor","49-1011.00","first line supervisors of mechanics installers and repairers"
"184","superintendent generating plant","11-3051.02","geothermal production managers"
"184","superintendent generating plant","11-3051.03","biofuels production managers"
"184","superintendent generating plant","11-3051.04","biomass power plant managers"
"184","superintendent generating plant","11-9199.09","wind energy operations managers"
"184","supervisor of way","47-1011.00","first line supervisors of construction trades and extraction workers"
"184","tariff publishing agent","13-1199.00","business operations specialists all other"
"184","train dispatcher","53-4031.00","railroad conductors and yardmasters"
"184","wharfinger","43-3021.00","billing and posting clerks"
"185","manager department store","11-1011.00","chief executives"
"185","manager department store","11-1021.00","general and operations managers"
"185","area supervisor retail chain store","11-2022.00","sales managers"
"185","manager fast food services","11-9051.00","food service managers"
"185","fashion coordinator","11-2021.00","marketing managers"
"185","wholesaler ii","41-1012.00","first line supervisors of non retail sales workers"
"185","service manager","49-1011.00","first line supervisors of mechanics installers and repairers"
"185","commissary manager","41-1011.00","first line supervisors of retail sales workers"
"185","manager distribution warehouse","53-1043.00","first line supervisors of material moving machine and vehicle operators"
"185","manager distribution warehouse","53-1044.00","first line supervisors of passenger attendants"
"185","manager distribution warehouse","53-1049.00","first line supervisors of transportation workers all other"
"185","manager merchandise","11-3061.00","purchasing managers"
"185","manager retail store","13-1199.06","online merchants"
"186","business manager college or university","11-9033.00","education administrators postsecondary"
"186","customs broker","13-1041.08","customs brokers"
"186","deputy insurance commissioner","11-1011.00","chief executives"
"186","general claims agent","11-3071.00","transportation storage and distribution managers"
"186","manager land development","11-9141.00","property real estate and community association managers"
"186","risk and insurance manager","11-3031.00","financial managers"
"186","risk and insurance manager","13-2054.00","financial risk specialists"
"186","treasurer financial institution","11-3031.01","treasurers and controllers"
"186","compliance officer","13-2061.00","financial examiners"
"186","estate planner","41-3021.00","insurance sales agents"
"186","manager insurance office","41-1012.00","first line supervisors of non retail sales workers"
"186","closer","23-2099.00","legal support workers all other"
"186","commercial loan collection officer","13-2072.00","loan officers"
"186","manager title search","11-9072.00","entertainment and recreation managers except gambling"
"186","manager title search","11-9179.00","personal service managers all other"
"186","manager title search","11-9199.00","managers all other"
"186","manager title search","13-1082.00","project management specialists"
"186","bonding agent","33-9021.00","private detectives and investigators"
"186","loan review analyst","13-2041.00","credit analysts"
"187","administrator health care facility","11-9111.00","medical and health services managers"
"187","director institution","11-1011.00","chief executives"
"187","district adviser","11-9151.00","social and community service managers"
"187","executive vice president chamber of commerce","11-9072.00","entertainment and recreation managers except gambling"
"187","executive vice president chamber of commerce","11-9179.00","personal service managers all other"
"187","executive vice president chamber of commerce","11-9199.00","managers all other"
"187","executive vice president chamber of commerce","13-1082.00","project management specialists"
"187","manager hotel or motel","11-9081.00","lodging managers"
"187","public health service officer","19-5011.00","occupational health and safety specialists"
"187","radiology administrator","11-3012.00","administrative services managers"
"187","radiology administrator","11-3013.00","facilities managers"
"187","executive chef","11-9051.00","food service managers"
"187","appliance service supervisor","49-1011.00","first line supervisors of mechanics installers and repairers"
"187","bookmaker","11-9071.00","gambling managers"
"187","director funeral","39-4031.00","morticians undertakers and funeral arrangers"
"187","director nurses registry","13-1199.00","business operations specialists all other"
"187","executive housekeeper","37-1011.00","first line supervisors of housekeeping and janitorial workers"
"187","manager convention","13-1121.00","meeting convention and event planners"
"187","manager dental laboratory","11-3051.00","industrial production managers"
"187","manager employment agency","41-1012.00","first line supervisors of non retail sales workers"
"187","manager storage garage","53-1043.00","first line supervisors of material moving machine and vehicle operators"
"187","manager storage garage","53-1044.00","first line supervisors of passenger attendants"
"187","manager storage garage","53-1049.00","first line supervisors of transportation workers all other"
"187","manager vehicle leasing and rental","11-2022.00","sales managers"
"187","manager world trade and maritime division","11-2021.00","marketing managers"
"187","producer","27-2012.00","producers and directors"
"187","residence supervisor","39-9041.00","residential advisors"
"187","superintendent building","11-9141.00","property real estate and community association managers"
"187","veterans contact representative","21-1012.00","educational guidance and career counselors and advisors"
"187","manager animal shelter","45-1011.00","first line supervisors of farming fishing and forestry workers"
"187","recreation supervisor","39-9032.00","recreation workers"
"188","apprenticeship consultant","11-3131.00","training and development managers"
"188","business enterprise officer","11-1011.00","chief executives"
"188","civil preparedness officer","11-9161.00","emergency management directors"
"188","director merit system","11-3121.00","human resources managers"
"188","property utilization officer","11-9072.00","entertainment and recreation managers except gambling"
"188","property utilization officer","11-9179.00","personal service managers all other"
"188","property utilization officer","11-9199.00","managers all other"
"188","property utilization officer","13-1082.00","project management specialists"
"188","court administrator","11-3012.00","administrative services managers"
"188","court administrator","11-3013.00","facilities managers"
"188","appraiser","13-2023.00","appraisers and assessors of real estate"
"188","director securities and real estate","13-2061.00","financial examiners"
"188","postmaster","11-9131.00","postmasters and mail superintendents"
"188","revenue officer","13-2081.00","tax examiners and collectors and revenue agents"
"188","special agent customs","33-3051.04","customs and border protection officers"
"188","superintendent industries correctional facility","11-3051.00","industrial production managers"
"188","superintendent sanitation","53-1042.01","recycling coordinators"
"188","planner program services","19-3051.00","urban and regional planners"
"189","association executive","11-9072.00","entertainment and recreation managers except gambling"
"189","association executive","11-9179.00","personal service managers all other"
"189","association executive","11-9199.00","managers all other"
"189","association executive","13-1082.00","project management specialists"
"189","director research and development","11-9121.01","clinical research coordinators"
"189","manager customer technical services","11-2022.00","sales managers"
"189","manager industrial organization","11-1021.00","general and operations managers"
"189","president","11-1011.00","chief executives"
"189","vice president","11-1011.03","chief sustainability officers"
"189","director quality assurance","11-3051.01","quality control systems managers"
"189","consultant","13-1199.00","business operations specialists all other"
"189","director service","11-3012.00","administrative services managers"
"189","director service","11-3013.00","facilities managers"
"189","security officer","11-3013.01","security managers"
"189","superintendent ammunition storage","11-3071.00","transportation storage and distribution managers"
"189","superintendent labor utilization","53-1042.00","first line supervisors of helpers laborers and material movers hand"
"189","superintendent maintenance","49-1011.00","first line supervisors of mechanics installers and repairers"
"189","security consultant","13-1199.07","security management specialists"
"189","field representative","21-1021.00","child family and school social workers"
"191","artist s manager","13-1011.00","agents and business managers of artists performers and athletes"
"191","lease buyer","13-1082.00","project management specialists"
"191","lease buyer","13-1199.00","business operations specialists all other"
"191","right of way supervisor","11-9141.00","property real estate and community association managers"
"191","pawnbroker","41-9099.00","sales and related workers all other"
"191","claim agent","13-1031.00","claims adjusters examiners and investigators"
"191","service representative","43-4051.00","customer service representatives"
"191","appraiser real estate","13-2023.00","appraisers and assessors of real estate"
"191","appraiser art","27-1019.00","artists and related workers all other"
"191","personal property assessor","43-3021.00","billing and posting clerks"
"193","air traffic coordinator","53-2021.00","air traffic controllers"
"193","airline radio operator chief","43-2099.00","communications equipment operators all other"
"193","field supervisor broadcast","27-4012.00","broadcast technicians"
"193","superintendent radio communications","11-9072.00","entertainment and recreation managers except gambling"
"193","superintendent radio communications","11-9179.00","personal service managers all other"
"193","superintendent radio communications","11-9199.00","managers all other"
"193","superintendent radio communications","13-1082.00","project management specialists"
"194","television technician","27-4012.00","broadcast technicians"
"194","program director cable television","27-2012.03","media programming directors"
"194","sound controller","27-4011.00","audio and video technicians"
"194","sound mixer","27-4014.00","sound engineering technicians"
"194","section plotter operator","19-4043.00","geological technicians except hydrologic technicians"
"194","quality control inspector","51-9061.00","inspectors testers sorters samplers and weighers"
"195","caseworker","21-1021.00","child family and school social workers"
"195","social worker medical","21-1022.00","healthcare social workers"
"195","social worker psychiatric","21-1023.00","mental health and substance abuse social workers"
"195","correctional treatment specialist","21-1092.00","probation officers and correctional treatment specialists"
"195","bereavement counselor","21-1014.00","mental health counselors"
"195","administrator social welfare","11-9151.00","social and community service managers"
"195","director camp","11-9072.00","entertainment and recreation managers except gambling"
"195","director camp","11-9179.00","personal service managers all other"
"195","director camp","11-9199.00","managers all other"
"195","director camp","13-1082.00","project management specialists"
"195","director recreation center","39-9032.00","recreation workers"
"195","alcohol and drug abuse assistance program administrator","11-1011.00","chief executives"
"195","health services coordinator","13-1199.00","business operations specialists all other"
"195","teacher home therapy","25-2051.00","special education teachers preschool"
"195","teacher home therapy","25-2055.00","special education teachers kindergarten"
"195","teacher home therapy","25-2056.00","special education teachers elementary school"
"195","eligibility worker","43-4061.00","eligibility interviewers government programs"
"195","child support officer","33-3021.00","detectives and criminal investigators"
"195","case aide","21-1093.00","social and human service assistants"
"195","recreation aide","39-3091.00","amusement and recreation attendants"
"196","flight operations inspector","13-1041.00","compliance officers"
"196","supervising airplane pilot","53-6051.01","aviation inspectors"
"196","chief pilot","11-3071.00","transportation storage and distribution managers"
"196","navigator","53-2011.00","airline pilots copilots and flight engineers"
"196","instructor flying i","53-6032.00","aircraft service attendants"
"196","instructor flying i","53-6099.00","transportation workers all other"
"196","airplane pilot","53-2012.00","commercial pilots"
"196","controller remotely piloted vehicle","17-3028.00","calibration technologists and technicians"
"196","controller remotely piloted vehicle","17-3029.00","engineering technologists and technicians except drafters all other"
"197","engineer","53-5031.00","ship engineers"
"197","captain fishing vessel","53-5021.00","captains mates and pilots of water vessels"
"197","purser","13-1082.00","project management specialists"
"197","purser","13-1199.00","business operations specialists all other"
"198","conductor passenger car","53-4031.00","railroad conductors and yardmasters"
"199","radiation monitor","19-4051.02","nuclear monitoring technicians"
"199","radiation monitor","19-5012.00","occupational health and safety technicians"
"199","urban planner","19-3051.00","urban and regional planners"
"199","energy control officer","47-4011.01","energy auditors"
"199","environmental analyst","11-1011.00","chief executives"
"199","proof technician","51-9061.00","inspectors testers sorters samplers and weighers"
"199","dianetic counselor","21-2099.00","religious workers all other"
"199","tester food products","19-4013.00","food science technicians"
"199","taxidermist","27-1012.00","craft artists"
"199","parking analyst","17-3022.00","civil engineering technologists and technicians"
"199","ballistics expert forensic","19-4092.00","forensic science technicians"
"199","cryptanalyst","15-2051.00","data scientists"
"199","cryptanalyst","15-2099.00","mathematical science occupations all other"
"199","examination proctor","43-9061.00","office clerks general"
"199","examiner questioned documents","13-1082.00","project management specialists"
"199","examiner questioned documents","13-1199.00","business operations specialists all other"
"199","polygraph examiner","33-9094.00","school bus monitors"
"199","polygraph examiner","33-9099.00","protective service workers all other"
"199","traffic technician","53-6041.00","traffic technicians"
"199","research assistant ii","11-9072.00","entertainment and recreation managers except gambling"
"199","research assistant ii","11-9179.00","personal service managers all other"
"199","research assistant ii","11-9199.00","managers all other"
"199","graphologist","27-3099.00","media and communication workers all other"
"199","gemologist","51-9071.00","jewelers and precious stone and metal workers"
"199","scientific helper","19-4044.00","hydrologic technicians"
"199","scientific helper","19-4099.00","life physical and social science technicians all other"
"199","television schedule coordinator","43-5061.00","production planning and expediting clerks"
"199","aerospace physiological technician","55-3019.00","military enlisted tactical operations and air weapons specialists and crew members all other"
"201","social secretary","43-6014.00","secretaries and administrative assistants except legal medical and executive"
"201","legal secretary","43-6012.00","legal secretaries and administrative assistants"
"201","medical secretary","43-6013.00","medical secretaries and administrative assistants"
"202","supervisor steno pool","43-1011.00","first line supervisors of office and administrative support workers"
"202","shorthand reporter","27-3092.00","court reporters and simultaneous captioners"
"203","supervisor telegraphic typewriter operators","43-1011.00","first line supervisors of office and administrative support workers"
"203","clerk typist","43-9022.00","word processors and typists"
"203","credit reporting clerk","43-4171.00","receptionists and information clerks"
"203","caption writer","27-3092.00","court reporters and simultaneous captioners"
"203","cancellation clerk","43-9041.00","insurance claims and policy processing clerks"
"203","magnetic tape composer operator","43-9021.00","data entry keyers"
"203","wire transfer clerk","43-2099.00","communications equipment operators all other"
"203","transcribing machine operator","31-9094.00","medical transcriptionists"
"205","supervisor survey workers","43-1011.00","first line supervisors of office and administrative support workers"
"205","civil service clerk","43-4161.00","human resources assistants except payroll and timekeeping"
"205","hospital admitting clerk","43-4111.00","interviewers except eligibility and loan"
"205","customer service representative","43-4141.00","new accounts clerks"
"205","admissions evaluator","43-9061.00","office clerks general"
"205","claims clerk ii","43-9041.00","insurance claims and policy processing clerks"
"205","credit clerk","43-4131.00","loan interviewers and clerks"
"205","license clerk","43-4031.00","court municipal and license clerks"
"205","registrar","43-4171.00","receptionists and information clerks"
"205","rehabilitation clerk","43-4061.00","eligibility interviewers government programs"
"205","supervisor contingents","13-1071.00","human resources specialists"
"206","supervisor files","43-1011.00","first line supervisors of office and administrative support workers"
"206","engineering document control clerk","43-9199.00","office and administrative support workers all other"
"206","file clerk ii","43-4071.00","file clerks"
"206","brand recorder","43-5111.00","weighers measurers checkers and samplers recordkeeping"
"207","chief clerk print shop","43-1011.00","first line supervisors of office and administrative support workers"
"207","duplicating machine operator i","43-9071.00","office machine operators except computer"
"208","terminal makeup operator","51-5111.00","prepress technicians and workers"
"208","mailing machine operator","43-9051.00","mail clerks and mail machine operators except postal service"
"208","embossing machine operator i","43-9199.00","office and administrative support workers all other"
"209","supervisor personnel clerks","43-1011.00","first line supervisors of office and administrative support workers"
"209","circulation clerk","43-9061.00","office clerks general"
"209","credit reference clerk","43-4041.00","credit authorizers checkers and clerks"
"209","personnel clerk","43-4161.00","human resources assistants except payroll and timekeeping"
"209","correspondence clerk","43-4021.00","correspondence clerks"
"209","braille proofreader","43-9081.00","proofreaders and copy markers"
"209","reconsignment clerk","43-5071.00","shipping receiving and inventory clerks"
"209","title searcher","23-2093.00","title examiners abstractors and searchers"
"209","continuity clerk","43-9022.00","word processors and typists"
"209","special certificate dictator","43-9041.00","insurance claims and policy processing clerks"
"209","compiler","43-9111.00","statistical assistants"
"209","contact clerk","43-4151.00","order clerks"
"209","library clerk talking books","43-4121.00","library assistants clerical"
"209","meter reader","43-5041.00","meter readers utilities"
"209","music copyist","51-5112.00","printing press operators"
"209","direct mail clerk","43-9051.00","mail clerks and mail machine operators except postal service"
"209","marker","53-7065.00","stockers and order fillers"
"209","return to factory clerk","43-4051.00","customer service representatives"
"209","sample clerk paper","43-5111.00","weighers measurers checkers and samplers recordkeeping"
"209","mail handler","43-5051.00","postal service clerks"
"209","mail handler","43-5053.00","postal service mail sorters processors and processing machine operators"
"210","supervisor audit clerks","43-1011.00","first line supervisors of office and administrative support workers"
"210","distribution accounting clerk","43-3031.00","bookkeeping accounting and auditing clerks"
"211","teller head","43-1011.00","first line supervisors of office and administrative support workers"
"211","cashier i","43-9199.00","office and administrative support workers all other"
"211","foreign banknote teller trader","43-3071.00","tellers"
"211","paymaster of purses","41-2011.00","cashiers"
"211","automatic teller machine atm servicer","49-9091.00","coin vending and amusement machine servicers and repairers"
"211","cashier gambling","43-3041.00","gambling cage workers"
"211","change person","41-2012.00","gambling change persons and booth cashiers"
"211","food and beverage checker","35-9099.00","food preparation and serving related workers all other"
"213","supervisor computer operations","43-1011.00","first line supervisors of office and administrative support workers"
"213","computer operator","15-1299.00","computer occupations all other"
"214","documentation supervisor","43-1011.00","first line supervisors of office and administrative support workers"
"214","rate analyst freight","43-3021.00","billing and posting clerks"
"214","rate analyst freight","43-5011.01","freight forwarders"
"214","rate clerk passenger","43-4181.00","reservation and transportation ticket agents and travel clerks"
"214","tariff inspector","43-4199.00","information and record clerks all other"
"214","chart calculator","43-9111.00","statistical assistants"
"214","traffic clerk","43-5071.00","shipping receiving and inventory clerks"
"215","crew scheduler chief","43-1011.00","first line supervisors of office and administrative support workers"
"215","car clerk pullman","43-5032.00","dispatchers except police fire and ambulance"
"215","crew scheduler","43-5061.00","production planning and expediting clerks"
"215","flight crew time clerk","43-3051.00","payroll and timekeeping clerks"
"215","caller","43-5021.00","couriers and messengers"
"216","supervisor accounting clerks","43-1011.00","first line supervisors of office and administrative support workers"
"216","collection clerk","43-3031.00","bookkeeping accounting and auditing clerks"
"216","transfer clerk","43-4011.00","brokerage clerks"
"216","cost clerk","43-3021.00","billing and posting clerks"
"216","statistical clerk","43-9111.00","statistical assistants"
"216","booking prizer","43-5111.00","weighers measurers checkers and samplers recordkeeping"
"216","laundry pricing clerk","41-2021.00","counter and rental clerks"
"216","ticket marker","53-7065.00","stockers and order fillers"
"216","booking clerk","43-9199.00","office and administrative support workers all other"
"217","proof machine operator supervisor","43-1011.00","first line supervisors of office and administrative support workers"
"217","proof machine operator","43-3021.00","billing and posting clerks"
"217","proof machine operator","43-9061.00","office clerks general"
"217","currency counter","43-9199.00","office and administrative support workers all other"
"219","supervisor policy change clerks","43-1011.00","first line supervisors of office and administrative support workers"
"219","handicapper harness racing","27-2023.00","umpires referees and other sports officials"
"219","administrative clerk","43-9061.00","office clerks general"
"219","brokerage clerk ii","43-4011.00","brokerage clerks"
"219","extension clerk","43-5061.00","production planning and expediting clerks"
"219","mortgage closing clerk","43-4131.00","loan interviewers and clerks"
"219","policy change clerk","43-9041.00","insurance claims and policy processing clerks"
"219","voucher clerk","43-3021.00","billing and posting clerks"
"219","tax preparer","13-2082.00","tax preparers"
"219","trust operations assistant","43-6014.00","secretaries and administrative assistants except legal medical and executive"
"219","checker dump grounds","43-5111.00","weighers measurers checkers and samplers recordkeeping"
"219","insurance clerk","43-9199.00","office and administrative support workers all other"
"219","merchandise distributor","53-7065.00","stockers and order fillers"
"219","paper control clerk","43-5071.00","shipping receiving and inventory clerks"
"219","canceling and cutting control clerk","43-3031.00","bookkeeping accounting and auditing clerks"
"219","planimeter operator","43-9111.00","statistical assistants"
"219","coupon clerk","43-3071.00","tellers"
"221","chief clerk measurement department","43-1011.00","first line supervisors of office and administrative support workers"
"221","production scheduler paperboard products","43-5061.00","production planning and expediting clerks"
"221","aircraft log clerk","43-9199.00","office and administrative support workers all other"
"221","dispatcher relay","43-5032.00","dispatchers except police fire and ambulance"
"221","industrial order clerk","43-5071.00","shipping receiving and inventory clerks"
"221","sales correspondent","43-4021.00","correspondence clerks"
"221","chart clerk","43-9111.00","statistical assistants"
"221","sample clerk","43-3021.00","billing and posting clerks"
"221","complaint clerk","43-4051.00","customer service representatives"
"221","laundry clerk","43-9061.00","office clerks general"
"221","gin clerk","43-5111.00","weighers measurers checkers and samplers recordkeeping"
"221","odd piece checker","53-7065.00","stockers and order fillers"
"222","film vault supervisor","43-1011.00","first line supervisors of office and administrative support workers"
"222","metal control coordinator","43-5061.00","production planning and expediting clerks"
"222","cargo checker","43-5111.00","weighers measurers checkers and samplers recordkeeping"
"222","cut file clerk","53-7065.00","stockers and order fillers"
"222","express clerk","43-9051.00","mail clerks and mail machine operators except postal service"
"222","film or tape librarian","43-4121.00","library assistants clerical"
"222","floor space allocator","43-9061.00","office clerks general"
"222","petroleum inspector","51-9061.00","inspectors testers sorters samplers and weighers"
"222","truckload checker","43-5071.00","shipping receiving and inventory clerks"
"222","garment sorter","51-9161.00","computer numerically controlled tool operators"
"222","garment sorter","51-9162.00","computer numerically controlled tool programmers"
"222","garment sorter","51-9199.00","production workers all other"
"229","sack department supervisor","43-1011.00","first line supervisors of office and administrative support workers"
"229","parts cataloger","43-9199.00","office and administrative support workers all other"
"229","field recorder","53-7065.00","stockers and order fillers"
"229","material lister","43-5061.00","production planning and expediting clerks"
"229","tank calibrator","43-5111.00","weighers measurers checkers and samplers recordkeeping"
"229","greige goods marker","43-9061.00","office clerks general"
"230","supervisor advertising material distributors","41-1012.00","first line supervisors of non retail sales workers"
"230","supervisor delivery department","43-1011.00","first line supervisors of office and administrative support workers"
"230","rural mail carrier","43-5052.00","postal service mail carriers"
"230","singing messenger","27-2042.00","musicians and singers"
"230","deliverer outside","43-5021.00","couriers and messengers"
"230","telephone directory deliverer","51-9198.00","helpers production workers"
"235","central office operator supervisor","43-1011.00","first line supervisors of office and administrative support workers"
"235","private branch exchange service adviser","25-1194.00","career technical education teachers postsecondary"
"235","radio message router","43-9061.00","office clerks general"
"235","central office operator","43-2021.00","telephone operators"
"235","clerk route","43-2099.00","communications equipment operators all other"
"235","switchboard operator police district","43-2011.00","switchboard operators including answering service"
"235","command and control specialist","55-3015.00","command and control center specialists"
"236","representative personal service","41-3091.00","sales representatives of services except advertising insurance financial services and travel"
"236","telegrapher","43-2099.00","communications equipment operators all other"
"237","supervisor telephone information","43-1011.00","first line supervisors of office and administrative support workers"
"237","information clerk automobile club","43-4171.00","receptionists and information clerks"
"237","call out operator","43-4041.00","credit authorizers checkers and clerks"
"237","land leasing examiner","43-9199.00","office and administrative support workers all other"
"237","manager traffic ii","43-3021.00","billing and posting clerks"
"237","pay station attendant","43-2099.00","communications equipment operators all other"
"237","tourist information assistant","43-4181.00","reservation and transportation ticket agents and travel clerks"
"238","manager reservations","43-1011.00","first line supervisors of office and administrative support workers"
"238","hotel associate","43-4081.00","hotel motel and resort desk clerks"
"238","travel clerk","43-4181.00","reservation and transportation ticket agents and travel clerks"
"238","space scheduler","43-4171.00","receptionists and information clerks"
"239","supervisor telephone clerks","43-1011.00","first line supervisors of office and administrative support workers"
"239","commercial instructor supervisor","13-1151.00","training and development specialists"
"239","communications coordinator","13-1082.00","project management specialists"
"239","communications coordinator","13-1199.00","business operations specialists all other"
"239","dispatcher","43-5032.00","dispatchers except police fire and ambulance"
"239","customer service representative instructor","25-1194.00","career technical education teachers postsecondary"
"239","placer","41-3021.00","insurance sales agents"
"239","telephone clerk telegraph office","43-2011.00","switchboard operators including answering service"
"239","customer service representative","43-4051.00","customer service representatives"
"239","service observer","43-9199.00","office and administrative support workers all other"
"239","utility clerk","43-4171.00","receptionists and information clerks"
"239","wire photo operator news","43-2099.00","communications equipment operators all other"
"239","office helper","43-5021.00","couriers and messengers"
"241","supervisor credit and loan collections","43-1011.00","first line supervisors of office and administrative support workers"
"241","claim adjuster","13-1031.00","claims adjusters examiners and investigators"
"241","agent contract clerk","43-4161.00","human resources assistants except payroll and timekeeping"
"241","appraiser automobile damage","13-1032.00","insurance appraisers auto damage"
"241","credit analyst","13-2041.00","credit analysts"
"241","deposit clerk","43-3021.00","billing and posting clerks"
"241","investigator","43-4041.00","credit authorizers checkers and clerks"
"241","investigator utility bill complaints","43-4051.00","customer service representatives"
"241","collection clerk","43-3011.00","bill and account collectors"
"241","claims clerk i","43-9041.00","insurance claims and policy processing clerks"
"241","loan interviewer mortgage","43-4131.00","loan interviewers and clerks"
"241","skip tracer","33-9021.00","private detectives and investigators"
"241","throw out clerk","43-9061.00","office clerks general"
"241","investigator dealer accounts","43-4199.00","information and record clerks all other"
"243","supervisor mails","43-1011.00","first line supervisors of office and administrative support workers"
"243","court clerk","43-4031.00","court municipal and license clerks"
"243","police aide","43-9061.00","office clerks general"
"243","mail censor","43-9199.00","office and administrative support workers all other"
"243","post office clerk","43-5051.00","postal service clerks"
"245","medical record clerk","29-2072.00","medical records specialists"
"245","medical record clerk","29-9021.00","health information technologists and medical registrars"
"245","unit clerk","43-9061.00","office clerks general"
"245","order control clerk blood bank","43-4151.00","order clerks"
"247","supervisor advertising dispatch clerks","43-1011.00","first line supervisors of office and administrative support workers"
"247","classified ad clerk i","43-4151.00","order clerks"
"247","media clerk","43-9061.00","office clerks general"
"247","advertising dispatch clerk","43-5061.00","production planning and expediting clerks"
"247","production proofreader","43-9081.00","proofreaders and copy markers"
"248","booking supervisor","43-1011.00","first line supervisors of office and administrative support workers"
"248","supercargo","43-5061.00","production planning and expediting clerks"
"248","incoming freight clerk","43-5071.00","shipping receiving and inventory clerks"
"248","weather clerk","43-9061.00","office clerks general"
"248","transportation clerk","43-5011.00","cargo and freight agents"
"248","dispatcher ship pilot","43-5032.00","dispatchers except police fire and ambulance"
"248","waterway traffic checker","43-9199.00","office and administrative support workers all other"
"248","ticketing clerk","43-4181.00","reservation and transportation ticket agents and travel clerks"
"248","flight operations specialist","55-3019.00","military enlisted tactical operations and air weapons specialists and crew members all other"
"248","tonnage compilation clerk","43-3021.00","billing and posting clerks"
"249","office supervisor animal hospital","43-1011.00","first line supervisors of office and administrative support workers"
"249","dispatcher motor vehicle","43-5032.00","dispatchers except police fire and ambulance"
"249","labor expediter","43-5061.00","production planning and expediting clerks"
"249","policyholder information clerk","43-4171.00","receptionists and information clerks"
"249","copyright expert","43-9061.00","office clerks general"
"249","counter clerk","41-2021.00","counter and rental clerks"
"249","mortgage clerk","43-4131.00","loan interviewers and clerks"
"249","order clerk","43-4151.00","order clerks"
"249","bookmobile driver","25-4031.00","library technicians"
"249","registration clerk","43-4121.00","library assistants clerical"
"249","credit authorizer","43-4041.00","credit authorizers checkers and clerks"
"249","dog licenser","43-4031.00","court municipal and license clerks"
"249","evaluator","43-3021.00","billing and posting clerks"
"249","parts order and stock clerk","53-7065.00","stockers and order fillers"
"249","procurement clerk","43-3061.00","procurement clerks"
"249","teacher aide ii","25-9099.00","educational instruction and library workers all other"
"249","assignment clerk","43-4161.00","human resources assistants except payroll and timekeeping"
"249","intelligence clerk","55-3019.00","military enlisted tactical operations and air weapons specialists and crew members all other"
"249","pedigree tracer","43-4199.00","information and record clerks all other"
"249","information clerk cashier","41-2011.00","cashiers"
"249","office copy selector","43-9051.00","mail clerks and mail machine operators except postal service"
"250","superintendent sales","41-9022.00","real estate sales agents"
"250","sales agent insurance","41-3021.00","insurance sales agents"
"250","financial planner","41-3031.00","securities commodities and financial services sales agents"
"250","sales representative","41-3091.00","sales representatives of services except advertising insurance financial services and travel"
"251","sales representative data processing services","41-3091.00","sales representatives of services except advertising insurance financial services and travel"
"252","travel agent","41-3041.00","travel agents"
"252","traffic agent","41-3091.00","sales representatives of services except advertising insurance financial services and travel"
"253","communications consultant","41-3091.00","sales representatives of services except advertising insurance financial services and travel"
"254","sales representative graphic art","41-3011.00","advertising sales agents"
"254","sales representative printing","41-3091.00","sales representatives of services except advertising insurance financial services and travel"
"259","sales representative audiovisual program productions","41-3091.00","sales representatives of services except advertising insurance financial services and travel"
"259","sales representative electroplating","41-4011.00","sales representatives wholesale and manufacturing technical and scientific products"
"259","sales representative radio and television time","41-3011.00","advertising sales agents"
"259","ticket broker","41-9099.00","sales and related workers all other"
"260","sales representative livestock","41-4012.00","sales representatives wholesale and manufacturing except technical and scientific products"
"260","salesperson flowers","41-2031.00","retail salespersons"
"261","salesperson wigs","41-2031.00","retail salespersons"
"261","sales representative apparel trimmings","41-4012.00","sales representatives wholesale and manufacturing except technical and scientific products"
"262","pharmaceutical detailer","41-4011.00","sales representatives wholesale and manufacturing technical and scientific products"
"262","sales representative toilet preparations","41-4012.00","sales representatives wholesale and manufacturing except technical and scientific products"
"262","salesperson cosmetics and toiletries","41-2031.00","retail salespersons"
"269","sales representative fuels","41-4012.00","sales representatives wholesale and manufacturing except technical and scientific products"
"269","sales promotion representative","41-3011.00","advertising sales agents"
"270","salesperson sewing machines","41-2031.00","retail salespersons"
"270","sales representative home furnishings","41-4012.00","sales representatives wholesale and manufacturing except technical and scientific products"
"271","sales representative communication equipment","41-4011.00","sales representatives wholesale and manufacturing technical and scientific products"
"271","salesperson electric motors","41-2031.00","retail salespersons"
"271","sales representative videotape","41-4012.00","sales representatives wholesale and manufacturing except technical and scientific products"
"272","sales representative animal feed products","41-4011.00","sales representatives wholesale and manufacturing technical and scientific products"
"272","salesperson horticultural and nursery products","41-2031.00","retail salespersons"
"273","sales representative aircraft","41-4011.00","sales representatives wholesale and manufacturing technical and scientific products"
"273","salesperson automobiles","41-2031.00","retail salespersons"
"273","sales representative automotive leasing","41-3091.00","sales representatives of services except advertising insurance financial services and travel"
"273","sales representative motor vehicles and supplies","41-4012.00","sales representatives wholesale and manufacturing except technical and scientific products"
"274","sales representative elevators escalators and dumbwaiters","41-4011.00","sales representatives wholesale and manufacturing technical and scientific products"
"274","sales representative bottles and bottling equipment","41-4012.00","sales representatives wholesale and manufacturing except technical and scientific products"
"275","sales representative computers and edp systems","41-4011.00","sales representatives wholesale and manufacturing technical and scientific products"
"275","sales representative barber and beauty equipment and supplies","41-4012.00","sales representatives wholesale and manufacturing except technical and scientific products"
"276","sales representative dental and medical equipment and supplies","41-4011.00","sales representatives wholesale and manufacturing technical and scientific products"
"276","salesperson orthopedic shoes","41-2031.00","retail salespersons"
"276","hearing aid specialist","29-2092.00","hearing aid specialists"
"276","sales representative architectural and engineering supplies","41-4012.00","sales representatives wholesale and manufacturing except technical and scientific products"
"277","salesperson pianos and organs","41-2031.00","retail salespersons"
"277","sales representative hobbies and crafts","41-4012.00","sales representatives wholesale and manufacturing except technical and scientific products"
"279","manufacturer s representative","41-4012.00","sales representatives wholesale and manufacturing except technical and scientific products"
"279","sales exhibitor","41-9011.00","demonstrators and product promoters"
"279","salesperson demonstrator party plan","41-9091.00","door to door sales workers news and street vendors and related workers"
"279","salesperson burial needs","41-3091.00","sales representatives of services except advertising insurance financial services and travel"
"279","salesperson flying squad","41-2031.00","retail salespersons"
"279","salesperson parts","41-2022.00","parts salespersons"
"290","coupon redemption clerk","41-2021.00","counter and rental clerks"
"290","sales clerk","41-2031.00","retail salespersons"
"291","subscription crew leader","41-1012.00","first line supervisors of non retail sales workers"
"291","sales representative door to door","41-9091.00","door to door sales workers news and street vendors and related workers"
"292","coin machine collector supervisor","43-1011.00","first line supervisors of office and administrative support workers"
"292","supervisor route sales delivery drivers","53-1043.00","first line supervisors of material moving machine and vehicle operators"
"292","supervisor route sales delivery drivers","53-1044.00","first line supervisors of passenger attendants"
"292","supervisor route sales delivery drivers","53-1049.00","first line supervisors of transportation workers all other"
"292","driver sales route","53-3031.00","driver sales workers"
"292","newspaper carrier","41-9091.00","door to door sales workers news and street vendors and related workers"
"293","supervisor blood donor recruiters","41-1012.00","first line supervisors of non retail sales workers"
"293","fund raiser i","11-2032.00","public relations managers"
"293","fund raiser i","11-2033.00","fundraising managers"
"293","blood donor recruiter","41-3091.00","sales representatives of services except advertising insurance financial services and travel"
"293","goodwill ambassador","41-9011.00","demonstrators and product promoters"
"294","auctioneer","41-9099.00","sales and related workers all other"
"294","auction clerk","41-2011.00","cashiers"
"294","auction assistant","43-9061.00","office clerks general"
"295","supervisor safety deposit","43-1011.00","first line supervisors of office and administrative support workers"
"295","apparel rental clerk","41-2021.00","counter and rental clerks"
"295","film rental clerk","43-4151.00","order clerks"
"295","safe deposit box rental clerk","43-4141.00","new accounts clerks"
"296","personal shopper","41-9099.00","sales and related workers all other"
"297","demonstrator","41-9011.00","demonstrators and product promoters"
"297","model","41-9012.00","models"
"298","displayer merchandise","27-1026.00","merchandise displayers and window trimmers"
"299","manager department","41-1011.00","first line supervisors of retail sales workers"
"299","sales supervisor malt liquors","41-1012.00","first line supervisors of non retail sales workers"
"299","sample room supervisor","51-1011.00","first line supervisors of production and operating workers"
"299","circulation sales representative","41-4012.00","sales representatives wholesale and manufacturing except technical and scientific products"
"299","sales service representative milking machines","41-4011.00","sales representatives wholesale and manufacturing technical and scientific products"
"299","linen controller","41-3091.00","sales representatives of services except advertising insurance financial services and travel"
"299","telephone solicitor","41-9041.00","telemarketers"
"299","wedding consultant","41-9099.00","sales and related workers all other"
"299","optician dispensing","29-2081.00","opticians dispensing"
"299","stock clerk","53-7065.00","stockers and order fillers"
"299","watch and clock repair clerk","41-2021.00","counter and rental clerks"
"299","platform attendant","41-2031.00","retail salespersons"
"299","deliverer merchandise","43-5021.00","couriers and messengers"
"299","produce weigher","43-5111.00","weighers measurers checkers and samplers recordkeeping"
"299","impersonator character","41-9012.00","models"
"299","billposter","51-9198.00","helpers production workers"
"299","sandwich board carrier","41-9011.00","demonstrators and product promoters"
"301","housekeeper home","37-1011.00","first line supervisors of housekeeping and janitorial workers"
"301","house worker general","37-2012.00","maids and housekeeping cleaners"
"301","child monitor","39-9011.00","childcare workers"
"301","yard worker","37-3011.00","landscaping and groundskeeping workers"
"302","laundry worker domestic","37-2012.00","maids and housekeeping cleaners"
"305","cook","35-2013.00","cooks private household"
"309","butler","37-1011.00","first line supervisors of housekeeping and janitorial workers"
"309","homemaker","31-1122.00","personal care aides"
"309","house sitter","39-4012.00","crematory operators"
"309","house sitter","39-9099.00","personal care and service workers all other"
"309","butler second","37-2012.00","maids and housekeeping cleaners"
"309","foster parent","39-9011.00","childcare workers"
"310","host hostess restaurant","35-9031.00","hosts and hostesses restaurant lounge and coffee shop"
"310","steward stewardess","35-1012.00","first line supervisors of food preparation and serving workers"
"310","analyst food and beverage","13-1082.00","project management specialists"
"310","analyst food and beverage","13-1199.00","business operations specialists all other"
"310","wine steward stewardess","35-3031.00","waiters and waitresses"
"311","counter supervisor","35-1012.00","first line supervisors of food preparation and serving workers"
"311","fast foods worker","35-3023.00","fast food and counter workers"
"311","car hop","35-3041.00","food servers nonrestaurant"
"311","waiter waitress bar","35-3031.00","waiters and waitresses"
"311","raw shellfish preparer","35-2021.00","food preparation workers"
"311","cafeteria attendant","35-9011.00","dining room and cafeteria attendants and bartender helpers"
"312","bartender","35-3011.00","bartenders"
"312","bartender helper","35-9011.00","dining room and cafeteria attendants and bartender helpers"
"313","baker head","35-1011.00","chefs and head cooks"
"313","chef de froid","35-2014.00","cooks restaurant"
"313","cook specialty","35-2011.00","cooks fast food"
"313","cook short order","35-2015.00","cooks short order"
"313","cook school cafeteria","35-2012.00","cooks institution and cafeteria"
"313","baker helper","35-2021.00","food preparation workers"
"315","cook chief","35-1011.00","chefs and head cooks"
"315","cook","35-2012.00","cooks institution and cafeteria"
"315","cook station","35-2014.00","cooks restaurant"
"316","carver","35-2021.00","food preparation workers"
"316","butcher meat","51-3021.00","butchers and meat cutters"
"317","salad maker","35-2021.00","food preparation workers"
"317","coffee maker","35-3023.01","baristas"
"318","kitchen steward stewardess","35-1012.00","first line supervisors of food preparation and serving workers"
"318","kitchen helper","35-9021.00","dishwashers"
"319","food service supervisor","35-1012.00","first line supervisors of food preparation and serving workers"
"319","manager flight kitchen","11-9051.00","food service managers"
"319","automat car attendant","35-9099.00","food preparation and serving related workers all other"
"319","fountain server","35-3023.00","fast food and counter workers"
"319","food assembler kitchen","35-2021.00","food preparation workers"
"319","food service worker hospital","35-3041.00","food servers nonrestaurant"
"319","counter supply worker","35-9011.00","dining room and cafeteria attendants and bartender helpers"
"320","manager boarding house","11-9051.00","food service managers"
"320","manager lodging facilities","11-9081.00","lodging managers"
"321","housekeeper","37-1011.00","first line supervisors of housekeeping and janitorial workers"
"321","inspector","39-1014.00","first line supervisors of entertainment and recreation workers except gambling services"
"321","inspector","39-1022.00","first line supervisors of personal service workers"
"321","inspector","53-1044.00","first line supervisors of passenger attendants"
"323","supervisor housecleaner","39-1014.00","first line supervisors of entertainment and recreation workers except gambling services"
"323","supervisor housecleaner","39-1022.00","first line supervisors of personal service workers"
"323","supervisor housecleaner","53-1044.00","first line supervisors of passenger attendants"
"323","cleaner hospital","37-2012.00","maids and housekeeping cleaners"
"324","baggage porter head","39-1014.00","first line supervisors of entertainment and recreation workers except gambling services"
"324","baggage porter head","39-1022.00","first line supervisors of personal service workers"
"324","baggage porter head","53-1044.00","first line supervisors of passenger attendants"
"324","porter baggage","39-6011.00","baggage porters and bellhops"
"324","room service clerk","39-3093.00","locker room coatroom and dressing room attendants"
"329","superintendent service","39-1014.00","first line supervisors of entertainment and recreation workers except gambling services"
"329","superintendent service","39-1022.00","first line supervisors of personal service workers"
"329","superintendent service","53-1044.00","first line supervisors of passenger attendants"
"329","manager camp","11-9072.00","entertainment and recreation managers except gambling"
"329","manager camp","11-9179.00","personal service managers all other"
"329","manager camp","11-9199.00","managers all other"
"329","manager camp","13-1082.00","project management specialists"
"329","attendant lodging facilities","39-3093.00","locker room coatroom and dressing room attendants"
"329","attendant campground","37-3019.00","grounds maintenance workers all other"
"330","barber","39-5011.00","barbers"
"331","manicurist","39-5092.00","manicurists and pedicurists"
"332","cosmetologist","39-5012.00","hairdressers hairstylists and cosmetologists"
"333","make up artist","39-5091.00","makeup artists theatrical and performance"
"334","masseur masseuse","31-9011.00","massage therapists"
"334","rubber","39-3093.00","locker room coatroom and dressing room attendants"
"335","cooling room attendant","39-3093.00","locker room coatroom and dressing room attendants"
"338","embalmer apprentice","39-4011.00","embalmers"
"339","manager health club","11-9072.00","entertainment and recreation managers except gambling"
"339","manager health club","11-9179.00","personal service managers all other"
"339","manager health club","11-9179.01","fitness and wellness coordinators"
"339","manager health club","11-9199.00","managers all other"
"339","manager health club","13-1082.00","project management specialists"
"339","mortuary beautician","39-5012.00","hairdressers hairstylists and cosmetologists"
"339","electrologist","39-4012.00","crematory operators"
"339","electrologist","39-9099.00","personal care and service workers all other"
"339","supply clerk","53-7065.00","stockers and order fillers"
"340","desk clerk bowling floor","39-3091.00","amusement and recreation attendants"
"341","caddie supervisor","39-1014.00","first line supervisors of entertainment and recreation workers except gambling services"
"341","caddie supervisor","39-1022.00","first line supervisors of personal service workers"
"341","caddie supervisor","53-1044.00","first line supervisors of passenger attendants"
"341","recreation facility attendant","39-3091.00","amusement and recreation attendants"
"342","supervisor rides","39-1014.00","first line supervisors of entertainment and recreation workers except gambling services"
"342","supervisor rides","39-1022.00","first line supervisors of personal service workers"
"342","supervisor rides","53-1044.00","first line supervisors of passenger attendants"
"342","weight guesser","39-3091.00","amusement and recreation attendants"
"343","manager cardroom","11-9071.00","gambling managers"
"343","supervisor cardroom","39-1013.00","first line supervisors of gambling services workers"
"343","card player","39-3019.00","gambling service workers all other"
"343","gambling monitor","33-9031.00","gambling surveillance officers and gambling investigators"
"343","gambling dealer","39-3011.00","gambling dealers"
"343","cardroom attendant i","39-3012.00","gambling and sports book writers and runners"
"343","floor attendant","39-3091.00","amusement and recreation attendants"
"343","plastic card grader cardroom","51-9061.00","inspectors testers sorters samplers and weighers"
"344","usher head","39-1014.00","first line supervisors of entertainment and recreation workers except gambling services"
"344","usher head","39-1022.00","first line supervisors of personal service workers"
"344","usher head","53-1044.00","first line supervisors of passenger attendants"
"344","ticket taker","39-3031.00","ushers lobby attendants and ticket takers"
"346","costumer","39-3092.00","costume attendants"
"346","costumer assistant","39-4012.00","crematory operators"
"346","costumer assistant","39-9099.00","personal care and service workers all other"
"346","jockey room custodian","39-3093.00","locker room coatroom and dressing room attendants"
"349","animal ride manager","11-9072.00","entertainment and recreation managers except gambling"
"349","animal ride manager","11-9179.00","personal service managers all other"
"349","animal ride manager","11-9199.00","managers all other"
"349","animal ride manager","13-1082.00","project management specialists"
"349","diver","27-2011.00","actors"
"349","kennel manager dog track","27-2023.00","umpires referees and other sports officials"
"349","jinrikisha driver","39-3091.00","amusement and recreation attendants"
"349","host hostess dance hall","39-4012.00","crematory operators"
"349","host hostess dance hall","39-9099.00","personal care and service workers all other"
"349","drive in theater attendant","39-3031.00","ushers lobby attendants and ticket takers"
"349","ticket dispenser changer","49-9091.00","coin vending and amusement machine servicers and repairers"
"350","headwaiter headwaitress","35-1012.00","first line supervisors of food preparation and serving workers"
"350","steward stewardess chief passenger ship","39-1014.00","first line supervisors of entertainment and recreation workers except gambling services"
"350","steward stewardess chief passenger ship","39-1022.00","first line supervisors of personal service workers"
"350","steward stewardess chief passenger ship","53-1044.00","first line supervisors of passenger attendants"
"350","mess attendant","35-3031.00","waiters and waitresses"
"350","passenger attendant","53-6061.00","passenger attendants"
"351","service attendant sleeping car","53-6061.00","passenger attendants"
"352","supervisor airplane flight attendant","39-1014.00","first line supervisors of entertainment and recreation workers except gambling services"
"352","supervisor airplane flight attendant","39-1022.00","first line supervisors of personal service workers"
"352","supervisor airplane flight attendant","53-1044.00","first line supervisors of passenger attendants"
"352","director social","39-9032.00","recreation workers"
"352","airplane flight attendant","53-2031.00","flight attendants"
"352","host hostess ground","39-4012.00","crematory operators"
"352","host hostess ground","39-9099.00","personal care and service workers all other"
"352","bus attendant","53-6061.00","passenger attendants"
"352","host hostess","39-3091.00","amusement and recreation attendants"
"352","waiter waitress club","35-3031.00","waiters and waitresses"
"353","guide chief airport","39-1014.00","first line supervisors of entertainment and recreation workers except gambling services"
"353","guide chief airport","39-1022.00","first line supervisors of personal service workers"
"353","guide chief airport","53-1044.00","first line supervisors of passenger attendants"
"353","guide hunting and fishing","39-7012.00","travel guides"
"353","guide sightseeing","39-7011.00","tour guides and escorts"
"354","nurse practical","31-1131.00","nursing assistants"
"354","birth attendant","31-9099.00","healthcare support workers all other"
"354","home attendant","31-1121.00","home health aides"
"354","first aid attendant","29-2036.00","medical dosimetrists"
"354","first aid attendant","29-2099.00","health technologists and technicians all other"
"355","physical therapy aide","31-2022.00","physical therapist aides"
"355","ambulance attendant","53-3011.00","ambulance drivers and attendants except emergency medical technicians"
"355","certified medication technician","31-1131.00","nursing assistants"
"355","occupational therapy aide","31-2012.00","occupational therapy aides"
"355","psychiatric aide","31-1133.00","psychiatric aides"
"355","morgue attendant","31-9099.00","healthcare support workers all other"
"355","child care attendant school","39-9011.00","childcare workers"
"355","orderly","31-1132.00","orderlies"
"355","respiratory therapy aide","31-9093.00","medical equipment preparers"
"355","graves registration specialist","39-4012.00","crematory operators"
"355","graves registration specialist","39-9099.00","personal care and service workers all other"
"357","baggage checker","39-6011.00","baggage porters and bellhops"
"358","checkroom chief","39-1014.00","first line supervisors of entertainment and recreation workers except gambling services"
"358","checkroom chief","39-1022.00","first line supervisors of personal service workers"
"358","checkroom chief","53-1044.00","first line supervisors of passenger attendants"
"358","checkroom attendant","39-3093.00","locker room coatroom and dressing room attendants"
"358","change house attendant","37-2011.00","janitors and cleaners except maids and housekeeping cleaners"
"359","supervisor hospitality house","11-9072.00","entertainment and recreation managers except gambling"
"359","supervisor hospitality house","11-9179.00","personal service managers all other"
"359","supervisor hospitality house","11-9199.00","managers all other"
"359","supervisor hospitality house","13-1082.00","project management specialists"
"359","child care development specialist","39-9011.00","childcare workers"
"359","health equipment servicer","31-9093.00","medical equipment preparers"
"359","escort","39-4012.00","crematory operators"
"359","escort","39-9099.00","personal care and service workers all other"
"359","weight reduction specialist","39-3093.00","locker room coatroom and dressing room attendants"
"359","blind aide","31-1122.00","personal care aides"
"359","chauffeur","53-3053.00","shuttle drivers and chauffeurs"
"359","chauffeur","53-3054.00","taxi drivers"
"359","funeral attendant","39-4021.00","funeral attendants"
"361","supervisor laundry","51-1011.00","first line supervisors of production and operating workers"
"361","flatwork tier","51-9061.00","inspectors testers sorters samplers and weighers"
"361","washer machine","51-6011.00","laundry and dry cleaning workers"
"361","conditioner tumbler operator","51-9051.00","furnace kiln oven drier and kettle operators and tenders"
"361","patching machine operator","51-6021.00","pressers textile garment and related materials"
"361","washing machine loader and puller","53-7063.00","machine feeders and offbearers"
"361","laundry laborer","51-9198.00","helpers production workers"
"362","spotter ii","51-6011.00","laundry and dry cleaning workers"
"362","dry cleaner hand","51-9161.00","computer numerically controlled tool operators"
"362","dry cleaner hand","51-9162.00","computer numerically controlled tool programmers"
"362","dry cleaner hand","51-9199.00","production workers all other"
"362","dry cleaner helper","51-9198.00","helpers production workers"
"363","silk finisher","51-6021.00","pressers textile garment and related materials"
"363","flatwork finisher","53-7063.00","machine feeders and offbearers"
"363","glove former","51-9198.00","helpers production workers"
"364","dyer","51-6011.00","laundry and dry cleaning workers"
"364","painter rug touch up","51-9123.00","painting coating and decorating workers"
"364","shoe dyer","51-9161.00","computer numerically controlled tool operators"
"364","shoe dyer","51-9162.00","computer numerically controlled tool programmers"
"364","shoe dyer","51-9199.00","production workers all other"
"364","dyer helper","51-9198.00","helpers production workers"
"365","shoe repair supervisor","51-1011.00","first line supervisors of production and operating workers"
"365","luggage repairer","51-6041.00","shoe and leather workers and repairers"
"365","shoe repairer helper","51-9198.00","helpers production workers"
"366","shoe shiner","39-3093.00","locker room coatroom and dressing room attendants"
"369","supervisor dry cleaning","51-1011.00","first line supervisors of production and operating workers"
"369","fur storage clerk","41-2021.00","counter and rental clerks"
"369","hatter","51-9161.00","computer numerically controlled tool operators"
"369","hatter","51-9162.00","computer numerically controlled tool programmers"
"369","hatter","51-9199.00","production workers all other"
"369","rug cleaner hand","37-2019.00","building cleaning workers all other"
"369","laundry worker iii","51-9198.00","helpers production workers"
"369","laundry operator","51-6011.00","laundry and dry cleaning workers"
"369","umbrella repairer","49-9099.00","installation maintenance and repair workers all other"
"369","fur ironer","51-6021.00","pressers textile garment and related materials"
"369","rug dry room attendant","51-9051.00","furnace kiln oven drier and kettle operators and tenders"
"369","folding machine operator","53-7063.00","machine feeders and offbearers"
"369","assembler","51-9061.00","inspectors testers sorters samplers and weighers"
"371","drawbridge operator","53-6011.00","bridge and lock tenders"
"371","guard school crossing","33-9091.00","crossing guards and flaggers"
"372","correction officer head","33-1011.00","first line supervisors of correctional officers"
"372","dispatcher security guard","43-5032.00","dispatchers except police fire and ambulance"
"372","guard chief","33-1091.00","first line supervisors of security workers"
"372","guard chief","33-1099.00","first line supervisors of protective service workers all other"
"372","manager armored transport service","11-9072.00","entertainment and recreation managers except gambling"
"372","manager armored transport service","11-9179.00","personal service managers all other"
"372","manager armored transport service","11-9199.00","managers all other"
"372","manager armored transport service","13-1082.00","project management specialists"
"372","special agent","33-3052.00","transit and railroad police"
"372","protective officer","33-3051.00","police and sheriff s patrol officers"
"372","community service officer patrol","33-9094.00","school bus monitors"
"372","community service officer patrol","33-9099.00","protective service workers all other"
"372","jailer","33-3012.00","correctional officers and jailers"
"372","armored car guard and driver","33-9032.00","security guards"
"372","airline security representative","33-9093.00","transportation security screeners"
"372","flagger","33-9091.00","crossing guards and flaggers"
"372","flagger","39-3091.00","amusement and recreation attendants"
"373","fire chief","11-1011.00","chief executives"
"373","fire captain","33-1021.00","first line supervisors of firefighting and prevention workers"
"373","fire inspector","33-2021.00","fire inspectors and investigators"
"373","fire chief s aide","33-2011.00","firefighters"
"375","police chief","11-1011.00","chief executives"
"375","police sergeant precinct i","33-1012.00","first line supervisors of police and detectives"
"375","secretary of police","43-1011.00","first line supervisors of office and administrative support workers"
"375","pilot highway patrol","33-3051.00","police and sheriff s patrol officers"
"375","commanding officer motor equipment","49-1011.00","first line supervisors of mechanics installers and repairers"
"375","special agent","33-3021.00","detectives and criminal investigators"
"375","police academy program coordinator","11-3131.00","training and development managers"
"375","police academy instructor","25-1194.00","career technical education teachers postsecondary"
"375","police inspector i","13-1082.00","project management specialists"
"375","police inspector i","13-1199.00","business operations specialists all other"
"375","police clerk","43-9061.00","office clerks general"
"375","police officer ii","33-3012.00","correctional officers and jailers"
"375","police officer identification and records","33-3021.02","police identification and records officers"
"375","parking enforcement officer","33-3041.00","parking enforcement workers"
"376","manager internal security","11-9199.08","loss prevention managers"
"376","manager internal security","33-1091.00","first line supervisors of security workers"
"376","manager internal security","33-1099.00","first line supervisors of protective service workers all other"
"376","manager internal security","33-9099.02","retail loss prevention specialists"
"376","special agent in charge","33-3052.00","transit and railroad police"
"376","investigator cash shortage","33-9021.00","private detectives and investigators"
"376","investigator fraud","13-2099.04","fraud examiners investigators and analysts"
"376","bouncer","33-9032.00","security guards"
"377","supervisor identification and communications","33-1012.00","first line supervisors of police and detectives"
"377","sheriff deputy","33-3051.00","police and sheriff s patrol officers"
"377","identification officer","33-3021.00","detectives and criminal investigators"
"377","deputy united states marshal","33-9094.00","school bus monitors"
"377","deputy united states marshal","33-9099.00","protective service workers all other"
"377","bailiff","33-3011.00","bailiffs"
"378","field artillery senior sergeant","55-1014.00","artillery and missile officers"
"378","infantry unit leader","55-1016.00","infantry officers"
"378","combat surveillance and target acquisition noncommissioned officer","55-3019.00","military enlisted tactical operations and air weapons specialists and crew members all other"
"378","marksmanship instructor","25-1194.00","career technical education teachers postsecondary"
"378","survival specialist","55-3018.00","special forces"
"378","disaster or damage control specialist","13-1082.00","project management specialists"
"378","disaster or damage control specialist","13-1199.00","business operations specialists all other"
"378","operations and intelligence assistant","55-3015.00","command and control center specialists"
"378","vulcan crewmember","55-3014.00","artillery and missile crew members"
"378","tank crewmember","55-3013.00","armored assault vehicle crew members"
"378","combat rifle crewmember","55-3016.00","infantry"
"379","supervisor telecommunicator","43-1011.00","first line supervisors of office and administrative support workers"
"379","supervisor animal cruelty investigation","33-9011.00","animal control workers"
"379","supervisor dog license officer","43-4031.00","court municipal and license clerks"
"379","wildlife agent regional","11-1011.00","chief executives"
"379","supervisor protective signal operations","11-9072.00","entertainment and recreation managers except gambling"
"379","supervisor protective signal operations","11-9179.00","personal service managers all other"
"379","supervisor protective signal operations","11-9199.00","managers all other"
"379","supervisor protective signal operations","13-1082.00","project management specialists"
"379","alarm operator","43-5031.00","public safety telecommunicators"
"379","fish and game warden","33-3031.00","fish and game wardens"
"379","public safety officer","33-3051.00","police and sheriff s patrol officers"
"379","automobile tester","53-6051.07","transportation vehicle equipment and systems inspectors except aviation"
"379","beach lifeguard","33-9092.00","lifeguards ski patrol and other recreational protective service workers"
"379","surveillance system monitor","33-9031.00","gambling surveillance officers and gambling investigators"
"379","surveillance system monitor","33-9094.00","school bus monitors"
"379","surveillance system monitor","33-9099.00","protective service workers all other"
"379","fire medic","33-2011.00","firefighters"
"379","scuba diver","49-9092.00","commercial divers"
"379","golf course ranger","33-9032.00","security guards"
"379","fire extinguisher sprinkler inspector","33-2021.00","fire inspectors and investigators"
"379","mosquito sprayer","37-2021.00","pest control workers"
"381","supervisor janitorial services","37-1011.00","first line supervisors of housekeeping and janitorial workers"
"381","supervisor central supply","43-1011.00","first line supervisors of office and administrative support workers"
"381","housekeeper commercial residential or industrial","37-2012.00","maids and housekeeping cleaners"
"381","central supply worker","53-7065.00","stockers and order fillers"
"381","cleaner commercial or institutional","37-2011.00","janitors and cleaners except maids and housekeeping cleaners"
"382","supervisor maintenance","37-1011.00","first line supervisors of housekeeping and janitorial workers"
"382","janitor","37-2011.00","janitors and cleaners except maids and housekeeping cleaners"
"383","fumigator","37-2021.00","pest control workers"
"388","elevator starter","39-1014.00","first line supervisors of entertainment and recreation workers except gambling services"
"388","elevator starter","39-1022.00","first line supervisors of personal service workers"
"388","elevator starter","53-1044.00","first line supervisors of passenger attendants"
"388","elevator operator","53-6032.00","aircraft service attendants"
"388","elevator operator","53-6099.00","transportation workers all other"
"389","supervisor extermination","11-9072.00","entertainment and recreation managers except gambling"
"389","supervisor extermination","11-9179.00","personal service managers all other"
"389","supervisor extermination","11-9199.00","managers all other"
"389","supervisor extermination","13-1082.00","project management specialists"
"389","supervisor home restoration service","37-1011.00","first line supervisors of housekeeping and janitorial workers"
"389","cleaner home restoration service","37-2011.00","janitors and cleaners except maids and housekeeping cleaners"
"389","exterminator","37-2021.00","pest control workers"
"389","air purifier servicer","37-2019.00","building cleaning workers all other"
"401","supervisor area","45-1011.00","first line supervisors of farming fishing and forestry workers"
"401","farmer cash grain","11-9013.00","farmers ranchers and other agricultural managers"
"401","farmworker grain i","45-2091.00","agricultural equipment operators"
"401","farmworker grain ii","45-2092.00","farmworkers and laborers crop nursery and greenhouse"
"402","supervisor vegetable farming","45-1011.00","first line supervisors of farming fishing and forestry workers"
"402","farmer vegetable","11-9013.00","farmers ranchers and other agricultural managers"
"402","farmworker vegetable i","45-2091.00","agricultural equipment operators"
"402","farmworker vegetable ii","45-2092.00","farmworkers and laborers crop nursery and greenhouse"
"403","supervisor tree fruit and nut farming","45-1011.00","first line supervisors of farming fishing and forestry workers"
"403","farmer tree fruit and nut crops","11-9013.00","farmers ranchers and other agricultural managers"
"403","farmworker fruit i","45-2091.00","agricultural equipment operators"
"403","farmworker fruit ii","45-2092.00","farmworkers and laborers crop nursery and greenhouse"
"403","vine pruner","37-3013.00","tree trimmers and pruners"
"404","supervisor field crop farming","45-1011.00","first line supervisors of farming fishing and forestry workers"
"404","farmer field crop","11-9013.00","farmers ranchers and other agricultural managers"
"404","farmworker field crop i","45-2091.00","agricultural equipment operators"
"404","seed cutter","45-2092.00","farmworkers and laborers crop nursery and greenhouse"
"405","supervisor horticultural specialty farming","45-1011.00","first line supervisors of farming fishing and forestry workers"
"405","bonsai culturist","11-9013.00","farmers ranchers and other agricultural managers"
"405","farmworker bulbs","45-2091.00","agricultural equipment operators"
"405","budder","45-2092.00","farmworkers and laborers crop nursery and greenhouse"
"405","horticultural worker i","37-3011.00","landscaping and groundskeeping workers"
"406","supervisor cemetery workers","37-1012.00","first line supervisors of landscaping lawn service and groundskeeping workers"
"406","gardener special effects and instruction models","37-3019.00","grounds maintenance workers all other"
"406","greenskeeper ii","37-3011.00","landscaping and groundskeeping workers"
"407","supervisor diversified crops","45-1011.00","first line supervisors of farming fishing and forestry workers"
"407","farmer diversified crops","11-9013.00","farmers ranchers and other agricultural managers"
"407","farmworker diversified crops i","45-2091.00","agricultural equipment operators"
"407","farmworker diversified crops ii","45-2092.00","farmworkers and laborers crop nursery and greenhouse"
"408","supervisor spray lawn and tree service","37-1012.00","first line supervisors of landscaping lawn service and groundskeeping workers"
"408","supervisor insect and disease inspection","45-1011.00","first line supervisors of farming fishing and forestry workers"
"408","landscape gardener","37-3011.00","landscaping and groundskeeping workers"
"408","tree surgeon","37-3013.00","tree trimmers and pruners"
"408","scout","45-2099.00","agricultural workers all other"
"408","weed inspector","37-3012.00","pesticide handlers sprayers and applicators vegetation"
"409","harvest contractor","13-1074.00","farm labor contractors"
"409","harvest contractor","45-1011.00","first line supervisors of farming fishing and forestry workers"
"409","airplane pilot helper","51-9198.00","helpers production workers"
"409","farm machine operator","45-2091.00","agricultural equipment operators"
"409","irrigator valve pipe","45-2092.00","farmworkers and laborers crop nursery and greenhouse"
"409","inspector grader agricultural establishment","45-2041.00","graders and sorters agricultural products"
"410","barn boss","45-1011.00","first line supervisors of farming fishing and forestry workers"
"410","animal breeder","45-2021.00","animal breeders"
"410","milk sampler","43-5111.00","weighers measurers checkers and samplers recordkeeping"
"410","lamber","45-2093.00","farmworkers farm ranch and aquacultural animals"
"410","animal caretaker","39-2021.00","animal caretakers"
"410","pelter","51-9161.00","computer numerically controlled tool operators"
"410","pelter","51-9162.00","computer numerically controlled tool programmers"
"410","pelter","51-9199.00","production workers all other"
"410","wool fleece sorter","45-2041.00","graders and sorters agricultural products"
"411","supervisor poultry farm","45-1011.00","first line supervisors of farming fishing and forestry workers"
"411","canary breeder","45-2021.00","animal breeders"
"411","poultry farmer","45-2093.00","farmworkers farm ranch and aquacultural animals"
"411","field service technician poultry","45-2011.00","agricultural inspectors"
"411","blood tester fowl","19-4012.00","agricultural technicians"
"411","blood tester fowl","19-4021.00","biological technicians"
"411","chick grader","45-2041.00","graders and sorters agricultural products"
"412","supervisor game farm","45-1011.00","first line supervisors of farming fishing and forestry workers"
"412","game bird farmer","11-9013.00","farmers ranchers and other agricultural managers"
"412","animal keeper","39-2021.00","animal caretakers"
"412","game farm helper","45-2093.00","farmworkers farm ranch and aquacultural animals"
"412","commissary assistant","53-7062.00","laborers and freight stock and material movers hand"
"413","beekeeper","11-9013.00","farmers ranchers and other agricultural managers"
"413","reptile farmer","45-2021.00","animal breeders"
"413","worm picker","45-2099.00","agricultural workers all other"
"413","worm farm laborer","45-2093.00","farmworkers farm ranch and aquacultural animals"
"418","supervisor laboratory animal facility","45-1011.00","first line supervisors of farming fishing and forestry workers"
"418","horseshoer","39-2021.00","animal caretakers"
"418","artificial inseminator","19-4021.00","biological technicians"
"419","horse trainer","39-2011.00","animal trainers"
"421","farmer general","11-9013.00","farmers ranchers and other agricultural managers"
"421","farmworker general i","45-2091.00","agricultural equipment operators"
"421","farmworker general i","45-2092.00","farmworkers and laborers crop nursery and greenhouse"
"421","farmworker general ii","45-2093.00","farmworkers farm ranch and aquacultural animals"
"429","cotton classer","45-2041.00","graders and sorters agricultural products"
"429","ginner","45-2091.00","agricultural equipment operators"
"429","press feeder broomcorn","53-7063.00","machine feeders and offbearers"
"441","boatswain otter trawler","45-3031.00","fishing and hunting workers"
"442","fisher line","45-3031.00","fishing and hunting workers"
"443","fisher diving","45-3031.00","fishing and hunting workers"
"446","supervisor shellfish farming","45-1011.00","first line supervisors of farming fishing and forestry workers"
"446","fish farmer","11-9013.00","farmers ranchers and other agricultural managers"
"446","shellfish grower","45-3031.00","fishing and hunting workers"
"446","fish hatchery worker","45-2093.00","farmworkers farm ranch and aquacultural animals"
"446","clam sorter","45-2041.00","graders and sorters agricultural products"
"447","sponge hooker","45-3031.00","fishing and hunting workers"
"449","net repairer","45-3031.00","fishing and hunting workers"
"449","aquarist","39-2021.00","animal caretakers"
"451","forest nursery supervisor","45-1011.00","first line supervisors of farming fishing and forestry workers"
"451","christmas tree farm worker","45-4011.00","forest and conservation workers"
"452","smoke jumper supervisor","33-1021.00","first line supervisors of firefighting and prevention workers"
"452","fire warden","33-2022.00","forest fire inspectors and prevention specialists"
"452","forester aide","19-4071.00","forest and conservation technicians"
"452","smoke jumper","33-2011.00","firefighters"
"452","forest worker","45-4011.00","forest and conservation workers"
"453","forest products gatherer","45-4011.00","forest and conservation workers"
"454","supervisor felling bucking","45-1011.00","first line supervisors of farming fishing and forestry workers"
"454","faller i","45-4021.00","fallers"
"454","tree shear operator","45-4022.00","logging equipment operators"
"454","river","37-3019.00","grounds maintenance workers all other"
"454","laborer tanbark","37-3013.00","tree trimmers and pruners"
"454","log marker","45-4029.00","logging workers all other"
"455","supervisor log sorting","45-1011.00","first line supervisors of farming fishing and forestry workers"
"455","log grader","45-4023.00","log graders and scalers"
"455","rafter","45-4029.00","logging workers all other"
"459","supervisor logging","45-1011.00","first line supervisors of farming fishing and forestry workers"
"459","cruiser","45-4029.00","logging workers all other"
"459","laborer brush clearing","37-3013.00","tree trimmers and pruners"
"461","expedition supervisor","45-3031.00","fishing and hunting workers"
"500","supervisor","51-1011.00","first line supervisors of production and operating workers"
"500","inspector plating","51-9061.00","inspectors testers sorters samplers and weighers"
"500","electrogalvanizing machine operator","51-4193.00","plating machine setters operators and tenders metal and plastic"
"500","cylinder grinder","51-4194.00","tool grinders filers and sharpeners"
"500","matrix worker","51-9161.00","computer numerically controlled tool operators"
"500","matrix worker","51-9162.00","computer numerically controlled tool programmers"
"500","matrix worker","51-9199.00","production workers all other"
"500","silver spray worker","51-9123.00","painting coating and decorating workers"
"500","etcher electrolytic","51-4199.00","metal workers and plastic workers all other"
"500","laborer electroplating","51-9198.00","helpers production workers"
"501","supervisor hot dip tinning","51-1011.00","first line supervisors of production and operating workers"
"501","coating machine operator","51-4193.00","plating machine setters operators and tenders metal and plastic"
"502","supervisor casting and pasting","51-1011.00","first line supervisors of production and operating workers"
"502","shot dropper","51-4072.00","molding coremaking and casting machine setters operators and tenders metal and plastic"
"502","caster","51-9071.00","jewelers and precious stone and metal workers"
"502","fluoroscope operator","51-9061.00","inspectors testers sorters samplers and weighers"
"502","blast furnace keeper","51-9161.00","computer numerically controlled tool operators"
"502","blast furnace keeper","51-9162.00","computer numerically controlled tool programmers"
"502","blast furnace keeper","51-9199.00","production workers all other"
"502","steel pourer","51-4052.00","pourers and casters metal"
"502","steel pourer helper","51-9198.00","helpers production workers"
"502","lead caster","51-9195.00","molders shapers and casters except metal and plastic"
"503","supervisor sandblaster","51-1011.00","first line supervisors of production and operating workers"
"503","pickler continuous pickling line","51-9161.00","computer numerically controlled tool operators"
"503","pickler continuous pickling line","51-9162.00","computer numerically controlled tool programmers"
"503","pickler continuous pickling line","51-9199.00","production workers all other"
"503","shotblast equipment operator","51-4199.00","metal workers and plastic workers all other"
"503","coater","51-4193.00","plating machine setters operators and tenders metal and plastic"
"503","flame degreaser","51-9051.00","furnace kiln oven drier and kettle operators and tenders"
"503","furnace and wash equipment operator","51-9192.00","cleaning washing and metal pickling equipment operators and tenders"
"503","pickler helper continuous pickling line","51-9198.00","helpers production workers"
"503","sandblaster","53-7061.00","cleaners of vehicles and equipment"
"504","heat treat supervisor","51-1011.00","first line supervisors of production and operating workers"
"504","heat treat inspector","51-9061.00","inspectors testers sorters samplers and weighers"
"504","flame annealing machine setter","51-4191.00","heat treating equipment setters operators and tenders metal and plastic"
"504","rivet heater","51-9051.00","furnace kiln oven drier and kettle operators and tenders"
"504","slab depiler operator","53-7199.00","material moving workers all other"
"504","charger operator","51-4051.00","metal refining furnace operators and tenders"
"504","heat treater helper","51-9198.00","helpers production workers"
"504","furnace helper","53-7063.00","machine feeders and offbearers"
"505","supervisor metalizing","51-1011.00","first line supervisors of production and operating workers"
"505","metal sprayer machined parts","51-4199.00","metal workers and plastic workers all other"
"505","metal spraying machine operator automatic i","51-4193.00","plating machine setters operators and tenders metal and plastic"
"505","electroless plater","51-9123.00","painting coating and decorating workers"
"509","supervisor powdered metal","51-1011.00","first line supervisors of production and operating workers"
"509","mixer operator hot metal","51-4199.00","metal workers and plastic workers all other"
"509","coater operator","51-4193.00","plating machine setters operators and tenders metal and plastic"
"509","dental amalgam processor","51-4191.00","heat treating equipment setters operators and tenders metal and plastic"
"509","compound mixer","51-9023.00","mixing and blending machine setters operators and tenders"
"509","kiln operator","51-9051.00","furnace kiln oven drier and kettle operators and tenders"
"509","mixer operator helper hot metal","51-9198.00","helpers production workers"
"509","test preparer","51-9061.00","inspectors testers sorters samplers and weighers"
"509","compound coating machine offbearer","53-7063.00","machine feeders and offbearers"
"509","enameler","51-9123.00","painting coating and decorating workers"
"509","branner machine tender","51-9192.00","cleaning washing and metal pickling equipment operators and tenders"
"509","scrap baller","51-9111.00","packaging and filling machine operators and tenders"
"509","scrap handler","51-9012.00","separating filtering clarifying precipitating and still machine setters operators and tenders"
"509","stringer","51-9161.00","computer numerically controlled tool operators"
"509","stringer","51-9162.00","computer numerically controlled tool programmers"
"509","stringer","51-9199.00","production workers all other"
"510","carbide powder processor","51-9023.00","mixing and blending machine setters operators and tenders"
"511","alumina plant supervisor","51-1011.00","first line supervisors of production and operating workers"
"511","tungsten refiner","51-9161.00","computer numerically controlled tool operators"
"511","tungsten refiner","51-9162.00","computer numerically controlled tool programmers"
"511","tungsten refiner","51-9199.00","production workers all other"
"511","zinc chloride operator","51-9012.00","separating filtering clarifying precipitating and still machine setters operators and tenders"
"511","control operator","51-9051.00","furnace kiln oven drier and kettle operators and tenders"
"511","top precipitator operator helper","51-9198.00","helpers production workers"
"511","color tester","51-9061.00","inspectors testers sorters samplers and weighers"
"511","dust collector ore crushing","51-4199.00","metal workers and plastic workers all other"
"511","dust collector attendant","51-9192.00","cleaning washing and metal pickling equipment operators and tenders"
"511","reagent tender","51-9023.00","mixing and blending machine setters operators and tenders"
"511","blanket washer","53-7061.00","cleaners of vehicles and equipment"
"512","reduction plant supervisor","51-1011.00","first line supervisors of production and operating workers"
"512","first helper","51-4051.00","metal refining furnace operators and tenders"
"512","potline monitor","51-9061.00","inspectors testers sorters samplers and weighers"
"512","furnace helper","51-9198.00","helpers production workers"
"512","charging machine operator","51-4199.00","metal workers and plastic workers all other"
"512","nozzle tender","51-9161.00","computer numerically controlled tool operators"
"512","nozzle tender","51-9162.00","computer numerically controlled tool programmers"
"512","nozzle tender","51-9199.00","production workers all other"
"512","pot tender","51-9051.00","furnace kiln oven drier and kettle operators and tenders"
"512","cupola charger","53-7063.00","machine feeders and offbearers"
"513","converter supervisor","51-1011.00","first line supervisors of production and operating workers"
"513","calciner operator","51-9051.00","furnace kiln oven drier and kettle operators and tenders"
"513","kiln operator helper","51-9198.00","helpers production workers"
"513","sinter feeder","53-7011.00","conveyor operators and tenders"
"514","permanent mold supervisor","51-1011.00","first line supervisors of production and operating workers"
"514","die casting machine setter","51-4072.00","molding coremaking and casting machine setters operators and tenders metal and plastic"
"514","mold worker","51-9198.00","helpers production workers"
"514","ingot header","51-4052.00","pourers and casters metal"
"514","cupola tapper","51-9161.00","computer numerically controlled tool operators"
"514","cupola tapper","51-9162.00","computer numerically controlled tool programmers"
"514","cupola tapper","51-9199.00","production workers all other"
"514","press operator carbon blocks","51-4199.00","metal workers and plastic workers all other"
"514","nozzle and sleeve worker","49-9043.00","maintenance workers machinery"
"514","lime mixer tender","51-9023.00","mixing and blending machine setters operators and tenders"
"514","casting inspector","51-9061.00","inspectors testers sorters samplers and weighers"
"515","mill supervisor","51-1011.00","first line supervisors of production and operating workers"
"515","grinding mill operator","51-9021.00","crushing grinding and polishing machine setters operators and tenders"
"515","weigher and crusher","51-9061.00","inspectors testers sorters samplers and weighers"
"515","battery wrecker operator","53-7063.00","machine feeders and offbearers"
"518","molder","51-4071.00","foundry mold and coremakers"
"518","setter molding and coremaking machines","51-4072.00","molding coremaking and casting machine setters operators and tenders metal and plastic"
"518","bench molder apprentice","51-9071.00","jewelers and precious stone and metal workers"
"518","plaster molder ii","51-9195.00","molders shapers and casters except metal and plastic"
"518","mold maker","51-4052.00","pourers and casters metal"
"518","sand slinger operator","51-9111.00","packaging and filling machine operators and tenders"
"518","core setter","51-9198.00","helpers production workers"
"518","wax pattern assembler","51-9161.00","computer numerically controlled tool operators"
"518","wax pattern assembler","51-9162.00","computer numerically controlled tool programmers"
"518","wax pattern assembler","51-9199.00","production workers all other"
"518","core oven tender","51-9051.00","furnace kiln oven drier and kettle operators and tenders"
"518","shell mold bonding machine operator","51-4199.00","metal workers and plastic workers all other"
"518","core checker","51-9061.00","inspectors testers sorters samplers and weighers"
"519","cell feed department supervisor","51-1011.00","first line supervisors of production and operating workers"
"519","supervisor scrap preparation","53-1042.00","first line supervisors of helpers laborers and material movers hand"
"519","nickel plant operator","51-4199.00","metal workers and plastic workers all other"
"519","manometer technician","51-9061.00","inspectors testers sorters samplers and weighers"
"519","grinder mill operator","51-9021.00","crushing grinding and polishing machine setters operators and tenders"
"519","recovery operator helper","51-9198.00","helpers production workers"
"519","digestion operator","51-9161.00","computer numerically controlled tool operators"
"519","digestion operator","51-9162.00","computer numerically controlled tool programmers"
"519","digestion operator","51-9199.00","production workers all other"
"519","hot car operator","53-7051.00","industrial truck and tractor operators"
"519","assembly cleaner","53-7061.00","cleaners of vehicles and equipment"
"519","pot liner","49-9043.00","maintenance workers machinery"
"519","standpipe tender","51-9051.00","furnace kiln oven drier and kettle operators and tenders"
"519","wet plant operator","51-9012.00","separating filtering clarifying precipitating and still machine setters operators and tenders"
"519","dross skimmer","53-7021.00","crane and tower operators"
"519","ladle liner","49-9045.00","refractory materials repairers except brickmasons"
"519","mold dresser","51-9022.00","grinding and polishing workers hand"
"519","tool repairer","49-2092.00","electric motor power tool and related repairers"
"519","mud mill tender","51-9023.00","mixing and blending machine setters operators and tenders"
"519","laborer general","53-7063.00","machine feeders and offbearers"
"520","blending supervisor","51-1011.00","first line supervisors of production and operating workers"
"520","honey grader and blender","51-3092.00","food batchmakers"
"520","bulk plant operator","51-9023.00","mixing and blending machine setters operators and tenders"
"520","bench hand","51-3011.00","bakers"
"520","blender","51-9061.00","inspectors testers sorters samplers and weighers"
"520","starchmaker","51-9012.00","separating filtering clarifying precipitating and still machine setters operators and tenders"
"520","formula room worker","51-9161.00","computer numerically controlled tool operators"
"520","formula room worker","51-9162.00","computer numerically controlled tool programmers"
"520","formula room worker","51-9199.00","production workers all other"
"520","center machine operator","51-9041.00","extruding forming pressing and compacting machine setters operators and tenders"
"520","gum scoring machine operator","51-9032.00","cutting and slicing machine setters operators and tenders"
"520","cooker casing","51-3093.00","food cooking machine operators and tenders"
"520","molder meat","51-9111.00","packaging and filling machine operators and tenders"
"520","ball machine operator","53-7063.00","machine feeders and offbearers"
"520","feed mixer helper","51-9198.00","helpers production workers"
"520","blender laborer","53-7062.00","laborers and freight stock and material movers hand"
"521","miller supervisor","51-1011.00","first line supervisors of production and operating workers"
"521","continuous absorption process operator","51-9012.00","separating filtering clarifying precipitating and still machine setters operators and tenders"
"521","miller distillery","51-9021.00","crushing grinding and polishing machine setters operators and tenders"
"521","liquor bridge operator","53-7072.00","pump operators except wellhead pumpers"
"521","shrimp peeling machine operator","51-9161.00","computer numerically controlled tool operators"
"521","shrimp peeling machine operator","51-9162.00","computer numerically controlled tool programmers"
"521","shrimp peeling machine operator","51-9199.00","production workers all other"
"521","almond cutting machine tender","51-9032.00","cutting and slicing machine setters operators and tenders"
"521","dried fruit washer","51-9192.00","cleaning washing and metal pickling equipment operators and tenders"
"521","ion exchange operator","51-9011.00","chemical equipment operators and tenders"
"521","routing equipment tender","53-7199.00","material moving workers all other"
"521","stem roller or crusher operator","51-9041.00","extruding forming pressing and compacting machine setters operators and tenders"
"521","bolter helper","51-9198.00","helpers production workers"
"521","cake puller","53-7063.00","machine feeders and offbearers"
"521","binder cutter hand","51-9031.00","cutters and trimmers hand"
"521","binder selector","51-9061.00","inspectors testers sorters samplers and weighers"
"521","char puller","53-7061.00","cleaners of vehicles and equipment"
"521","fish chopper gang knife","51-3022.00","meat poultry and fish cutters and trimmers"
"521","nut steamer","51-3093.00","food cooking machine operators and tenders"
"522","supervisor melt house","51-1011.00","first line supervisors of production and operating workers"
"522","training technician","25-1194.00","career technical education teachers postsecondary"
"522","yeast distiller","51-3093.00","food cooking machine operators and tenders"
"522","fermentation operator","51-9012.00","separating filtering clarifying precipitating and still machine setters operators and tenders"
"522","vinegar maker","51-9023.00","mixing and blending machine setters operators and tenders"
"522","fish roe technician","45-2041.00","graders and sorters agricultural products"
"522","olive brine tester","51-9061.00","inspectors testers sorters samplers and weighers"
"522","receiver fermenting cellars","53-7072.00","pump operators except wellhead pumpers"
"522","redrying machine operator","51-3091.00","food and tobacco roasting baking and drying machine operators and tenders"
"522","yeast pusher","51-9198.00","helpers production workers"
"522","pickler","51-9161.00","computer numerically controlled tool operators"
"522","pickler","51-9162.00","computer numerically controlled tool programmers"
"522","pickler","51-9199.00","production workers all other"
"522","brewery cellar worker","51-9193.00","cooling and freezing equipment operators and tenders"
"522","chip washer","53-7063.00","machine feeders and offbearers"
"522","barrel filler i","53-7064.00","packers and packagers hand"
"522","fish roe processor","51-3022.00","meat poultry and fish cutters and trimmers"
"523","testing and analysis department supervisor","51-1011.00","first line supervisors of production and operating workers"
"523","cocoa bean roaster i","51-3091.00","food and tobacco roasting baking and drying machine operators and tenders"
"523","cocoa bean roaster ii","51-9161.00","computer numerically controlled tool operators"
"523","cocoa bean roaster ii","51-9162.00","computer numerically controlled tool programmers"
"523","cocoa bean roaster ii","51-9199.00","production workers all other"
"523","maple syrup maker","51-9012.00","separating filtering clarifying precipitating and still machine setters operators and tenders"
"523","processor instant potato","51-3093.00","food cooking machine operators and tenders"
"523","chiller tender","51-9193.00","cooling and freezing equipment operators and tenders"
"523","drier short goods","51-9198.00","helpers production workers"
"523","coffee roaster helper","51-9061.00","inspectors testers sorters samplers and weighers"
"523","freezing room worker","53-7062.00","laborers and freight stock and material movers hand"
"524","cake decorator","51-9123.00","painting coating and decorating workers"
"524","coating machine operator","51-9124.00","coating painting and spraying machine setters operators and tenders"
"524","trolley operator","53-7011.00","conveyor operators and tenders"
"524","breading machine tender","51-9023.00","mixing and blending machine setters operators and tenders"
"524","filling machine tender","51-9111.00","packaging and filling machine operators and tenders"
"524","mexican food machine tender","51-9161.00","computer numerically controlled tool operators"
"524","mexican food machine tender","51-9162.00","computer numerically controlled tool programmers"
"524","mexican food machine tender","51-9199.00","production workers all other"
"524","enrobing machine feeder","53-7063.00","machine feeders and offbearers"
"524","novelty worker","51-9198.00","helpers production workers"
"524","cherry cutter","51-9031.00","cutters and trimmers hand"
"525","supervisor abattoir","51-1011.00","first line supervisors of production and operating workers"
"525","slaughterer religious ritual","51-3023.00","slaughterers and meat packers"
"525","grader meat","51-9061.00","inspectors testers sorters samplers and weighers"
"525","shrouder","51-9198.00","helpers production workers"
"525","smoker","51-3091.00","food and tobacco roasting baking and drying machine operators and tenders"
"525","boner meat","51-3022.00","meat poultry and fish cutters and trimmers"
"525","band saw operator","51-9032.00","cutting and slicing machine setters operators and tenders"
"525","casing running machine tender","51-9111.00","packaging and filling machine operators and tenders"
"525","dehairing machine tender","51-9161.00","computer numerically controlled tool operators"
"525","dehairing machine tender","51-9162.00","computer numerically controlled tool programmers"
"525","dehairing machine tender","51-9199.00","production workers all other"
"525","hide puller","51-9012.00","separating filtering clarifying precipitating and still machine setters operators and tenders"
"525","casing cleaner","53-7063.00","machine feeders and offbearers"
"525","hide trimmer","51-9031.00","cutters and trimmers hand"
"525","offal icer poultry","53-7062.00","laborers and freight stock and material movers hand"
"525","poultry dressing worker","53-7064.00","packers and packagers hand"
"526","bakery supervisor","51-1011.00","first line supervisors of production and operating workers"
"526","baker","51-3011.00","bakers"
"526","baker test","19-4013.00","food science technicians"
"526","cake tester","51-9061.00","inspectors testers sorters samplers and weighers"
"526","cook kettle","51-3093.00","food cooking machine operators and tenders"
"526","conche operator","51-9023.00","mixing and blending machine setters operators and tenders"
"526","converter operator","51-9161.00","computer numerically controlled tool operators"
"526","converter operator","51-9162.00","computer numerically controlled tool programmers"
"526","converter operator","51-9199.00","production workers all other"
"526","steam oven operator","51-3091.00","food and tobacco roasting baking and drying machine operators and tenders"
"526","baker helper","51-9198.00","helpers production workers"
"529","supervisor candy","51-1011.00","first line supervisors of production and operating workers"
"529","fruit coordinator","51-9061.00","inspectors testers sorters samplers and weighers"
"529","almond paste mixer","51-3092.00","food batchmakers"
"529","buttermaker","51-9012.00","separating filtering clarifying precipitating and still machine setters operators and tenders"
"529","buttermaker continuous churn","51-9023.00","mixing and blending machine setters operators and tenders"
"529","chocolate production machine operator","51-9161.00","computer numerically controlled tool operators"
"529","chocolate production machine operator","51-9162.00","computer numerically controlled tool programmers"
"529","chocolate production machine operator","51-9199.00","production workers all other"
"529","freezer operator","51-9193.00","cooling and freezing equipment operators and tenders"
"529","steak sauce maker","51-3093.00","food cooking machine operators and tenders"
"529","drier belt conveyor","51-3091.00","food and tobacco roasting baking and drying machine operators and tenders"
"529","nut process helper","51-9198.00","helpers production workers"
"529","cheese cutter","51-9032.00","cutting and slicing machine setters operators and tenders"
"529","tank tender","53-7072.00","pump operators except wellhead pumpers"
"529","fruit grader operator","51-9111.00","packaging and filling machine operators and tenders"
"529","washroom operator","51-9192.00","cleaning washing and metal pickling equipment operators and tenders"
"529","mash filter cloth changer","49-9043.00","maintenance workers machinery"
"529","lozenge maker","51-9041.00","extruding forming pressing and compacting machine setters operators and tenders"
"529","silo operator","53-7011.00","conveyor operators and tenders"
"529","dumping machine operator","53-7199.00","material moving workers all other"
"529","stem dryer maintainer","53-7061.00","cleaners of vehicles and equipment"
"529","bundles hanger","53-7063.00","machine feeders and offbearers"
"529","cutlet maker pork","51-3022.00","meat poultry and fish cutters and trimmers"
"529","bulk filler","53-7064.00","packers and packagers hand"
"529","casing sewer","51-6051.00","sewers hand"
"529","egg candler","45-2041.00","graders and sorters agricultural products"
"529","leaf tier","53-7062.00","laborers and freight stock and material movers hand"
"530","coating mixer supervisor","51-1011.00","first line supervisors of production and operating workers"
"530","color developer","51-9161.00","computer numerically controlled tool operators"
"530","color developer","51-9162.00","computer numerically controlled tool programmers"
"530","color developer","51-9199.00","production workers all other"
"530","pulp refiner operator","51-9021.00","crushing grinding and polishing machine setters operators and tenders"
"530","pulp refiner operator","51-9023.00","mixing and blending machine setters operators and tenders"
"530","mixer helper","51-9198.00","helpers production workers"
"530","rag cutting machine tender","51-9032.00","cutting and slicing machine setters operators and tenders"
"530","rag cutting machine feeder","53-7063.00","machine feeders and offbearers"
"530","rag inspector","51-9061.00","inspectors testers sorters samplers and weighers"
"532","digester operator","51-9161.00","computer numerically controlled tool operators"
"532","digester operator","51-9162.00","computer numerically controlled tool programmers"
"532","digester operator","51-9199.00","production workers all other"
"532","matrix drier tender","51-9051.00","furnace kiln oven drier and kettle operators and tenders"
"532","evaporator operator","51-9012.00","separating filtering clarifying precipitating and still machine setters operators and tenders"
"532","pulp press tender","51-9041.00","extruding forming pressing and compacting machine setters operators and tenders"
"532","digester operator helper","53-7063.00","machine feeders and offbearers"
"533","bleacher pulp","51-9192.00","cleaning washing and metal pickling equipment operators and tenders"
"533","decker operator","51-9012.00","separating filtering clarifying precipitating and still machine setters operators and tenders"
"533","thrasher feeder","51-9161.00","computer numerically controlled tool operators"
"533","thrasher feeder","51-9162.00","computer numerically controlled tool programmers"
"533","thrasher feeder","51-9199.00","production workers all other"
"533","blow pit helper","51-9198.00","helpers production workers"
"534","supervisor coating","51-1011.00","first line supervisors of production and operating workers"
"534","carbon paper coating machine setter","51-9124.00","coating painting and spraying machine setters operators and tenders"
"534","oven tender","51-9051.00","furnace kiln oven drier and kettle operators and tenders"
"534","back tender paper machine","51-9161.00","computer numerically controlled tool operators"
"534","back tender paper machine","51-9162.00","computer numerically controlled tool programmers"
"534","back tender paper machine","51-9199.00","production workers all other"
"534","dampener operator","51-9041.00","extruding forming pressing and compacting machine setters operators and tenders"
"534","paper processing machine helper","51-9198.00","helpers production workers"
"535","wad compressor operator adjuster","51-9041.00","extruding forming pressing and compacting machine setters operators and tenders"
"539","supervisor hardboard","51-1011.00","first line supervisors of production and operating workers"
"539","cylinder machine operator","51-9161.00","computer numerically controlled tool operators"
"539","cylinder machine operator","51-9162.00","computer numerically controlled tool programmers"
"539","cylinder machine operator","51-9199.00","production workers all other"
"539","fourdrinier machine operator","51-9012.00","separating filtering clarifying precipitating and still machine setters operators and tenders"
"539","slurry mixer","51-9023.00","mixing and blending machine setters operators and tenders"
"539","pulp and paper tester","51-9061.00","inspectors testers sorters samplers and weighers"
"539","calender operator insulation board","51-9124.00","coating painting and spraying machine setters operators and tenders"
"539","vulcanized fiber unit operator","51-9041.00","extruding forming pressing and compacting machine setters operators and tenders"
"539","laborer rags","51-9198.00","helpers production workers"
"539","cutter wet machine","51-9031.00","cutters and trimmers hand"
"540","compounder","51-9023.00","mixing and blending machine setters operators and tenders"
"540","compounder helper","51-9198.00","helpers production workers"
"541","desulfurizer operator","51-9012.00","separating filtering clarifying precipitating and still machine setters operators and tenders"
"542","supervisor natural gas plant","51-1011.00","first line supervisors of production and operating workers"
"542","heater ii","51-9051.00","furnace kiln oven drier and kettle operators and tenders"
"542","refinery operator helper","51-9198.00","helpers production workers"
"542","coke inspector","51-9061.00","inspectors testers sorters samplers and weighers"
"542","wharf tender","53-7062.00","laborers and freight stock and material movers hand"
"542","sublimer","51-9012.00","separating filtering clarifying precipitating and still machine setters operators and tenders"
"543","oil boiler","51-9051.00","furnace kiln oven drier and kettle operators and tenders"
"543","carbon furnace operator helper","51-9198.00","helpers production workers"
"543","furnace worker","51-9161.00","computer numerically controlled tool operators"
"543","furnace worker","51-9162.00","computer numerically controlled tool programmers"
"543","furnace worker","51-9199.00","production workers all other"
"543","paraffin plant sweater operator","51-9012.00","separating filtering clarifying precipitating and still machine setters operators and tenders"
"543","quality control tester","51-9061.00","inspectors testers sorters samplers and weighers"
"543","bullet lubricant mixer","51-9023.00","mixing and blending machine setters operators and tenders"
"544","grinder carbon plant","51-9021.00","crushing grinding and polishing machine setters operators and tenders"
"544","grinder carbon plant","51-9023.00","mixing and blending machine setters operators and tenders"
"546","control panel operator","51-8093.00","petroleum pump system operators refinery operators and gaugers"
"546","gas treater","51-9011.00","chemical equipment operators and tenders"
"549","supervisor tower","51-1011.00","first line supervisors of production and operating workers"
"549","refinery operator","51-8093.00","petroleum pump system operators refinery operators and gaugers"
"549","mechanical inspector","51-9061.00","inspectors testers sorters samplers and weighers"
"549","still pump operator","53-7072.00","pump operators except wellhead pumpers"
"549","treater","51-9161.00","computer numerically controlled tool operators"
"549","treater","51-9162.00","computer numerically controlled tool programmers"
"549","treater","51-9199.00","production workers all other"
"549","cooling tower technician","49-9041.00","industrial machinery mechanics"
"549","natural gas treating unit operator","51-9012.00","separating filtering clarifying precipitating and still machine setters operators and tenders"
"549","compressed gas plant worker","51-9198.00","helpers production workers"
"549","acetylene cylinder packing mixer","51-9023.00","mixing and blending machine setters operators and tenders"
"549","air table operator","51-9192.00","cleaning washing and metal pickling equipment operators and tenders"
"549","molder wax","51-9041.00","extruding forming pressing and compacting machine setters operators and tenders"
"549","felt hanger","53-7063.00","machine feeders and offbearers"
"550","cosmetics supervisor","51-1011.00","first line supervisors of production and operating workers"
"550","frothing machine operator","51-9023.00","mixing and blending machine setters operators and tenders"
"550","mixing machine operator","51-9161.00","computer numerically controlled tool operators"
"550","mixing machine operator","51-9162.00","computer numerically controlled tool programmers"
"550","mixing machine operator","51-9199.00","production workers all other"
"550","sample color maker","51-9061.00","inspectors testers sorters samplers and weighers"
"550","blender helper","51-9198.00","helpers production workers"
"550","batch trucker","53-7063.00","machine feeders and offbearers"
"551","supervisor processing","51-1011.00","first line supervisors of production and operating workers"
"551","purification operator ii","51-9012.00","separating filtering clarifying precipitating and still machine setters operators and tenders"
"551","purification operator helper","51-9011.00","chemical equipment operators and tenders"
"551","hydraulic strainer operator","51-4199.00","metal workers and plastic workers all other"
"551","rotary cutter operator","51-9032.00","cutting and slicing machine setters operators and tenders"
"551","pitch worker","53-7063.00","machine feeders and offbearers"
"551","benzene washer operator","51-9192.00","cleaning washing and metal pickling equipment operators and tenders"
"551","band tumbler","51-9161.00","computer numerically controlled tool operators"
"551","band tumbler","51-9162.00","computer numerically controlled tool programmers"
"551","band tumbler","51-9199.00","production workers all other"
"551","centrifugal drier operator","51-9051.00","furnace kiln oven drier and kettle operators and tenders"
"551","chiller operator","51-9193.00","cooling and freezing equipment operators and tenders"
"551","dehydrating press operator","51-9041.00","extruding forming pressing and compacting machine setters operators and tenders"
"551","bone picker","51-9198.00","helpers production workers"
"552","shift superintendent caustic cresylate","51-1011.00","first line supervisors of production and operating workers"
"552","monomer purification operator","51-9012.00","separating filtering clarifying precipitating and still machine setters operators and tenders"
"552","oxygen plant operator","51-8092.00","gas plant operators"
"552","retort condenser attendant","51-9161.00","computer numerically controlled tool operators"
"552","retort condenser attendant","51-9162.00","computer numerically controlled tool programmers"
"552","retort condenser attendant","51-9199.00","production workers all other"
"552","extractor operator helper","53-7063.00","machine feeders and offbearers"
"552","distillation operator helper","51-9198.00","helpers production workers"
"553","supervisor grease refining","51-1011.00","first line supervisors of production and operating workers"
"553","belt press operator i","51-9161.00","computer numerically controlled tool operators"
"553","belt press operator i","51-9162.00","computer numerically controlled tool programmers"
"553","belt press operator i","51-9199.00","production workers all other"
"553","autoclave operator","51-9051.00","furnace kiln oven drier and kettle operators and tenders"
"553","sample tester","51-9061.00","inspectors testers sorters samplers and weighers"
"553","evaporator operator i","51-9012.00","separating filtering clarifying precipitating and still machine setters operators and tenders"
"553","metal bonding press operator","51-4199.00","metal workers and plastic workers all other"
"553","calcine furnace loader","53-7063.00","machine feeders and offbearers"
"553","thermal molder","51-9041.00","extruding forming pressing and compacting machine setters operators and tenders"
"553","cooker tender","51-3093.00","food cooking machine operators and tenders"
"553","curer foam rubber","51-9023.00","mixing and blending machine setters operators and tenders"
"553","bagger","51-4191.00","heat treating equipment setters operators and tenders metal and plastic"
"553","cadmium liquor maker","51-9011.00","chemical equipment operators and tenders"
"553","drier operator helper","51-9198.00","helpers production workers"
"553","firer retort","51-8021.00","stationary engineers and boiler operators"
"553","milled rubber tender","53-7011.00","conveyor operators and tenders"
"553","cadmium burner","51-4051.00","metal refining furnace operators and tenders"
"554","finishing supervisor plastic sheets","51-1011.00","first line supervisors of production and operating workers"
"554","calender operator","51-9124.00","coating painting and spraying machine setters operators and tenders"
"554","plastics spreading machine operator","51-4193.00","plating machine setters operators and tenders metal and plastic"
"554","dyer","51-9123.00","painting coating and decorating workers"
"554","strap folding machine operator","51-9161.00","computer numerically controlled tool operators"
"554","strap folding machine operator","51-9162.00","computer numerically controlled tool programmers"
"554","strap folding machine operator","51-9199.00","production workers all other"
"554","finisher","51-9198.00","helpers production workers"
"554","roll inspector","51-9061.00","inspectors testers sorters samplers and weighers"
"554","calender wind up tender","51-6064.00","textile winding twisting and drawing out machine setters operators and tenders"
"554","laminating machine tender","51-9041.00","extruding forming pressing and compacting machine setters operators and tenders"
"554","masking machine operator","51-9191.00","adhesive bonding machine operators and tenders"
"554","roll operator","51-4023.00","rolling machine setters operators and tenders metal and plastic"
"554","foam dispenser","51-9111.00","packaging and filling machine operators and tenders"
"554","bulk sealer operator","51-4199.00","metal workers and plastic workers all other"
"554","calender feeder","53-7063.00","machine feeders and offbearers"
"555","pulverizer mill operator","51-9021.00","crushing grinding and polishing machine setters operators and tenders"
"555","cutter operator","51-9032.00","cutting and slicing machine setters operators and tenders"
"555","miller ii","51-9023.00","mixing and blending machine setters operators and tenders"
"555","pellet press operator","51-9041.00","extruding forming pressing and compacting machine setters operators and tenders"
"555","second operator mill tender","51-9161.00","computer numerically controlled tool operators"
"555","second operator mill tender","51-9162.00","computer numerically controlled tool programmers"
"555","second operator mill tender","51-9199.00","production workers all other"
"555","block breaker operator","53-7063.00","machine feeders and offbearers"
"555","scale operator","51-9061.00","inspectors testers sorters samplers and weighers"
"556","supervisor plastics fabrication","51-1011.00","first line supervisors of production and operating workers"
"556","plastic process technician","51-4072.00","molding coremaking and casting machine setters operators and tenders metal and plastic"
"556","arch cushion press operator","51-9041.00","extruding forming pressing and compacting machine setters operators and tenders"
"556","scagliola mechanic","51-9195.00","molders shapers and casters except metal and plastic"
"556","polymerization oven operator","51-9051.00","furnace kiln oven drier and kettle operators and tenders"
"556","mold parter","51-9198.00","helpers production workers"
"556","cell inspector","51-9061.00","inspectors testers sorters samplers and weighers"
"556","needle bar molder","51-9161.00","computer numerically controlled tool operators"
"556","needle bar molder","51-9162.00","computer numerically controlled tool programmers"
"556","needle bar molder","51-9199.00","production workers all other"
"556","paradichlorobenzene tender","51-9193.00","cooling and freezing equipment operators and tenders"
"556","cell stripper","53-7063.00","machine feeders and offbearers"
"557","supervisor extruding department","51-1011.00","first line supervisors of production and operating workers"
"557","extruder operator","51-4021.00","extruding and drawing machine setters operators and tenders metal and plastic"
"557","wink cutter operator","51-9041.00","extruding forming pressing and compacting machine setters operators and tenders"
"557","extruder operator helper","51-9198.00","helpers production workers"
"557","pump tester","51-9061.00","inspectors testers sorters samplers and weighers"
"557","synthetic filament extruder","51-6091.00","extruding and forming machine setters operators and tenders synthetic and glass fibers"
"557","jet handler","53-7061.00","cleaners of vehicles and equipment"
"557","jet wiper","51-9161.00","computer numerically controlled tool operators"
"557","jet wiper","51-9162.00","computer numerically controlled tool programmers"
"557","jet wiper","51-9199.00","production workers all other"
"557","take up operator","51-6064.00","textile winding twisting and drawing out machine setters operators and tenders"
"558","supervisor phosphatic fertilizer","51-1011.00","first line supervisors of production and operating workers"
"558","chief operator","51-8091.00","chemical plant and system operators"
"558","catalytic converter operator","51-9161.00","computer numerically controlled tool operators"
"558","catalytic converter operator","51-9162.00","computer numerically controlled tool programmers"
"558","catalytic converter operator","51-9199.00","production workers all other"
"558","acid extractor","51-9012.00","separating filtering clarifying precipitating and still machine setters operators and tenders"
"558","cd reactor operator","51-9011.00","chemical equipment operators and tenders"
"558","furnace operator","51-9051.00","furnace kiln oven drier and kettle operators and tenders"
"558","cell tester","51-9061.00","inspectors testers sorters samplers and weighers"
"558","polymerization helper","51-9198.00","helpers production workers"
"558","devulcanizer charger","53-7063.00","machine feeders and offbearers"
"558","bleacher operator","51-9192.00","cleaning washing and metal pickling equipment operators and tenders"
"559","chemical processing supervisor","51-1011.00","first line supervisors of production and operating workers"
"559","supervisor tank cleaning","53-1042.00","first line supervisors of helpers laborers and material movers hand"
"559","checker","51-8091.00","chemical plant and system operators"
"559","laboratory technician pharmaceutical","29-2012.00","medical and clinical laboratory technicians"
"559","alum plant operator","51-9161.00","computer numerically controlled tool operators"
"559","alum plant operator","51-9162.00","computer numerically controlled tool programmers"
"559","alum plant operator","51-9199.00","production workers all other"
"559","finishing area operator","51-9041.00","extruding forming pressing and compacting machine setters operators and tenders"
"559","liquefaction plant operator","51-8092.00","gas plant operators"
"559","tower operator","51-9051.00","furnace kiln oven drier and kettle operators and tenders"
"559","furnace stock inspector","51-9061.00","inspectors testers sorters samplers and weighers"
"559","catalyst operator gasoline","51-9023.00","mixing and blending machine setters operators and tenders"
"559","chemical operator iii","51-9011.00","chemical equipment operators and tenders"
"559","glue maker bone","51-9012.00","separating filtering clarifying precipitating and still machine setters operators and tenders"
"559","shredding floor equipment operator","51-4199.00","metal workers and plastic workers all other"
"559","laboratory assistant culture media","19-4012.00","agricultural technicians"
"559","laboratory assistant culture media","19-4021.00","biological technicians"
"559","wash mill operator","51-9192.00","cleaning washing and metal pickling equipment operators and tenders"
"559","cylinder filler","51-9111.00","packaging and filling machine operators and tenders"
"559","grease and tallow pumper","53-7072.00","pump operators except wellhead pumpers"
"559","rod and tube straightener","51-9198.00","helpers production workers"
"559","lacquer maker","51-9021.00","crushing grinding and polishing machine setters operators and tenders"
"559","tank cleaner","53-7061.00","cleaners of vehicles and equipment"
"559","freezing machine operator","51-9193.00","cooling and freezing equipment operators and tenders"
"559","powder cutting operator","51-9032.00","cutting and slicing machine setters operators and tenders"
"559","compound worker","53-7063.00","machine feeders and offbearers"
"559","ampoule sealer","53-7064.00","packers and packagers hand"
"560","chip mixing machine operator","51-9023.00","mixing and blending machine setters operators and tenders"
"560","compounder cork","51-9061.00","inspectors testers sorters samplers and weighers"
"561","treating plant supervisor","51-1011.00","first line supervisors of production and operating workers"
"561","treating engineer","51-9051.00","furnace kiln oven drier and kettle operators and tenders"
"561","stain applicator","51-9124.00","coating painting and spraying machine setters operators and tenders"
"561","pole inspector","51-9061.00","inspectors testers sorters samplers and weighers"
"561","tanker","51-9161.00","computer numerically controlled tool operators"
"561","tanker","51-9162.00","computer numerically controlled tool programmers"
"561","tanker","51-9199.00","production workers all other"
"561","treating engineer helper","51-9198.00","helpers production workers"
"562","whiting machine operator","51-9124.00","coating painting and spraying machine setters operators and tenders"
"562","log cooker","51-9051.00","furnace kiln oven drier and kettle operators and tenders"
"562","humidifier operator","51-9161.00","computer numerically controlled tool operators"
"562","humidifier operator","51-9162.00","computer numerically controlled tool programmers"
"562","humidifier operator","51-9199.00","production workers all other"
"562","steam tunnel feeder","53-7063.00","machine feeders and offbearers"
"562","dyer","51-9123.00","painting coating and decorating workers"
"563","supervisor drying","51-1011.00","first line supervisors of production and operating workers"
"563","kiln operator","51-9051.00","furnace kiln oven drier and kettle operators and tenders"
"563","bark press operator","51-9041.00","extruding forming pressing and compacting machine setters operators and tenders"
"563","sticker","53-7063.00","machine feeders and offbearers"
"563","antichecking iron worker","51-9161.00","computer numerically controlled tool operators"
"563","antichecking iron worker","51-9162.00","computer numerically controlled tool programmers"
"563","antichecking iron worker","51-9199.00","production workers all other"
"563","moisture tester","51-9061.00","inspectors testers sorters samplers and weighers"
"564","wood crew supervisor","51-1011.00","first line supervisors of production and operating workers"
"564","log chipper operator","51-9021.00","crushing grinding and polishing machine setters operators and tenders"
"564","chipping machine operator","51-7042.00","woodworking machine setters operators and tenders except sawing"
"564","flake cutter operator","51-9032.00","cutting and slicing machine setters operators and tenders"
"564","knife setter grinder machine","49-9043.00","maintenance workers machinery"
"564","wood scrap handler","53-7063.00","machine feeders and offbearers"
"564","chopper","51-9198.00","helpers production workers"
"569","gasket supervisor","51-1011.00","first line supervisors of production and operating workers"
"569","treating inspector","51-9061.00","inspectors testers sorters samplers and weighers"
"569","line tender flakeboard","51-9041.00","extruding forming pressing and compacting machine setters operators and tenders"
"569","crew leader gluing","51-9191.00","adhesive bonding machine operators and tenders"
"569","incising machine operator","51-7042.00","woodworking machine setters operators and tenders except sawing"
"569","grinder hardboard","51-9021.00","crushing grinding and polishing machine setters operators and tenders"
"569","kiln transfer operator","53-7051.00","industrial truck and tractor operators"
"569","log peeler","51-9031.00","cutters and trimmers hand"
"569","stacker machine","53-7199.00","material moving workers all other"
"569","varnisher","51-9124.00","coating painting and spraying machine setters operators and tenders"
"569","veneer taper","51-9161.00","computer numerically controlled tool operators"
"569","veneer taper","51-9162.00","computer numerically controlled tool programmers"
"569","veneer taper","51-9199.00","production workers all other"
"569","back feeder plywood layup line","53-7063.00","machine feeders and offbearers"
"569","clamp remover","51-9198.00","helpers production workers"
"569","screen cleaner","53-7061.00","cleaners of vehicles and equipment"
"570","supervisor clay preparation","51-1011.00","first line supervisors of production and operating workers"
"570","supervisor","53-1042.00","first line supervisors of helpers laborers and material movers hand"
"570","bulk station operator","51-9023.00","mixing and blending machine setters operators and tenders"
"570","mill operator","51-9021.00","crushing grinding and polishing machine setters operators and tenders"
"570","mixer diamond powder","51-9161.00","computer numerically controlled tool operators"
"570","mixer diamond powder","51-9162.00","computer numerically controlled tool programmers"
"570","mixer diamond powder","51-9199.00","production workers all other"
"570","abrasive grader","51-9061.00","inspectors testers sorters samplers and weighers"
"570","abrasive grader helper","53-7063.00","machine feeders and offbearers"
"570","abrasive mixer helper","51-9198.00","helpers production workers"
"571","burner tender","51-9051.00","furnace kiln oven drier and kettle operators and tenders"
"571","glaze handler","51-9012.00","separating filtering clarifying precipitating and still machine setters operators and tenders"
"572","furnace combustion analyst","51-9061.00","inspectors testers sorters samplers and weighers"
"572","batch and furnace operator","51-9051.00","furnace kiln oven drier and kettle operators and tenders"
"572","cupola charger insulation","53-7063.00","machine feeders and offbearers"
"573","burning supervisor","51-1011.00","first line supervisors of production and operating workers"
"573","dry kiln operator","51-9051.00","furnace kiln oven drier and kettle operators and tenders"
"573","kiln drawer","51-9198.00","helpers production workers"
"573","kiln door builder","47-2021.00","brickmasons and blockmasons"
"573","setter","51-9161.00","computer numerically controlled tool operators"
"573","setter","51-9162.00","computer numerically controlled tool programmers"
"573","setter","51-9199.00","production workers all other"
"573","glazing machine operator","51-9124.00","coating painting and spraying machine setters operators and tenders"
"573","brake lining curer","53-7063.00","machine feeders and offbearers"
"573","kiln cleaner","53-7061.00","cleaners of vehicles and equipment"
"573","setter helper","53-7062.00","laborers and freight stock and material movers hand"
"573","sorter","51-9061.00","inspectors testers sorters samplers and weighers"
"574","glaze supervisor","51-1011.00","first line supervisors of production and operating workers"
"574","tile shader","51-9061.00","inspectors testers sorters samplers and weighers"
"574","abrasive coating machine operator","51-9124.00","coating painting and spraying machine setters operators and tenders"
"574","optical glass silverer","51-9123.00","painting coating and decorating workers"
"574","paperhanger","51-9161.00","computer numerically controlled tool operators"
"574","paperhanger","51-9162.00","computer numerically controlled tool programmers"
"574","paperhanger","51-9199.00","production workers all other"
"574","dust box worker","51-9198.00","helpers production workers"
"574","spray machine loader","53-7063.00","machine feeders and offbearers"
"575","press supervisor","51-1011.00","first line supervisors of production and operating workers"
"575","glass bulb machine adjuster","51-9161.00","computer numerically controlled tool operators"
"575","glass bulb machine adjuster","51-9162.00","computer numerically controlled tool programmers"
"575","glass bulb machine adjuster","51-9199.00","production workers all other"
"575","drawing kiln operator","51-9041.00","extruding forming pressing and compacting machine setters operators and tenders"
"575","molder","51-9195.04","glass blowers molders benders and finishers"
"575","concrete stone fabricator","51-9195.00","molders shapers and casters except metal and plastic"
"575","shot coat tender","51-9124.00","coating painting and spraying machine setters operators and tenders"
"575","bucket operator","53-7199.00","material moving workers all other"
"575","crosscutter rolled glass","51-9031.00","cutters and trimmers hand"
"575","fiber machine tender","51-6091.00","extruding and forming machine setters operators and tenders synthetic and glass fibers"
"575","dry press operator helper","51-9198.00","helpers production workers"
"575","molder helper","53-7063.00","machine feeders and offbearers"
"575","mat inspector","51-9061.00","inspectors testers sorters samplers and weighers"
"575","pipe stripper","53-7062.00","laborers and freight stock and material movers hand"
"575","tip out worker","53-7011.00","conveyor operators and tenders"
"579","supervisor board mill","51-1011.00","first line supervisors of production and operating workers"
"579","dispatcher concrete products","53-1043.00","first line supervisors of material moving machine and vehicle operators"
"579","dispatcher concrete products","53-1044.00","first line supervisors of passenger attendants"
"579","dispatcher concrete products","53-1049.00","first line supervisors of transportation workers all other"
"579","quality control technician","51-9061.00","inspectors testers sorters samplers and weighers"
"579","board machine set up operator","51-9161.00","computer numerically controlled tool operators"
"579","board machine set up operator","51-9162.00","computer numerically controlled tool programmers"
"579","board machine set up operator","51-9199.00","production workers all other"
"579","calciner gypsum","51-9021.00","crushing grinding and polishing machine setters operators and tenders"
"579","cupola operator insulation","51-9051.00","furnace kiln oven drier and kettle operators and tenders"
"579","knife operator","51-9032.00","cutting and slicing machine setters operators and tenders"
"579","clay structure builder and servicer","49-9045.00","refractory materials repairers except brickmasons"
"579","laborer concrete mixing plant","53-7062.00","laborers and freight stock and material movers hand"
"579","laborer general","51-9198.00","helpers production workers"
"579","mixer wet pour","51-9023.00","mixing and blending machine setters operators and tenders"
"579","concrete vault maker","51-9195.00","molders shapers and casters except metal and plastic"
"579","cutter","51-9031.00","cutters and trimmers hand"
"579","glass cleaning machine tender","51-9192.00","cleaning washing and metal pickling equipment operators and tenders"
"579","glass wool blanket machine feeder","51-9191.00","adhesive bonding machine operators and tenders"
"579","mica plate layer","51-9041.00","extruding forming pressing and compacting machine setters operators and tenders"
"579","packer insulation","51-9111.00","packaging and filling machine operators and tenders"
"579","rouge sifter and miller","51-9012.00","separating filtering clarifying precipitating and still machine setters operators and tenders"
"579","silo tender","53-7011.00","conveyor operators and tenders"
"579","mat packer","53-7063.00","machine feeders and offbearers"
"580","fixer boarding room","51-6099.00","textile apparel and furnishings workers all other"
"580","calendering machine operator","51-9161.00","computer numerically controlled tool operators"
"580","calendering machine operator","51-9162.00","computer numerically controlled tool programmers"
"580","calendering machine operator","51-9199.00","production workers all other"
"580","cloth drier","51-9051.00","furnace kiln oven drier and kettle operators and tenders"
"580","hooking machine operator","51-6064.00","textile winding twisting and drawing out machine setters operators and tenders"
"580","molder","51-6021.00","pressers textile garment and related materials"
"580","oriental rug stretcher","51-9198.00","helpers production workers"
"581","carbonizer","51-9161.00","computer numerically controlled tool operators"
"581","carbonizer","51-9162.00","computer numerically controlled tool programmers"
"581","carbonizer","51-9199.00","production workers all other"
"581","heat curer","53-7063.00","machine feeders and offbearers"
"581","drier","51-9051.00","furnace kiln oven drier and kettle operators and tenders"
"581","winding rack operator","51-6064.00","textile winding twisting and drawing out machine setters operators and tenders"
"581","burlap spreader","51-9198.00","helpers production workers"
"582","supervisor glazing department","51-1011.00","first line supervisors of production and operating workers"
"582","color matcher","51-9061.00","inspectors testers sorters samplers and weighers"
"582","panelboard operator","51-6061.00","textile bleaching and dyeing machine operators and tenders"
"582","dye lab technician","19-4031.00","chemical technicians"
"582","colorer hides and skins","51-9161.00","computer numerically controlled tool operators"
"582","colorer hides and skins","51-9162.00","computer numerically controlled tool programmers"
"582","colorer hides and skins","51-9199.00","production workers all other"
"582","sizing machine and drier operator","51-9124.00","coating painting and spraying machine setters operators and tenders"
"582","spot cleaner","51-6011.00","laundry and dry cleaning workers"
"582","hair boiler operator","51-9051.00","furnace kiln oven drier and kettle operators and tenders"
"582","dye house worker","53-7063.00","machine feeders and offbearers"
"582","dye reel operator helper","51-9198.00","helpers production workers"
"583","supervisor pressing department","51-1011.00","first line supervisors of production and operating workers"
"583","calender machine operator","51-6021.00","pressers textile garment and related materials"
"583","coating and embossing unit operator","51-9124.00","coating painting and spraying machine setters operators and tenders"
"583","pleater hand","51-9161.00","computer numerically controlled tool operators"
"583","pleater hand","51-9162.00","computer numerically controlled tool programmers"
"583","pleater hand","51-9199.00","production workers all other"
"583","trimming machine operator","51-6064.00","textile winding twisting and drawing out machine setters operators and tenders"
"583","fusing machine feeder","53-7063.00","machine feeders and offbearers"
"583","press hand","51-9198.00","helpers production workers"
"584","coating machine operator i","51-9124.00","coating painting and spraying machine setters operators and tenders"
"584","quilting machine operator","51-9161.00","computer numerically controlled tool operators"
"584","quilting machine operator","51-9162.00","computer numerically controlled tool programmers"
"584","quilting machine operator","51-9199.00","production workers all other"
"584","glue spreading machine operator","51-9191.00","adhesive bonding machine operators and tenders"
"584","latexer","51-9123.00","painting coating and decorating workers"
"584","yarn mercerizer operator helper","51-9198.00","helpers production workers"
"585","supervisor corduroy cutting","51-1011.00","first line supervisors of production and operating workers"
"585","cutting machine fixer","51-6062.00","textile cutting machine setters operators and tenders"
"585","napper tender","51-9161.00","computer numerically controlled tool operators"
"585","napper tender","51-9162.00","computer numerically controlled tool programmers"
"585","napper tender","51-9199.00","production workers all other"
"585","flesher","51-6099.00","textile apparel and furnishings workers all other"
"585","trimmer hand","51-9031.00","cutters and trimmers hand"
"585","buffer machine","51-9021.00","crushing grinding and polishing machine setters operators and tenders"
"585","concaving machine operator","51-9032.00","cutting and slicing machine setters operators and tenders"
"585","rug inspector","51-9061.00","inspectors testers sorters samplers and weighers"
"585","feather cutting machine feeder","53-7063.00","machine feeders and offbearers"
"585","cloth edge singer","51-9198.00","helpers production workers"
"585","singer","53-7064.00","packers and packagers hand"
"586","supervisor v","51-1011.00","first line supervisors of production and operating workers"
"586","fulling machine operator","51-9161.00","computer numerically controlled tool operators"
"586","fulling machine operator","51-9162.00","computer numerically controlled tool programmers"
"586","fulling machine operator","51-9199.00","production workers all other"
"586","continuous crusher operator","51-9021.00","crushing grinding and polishing machine setters operators and tenders"
"586","testing machine operator","51-9061.00","inspectors testers sorters samplers and weighers"
"586","carroting machine offbearer","53-7063.00","machine feeders and offbearers"
"586","felting machine operator helper","51-9198.00","helpers production workers"
"586","felt carbonizer","51-6061.00","textile bleaching and dyeing machine operators and tenders"
"587","cloth shrinking tester","51-9061.00","inspectors testers sorters samplers and weighers"
"587","autoclave operator","51-9051.00","furnace kiln oven drier and kettle operators and tenders"
"587","brush operator","51-9161.00","computer numerically controlled tool operators"
"587","brush operator","51-9162.00","computer numerically controlled tool programmers"
"587","brush operator","51-9199.00","production workers all other"
"587","cloth shrinking machine operator","51-6061.00","textile bleaching and dyeing machine operators and tenders"
"587","cloth shrinking machine operator helper","51-9198.00","helpers production workers"
"589","cloth finisher","51-1011.00","first line supervisors of production and operating workers"
"589","bonding machine setter","51-6064.00","textile winding twisting and drawing out machine setters operators and tenders"
"589","fur dresser","51-6099.00","textile apparel and furnishings workers all other"
"589","product tester fiberglass","51-9061.00","inspectors testers sorters samplers and weighers"
"589","wool sorter","45-2041.00","graders and sorters agricultural products"
"589","color mixer","51-9023.00","mixing and blending machine setters operators and tenders"
"589","pad extractor tender","51-9051.00","furnace kiln oven drier and kettle operators and tenders"
"589","cloth finishing range operator chief","51-6061.00","textile bleaching and dyeing machine operators and tenders"
"589","bonding machine tender","51-9161.00","computer numerically controlled tool operators"
"589","bonding machine tender","51-9162.00","computer numerically controlled tool programmers"
"589","bonding machine tender","51-9199.00","production workers all other"
"589","dry cleaner","51-6011.00","laundry and dry cleaning workers"
"589","feather separator","51-9012.00","separating filtering clarifying precipitating and still machine setters operators and tenders"
"589","back tender","53-7063.00","machine feeders and offbearers"
"589","laborer general","51-9198.00","helpers production workers"
"589","stainer","51-9123.00","painting coating and decorating workers"
"590","supervisor electronics processing","51-1011.00","first line supervisors of production and operating workers"
"590","crystal growing technician","51-9141.00","semiconductor processing technicians"
"590","forming process worker","51-8099.00","plant and system operators all other"
"590","impregnating machine operator","51-9161.00","computer numerically controlled tool operators"
"590","impregnating machine operator","51-9162.00","computer numerically controlled tool programmers"
"590","impregnating machine operator","51-9199.00","production workers all other"
"590","inspector ii","51-9061.00","inspectors testers sorters samplers and weighers"
"590","operator automated process","51-9051.00","furnace kiln oven drier and kettle operators and tenders"
"590","production technician semiconductor processing equipment","49-9043.00","maintenance workers machinery"
"590","mixing roll operator","51-9023.00","mixing and blending machine setters operators and tenders"
"590","press machine operator","51-9041.00","extruding forming pressing and compacting machine setters operators and tenders"
"590","stove bottom worker","51-9198.00","helpers production workers"
"590","etched circuit processor","51-9194.00","etchers and engravers"
"590","photo mask cleaner","53-7061.00","cleaners of vehicles and equipment"
"590","coating machine operator","51-9124.00","coating painting and spraying machine setters operators and tenders"
"590","diamond blender","51-4072.00","molding coremaking and casting machine setters operators and tenders metal and plastic"
"590","dry charge process attendant","51-9192.00","cleaning washing and metal pickling equipment operators and tenders"
"590","jewelry coater","51-4193.00","plating machine setters operators and tenders metal and plastic"
"590","roll up guider operator","51-9032.00","cutting and slicing machine setters operators and tenders"
"590","stripper etcher printed circuit boards","51-4199.00","metal workers and plastic workers all other"
"590","guider","53-7063.00","machine feeders and offbearers"
"590","plastic joint maker","51-9195.00","molders shapers and casters except metal and plastic"
"590","rug cutter","51-9031.00","cutters and trimmers hand"
"599","supervisor tumblers","51-1011.00","first line supervisors of production and operating workers"
"599","paint sprayer operator automatic","51-9124.00","coating painting and spraying machine setters operators and tenders"
"599","exhaust equipment operator","51-9161.00","computer numerically controlled tool operators"
"599","exhaust equipment operator","51-9162.00","computer numerically controlled tool programmers"
"599","exhaust equipment operator","51-9199.00","production workers all other"
"599","reuse technician","31-9093.00","medical equipment preparers"
"599","seed cleaner operator","51-9012.00","separating filtering clarifying precipitating and still machine setters operators and tenders"
"599","painter electrostatic","51-9123.00","painting coating and decorating workers"
"599","impregnator and drier","51-9051.00","furnace kiln oven drier and kettle operators and tenders"
"599","equipment cleaner","53-7061.00","cleaners of vehicles and equipment"
"599","sampler","51-9061.00","inspectors testers sorters samplers and weighers"
"599","bran mixer","51-9023.00","mixing and blending machine setters operators and tenders"
"599","definer","51-9192.00","cleaning washing and metal pickling equipment operators and tenders"
"599","dyer","51-6061.00","textile bleaching and dyeing machine operators and tenders"
"599","impregnator and drier helper","51-9198.00","helpers production workers"
"599","lacquerer","51-4193.00","plating machine setters operators and tenders metal and plastic"
"599","mill operator","51-9021.00","crushing grinding and polishing machine setters operators and tenders"
"599","mill operator helper","53-7063.00","machine feeders and offbearers"
"600","machine shop supervisor tool","51-1011.00","first line supervisors of production and operating workers"
"600","experimental mechanic","51-4061.00","model makers metal and plastic"
"600","machinist experimental","51-4041.00","machinists"
"600","assembler steam and gas turbine","51-2031.00","engine and other machine assemblers"
"600","patternmaker apprentice metal","51-4062.00","patternmakers metal and plastic"
"600","lay out inspector","51-9061.00","inspectors testers sorters samplers and weighers"
"600","lay out worker","51-4192.00","layout workers metal and plastic"
"600","machine try out setter","51-4081.00","multiple machine tool setters operators and tenders metal and plastic"
"601","tool and die supervisor","51-1011.00","first line supervisors of production and operating workers"
"601","tool and die maker","51-4111.00","tool and die makers"
"601","inspector set up and lay out","51-9061.00","inspectors testers sorters samplers and weighers"
"601","template maker extrusion die","51-4062.00","patternmakers metal and plastic"
"601","tool machine set up operator","51-4081.00","multiple machine tool setters operators and tenders metal and plastic"
"601","tool and fixture repairer","49-9041.00","industrial machinery mechanics"
"601","die polisher","51-4194.00","tool grinders filers and sharpeners"
"601","profile grinder technician","51-4033.00","grinding lapping polishing and buffing machine tool setters operators and tenders metal and plastic"
"601","tool dresser","51-4199.00","metal workers and plastic workers all other"
"602","gear cutting machine set up operator tool","51-4081.00","multiple machine tool setters operators and tenders metal and plastic"
"602","grinder set up operator gear tool","51-4033.00","grinding lapping polishing and buffing machine tool setters operators and tenders metal and plastic"
"602","gear inspector","51-9061.00","inspectors testers sorters samplers and weighers"
"603","supervisor grinding","51-1011.00","first line supervisors of production and operating workers"
"603","grinder set up operator thread tool","51-4033.00","grinding lapping polishing and buffing machine tool setters operators and tenders metal and plastic"
"603","grinder operator external tool","51-4194.00","tool grinders filers and sharpeners"
"603","polishing machine operator helper","53-7063.00","machine feeders and offbearers"
"604","supervisor roll shop","51-1011.00","first line supervisors of production and operating workers"
"604","screw machine set up operator swiss type","51-4034.00","lathe and turning machine tool setters operators and tenders metal and plastic"
"604","lathe operator numerical control","51-9161.00","computer numerically controlled tool operators"
"604","threading machine feeder automatic i","53-7063.00","machine feeders and offbearers"
"605","milling machine set up operator i","51-4035.00","milling and planing machine setters operators and tenders metal and plastic"
"605","router set up operator numerical control","51-9161.00","computer numerically controlled tool operators"
"606","boring machine set up operator jig","51-4032.00","drilling and boring machine tool setters operators and tenders metal and plastic"
"606","drill press operator numerical control","51-9161.00","computer numerically controlled tool operators"
"607","contour band saw operator vertical","51-4031.00","cutting punching and press machine setters operators and tenders metal and plastic"
"607","magnesium mill operator","51-4035.00","milling and planing machine setters operators and tenders metal and plastic"
"609","machine shop supervisor production","51-1011.00","first line supervisors of production and operating workers"
"609","gunsmith ballistics laboratory","51-4081.00","multiple machine tool setters operators and tenders metal and plastic"
"609","tool programmer numerical control","51-9162.00","computer numerically controlled tool programmers"
"609","trim machine adjuster","51-4031.00","cutting punching and press machine setters operators and tenders metal and plastic"
"609","numerical control machine set up operator","51-9161.00","computer numerically controlled tool operators"
"609","inspector floor","51-9061.00","inspectors testers sorters samplers and weighers"
"609","electrical discharge machine set up operator","51-4199.00","metal workers and plastic workers all other"
"609","threading machine setter","51-4034.00","lathe and turning machine tool setters operators and tenders metal and plastic"
"609","nicking machine operator","51-4033.00","grinding lapping polishing and buffing machine tool setters operators and tenders metal and plastic"
"609","laborer general","51-9198.00","helpers production workers"
"609","ball sorter","51-9199.00","production workers all other"
"610","drophammer operator","51-4022.00","forging machine setters operators and tenders metal and plastic"
"610","blacksmith","51-4199.00","metal workers and plastic workers all other"
"610","blacksmith helper","51-9198.00","helpers production workers"
"611","forging press operator i","51-4022.00","forging machine setters operators and tenders metal and plastic"
"612","spikemaking supervisor","51-1011.00","first line supervisors of production and operating workers"
"612","fastener technologist","51-4022.00","forging machine setters operators and tenders metal and plastic"
"612","inspector","51-9061.00","inspectors testers sorters samplers and weighers"
"612","spike machine feeder","53-7063.00","machine feeders and offbearers"
"612","manipulator operator","53-7199.00","material moving workers all other"
"612","utility worker forge","51-9198.00","helpers production workers"
"612","spring tester i","51-4031.00","cutting punching and press machine setters operators and tenders metal and plastic"
"613","supervisor blooming mill","51-1011.00","first line supervisors of production and operating workers"
"613","roll forming machine set up mechanic","51-4023.00","rolling machine setters operators and tenders metal and plastic"
"613","heater i","51-4191.00","heat treating equipment setters operators and tenders metal and plastic"
"613","coiler operator","51-4199.00","metal workers and plastic workers all other"
"613","liner assembler","51-4121.00","welders cutters solderers and brazers"
"613","mill hand plate mill","51-9061.00","inspectors testers sorters samplers and weighers"
"613","heater helper","51-9198.00","helpers production workers"
"613","bed operator","53-7011.00","conveyor operators and tenders"
"613","catcher","53-7063.00","machine feeders and offbearers"
"613","plugger","51-9161.00","computer numerically controlled tool operators"
"613","plugger","51-9162.00","computer numerically controlled tool programmers"
"613","plugger","51-9199.00","production workers all other"
"614","supervisor drawing","51-1011.00","first line supervisors of production and operating workers"
"614","extrusion press adjuster","51-4021.00","extruding and drawing machine setters operators and tenders metal and plastic"
"614","wire charger","53-7063.00","machine feeders and offbearers"
"614","billet assembler","51-4122.00","welding soldering and brazing machine setters operators and tenders"
"614","tester operator","51-9061.00","inspectors testers sorters samplers and weighers"
"614","reducing machine operator","51-4199.00","metal workers and plastic workers all other"
"614","draw bench operator helper","51-9198.00","helpers production workers"
"615","press hand supervisor","51-1011.00","first line supervisors of production and operating workers"
"615","slitter service and setter","51-4031.00","cutting punching and press machine setters operators and tenders metal and plastic"
"615","burring machine operator","51-4033.00","grinding lapping polishing and buffing machine tool setters operators and tenders metal and plastic"
"615","cup trimming machine operator","51-4034.00","lathe and turning machine tool setters operators and tenders metal and plastic"
"615","cutter machine tender","51-9032.00","cutting and slicing machine setters operators and tenders"
"615","helper shear operator","51-9198.00","helpers production workers"
"616","supervisor","51-1011.00","first line supervisors of production and operating workers"
"616","embossing toolsetter","51-4199.00","metal workers and plastic workers all other"
"616","spring coiling machine setter","51-4031.00","cutting punching and press machine setters operators and tenders metal and plastic"
"616","spring maker","51-4081.00","multiple machine tool setters operators and tenders metal and plastic"
"616","shotgun shell assembly machine adjuster","51-9161.00","computer numerically controlled tool operators"
"616","shotgun shell assembly machine adjuster","51-9162.00","computer numerically controlled tool programmers"
"616","shotgun shell assembly machine adjuster","51-9199.00","production workers all other"
"616","spring inspector i","51-9061.00","inspectors testers sorters samplers and weighers"
"616","wire weaver cloth","51-6063.00","textile knitting and weaving machine setters operators and tenders"
"616","hydraulic press operator","49-9099.00","installation maintenance and repair workers all other"
"616","zipper cutter","51-9032.00","cutting and slicing machine setters operators and tenders"
"616","stranding machine operator helper","51-9198.00","helpers production workers"
"617","supervisor","51-1011.00","first line supervisors of production and operating workers"
"617","press operator heavy duty","51-4031.00","cutting punching and press machine setters operators and tenders metal and plastic"
"617","shot peening operator","51-9161.00","computer numerically controlled tool operators"
"617","job setter spline rolling machine","51-4023.00","rolling machine setters operators and tenders metal and plastic"
"617","spring former machine","51-4199.00","metal workers and plastic workers all other"
"617","swaging machine operator","51-9162.00","computer numerically controlled tool programmers"
"617","swaging machine operator","51-9199.00","production workers all other"
"617","embossing machine operator","51-5112.00","printing press operators"
"617","hoop coiler","53-7063.00","machine feeders and offbearers"
"619","hydraulic pressure auto frettage machine operator supervisor","51-1011.00","first line supervisors of production and operating workers"
"619","ornamental metal worker apprentice","51-4081.00","multiple machine tool setters operators and tenders metal and plastic"
"619","inspector metal fabricating","51-9061.00","inspectors testers sorters samplers and weighers"
"619","needlemaker","51-4199.00","metal workers and plastic workers all other"
"619","casting repairer","49-9099.00","installation maintenance and repair workers all other"
"619","former hand","51-2041.00","structural metal fabricators and fitters"
"619","roll operator i","51-4023.00","rolling machine setters operators and tenders metal and plastic"
"619","spinner hand","51-4034.00","lathe and turning machine tool setters operators and tenders metal and plastic"
"619","punch press setter","51-4031.00","cutting punching and press machine setters operators and tenders metal and plastic"
"619","spring repairer hand","49-3023.00","automotive service technicians and mechanics"
"619","ornamental metal worker helper","51-9198.00","helpers production workers"
"619","shrink pit operator","51-9051.00","furnace kiln oven drier and kettle operators and tenders"
"619","winding machine operator","51-9161.00","computer numerically controlled tool operators"
"619","winding machine operator","51-9162.00","computer numerically controlled tool programmers"
"619","winding machine operator","51-9199.00","production workers all other"
"619","heater","51-4191.00","heat treating equipment setters operators and tenders metal and plastic"
"619","automatic stacker","53-7063.00","machine feeders and offbearers"
"620","supervisor endless track vehicle","49-1011.00","first line supervisors of mechanics installers and repairers"
"620","automobile mechanic","49-3023.00","automotive service technicians and mechanics"
"620","automobile tester","51-9061.00","inspectors testers sorters samplers and weighers"
"620","construction equipment mechanic","49-3042.00","mobile heavy equipment mechanics except engines"
"620","electric golf cart repairer","49-2092.00","electric motor power tool and related repairers"
"620","automotive maintenance equipment servicer","49-9041.00","industrial machinery mechanics"
"620","maintenance mechanic","49-3031.00","bus and truck mechanics and diesel engine specialists"
"620","motorcycle repairer","49-3052.00","motorcycle mechanics"
"620","mechanical unit repairer","49-3043.00","rail car repairers"
"620","spring repairer helper hand","51-9198.00","helpers production workers"
"620","construction equipment mechanic helper","49-9098.00","helpers installation maintenance and repair workers"
"620","automobile wrecker","49-9099.00","installation maintenance and repair workers all other"
"620","used car renovator","53-7061.00","cleaners of vehicles and equipment"
"620","bonder automobile brakes","51-9191.00","adhesive bonding machine operators and tenders"
"621","supercharger repair supervisor","49-1011.00","first line supervisors of mechanics installers and repairers"
"621","supervisor reclamation","51-1011.00","first line supervisors of production and operating workers"
"621","field service representative","25-1194.00","career technical education teachers postsecondary"
"621","airplane inspector","51-9061.00","inspectors testers sorters samplers and weighers"
"621","flight engineer","53-2011.00","airline pilots copilots and flight engineers"
"621","experimental aircraft mechanic","49-3011.00","aircraft mechanics and service technicians"
"621","aviation safety equipment technician","49-9099.00","installation maintenance and repair workers all other"
"621","airframe and power plant mechanic helper","49-9098.00","helpers installation maintenance and repair workers"
"622","supervisor railroad car repair","49-1011.00","first line supervisors of mechanics installers and repairers"
"622","brake repairer railroad","49-3043.00","rail car repairers"
"622","locomotive inspector","51-9061.00","inspectors testers sorters samplers and weighers"
"622","air valve repairer","49-9012.00","control and valve installers and repairers except mechanical door"
"622","floor covering layer","47-2042.00","floor layers except carpet wood and hard tiles"
"622","car repairer helper","49-9098.00","helpers installation maintenance and repair workers"
"622","switch repairer","49-9043.00","maintenance workers machinery"
"623","machinist supervisor outside","51-1011.00","first line supervisors of production and operating workers"
"623","supervisor gear repair","49-1011.00","first line supervisors of mechanics installers and repairers"
"623","experimental mechanic outboard motors","49-3051.00","motorboat mechanics and service technicians"
"623","deck engineer","51-4041.00","machinists"
"623","deep submergence vehicle crewmember","49-3031.00","bus and truck mechanics and diesel engine specialists"
"623","ship propeller finisher","51-2041.00","structural metal fabricators and fitters"
"623","gear repairer","49-9096.00","riggers"
"623","motorboat mechanic helper","49-9098.00","helpers installation maintenance and repair workers"
"624","supervisor farm equipment maintenance","49-1011.00","first line supervisors of mechanics installers and repairers"
"624","farm equipment mechanic i","49-3041.00","farm equipment mechanics and service technicians"
"624","inspector and tester","51-9061.00","inspectors testers sorters samplers and weighers"
"624","farm machinery set up mechanic","51-2031.00","engine and other machine assemblers"
"624","greaser","49-9043.00","maintenance workers machinery"
"625","engine testing supervisor","49-1011.00","first line supervisors of mechanics installers and repairers"
"625","diesel engine tester","51-9061.00","inspectors testers sorters samplers and weighers"
"625","diesel mechanic","49-3031.00","bus and truck mechanics and diesel engine specialists"
"625","engine repairer service","49-3053.00","outdoor power equipment and other small engine mechanics"
"625","fuel injection servicer","49-3023.00","automotive service technicians and mechanics"
"625","diesel engine erector","51-2031.00","engine and other machine assemblers"
"625","diesel mechanic helper","49-9098.00","helpers installation maintenance and repair workers"
"626","supervisor welding equipment repairer","49-1011.00","first line supervisors of mechanics installers and repairers"
"626","forge shop machine repairer","49-9041.00","industrial machinery mechanics"
"627","composing room machinist","49-9041.00","industrial machinery mechanics"
"628","overhauler","49-9041.00","industrial machinery mechanics"
"628","shear grinder operator","51-4033.00","grinding lapping polishing and buffing machine tool setters operators and tenders metal and plastic"
"628","overhauler helper","49-9098.00","helpers installation maintenance and repair workers"
"628","binder and box builder","49-9043.00","maintenance workers machinery"
"628","shear grinder operator helper","51-9198.00","helpers production workers"
"629","bakery machine mechanic supervisor","49-1011.00","first line supervisors of mechanics installers and repairers"
"629","laundry machine mechanic","49-9041.00","industrial machinery mechanics"
"629","dairy equipment repairer","49-3041.00","farm equipment mechanics and service technicians"
"629","oil field equipment mechanic","49-3031.00","bus and truck mechanics and diesel engine specialists"
"629","machine tester","51-9061.00","inspectors testers sorters samplers and weighers"
"629","roll grinder","51-4033.00","grinding lapping polishing and buffing machine tool setters operators and tenders metal and plastic"
"629","curing press maintainer","49-9043.00","maintenance workers machinery"
"629","miller head assistant wet process","51-9161.00","computer numerically controlled tool operators"
"629","miller head assistant wet process","51-9162.00","computer numerically controlled tool programmers"
"629","miller head assistant wet process","51-9199.00","production workers all other"
"630","pump servicer supervisor","49-1011.00","first line supervisors of mechanics installers and repairers"
"630","anode crew supervisor","51-1011.00","first line supervisors of production and operating workers"
"630","maintenance mechanic compressed gas plant","49-9041.00","industrial machinery mechanics"
"630","door closer mechanic","49-9011.00","mechanical door repairers"
"630","valve repairer","49-9012.00","control and valve installers and repairers except mechanical door"
"630","equipment cleaner and tester","49-9043.00","maintenance workers machinery"
"630","repairer helper","49-9098.00","helpers installation maintenance and repair workers"
"630","pump installer","49-9099.00","installation maintenance and repair workers all other"
"631","powerhouse mechanic supervisor","49-1011.00","first line supervisors of mechanics installers and repairers"
"631","hydroelectric machinery mechanic","49-9041.00","industrial machinery mechanics"
"631","powerhouse mechanic","49-9099.01","geothermal technicians"
"631","hydroelectric machinery mechanic helper","49-9098.00","helpers installation maintenance and repair workers"
"632","artillery maintenance supervisor","49-1011.00","first line supervisors of mechanics installers and repairers"
"632","aircraft armament mechanic","55-3014.00","artillery and missile crew members"
"632","gunsmith","51-4081.00","multiple machine tool setters operators and tenders metal and plastic"
"632","gauge and weigh machine adjuster","51-9161.00","computer numerically controlled tool operators"
"632","gauge and weigh machine adjuster","51-9162.00","computer numerically controlled tool programmers"
"632","gauge and weigh machine adjuster","51-9199.00","production workers all other"
"632","inspecting machine adjuster","49-9041.00","industrial machinery mechanics"
"632","primer waterproofing machine adjuster","51-9124.00","coating painting and spraying machine setters operators and tenders"
"632","gun synchronizer","49-9099.00","installation maintenance and repair workers all other"
"632","inspector firearms","51-9061.00","inspectors testers sorters samplers and weighers"
"632","ordnance artificer helper","49-9098.00","helpers installation maintenance and repair workers"
"633","office machine service supervisor","49-1011.00","first line supervisors of mechanics installers and repairers"
"633","assembly technician","49-2011.00","computer automated teller and office machine repairers"
"633","scale mechanic","49-9041.00","industrial machinery mechanics"
"637","supervisor cooler service","49-1011.00","first line supervisors of mechanics installers and repairers"
"637","air conditioning installer servicer window unit","49-9031.00","home appliance repairers"
"637","heating and air conditioning installer servicer","49-9021.00","heating air conditioning and refrigeration mechanics and installers"
"637","industrial gas servicer","49-9012.00","control and valve installers and repairers except mechanical door"
"637","solar energy system installer","47-2152.04","solar thermal installers and technicians"
"637","pump erector","49-9041.00","industrial machinery mechanics"
"637","industrial gas servicer helper","49-9098.00","helpers installation maintenance and repair workers"
"637","quality control technician","51-9061.00","inspectors testers sorters samplers and weighers"
"638","fuel system maintenance supervisor","49-1011.00","first line supervisors of mechanics installers and repairers"
"638","machine assembler supervisor","51-1011.00","first line supervisors of production and operating workers"
"638","automated equipment engineer technician","49-9044.00","millwrights"
"638","pinsetter mechanic automatic","49-9043.00","maintenance workers machinery"
"638","field service technician","17-3024.01","robotics technicians"
"638","machine repairer maintenance","49-9041.00","industrial machinery mechanics"
"638","fire fighting equipment specialist","49-9071.00","maintenance and repair workers general"
"638","machine assembler","51-2031.00","engine and other machine assemblers"
"638","millwright helper","49-9098.00","helpers installation maintenance and repair workers"
"639","aviation support equipment repairer","49-9041.00","industrial machinery mechanics"
"639","coin machine service repairer","49-9091.00","coin vending and amusement machine servicers and repairers"
"639","medical equipment repairer","49-9062.00","medical equipment repairers"
"639","bicycle repairer","49-3091.00","bicycle repairers"
"639","sewing machine repairer helper","49-9098.00","helpers installation maintenance and repair workers"
"640","supervisor coremaker","51-1011.00","first line supervisors of production and operating workers"
"640","panel machine setter","51-9032.00","cutting and slicing machine setters operators and tenders"
"640","ribbon hanking machine operator","51-9161.00","computer numerically controlled tool operators"
"640","ribbon hanking machine operator","51-9162.00","computer numerically controlled tool programmers"
"640","ribbon hanking machine operator","51-9199.00","production workers all other"
"640","convolute tube winder","51-9196.00","paper goods machine setters operators and tenders"
"640","book jacket cover machine operator","51-9191.00","adhesive bonding machine operators and tenders"
"640","rotary cutter feeder","53-7063.00","machine feeders and offbearers"
"640","slotter operator helper","51-9198.00","helpers production workers"
"640","roll examiner","51-9061.00","inspectors testers sorters samplers and weighers"
"641","envelope folding machine adjuster","51-9196.00","paper goods machine setters operators and tenders"
"641","corrugator operator","51-9161.00","computer numerically controlled tool operators"
"641","corrugator operator","51-9162.00","computer numerically controlled tool programmers"
"641","corrugator operator","51-9199.00","production workers all other"
"641","box sealing machine operator","51-9191.00","adhesive bonding machine operators and tenders"
"641","domer","51-9041.00","extruding forming pressing and compacting machine setters operators and tenders"
"641","blanket winder helper","51-9198.00","helpers production workers"
"641","paper bag press operator","53-7063.00","machine feeders and offbearers"
"641","box sealing inspector","51-9061.00","inspectors testers sorters samplers and weighers"
"649","supervisor paper products","51-1011.00","first line supervisors of production and operating workers"
"649","patternmaker envelope","51-9161.00","computer numerically controlled tool operators"
"649","patternmaker envelope","51-9162.00","computer numerically controlled tool programmers"
"649","patternmaker envelope","51-9199.00","production workers all other"
"649","inspector paper products","51-9061.00","inspectors testers sorters samplers and weighers"
"649","machine set up operator paper goods","51-9196.00","paper goods machine setters operators and tenders"
"649","sizing machine operator","51-9041.00","extruding forming pressing and compacting machine setters operators and tenders"
"649","cylinder die machine operator","51-9032.00","cutting and slicing machine setters operators and tenders"
"649","handle machine operator","51-9191.00","adhesive bonding machine operators and tenders"
"649","punchboard filling machine operator","51-9111.00","packaging and filling machine operators and tenders"
"649","tablet making machine operator helper","51-9198.00","helpers production workers"
"649","finishing machine operator","53-7063.00","machine feeders and offbearers"
"650","supervisor typesetting","51-1011.00","first line supervisors of production and operating workers"
"650","linotype operator","51-5111.00","prepress technicians and workers"
"651","supervisor press room","51-1011.00","first line supervisors of production and operating workers"
"651","cylinder press operator","51-5112.00","printing press operators"
"651","transfer operator","51-9161.00","computer numerically controlled tool operators"
"651","transfer operator","51-9162.00","computer numerically controlled tool programmers"
"651","transfer operator","51-9199.00","production workers all other"
"651","press helper","51-9198.00","helpers production workers"
"651","cylinder press feeder","53-7063.00","machine feeders and offbearers"
"651","lithographed plate inspector","51-9061.00","inspectors testers sorters samplers and weighers"
"652","supervisor decorating","51-1011.00","first line supervisors of production and operating workers"
"652","section leader screen printing","51-5112.00","printing press operators"
"652","printing roller handler","49-9043.00","maintenance workers machinery"
"652","cloth printing inspector","51-9061.00","inspectors testers sorters samplers and weighers"
"652","photolettering machine operator","51-5111.00","prepress technicians and workers"
"652","utility worker cloth printing","53-7063.00","machine feeders and offbearers"
"652","strickler attendant","51-9161.00","computer numerically controlled tool operators"
"652","strickler attendant","51-9162.00","computer numerically controlled tool programmers"
"652","strickler attendant","51-9199.00","production workers all other"
"652","screen printing machine operator helper","51-9198.00","helpers production workers"
"653","supervisor bindery","51-1011.00","first line supervisors of production and operating workers"
"653","casing in line setter","51-5113.00","print binding and finishing workers"
"653","inspector publications","51-9061.00","inspectors testers sorters samplers and weighers"
"653","case making machine operator","51-9191.00","adhesive bonding machine operators and tenders"
"653","casing in line feeder","53-7063.00","machine feeders and offbearers"
"654","casting machine operator","51-4072.00","molding coremaking and casting machine setters operators and tenders metal and plastic"
"654","matrix inspector","51-9061.00","inspectors testers sorters samplers and weighers"
"654","pager","51-9161.00","computer numerically controlled tool operators"
"654","pager","51-9162.00","computer numerically controlled tool programmers"
"654","pager","51-9199.00","production workers all other"
"659","plate finisher","51-5111.00","prepress technicians and workers"
"659","plate setter flexographic press","51-9161.00","computer numerically controlled tool operators"
"659","plate setter flexographic press","51-9162.00","computer numerically controlled tool programmers"
"659","plate setter flexographic press","51-9199.00","production workers all other"
"659","embosser","51-5112.00","printing press operators"
"659","electrotype servicer","43-4151.00","order clerks"
"659","inker","51-9061.00","inspectors testers sorters samplers and weighers"
"659","sample book maker","51-9032.00","cutting and slicing machine setters operators and tenders"
"659","printer slotter helper","53-7063.00","machine feeders and offbearers"
"660","cabinetmaker supervisor","51-1011.00","first line supervisors of production and operating workers"
"660","cabinetmaker","51-7011.00","cabinetmakers and bench carpenters"
"661","loft worker head","51-1011.00","first line supervisors of production and operating workers"
"661","patternmaker","51-7099.00","woodworkers all other"
"661","loft worker","51-7031.00","model makers wood"
"661","patternmaker apprentice wood","51-7032.00","patternmakers wood"
"661","hat block maker","51-7011.00","cabinetmakers and bench carpenters"
"662","supervisor sanding","51-1011.00","first line supervisors of production and operating workers"
"662","molding sander","51-7042.00","woodworking machine setters operators and tenders except sawing"
"662","end touching machine operator","53-7063.00","machine feeders and offbearers"
"663","supervisor green end department","51-1011.00","first line supervisors of production and operating workers"
"663","knife setter","51-7042.00","woodworking machine setters operators and tenders except sawing"
"663","pole peeling machine operator","51-9032.00","cutting and slicing machine setters operators and tenders"
"663","block feeder","53-7063.00","machine feeders and offbearers"
"663","lathe spotter","53-7041.00","hoist and winch operators"
"663","veneer clipper helper","51-9198.00","helpers production workers"
"663","wood inspector","51-9061.00","inspectors testers sorters samplers and weighers"
"664","swing type lathe operator","51-7042.00","woodworking machine setters operators and tenders except sawing"
"664","spar machine operator helper","51-9198.00","helpers production workers"
"665","chucking machine operator","51-7042.00","woodworking machine setters operators and tenders except sawing"
"665","shaping machine tender","51-7041.00","sawing machine setters operators and tenders wood"
"665","pole peeling machine operator helper","53-7063.00","machine feeders and offbearers"
"665","veneer jointer helper","51-9198.00","helpers production workers"
"666","boring machine operator","51-7042.00","woodworking machine setters operators and tenders except sawing"
"667","supervisor stave cutting","51-1011.00","first line supervisors of production and operating workers"
"667","stock grader","51-7041.00","sawing machine setters operators and tenders wood"
"667","clothespin machine operator","53-7063.00","machine feeders and offbearers"
"667","turning machine operator helper","51-9198.00","helpers production workers"
"667","log inspector","51-9061.00","inspectors testers sorters samplers and weighers"
"669","supervisor assembly room","51-1011.00","first line supervisors of production and operating workers"
"669","machine setter","51-7042.00","woodworking machine setters operators and tenders except sawing"
"669","inspector assembly","51-9161.00","computer numerically controlled tool operators"
"669","inspector assembly","51-9162.00","computer numerically controlled tool programmers"
"669","inspector assembly","51-9199.00","production workers all other"
"669","machinist apprentice wood","51-7011.00","cabinetmakers and bench carpenters"
"669","power barker operator","45-4029.00","logging workers all other"
"669","chucking and sawing machine operator","51-7041.00","sawing machine setters operators and tenders wood"
"669","barrel assembler helper","51-9198.00","helpers production workers"
"669","doweling machine operator","51-9191.00","adhesive bonding machine operators and tenders"
"669","tipple tender","53-7011.00","conveyor operators and tenders"
"669","automatic nailing machine feeder","53-7063.00","machine feeders and offbearers"
"669","dowel inspector","51-9061.00","inspectors testers sorters samplers and weighers"
"669","lumber straightener","53-7062.00","laborers and freight stock and material movers hand"
"670","gang sawyer stone","51-9032.00","cutting and slicing machine setters operators and tenders"
"670","stone grader","51-9061.00","inspectors testers sorters samplers and weighers"
"670","stone layout marker","51-9161.00","computer numerically controlled tool operators"
"670","stone layout marker","51-9162.00","computer numerically controlled tool programmers"
"670","stone layout marker","51-9199.00","production workers all other"
"673","supervisor edging","51-1011.00","first line supervisors of production and operating workers"
"673","lead worker wafer polishing","51-9141.00","semiconductor processing technicians"
"673","edging machine setter","51-9161.00","computer numerically controlled tool operators"
"673","edging machine setter","51-9162.00","computer numerically controlled tool programmers"
"673","edging machine setter","51-9199.00","production workers all other"
"673","sandblaster stone","51-9195.03","stone cutters and carvers manufacturing"
"673","stone polisher","51-4033.00","grinding lapping polishing and buffing machine tool setters operators and tenders metal and plastic"
"673","crystal grinder","51-9021.00","crushing grinding and polishing machine setters operators and tenders"
"673","belt sander stone","53-7063.00","machine feeders and offbearers"
"673","stripper","51-9031.00","cutters and trimmers hand"
"673","polishing machine tender","51-9023.00","mixing and blending machine setters operators and tenders"
"674","glass lathe operator","51-9161.00","computer numerically controlled tool operators"
"674","glass lathe operator","51-9162.00","computer numerically controlled tool programmers"
"674","glass lathe operator","51-9199.00","production workers all other"
"674","stone lathe operator","51-9032.00","cutting and slicing machine setters operators and tenders"
"675","contour grinder","51-9161.00","computer numerically controlled tool operators"
"675","contour grinder","51-9162.00","computer numerically controlled tool programmers"
"675","contour grinder","51-9199.00","production workers all other"
"675","planer operator","51-9021.00","crushing grinding and polishing machine setters operators and tenders"
"676","drill press operator printed circuit boards","51-4032.00","drilling and boring machine tool setters operators and tenders metal and plastic"
"676","router operator","51-9161.00","computer numerically controlled tool operators"
"676","router operator","51-9162.00","computer numerically controlled tool programmers"
"676","router operator","51-9199.00","production workers all other"
"676","stone driller helper","53-7063.00","machine feeders and offbearers"
"677","glass cut off supervisor","51-1011.00","first line supervisors of production and operating workers"
"677","batting machine operator insulation","51-9032.00","cutting and slicing machine setters operators and tenders"
"677","crystal slicer","51-9141.00","semiconductor processing technicians"
"677","circular sawyer helper","51-9198.00","helpers production workers"
"677","glass unloading equipment tender","51-9161.00","computer numerically controlled tool operators"
"677","glass unloading equipment tender","51-9162.00","computer numerically controlled tool programmers"
"677","glass unloading equipment tender","51-9199.00","production workers all other"
"677","sawyer i","53-7063.00","machine feeders and offbearers"
"677","log roller","53-7062.00","laborers and freight stock and material movers hand"
"679","supervisor","51-1011.00","first line supervisors of production and operating workers"
"679","crystal machining coordinator","51-9141.00","semiconductor processing technicians"
"679","stone grader","51-9061.00","inspectors testers sorters samplers and weighers"
"679","bed setter","51-9161.00","computer numerically controlled tool operators"
"679","bed setter","51-9162.00","computer numerically controlled tool programmers"
"679","bed setter","51-9199.00","production workers all other"
"679","banding machine operator","51-9124.00","coating painting and spraying machine setters operators and tenders"
"679","tile grinder","51-9021.00","crushing grinding and polishing machine setters operators and tenders"
"679","turning and beading machine operator","51-9041.00","extruding forming pressing and compacting machine setters operators and tenders"
"679","asbestos shingle shearing machine operator","53-7063.00","machine feeders and offbearers"
"680","supervisor carding","51-1011.00","first line supervisors of production and operating workers"
"680","roving sizer","51-9061.00","inspectors testers sorters samplers and weighers"
"680","card grinder","51-4194.00","tool grinders filers and sharpeners"
"680","batting machine operator","51-6064.00","textile winding twisting and drawing out machine setters operators and tenders"
"680","middle card tender","51-9161.00","computer numerically controlled tool operators"
"680","middle card tender","51-9162.00","computer numerically controlled tool programmers"
"680","middle card tender","51-9199.00","production workers all other"
"680","card grinder helper","49-9043.00","maintenance workers machinery"
"680","blending machine operator","51-9023.00","mixing and blending machine setters operators and tenders"
"680","chopped strand operator","51-6062.00","textile cutting machine setters operators and tenders"
"680","can doffer","53-7063.00","machine feeders and offbearers"
"680","apron cleaner","51-9198.00","helpers production workers"
"680","roller cleaner","53-7061.00","cleaners of vehicles and equipment"
"681","supervisor preparation department","51-1011.00","first line supervisors of production and operating workers"
"681","rope machine setter","51-6064.00","textile winding twisting and drawing out machine setters operators and tenders"
"681","quality control checker texturing process","51-9061.00","inspectors testers sorters samplers and weighers"
"681","covering machine operator helper","51-9198.00","helpers production workers"
"681","floor winder","51-9161.00","computer numerically controlled tool operators"
"681","floor winder","51-9162.00","computer numerically controlled tool programmers"
"681","floor winder","51-9199.00","production workers all other"
"681","beam racker","53-7063.00","machine feeders and offbearers"
"682","supervisor spinning","51-1011.00","first line supervisors of production and operating workers"
"682","roller checker","49-9043.00","maintenance workers machinery"
"682","spinner frame","51-6064.00","textile winding twisting and drawing out machine setters operators and tenders"
"682","traveler changer","51-9161.00","computer numerically controlled tool operators"
"682","traveler changer","51-9162.00","computer numerically controlled tool programmers"
"682","traveler changer","51-9199.00","production workers all other"
"683","floor supervisor endless belt weaving department","51-1011.00","first line supervisors of production and operating workers"
"683","instructor weaving","25-1194.00","career technical education teachers postsecondary"
"683","braid pattern setter","51-6064.00","textile winding twisting and drawing out machine setters operators and tenders"
"683","carpet loom fixer","51-6063.00","textile knitting and weaving machine setters operators and tenders"
"683","swatch checker","51-9061.00","inspectors testers sorters samplers and weighers"
"683","harness builder","49-9041.00","industrial machinery mechanics"
"683","card cutter jacquard","51-6099.00","textile apparel and furnishings workers all other"
"683","drawer in hand","51-9161.00","computer numerically controlled tool operators"
"683","drawer in hand","51-9162.00","computer numerically controlled tool programmers"
"683","drawer in hand","51-9199.00","production workers all other"
"683","lease out worker","49-9043.00","maintenance workers machinery"
"683","drawing in machine tender helper","51-9198.00","helpers production workers"
"683","battery loader","53-7063.00","machine feeders and offbearers"
"683","lingo cleaner","53-7061.00","cleaners of vehicles and equipment"
"684","supervisor","51-1011.00","first line supervisors of production and operating workers"
"684","quality control tester","51-9061.00","inspectors testers sorters samplers and weighers"
"684","knitting machine operator full fashioned hosiery automatic","51-6063.00","textile knitting and weaving machine setters operators and tenders"
"684","sewer and inspector","51-6031.00","sewing machine operators"
"684","clipper machine","53-7063.00","machine feeders and offbearers"
"684","collector","53-7062.00","laborers and freight stock and material movers hand"
"685","supervisor knitting ii","51-1011.00","first line supervisors of production and operating workers"
"685","knitter mechanic","51-6063.00","textile knitting and weaving machine setters operators and tenders"
"685","pattern assembler","49-9043.00","maintenance workers machinery"
"685","fringing machine operator","53-7063.00","machine feeders and offbearers"
"685","knitting machine operator helper","51-9198.00","helpers production workers"
"685","cloth inspector","51-9061.00","inspectors testers sorters samplers and weighers"
"685","lace winder","51-6064.00","textile winding twisting and drawing out machine setters operators and tenders"
"685","topper","51-9161.00","computer numerically controlled tool operators"
"685","topper","51-9162.00","computer numerically controlled tool programmers"
"685","topper","51-9199.00","production workers all other"
"686","die cutting machine operator automatic","51-6062.00","textile cutting machine setters operators and tenders"
"686","folder","51-9161.00","computer numerically controlled tool operators"
"686","folder","51-9162.00","computer numerically controlled tool programmers"
"686","folder","51-9199.00","production workers all other"
"686","press operator","51-6021.00","pressers textile garment and related materials"
"686","felt tipping machine tender","53-7063.00","machine feeders and offbearers"
"686","rug cutter helper","51-9198.00","helpers production workers"
"687","supervisor tufting","51-1011.00","first line supervisors of production and operating workers"
"687","rug frame mounter","51-9161.00","computer numerically controlled tool operators"
"687","rug frame mounter","51-9162.00","computer numerically controlled tool programmers"
"687","rug frame mounter","51-9199.00","production workers all other"
"689","embroidery supervisor","51-1011.00","first line supervisors of production and operating workers"
"689","machine fixer","51-6064.00","textile winding twisting and drawing out machine setters operators and tenders"
"689","quilter fixer","51-6063.00","textile knitting and weaving machine setters operators and tenders"
"689","instructor","25-1194.00","career technical education teachers postsecondary"
"689","stroboscope operator","51-9161.00","computer numerically controlled tool operators"
"689","stroboscope operator","51-9162.00","computer numerically controlled tool programmers"
"689","stroboscope operator","51-9199.00","production workers all other"
"689","process controller","51-9061.00","inspectors testers sorters samplers and weighers"
"689","head doffer","53-7063.00","machine feeders and offbearers"
"689","blanket cutting machine operator","51-6062.00","textile cutting machine setters operators and tenders"
"689","stripe matcher","51-6031.00","sewing machine operators"
"689","bobbin presser","51-6021.00","pressers textile garment and related materials"
"689","quilt stuffer machine","51-9111.00","packaging and filling machine operators and tenders"
"689","tape making machine operator","51-9191.00","adhesive bonding machine operators and tenders"
"689","automatic pad making machine operator helper","51-9198.00","helpers production workers"
"689","frame changer","49-9043.00","maintenance workers machinery"
"689","lapper","51-9031.00","cutters and trimmers hand"
"690","supervisor iii","51-1011.00","first line supervisors of production and operating workers"
"690","deburring and tooling machine operator","51-4033.00","grinding lapping polishing and buffing machine tool setters operators and tenders metal and plastic"
"690","wad blanking press adjuster","51-9161.00","computer numerically controlled tool operators"
"690","wad blanking press adjuster","51-9162.00","computer numerically controlled tool programmers"
"690","wad blanking press adjuster","51-9199.00","production workers all other"
"690","machine setter and repairer","51-4199.00","metal workers and plastic workers all other"
"690","platen grinder","51-9021.00","crushing grinding and polishing machine setters operators and tenders"
"690","outsole cutter automatic","51-9032.00","cutting and slicing machine setters operators and tenders"
"690","sawyer","51-4031.00","cutting punching and press machine setters operators and tenders metal and plastic"
"690","tuber machine operator","51-9041.00","extruding forming pressing and compacting machine setters operators and tenders"
"690","cutter barrel drum","51-6062.00","textile cutting machine setters operators and tenders"
"690","ornamental machine operator","51-9124.00","coating painting and spraying machine setters operators and tenders"
"690","stitcher special machine","51-6042.00","shoe machine operators and tenders"
"690","baler","51-9111.00","packaging and filling machine operators and tenders"
"690","cementer and folder machine","51-9191.00","adhesive bonding machine operators and tenders"
"690","contact lens molder","51-4072.00","molding coremaking and casting machine setters operators and tenders metal and plastic"
"690","force variation equipment tender","51-9061.00","inspectors testers sorters samplers and weighers"
"690","fountain pen turner","51-4034.00","lathe and turning machine tool setters operators and tenders metal and plastic"
"690","heel nailing machine operator","51-7042.00","woodworking machine setters operators and tenders except sawing"
"690","sponge buffer","51-9023.00","mixing and blending machine setters operators and tenders"
"690","trade marker","51-4032.00","drilling and boring machine tool setters operators and tenders metal and plastic"
"690","beveling machine operator","53-7063.00","machine feeders and offbearers"
"690","bias machine operator helper","51-9198.00","helpers production workers"
"691","supervisor","51-1011.00","first line supervisors of production and operating workers"
"691","inspector wire","51-9061.00","inspectors testers sorters samplers and weighers"
"691","extruding machine operator","51-9041.00","extruding forming pressing and compacting machine setters operators and tenders"
"691","pneumatic jacketer","51-9161.00","computer numerically controlled tool operators"
"691","pneumatic jacketer","51-9162.00","computer numerically controlled tool programmers"
"691","pneumatic jacketer","51-9199.00","production workers all other"
"691","lead former","51-4199.00","metal workers and plastic workers all other"
"691","twisting machine operator","53-7063.00","machine feeders and offbearers"
"691","production helper","51-9198.00","helpers production workers"
"692","brush fabrication supervisor","51-1011.00","first line supervisors of production and operating workers"
"692","machine setter","51-9161.00","computer numerically controlled tool operators"
"692","machine setter","51-9162.00","computer numerically controlled tool programmers"
"692","machine setter","51-9199.00","production workers all other"
"692","brush machine setter","51-9032.00","cutting and slicing machine setters operators and tenders"
"692","set up mechanic crown assembly machine","51-9041.00","extruding forming pressing and compacting machine setters operators and tenders"
"692","set up mechanic","51-7042.00","woodworking machine setters operators and tenders except sawing"
"692","gelatin dynamite packing operator","51-9111.00","packaging and filling machine operators and tenders"
"692","bead forming machine operator","51-9124.00","coating painting and spraying machine setters operators and tenders"
"692","electrode turner and finisher","51-4081.00","multiple machine tool setters operators and tenders metal and plastic"
"692","bead preparer","51-9191.00","adhesive bonding machine operators and tenders"
"692","design inserter","51-4199.00","metal workers and plastic workers all other"
"692","saddle and side wire stitcher","51-5113.00","print binding and finishing workers"
"692","separator operator","51-9012.00","separating filtering clarifying precipitating and still machine setters operators and tenders"
"692","trim attacher","51-2099.00","assemblers and fabricators all other"
"692","vacuum applicator operator","51-4193.00","plating machine setters operators and tenders metal and plastic"
"692","window shade cutter and mounter","51-6062.00","textile cutting machine setters operators and tenders"
"692","window shade ring sewer","51-6031.00","sewing machine operators"
"692","assembly machine operator","53-7063.00","machine feeders and offbearers"
"692","splicer","51-9198.00","helpers production workers"
"693","supervisor model making","51-1011.00","first line supervisors of production and operating workers"
"693","engineering model maker","51-4061.00","model makers metal and plastic"
"693","developer prover interior assemblies","51-9161.00","computer numerically controlled tool operators"
"693","developer prover interior assemblies","51-9162.00","computer numerically controlled tool programmers"
"693","developer prover interior assemblies","51-9199.00","production workers all other"
"693","development mechanic","51-4041.00","machinists"
"693","model maker","51-7031.00","model makers wood"
"693","patternmaker all around","51-4062.00","patternmakers metal and plastic"
"693","molder pattern","51-4072.00","molding coremaking and casting machine setters operators and tenders metal and plastic"
"693","electrical and radio mock up mechanic","51-2022.00","electrical and electronic equipment assemblers"
"694","tracer bullet section supervisor","51-1011.00","first line supervisors of production and operating workers"
"694","loading machine tool setter","51-4199.00","metal workers and plastic workers all other"
"694","clip loading machine adjuster","51-9161.00","computer numerically controlled tool operators"
"694","clip loading machine adjuster","51-9162.00","computer numerically controlled tool programmers"
"694","clip loading machine adjuster","51-9199.00","production workers all other"
"694","tracer bullet charging machine operator","51-9111.00","packaging and filling machine operators and tenders"
"694","bullet lubricating machine operator","51-4193.00","plating machine setters operators and tenders metal and plastic"
"694","pellet press operator","51-9041.00","extruding forming pressing and compacting machine setters operators and tenders"
"694","clip loading machine feeder","53-7063.00","machine feeders and offbearers"
"699","production supervisor","51-1011.00","first line supervisors of production and operating workers"
"699","supervisor cleaning","53-1042.00","first line supervisors of helpers laborers and material movers hand"
"699","automated cutting machine operator","51-9161.00","computer numerically controlled tool operators"
"699","die set up operator printed circuit boards","51-4031.00","cutting punching and press machine setters operators and tenders metal and plastic"
"699","fluid jet cutter operator","51-9032.00","cutting and slicing machine setters operators and tenders"
"699","comparator operator","51-9061.00","inspectors testers sorters samplers and weighers"
"699","riveting machine operator i","51-4199.00","metal workers and plastic workers all other"
"699","slitting machine operator helper i","51-9198.00","helpers production workers"
"699","binding cutter synthetic cloth","51-6062.00","textile cutting machine setters operators and tenders"
"699","beveler printed circuit boards","51-4035.00","milling and planing machine setters operators and tenders metal and plastic"
"699","button attaching machine operator","51-9162.00","computer numerically controlled tool programmers"
"699","button attaching machine operator","51-9199.00","production workers all other"
"699","power screwdriver operator","51-2099.00","assemblers and fabricators all other"
"699","filling machine operator","51-9111.00","packaging and filling machine operators and tenders"
"699","pinner printed circuit boards","51-4032.00","drilling and boring machine tool setters operators and tenders metal and plastic"
"699","machine feeder","53-7063.00","machine feeders and offbearers"
"699","harness cleaner","53-7061.00","cleaners of vehicles and equipment"
"699","oiler","49-9043.00","maintenance workers machinery"
"700","supervisor","51-1011.00","first line supervisors of production and operating workers"
"700","pewterer","51-9071.00","jewelers and precious stone and metal workers"
"700","flatware maker","51-9041.00","extruding forming pressing and compacting machine setters operators and tenders"
"700","lathe hand","51-4034.00","lathe and turning machine tool setters operators and tenders metal and plastic"
"700","profile saw operator","51-4031.00","cutting punching and press machine setters operators and tenders metal and plastic"
"700","arborer","51-9161.00","computer numerically controlled tool operators"
"700","arborer","51-9162.00","computer numerically controlled tool programmers"
"700","arborer","51-9199.00","production workers all other"
"700","bright cutter","51-9031.00","cutters and trimmers hand"
"700","driller","51-4032.00","drilling and boring machine tool setters operators and tenders metal and plastic"
"700","filer","51-9022.00","grinding and polishing workers hand"
"700","oxidizer","51-9123.00","painting coating and decorating workers"
"700","ring stamper","51-4199.00","metal workers and plastic workers all other"
"700","cutch cleaner","51-9198.00","helpers production workers"
"700","inspector","51-9061.00","inspectors testers sorters samplers and weighers"
"700","laborer gold leaf","53-7064.00","packers and packagers hand"
"700","melter","51-4052.00","pourers and casters metal"
"701","supervisor assembly and packing","51-1011.00","first line supervisors of production and operating workers"
"701","quality control inspector","51-9061.00","inspectors testers sorters samplers and weighers"
"701","repairer handtools","49-2092.00","electric motor power tool and related repairers"
"701","saw filer","51-4194.00","tool grinders filers and sharpeners"
"701","level vial setter","51-9161.00","computer numerically controlled tool operators"
"701","level vial setter","51-9162.00","computer numerically controlled tool programmers"
"701","level vial setter","51-9199.00","production workers all other"
"701","saw edge fuser circular","51-4199.00","metal workers and plastic workers all other"
"701","power chisel operator","51-9031.00","cutters and trimmers hand"
"703","supervisor metal cans","51-1011.00","first line supervisors of production and operating workers"
"703","patternmaker","51-4062.00","patternmakers metal and plastic"
"703","bench shear operator","51-4031.00","cutting punching and press machine setters operators and tenders metal and plastic"
"703","cupboard builder","51-9161.00","computer numerically controlled tool operators"
"703","cupboard builder","51-9162.00","computer numerically controlled tool programmers"
"703","cupboard builder","51-9199.00","production workers all other"
"703","template cutter","51-9031.00","cutters and trimmers hand"
"703","testing machine operator","51-9061.00","inspectors testers sorters samplers and weighers"
"703","steel barrel reamer","51-9022.00","grinding and polishing workers hand"
"704","engraving supervisor","51-1011.00","first line supervisors of production and operating workers"
"704","chaser","51-9071.00","jewelers and precious stone and metal workers"
"704","chemical etching processor","51-4199.00","metal workers and plastic workers all other"
"704","engraver apprentice decorative","51-9194.00","etchers and engravers"
"704","cleaner","53-7061.00","cleaners of vehicles and equipment"
"705","die barber","51-4194.00","tool grinders filers and sharpeners"
"705","extrusion die repairer","51-4199.00","metal workers and plastic workers all other"
"705","scraper hand","51-9022.00","grinding and polishing workers hand"
"705","blade groover","51-4033.00","grinding lapping polishing and buffing machine tool setters operators and tenders metal and plastic"
"705","filer and sander","51-9161.00","computer numerically controlled tool operators"
"705","filer and sander","51-9162.00","computer numerically controlled tool programmers"
"705","filer and sander","51-9199.00","production workers all other"
"705","mother repairer","49-9099.00","installation maintenance and repair workers all other"
"705","jigger","51-9198.00","helpers production workers"
"706","supervisor coin machine","51-1011.00","first line supervisors of production and operating workers"
"706","assembler","51-2031.00","engine and other machine assemblers"
"706","assembly inspector","51-9061.00","inspectors testers sorters samplers and weighers"
"706","aligner typewriter","49-2011.00","computer automated teller and office machine repairers"
"706","bench hand","51-2099.00","assemblers and fabricators all other"
"706","final assembler","51-2023.00","electromechanical equipment assemblers"
"706","wheelwright","49-3023.00","automotive service technicians and mechanics"
"706","drapery rod assembler","51-9161.00","computer numerically controlled tool operators"
"706","drapery rod assembler","51-9162.00","computer numerically controlled tool programmers"
"706","drapery rod assembler","51-9199.00","production workers all other"
"706","valve grinder","51-9022.00","grinding and polishing workers hand"
"706","type soldering machine tender","51-4122.00","welding soldering and brazing machine setters operators and tenders"
"709","supervisor metal furniture assembly","51-1011.00","first line supervisors of production and operating workers"
"709","locksmith","49-9094.00","locksmiths and safe repairers"
"709","inspector magnetic particle and penetrant","51-9061.00","inspectors testers sorters samplers and weighers"
"709","towel cabinet repairer","49-9099.00","installation maintenance and repair workers all other"
"709","atomic fuel assembler","51-2099.00","assemblers and fabricators all other"
"709","model builder","51-4061.00","model makers metal and plastic"
"709","model maker ii","51-9071.00","jewelers and precious stone and metal workers"
"709","mold stamper and repairer","51-9022.00","grinding and polishing workers hand"
"709","patternmaker","51-4062.00","patternmakers metal and plastic"
"709","spring former hand","51-4199.00","metal workers and plastic workers all other"
"709","silk screen frame assembler","51-9161.00","computer numerically controlled tool operators"
"709","silk screen frame assembler","51-9162.00","computer numerically controlled tool programmers"
"709","silk screen frame assembler","51-9199.00","production workers all other"
"709","autoclave operator ii","51-9051.00","furnace kiln oven drier and kettle operators and tenders"
"709","babbitter","51-9123.00","painting coating and decorating workers"
"709","hot top liner","47-2021.00","brickmasons and blockmasons"
"709","salvager","49-9012.00","control and valve installers and repairers except mechanical door"
"709","shearer and trimmer wire screen and fabric","51-9031.00","cutters and trimmers hand"
"709","stab setter and driller","51-4032.00","drilling and boring machine tool setters operators and tenders metal and plastic"
"709","torch straightener and heater","51-4121.00","welders cutters solderers and brazers"
"709","hot box operator","51-9041.00","extruding forming pressing and compacting machine setters operators and tenders"
"709","laborer tin can","51-9198.00","helpers production workers"
"709","hot top liner helper","47-3011.00","helpers brickmasons blockmasons stonemasons and tile and marble setters"
"709","salvager helper","49-9098.00","helpers installation maintenance and repair workers"
"710","supervisor gas meter repair","49-1011.00","first line supervisors of mechanics installers and repairers"
"710","supervisor instrument maintenance","51-1011.00","first line supervisors of production and operating workers"
"710","instrument repairer","17-3023.00","electrical and electronic engineering technologists and technicians"
"710","assembler and tester electronics","51-2022.00","electrical and electronic equipment assemblers"
"710","electromechanical technician","17-3024.00","electro mechanical and mechatronics technologists and technicians"
"710","gas meter prover","49-9012.00","control and valve installers and repairers except mechanical door"
"710","taximeter repairer","49-9069.00","precision instrument and equipment repairers all other"
"710","scale assembly set up worker","51-4199.00","metal workers and plastic workers all other"
"710","model maker scale","51-4061.00","model makers metal and plastic"
"710","test equipment mechanic","17-3021.00","aerospace engineering and operations technologists and technicians"
"710","assembler ii","51-2099.00","assemblers and fabricators all other"
"710","balancer scale","51-9061.00","inspectors testers sorters samplers and weighers"
"710","gas regulator repairer helper","49-9098.00","helpers installation maintenance and repair workers"
"710","parking meter servicer","49-9091.00","coin vending and amusement machine servicers and repairers"
"710","scroll assembler","51-9161.00","computer numerically controlled tool operators"
"710","scroll assembler","51-9162.00","computer numerically controlled tool programmers"
"710","scroll assembler","51-9199.00","production workers all other"
"710","tie up worker","53-7064.00","packers and packagers hand"
"711","supervisor optical instruments","51-1011.00","first line supervisors of production and operating workers"
"711","inspector optical instrument","51-9061.00","inspectors testers sorters samplers and weighers"
"711","instrument mechanic weapons system","17-3023.00","electrical and electronic engineering technologists and technicians"
"711","optical instrument assembler","51-9083.00","ophthalmic laboratory technicians"
"711","assembly loader","51-9161.00","computer numerically controlled tool operators"
"711","assembly loader","51-9162.00","computer numerically controlled tool programmers"
"711","assembly loader","51-9199.00","production workers all other"
"712","supervisor dental laboratory","51-1011.00","first line supervisors of production and operating workers"
"712","supervisor artificial breast fabrication","51-9161.00","computer numerically controlled tool operators"
"712","supervisor artificial breast fabrication","51-9162.00","computer numerically controlled tool programmers"
"712","supervisor artificial breast fabrication","51-9199.00","production workers all other"
"712","designer","51-6099.00","textile apparel and furnishings workers all other"
"712","arch support technician","51-9082.00","medical appliance technicians"
"712","contour wire specialist denture","51-9081.00","dental laboratory technicians"
"712","inspector surgical garment","51-9061.00","inspectors testers sorters samplers and weighers"
"712","opaquer","51-9123.00","painting coating and decorating workers"
"712","packer denture","51-9195.00","molders shapers and casters except metal and plastic"
"712","suture polisher","51-9198.00","helpers production workers"
"713","artificial glass eye maker","51-9195.04","glass blowers molders benders and finishers"
"713","artificial plastic eye maker","51-9082.00","medical appliance technicians"
"713","lens mold setter","51-9083.00","ophthalmic laboratory technicians"
"713","assembler gold frame","51-9161.00","computer numerically controlled tool operators"
"713","assembler gold frame","51-9162.00","computer numerically controlled tool programmers"
"713","assembler gold frame","51-9199.00","production workers all other"
"713","inspector eyeglass","51-9061.00","inspectors testers sorters samplers and weighers"
"713","frame carver spindle","51-4199.00","metal workers and plastic workers all other"
"713","polisher eyeglass frames","51-4033.00","grinding lapping polishing and buffing machine tool setters operators and tenders metal and plastic"
"713","clip coater","51-9123.00","painting coating and decorating workers"
"713","polisher implant","51-9022.00","grinding and polishing workers hand"
"714","supervisor motion picture equipment","51-1011.00","first line supervisors of production and operating workers"
"714","aircraft photographic equipment mechanic","49-9061.00","camera and photographic equipment repairers"
"714","assembler photographic equipment","51-2023.00","electromechanical equipment assemblers"
"714","inspector photographic equipment","51-9061.00","inspectors testers sorters samplers and weighers"
"714","photographic plate maker","51-5111.00","prepress technicians and workers"
"714","assembler production line","51-9161.00","computer numerically controlled tool operators"
"714","assembler production line","51-9162.00","computer numerically controlled tool programmers"
"714","assembler production line","51-9199.00","production workers all other"
"715","supervisor","51-1011.00","first line supervisors of production and operating workers"
"715","instructor watch assembly","25-1194.00","career technical education teachers postsecondary"
"715","mechanical technician laboratory","51-9061.00","inspectors testers sorters samplers and weighers"
"715","watch repairer","49-9064.00","watch and clock repairers"
"715","assembler","51-2061.00","timing device assemblers and adjusters"
"715","blocker and polisher gold wheel","51-4033.00","grinding lapping polishing and buffing machine tool setters operators and tenders metal and plastic"
"715","dial maker","51-9071.00","jewelers and precious stone and metal workers"
"715","balance assembler","51-9161.00","computer numerically controlled tool operators"
"715","balance assembler","51-9162.00","computer numerically controlled tool programmers"
"715","balance assembler","51-9199.00","production workers all other"
"715","dial refinisher","51-9123.00","painting coating and decorating workers"
"715","stoner hand","51-9022.00","grinding and polishing workers hand"
"715","set up worker","51-4199.00","metal workers and plastic workers all other"
"715","barrel finisher","51-4034.00","lathe and turning machine tool setters operators and tenders metal and plastic"
"715","countersinker","51-4032.00","drilling and boring machine tool setters operators and tenders metal and plastic"
"715","beveler","51-4031.00","cutting punching and press machine setters operators and tenders metal and plastic"
"715","crystal cutter","51-9021.00","crushing grinding and polishing machine setters operators and tenders"
"715","pearler","51-9031.00","cutters and trimmers hand"
"715","collet gluer","51-9191.00","adhesive bonding machine operators and tenders"
"715","solderer","51-4122.00","welding soldering and brazing machine setters operators and tenders"
"715","destaticizer feeder","53-7063.00","machine feeders and offbearers"
"715","motor polarizer","51-9198.00","helpers production workers"
"716","supervisor","51-1011.00","first line supervisors of production and operating workers"
"716","optician apprentice","51-9083.00","ophthalmic laboratory technicians"
"716","sizer machine","51-9161.00","computer numerically controlled tool operators"
"716","sizer machine","51-9162.00","computer numerically controlled tool programmers"
"716","sizer machine","51-9199.00","production workers all other"
"716","inspector precision","51-9061.00","inspectors testers sorters samplers and weighers"
"716","optical glass etcher","51-9194.00","etchers and engravers"
"716","grinder hand","51-9021.00","crushing grinding and polishing machine setters operators and tenders"
"719","radiological equipment specialist","49-9062.00","medical equipment repairers"
"719","hearing aid repairer","49-9099.00","installation maintenance and repair workers all other"
"719","block maker","51-9195.00","molders shapers and casters except metal and plastic"
"720","radio repairer","49-2097.00","audiovisual equipment installers and repairers"
"720","assembly adjuster","51-9061.00","inspectors testers sorters samplers and weighers"
"720","phonograph cartridge assembler","51-2022.00","electrical and electronic equipment assemblers"
"721","electric motor repairing supervisor","49-1011.00","first line supervisors of mechanics installers and repairers"
"721","supervisor inspection and testing","51-1011.00","first line supervisors of production and operating workers"
"721","electric motor analyst","49-2092.00","electric motor power tool and related repairers"
"721","final tester","51-9061.00","inspectors testers sorters samplers and weighers"
"721","magneto repairer","49-3053.00","outdoor power equipment and other small engine mechanics"
"721","electric motor control assembler","51-2022.00","electrical and electronic equipment assemblers"
"721","governor assembler hydraulic","51-2023.00","electromechanical equipment assemblers"
"721","insulation cutter and former","51-9032.00","cutting and slicing machine setters operators and tenders"
"721","armature winder helper repair","49-9098.00","helpers installation maintenance and repair workers"
"721","coil connector","51-2021.00","coil winders tapers and finishers"
"721","cleaner and preparer","51-9123.00","painting coating and decorating workers"
"722","instrument shop supervisor","49-1011.00","first line supervisors of mechanics installers and repairers"
"722","instrument repairer","49-2022.00","telecommunications equipment installers and repairers except line installers"
"722","assembler","51-2022.00","electrical and electronic equipment assemblers"
"722","instrument inspector","51-9061.00","inspectors testers sorters samplers and weighers"
"722","switchbox assembler i","51-9161.00","computer numerically controlled tool operators"
"722","switchbox assembler i","51-9162.00","computer numerically controlled tool programmers"
"722","switchbox assembler i","51-9199.00","production workers all other"
"723","supervisor small appliance assembly","51-1011.00","first line supervisors of production and operating workers"
"723","model maker fluorescent lighting","51-4061.00","model makers metal and plastic"
"723","electrical appliance repairer","49-9031.00","home appliance repairers"
"723","assembler","51-2022.00","electrical and electronic equipment assemblers"
"723","assembler ii","51-9161.00","computer numerically controlled tool operators"
"723","assembler ii","51-9162.00","computer numerically controlled tool programmers"
"723","assembler ii","51-9199.00","production workers all other"
"723","flasher adjuster","51-9061.00","inspectors testers sorters samplers and weighers"
"723","heating element winder","51-4199.00","metal workers and plastic workers all other"
"723","wiper","51-9198.00","helpers production workers"
"724","supervisor electronic coils","51-1011.00","first line supervisors of production and operating workers"
"724","transformer tester","51-9061.00","inspectors testers sorters samplers and weighers"
"724","set up mechanic coil winding machines","51-9161.00","computer numerically controlled tool operators"
"724","set up mechanic coil winding machines","51-9162.00","computer numerically controlled tool programmers"
"724","set up mechanic coil winding machines","51-9199.00","production workers all other"
"724","wire coiler","51-2021.00","coil winders tapers and finishers"
"724","adjuster electrical contacts","49-2092.00","electric motor power tool and related repairers"
"724","coil shaper","51-4031.00","cutting punching and press machine setters operators and tenders metal and plastic"
"724","commutator assembler","51-2022.00","electrical and electronic equipment assemblers"
"724","lacer and tier","51-9198.00","helpers production workers"
"725","tube rebuilder","17-3023.00","electrical and electronic engineering technologists and technicians"
"725","tube assembler electron","51-2022.00","electrical and electronic equipment assemblers"
"725","coiled coil inspector","51-9061.00","inspectors testers sorters samplers and weighers"
"725","display screen fabricator","51-4199.00","metal workers and plastic workers all other"
"725","getterer","51-9161.00","computer numerically controlled tool operators"
"725","getterer","51-9162.00","computer numerically controlled tool programmers"
"725","getterer","51-9199.00","production workers all other"
"726","supervisor electronics production","51-1011.00","first line supervisors of production and operating workers"
"726","electronics assembler developmental","17-3023.00","electrical and electronic engineering technologists and technicians"
"726","electronics tester","51-9061.00","inspectors testers sorters samplers and weighers"
"726","production technologist","17-3026.00","industrial engineering technologists and technicians"
"726","production technologist","51-2092.00","team assemblers"
"726","group leader printed circuit board assembly","51-2022.00","electrical and electronic equipment assemblers"
"726","repairer probe test card semiconductor wafers","49-2094.00","electrical and electronics repairers commercial and industrial equipment"
"726","wave soldering machine operator","51-4122.00","welding soldering and brazing machine setters operators and tenders"
"726","test fixture designer","17-3012.00","electrical and electronics drafters"
"726","electronics utility worker","51-9161.00","computer numerically controlled tool operators"
"726","electronics utility worker","51-9162.00","computer numerically controlled tool programmers"
"726","electronics utility worker","51-9199.00","production workers all other"
"726","electronic equipment set up operator","51-4199.00","metal workers and plastic workers all other"
"726","electronic equipment repairer","49-2021.00","radio cellular and tower equipment installers and repairers"
"726","wire wrapping machine operator","51-2021.00","coil winders tapers and finishers"
"726","saw operator","51-4031.00","cutting punching and press machine setters operators and tenders metal and plastic"
"726","die attacher","51-9141.00","semiconductor processing technicians"
"726","deflash and wash operator","51-9192.00","cleaning washing and metal pickling equipment operators and tenders"
"726","solder leveler printed circuit boards","51-4193.00","plating machine setters operators and tenders metal and plastic"
"726","wave solder offbearer","53-7063.00","machine feeders and offbearers"
"727","supervisor burning forming and assembly","51-1011.00","first line supervisors of production and operating workers"
"727","battery recharger","51-9061.00","inspectors testers sorters samplers and weighers"
"727","battery repairer","49-2092.00","electric motor power tool and related repairers"
"727","acid adjuster","51-9161.00","computer numerically controlled tool operators"
"727","acid adjuster","51-9162.00","computer numerically controlled tool programmers"
"727","acid adjuster","51-9199.00","production workers all other"
"727","lead burner machine","51-4122.00","welding soldering and brazing machine setters operators and tenders"
"727","battery assembler dry cell","51-2022.00","electrical and electronic equipment assemblers"
"727","lead burner","51-4121.00","welders cutters solderers and brazers"
"727","plate slitter and inspector","51-4031.00","cutting punching and press machine setters operators and tenders metal and plastic"
"727","acid dumper","53-7063.00","machine feeders and offbearers"
"727","acid filler","51-9198.00","helpers production workers"
"727","battery stacker","53-7062.00","laborers and freight stock and material movers hand"
"727","battery container finishing hand","51-9123.00","painting coating and decorating workers"
"728","wire harness assembler","51-2022.00","electrical and electronic equipment assemblers"
"728","electrical line splicer","51-9161.00","computer numerically controlled tool operators"
"728","electrical line splicer","51-9162.00","computer numerically controlled tool programmers"
"728","electrical line splicer","51-9199.00","production workers all other"
"728","spark tester","51-9061.00","inspectors testers sorters samplers and weighers"
"728","wire preparation machine tender","51-4199.00","metal workers and plastic workers all other"
"729","supervisor electrical assembly","51-1011.00","first line supervisors of production and operating workers"
"729","audio video repairer","49-2097.00","audiovisual equipment installers and repairers"
"729","electric meter repairer","49-9012.00","control and valve installers and repairers except mechanical door"
"729","electric tool repairer","49-9031.00","home appliance repairers"
"729","electrical instrument repairer","17-3023.00","electrical and electronic engineering technologists and technicians"
"729","electromedical equipment repairer","49-9062.00","medical equipment repairers"
"729","relay tester","51-9061.00","inspectors testers sorters samplers and weighers"
"729","wirer","51-2022.00","electrical and electronic equipment assemblers"
"729","probe test equipment technician semiconductor wafers","51-9161.00","computer numerically controlled tool operators"
"729","probe test equipment technician semiconductor wafers","51-9162.00","computer numerically controlled tool programmers"
"729","probe test equipment technician semiconductor wafers","51-9199.00","production workers all other"
"729","pin game machine inspector","49-9091.00","coin vending and amusement machine servicers and repairers"
"729","street light repairer","47-2111.00","electricians"
"729","salvage repairer ii","49-2092.00","electric motor power tool and related repairers"
"729","test department helper","51-9198.00","helpers production workers"
"729","dial marker","51-9123.00","painting coating and decorating workers"
"729","mold operator","51-9195.00","molders shapers and casters except metal and plastic"
"729","safety lamp keeper","49-9099.00","installation maintenance and repair workers all other"
"729","street light repairer helper","49-9098.00","helpers installation maintenance and repair workers"
"729","salvager","53-7061.00","cleaners of vehicles and equipment"
"730","supervisor","51-1011.00","first line supervisors of production and operating workers"
"730","accordion maker","51-7011.00","cabinetmakers and bench carpenters"
"730","accordion repairer","49-9063.00","musical instrument repairers and tuners"
"730","electric organ inspector and repairer","49-2097.00","audiovisual equipment installers and repairers"
"730","final inspector","51-9061.00","inspectors testers sorters samplers and weighers"
"730","bell maker","51-2099.00","assemblers and fabricators all other"
"730","electric organ assembler and checker","51-2022.00","electrical and electronic equipment assemblers"
"730","assembler piano","51-9161.00","computer numerically controlled tool operators"
"730","assembler piano","51-9162.00","computer numerically controlled tool programmers"
"730","assembler piano","51-9199.00","production workers all other"
"730","socket puller","51-4199.00","metal workers and plastic workers all other"
"730","sander and buffer","51-9022.00","grinding and polishing workers hand"
"730","seam hammerer","51-4023.00","rolling machine setters operators and tenders metal and plastic"
"730","sheet metal pattern cutter","51-9031.00","cutters and trimmers hand"
"730","cutter woodwind reeds","51-9032.00","cutting and slicing machine setters operators and tenders"
"731","supervisor toy assembly","51-1011.00","first line supervisors of production and operating workers"
"731","model maker","51-9161.00","computer numerically controlled tool operators"
"731","model maker","51-9162.00","computer numerically controlled tool programmers"
"731","model maker","51-9199.00","production workers all other"
"731","dice maker","51-4032.00","drilling and boring machine tool setters operators and tenders metal and plastic"
"731","finisher hand","51-9198.00","helpers production workers"
"731","doll repairer","49-9099.00","installation maintenance and repair workers all other"
"731","rooter operator","51-6031.00","sewing machine operators"
"731","stuffer","51-9111.00","packaging and filling machine operators and tenders"
"731","inspector toys","51-9061.00","inspectors testers sorters samplers and weighers"
"731","mold filler plastic dolls","51-9195.00","molders shapers and casters except metal and plastic"
"731","wire cutter","51-9031.00","cutters and trimmers hand"
"732","supervisor","51-1011.00","first line supervisors of production and operating workers"
"732","custom ski maker","51-9161.00","computer numerically controlled tool operators"
"732","custom ski maker","51-9162.00","computer numerically controlled tool programmers"
"732","custom ski maker","51-9199.00","production workers all other"
"732","ski binding fitter and repairer","49-9099.00","installation maintenance and repair workers all other"
"732","bowling ball grader and marker","51-9061.00","inspectors testers sorters samplers and weighers"
"732","golf club head former","51-4199.00","metal workers and plastic workers all other"
"732","bowling ball engraver","51-9194.00","etchers and engravers"
"732","finisher","51-9022.00","grinding and polishing workers hand"
"732","baseball sewer hand","51-6051.00","sewers hand"
"732","base filler operator","51-9111.00","packaging and filling machine operators and tenders"
"732","feather sawyer","51-9032.00","cutting and slicing machine setters operators and tenders"
"732","hay sorter","53-7063.00","machine feeders and offbearers"
"732","laborer","51-9198.00","helpers production workers"
"732","mold cleaner","53-7061.00","cleaners of vehicles and equipment"
"732","painter and grader cork","51-9123.00","painting coating and decorating workers"
"732","target trimmer","51-9031.00","cutters and trimmers hand"
"733","supervisor plating and point assembly","51-1011.00","first line supervisors of production and operating workers"
"733","ballpoint pen cartridge tester","51-9061.00","inspectors testers sorters samplers and weighers"
"733","engraver rubber","51-9194.00","etchers and engravers"
"733","rubber stamp maker","51-9195.00","molders shapers and casters except metal and plastic"
"733","repairer pens and pencils","49-9099.00","installation maintenance and repair workers all other"
"733","paint brush maker","51-9161.00","computer numerically controlled tool operators"
"733","paint brush maker","51-9162.00","computer numerically controlled tool programmers"
"733","paint brush maker","51-9199.00","production workers all other"
"733","filling machine operator","51-9111.00","packaging and filling machine operators and tenders"
"733","grooving machine operator","51-4199.00","metal workers and plastic workers all other"
"733","smoother","51-4033.00","grinding lapping polishing and buffing machine tool setters operators and tenders metal and plastic"
"733","tip bander","51-9124.00","coating painting and spraying machine setters operators and tenders"
"733","chalk cutter","51-9031.00","cutters and trimmers hand"
"733","clamper","51-9198.00","helpers production workers"
"733","dipper","51-9123.00","painting coating and decorating workers"
"734","supervisor ii","51-1011.00","first line supervisors of production and operating workers"
"734","button cutting machine operator","51-9031.00","cutters and trimmers hand"
"734","wire frame maker","51-2099.00","assemblers and fabricators all other"
"734","needle grinder","51-4033.00","grinding lapping polishing and buffing machine tool setters operators and tenders metal and plastic"
"734","feather shaper","51-9161.00","computer numerically controlled tool operators"
"734","feather shaper","51-9162.00","computer numerically controlled tool programmers"
"734","feather shaper","51-9199.00","production workers all other"
"734","inspector repairer","51-9061.00","inspectors testers sorters samplers and weighers"
"734","bobbin disker","51-9198.00","helpers production workers"
"734","grinder hand","51-9022.00","grinding and polishing workers hand"
"735","bench hand","51-9071.00","jewelers and precious stone and metal workers"
"735","coloring checker","51-9061.00","inspectors testers sorters samplers and weighers"
"735","bead stringer","51-9161.00","computer numerically controlled tool operators"
"735","bead stringer","51-9162.00","computer numerically controlled tool programmers"
"735","bead stringer","51-9199.00","production workers all other"
"735","stoner","51-9022.00","grinding and polishing workers hand"
"735","dipper","51-9198.00","helpers production workers"
"735","painter","51-9123.00","painting coating and decorating workers"
"736","automotive tire testing supervisor","51-1011.00","first line supervisors of production and operating workers"
"736","gun examiner","51-9061.00","inspectors testers sorters samplers and weighers"
"736","assembler i","51-2099.00","assemblers and fabricators all other"
"736","fitter ventilated rib","51-9161.00","computer numerically controlled tool operators"
"736","fitter ventilated rib","51-9162.00","computer numerically controlled tool programmers"
"736","fitter ventilated rib","51-9199.00","production workers all other"
"736","barrel loader and cleaner","51-9198.00","helpers production workers"
"736","barrel finisher","51-9022.00","grinding and polishing workers hand"
"736","solderer barrel ribs","51-4121.00","welders cutters solderers and brazers"
"737","supervisor fireworks assembly","51-1011.00","first line supervisors of production and operating workers"
"737","process checker","51-9061.00","inspectors testers sorters samplers and weighers"
"737","assembler igniter","51-2099.00","assemblers and fabricators all other"
"737","bandoleer straightener stamper","51-9198.00","helpers production workers"
"737","fireworks assembler","51-9161.00","computer numerically controlled tool operators"
"737","fireworks assembler","51-9162.00","computer numerically controlled tool programmers"
"737","fireworks assembler","51-9199.00","production workers all other"
"737","primer boxer","53-7064.00","packers and packagers hand"
"737","assembler mechanical ordnance","51-2023.00","electromechanical equipment assemblers"
"737","shellacker","51-9123.00","painting coating and decorating workers"
"739","supervisor bit and shank department","51-1011.00","first line supervisors of production and operating workers"
"739","exhibit builder","51-9161.00","computer numerically controlled tool operators"
"739","exhibit builder","51-9162.00","computer numerically controlled tool programmers"
"739","exhibit builder","51-9199.00","production workers all other"
"739","ultrasonic tester","51-9061.00","inspectors testers sorters samplers and weighers"
"739","die maker","51-4111.00","tool and die makers"
"739","fabricator shower doors and panels","51-2099.00","assemblers and fabricators all other"
"739","figure refinisher and repairer","49-9099.00","installation maintenance and repair workers all other"
"739","mannequin mold maker","51-9195.00","molders shapers and casters except metal and plastic"
"739","foundation maker","51-6051.00","sewers hand"
"739","buffer","51-9022.00","grinding and polishing workers hand"
"739","buffing and polishing wheel repairer","49-2092.00","electric motor power tool and related repairers"
"739","deicer assembler electric","51-2022.00","electrical and electronic equipment assemblers"
"739","deicer finisher","51-4121.00","welders cutters solderers and brazers"
"739","foot miter operator","51-7042.00","woodworking machine setters operators and tenders except sawing"
"739","last repairer helper","51-6041.00","shoe and leather workers and repairers"
"739","mat cutter","51-9031.00","cutters and trimmers hand"
"739","needle board repairer","49-9041.00","industrial machinery mechanics"
"739","casket assembler","47-2031.00","carpenters"
"739","brush head maker","51-9191.00","adhesive bonding machine operators and tenders"
"739","clipper","51-9032.00","cutting and slicing machine setters operators and tenders"
"739","paint roller winder","51-6064.00","textile winding twisting and drawing out machine setters operators and tenders"
"739","tapper bit","51-4199.00","metal workers and plastic workers all other"
"739","cleaner","51-9198.00","helpers production workers"
"739","cleaner signs","53-7061.00","cleaners of vehicles and equipment"
"739","fire equipment inspector helper","49-9098.00","helpers installation maintenance and repair workers"
"739","smoking pipe liner","51-9123.00","painting coating and decorating workers"
"740","instructor decorating","25-1194.00","career technical education teachers postsecondary"
"740","decorator","51-9123.00","painting coating and decorating workers"
"741","production finisher","51-9124.00","coating painting and spraying machine setters operators and tenders"
"741","artist mannequin coloring","51-9123.00","painting coating and decorating workers"
"741","paint spray inspector","51-9061.00","inspectors testers sorters samplers and weighers"
"741","painter helper spray","51-9198.00","helpers production workers"
"742","supervisor finishing","51-1011.00","first line supervisors of production and operating workers"
"742","rubber","51-9123.00","painting coating and decorating workers"
"749","supervisor decorating","51-1011.00","first line supervisors of production and operating workers"
"749","gilder","51-9123.00","painting coating and decorating workers"
"749","racker","51-9198.00","helpers production workers"
"749","putty glazer","51-9161.00","computer numerically controlled tool operators"
"749","putty glazer","51-9162.00","computer numerically controlled tool programmers"
"749","putty glazer","51-9199.00","production workers all other"
"749","paint trimmer pipe bowls","51-9021.00","crushing grinding and polishing machine setters operators and tenders"
"749","striper machine","53-7063.00","machine feeders and offbearers"
"750","supervisor","51-1011.00","first line supervisors of production and operating workers"
"750","quality control inspector","51-9061.00","inspectors testers sorters samplers and weighers"
"750","tire builder automobile","51-9197.00","tire builders"
"750","tube builder airplane","51-9161.00","computer numerically controlled tool operators"
"750","tube builder airplane","51-9162.00","computer numerically controlled tool programmers"
"750","tube builder airplane","51-9199.00","production workers all other"
"750","tire repairer","49-3093.00","tire repairers and changers"
"750","band builder","51-9191.00","adhesive bonding machine operators and tenders"
"750","tire trimmer hand","51-9031.00","cutters and trimmers hand"
"751","patternmaker","51-4062.00","patternmakers metal and plastic"
"751","stock preparer","51-9031.00","cutters and trimmers hand"
"751","cold roll inspector","51-9061.00","inspectors testers sorters samplers and weighers"
"751","preform plate maker","51-9161.00","computer numerically controlled tool operators"
"751","preform plate maker","51-9162.00","computer numerically controlled tool programmers"
"751","preform plate maker","51-9199.00","production workers all other"
"751","hose cutter machine","53-7063.00","machine feeders and offbearers"
"752","balloon maker","51-9161.00","computer numerically controlled tool operators"
"752","balloon maker","51-9162.00","computer numerically controlled tool programmers"
"752","balloon maker","51-9199.00","production workers all other"
"752","buffer","51-9022.00","grinding and polishing workers hand"
"752","catheter builder","51-9195.00","molders shapers and casters except metal and plastic"
"752","sectional belt mold assembler","51-9041.00","extruding forming pressing and compacting machine setters operators and tenders"
"753","bootmaker hand","51-6041.00","shoe and leather workers and repairers"
"753","classifier","51-9061.00","inspectors testers sorters samplers and weighers"
"753","machine made shoe unit worker","51-9195.00","molders shapers and casters except metal and plastic"
"753","buffing and sueding machine operator","51-9021.00","crushing grinding and polishing machine setters operators and tenders"
"753","cut and cover line worker","51-9161.00","computer numerically controlled tool operators"
"753","cut and cover line worker","51-9162.00","computer numerically controlled tool programmers"
"753","cut and cover line worker","51-9199.00","production workers all other"
"753","clipper","51-9031.00","cutters and trimmers hand"
"753","mold insert changer","51-9198.00","helpers production workers"
"753","packing line worker","53-7064.00","packers and packagers hand"
"754","decorating and assembly supervisor","51-1011.00","first line supervisors of production and operating workers"
"754","internal carver","51-9194.00","etchers and engravers"
"754","patternmaker plastics","51-4062.00","patternmakers metal and plastic"
"754","plastics fabricator","51-9161.00","computer numerically controlled tool operators"
"754","plastics fabricator","51-9162.00","computer numerically controlled tool programmers"
"754","plastics fabricator","51-9199.00","production workers all other"
"754","bit shaver","51-9022.00","grinding and polishing workers hand"
"754","caster","51-9195.00","molders shapers and casters except metal and plastic"
"754","plastics repairer","49-9099.00","installation maintenance and repair workers all other"
"754","assembly machine tender","51-4199.00","metal workers and plastic workers all other"
"754","sequins stringer","51-9198.00","helpers production workers"
"759","supervisor scouring pads","51-1011.00","first line supervisors of production and operating workers"
"759","prototype deicer assembler","51-2022.00","electrical and electronic equipment assemblers"
"759","hose inspector and patcher","51-9061.00","inspectors testers sorters samplers and weighers"
"759","self sealing fuel tank repairer","49-9099.00","installation maintenance and repair workers all other"
"759","roll builder","51-9191.00","adhesive bonding machine operators and tenders"
"759","braider setter","51-9161.00","computer numerically controlled tool operators"
"759","braider setter","51-9162.00","computer numerically controlled tool programmers"
"759","braider setter","51-9199.00","production workers all other"
"759","buffer","51-9021.00","crushing grinding and polishing machine setters operators and tenders"
"760","bench carpenter","51-9161.00","computer numerically controlled tool operators"
"760","bench carpenter","51-9162.00","computer numerically controlled tool programmers"
"760","bench carpenter","51-9199.00","production workers all other"
"761","supervisor briar shop","51-1011.00","first line supervisors of production and operating workers"
"761","carver hand","51-7011.00","cabinetmakers and bench carpenters"
"761","jig builder","51-7031.00","model makers wood"
"761","pattern marker i","51-7099.00","woodworkers all other"
"761","lathe sander","51-7042.00","woodworking machine setters operators and tenders except sawing"
"761","golf club facer","51-9022.00","grinding and polishing workers hand"
"761","jig builder","51-9161.00","computer numerically controlled tool operators"
"761","jig builder","51-9162.00","computer numerically controlled tool programmers"
"761","jig builder","51-9199.00","production workers all other"
"761","polisher","51-9021.00","crushing grinding and polishing machine setters operators and tenders"
"761","stock patcher","49-9099.00","installation maintenance and repair workers all other"
"762","supervisor component assembler","51-1011.00","first line supervisors of production and operating workers"
"762","glued wood tester","51-9061.00","inspectors testers sorters samplers and weighers"
"762","reel assembler","51-9161.00","computer numerically controlled tool operators"
"762","reel assembler","51-9162.00","computer numerically controlled tool programmers"
"762","reel assembler","51-9199.00","production workers all other"
"762","basket mender","51-9031.00","cutters and trimmers hand"
"762","edge bander machine","51-9191.00","adhesive bonding machine operators and tenders"
"762","edge banding machine offbearer","53-7063.00","machine feeders and offbearers"
"762","crossband layer","51-9198.00","helpers production workers"
"763","supervisor quality control","51-1011.00","first line supervisors of production and operating workers"
"763","furniture restorer","51-7021.00","furniture finishers"
"763","assembly inspector","51-9061.00","inspectors testers sorters samplers and weighers"
"763","cabinet assembler","51-9161.00","computer numerically controlled tool operators"
"763","cabinet assembler","51-9162.00","computer numerically controlled tool programmers"
"763","cabinet assembler","51-9199.00","production workers all other"
"763","slot router","51-9031.00","cutters and trimmers hand"
"763","blow off worker","51-9198.00","helpers production workers"
"763","drawer waxer","51-9123.00","painting coating and decorating workers"
"764","supervisor cooperage shop","51-1011.00","first line supervisors of production and operating workers"
"764","head inspector","51-9061.00","inspectors testers sorters samplers and weighers"
"764","barrel brander","51-9161.00","computer numerically controlled tool operators"
"764","barrel brander","51-9162.00","computer numerically controlled tool programmers"
"764","barrel brander","51-9199.00","production workers all other"
"764","cooper","47-2031.00","carpenters"
"764","air and water filler","51-9198.00","helpers production workers"
"764","barrel liner","51-9123.00","painting coating and decorating workers"
"764","cooper helper","47-3012.00","helpers carpenters"
"769","supervisor fabrication","51-1011.00","first line supervisors of production and operating workers"
"769","compo caster","51-9195.00","molders shapers and casters except metal and plastic"
"769","woodwork salvage inspector","51-9061.00","inspectors testers sorters samplers and weighers"
"769","shaker repairer","49-9041.00","industrial machinery mechanics"
"769","basket assembler ii","51-9161.00","computer numerically controlled tool operators"
"769","basket assembler ii","51-9162.00","computer numerically controlled tool programmers"
"769","basket assembler ii","51-9199.00","production workers all other"
"769","repairer assembled wood products","47-2031.00","carpenters"
"769","sample maker veneer","51-9031.00","cutters and trimmers hand"
"769","repairer veneer sheet","49-9099.00","installation maintenance and repair workers all other"
"769","putty mixer and applier","51-9198.00","helpers production workers"
"770","jewel supervisor","51-1011.00","first line supervisors of production and operating workers"
"770","brilliandeer lopper","51-9071.06","gem and diamond workers"
"770","diamond expert","51-9061.00","inspectors testers sorters samplers and weighers"
"770","bead maker","51-9071.00","jewelers and precious stone and metal workers"
"770","facer","51-9021.00","crushing grinding and polishing machine setters operators and tenders"
"770","jewel bearing broacher","51-9022.00","grinding and polishing workers hand"
"770","jewel bearing driller","51-9161.00","computer numerically controlled tool operators"
"770","jewel bearing driller","51-9162.00","computer numerically controlled tool programmers"
"770","jewel bearing driller","51-9199.00","production workers all other"
"770","jewel stringer","51-9198.00","helpers production workers"
"771","supervisor slate splitting","51-1011.00","first line supervisors of production and operating workers"
"771","stencil cutter","51-9161.00","computer numerically controlled tool operators"
"771","stencil cutter","51-9162.00","computer numerically controlled tool programmers"
"771","stencil cutter","51-9199.00","production workers all other"
"771","stone carver","51-9195.03","stone cutters and carvers manufacturing"
"771","coper hand","51-9031.00","cutters and trimmers hand"
"771","beveler","51-9022.00","grinding and polishing workers hand"
"772","glass blower laboratory apparatus","51-9195.04","glass blowers molders benders and finishers"
"772","patternmaker","51-9161.00","computer numerically controlled tool operators"
"772","patternmaker","51-9162.00","computer numerically controlled tool programmers"
"772","patternmaker","51-9199.00","production workers all other"
"772","watch crystal molder","51-9195.00","molders shapers and casters except metal and plastic"
"772","spotter","51-9061.00","inspectors testers sorters samplers and weighers"
"773","paster supervisor","51-1011.00","first line supervisors of production and operating workers"
"773","tile decorator","51-9123.00","painting coating and decorating workers"
"773","clay stain mixer","51-9161.00","computer numerically controlled tool operators"
"773","clay stain mixer","51-9162.00","computer numerically controlled tool programmers"
"773","clay stain mixer","51-9199.00","production workers all other"
"773","pasting inspector","51-9061.00","inspectors testers sorters samplers and weighers"
"774","supervisor clay shop","51-1011.00","first line supervisors of production and operating workers"
"774","thrower","51-9195.05","potters manufacturing"
"774","inspector ii","51-9061.00","inspectors testers sorters samplers and weighers"
"774","bisque cleaner","51-9161.00","computer numerically controlled tool operators"
"774","bisque cleaner","51-9162.00","computer numerically controlled tool programmers"
"774","bisque cleaner","51-9199.00","production workers all other"
"774","dipper","51-9123.00","painting coating and decorating workers"
"774","plaster die maker","51-9195.00","molders shapers and casters except metal and plastic"
"774","ware dresser","51-9021.00","crushing grinding and polishing machine setters operators and tenders"
"774","ware cleaner","51-9022.00","grinding and polishing workers hand"
"775","supervisor finishing","51-1011.00","first line supervisors of production and operating workers"
"775","surface plate finisher","51-9021.00","crushing grinding and polishing machine setters operators and tenders"
"775","engraver","51-9194.00","etchers and engravers"
"775","stone polisher hand","51-9022.00","grinding and polishing workers hand"
"775","glass cutter","51-9031.00","cutters and trimmers hand"
"775","mark up designer","51-9161.00","computer numerically controlled tool operators"
"775","mark up designer","51-9162.00","computer numerically controlled tool programmers"
"775","mark up designer","51-9199.00","production workers all other"
"775","cutting machine tender decorative","51-9032.00","cutting and slicing machine setters operators and tenders"
"775","glass cutter helper","51-9198.00","helpers production workers"
"776","grinding wheel inspector","51-9061.00","inspectors testers sorters samplers and weighers"
"776","belt maker","51-9161.00","computer numerically controlled tool operators"
"776","belt maker","51-9162.00","computer numerically controlled tool programmers"
"776","belt maker","51-9199.00","production workers all other"
"776","polishing wheel setter","49-9043.00","maintenance workers machinery"
"777","modeler","51-9195.00","molders shapers and casters except metal and plastic"
"777","supervisor mold shop","51-1011.00","first line supervisors of production and operating workers"
"777","model maker i","51-9161.00","computer numerically controlled tool operators"
"777","model maker i","51-9162.00","computer numerically controlled tool programmers"
"777","model maker i","51-9199.00","production workers all other"
"777","model maker","51-9195.05","potters manufacturing"
"777","mold maker ii","51-9071.00","jewelers and precious stone and metal workers"
"777","sand tester","51-9061.00","inspectors testers sorters samplers and weighers"
"779","supervisor i","51-1011.00","first line supervisors of production and operating workers"
"779","clay modeler","51-9161.00","computer numerically controlled tool operators"
"779","clay modeler","51-9162.00","computer numerically controlled tool programmers"
"779","clay modeler","51-9199.00","production workers all other"
"779","glazier stained glass","47-2121.00","glaziers"
"779","mosaic worker","47-2044.00","tile and stone setters"
"779","repairer art objects","25-4013.00","museum technicians and conservators"
"779","tracer","51-9123.00","painting coating and decorating workers"
"779","final inspector","51-9061.00","inspectors testers sorters samplers and weighers"
"779","mica splitter","51-9031.00","cutters and trimmers hand"
"779","cement fittings maker","51-9195.00","molders shapers and casters except metal and plastic"
"779","fettler","51-9022.00","grinding and polishing workers hand"
"779","glass lined tank repairer","49-9099.00","installation maintenance and repair workers all other"
"779","stone repairer","47-4099.00","construction and related workers all other"
"779","waxer","51-9198.00","helpers production workers"
"780","supervisor cutting and sewing department","51-1011.00","first line supervisors of production and operating workers"
"780","automobile upholsterer","51-6093.00","upholsterers"
"780","pad hand","51-6041.00","shoe and leather workers and repairers"
"780","automobile seat cover and convertible top installer","51-9161.00","computer numerically controlled tool operators"
"780","automobile seat cover and convertible top installer","51-9162.00","computer numerically controlled tool programmers"
"780","automobile seat cover and convertible top installer","51-9199.00","production workers all other"
"780","sorter upholstery parts","51-9061.00","inspectors testers sorters samplers and weighers"
"780","sewing machine operator","51-6031.00","sewing machine operators"
"780","cotton dispatcher","51-9031.00","cutters and trimmers hand"
"780","mattress finisher","51-6051.00","sewers hand"
"780","stuffing machine operator","51-9111.00","packaging and filling machine operators and tenders"
"780","mattress stripper","51-9198.00","helpers production workers"
"780","upholstery cleaner","51-6011.00","laundry and dry cleaning workers"
"781","supervisor pattern marking","51-1011.00","first line supervisors of production and operating workers"
"781","clothing pattern preparer","51-9161.00","computer numerically controlled tool operators"
"781","clothing pattern preparer","51-9162.00","computer numerically controlled tool programmers"
"781","clothing pattern preparer","51-9199.00","production workers all other"
"781","assistant designer","51-6092.00","fabric and apparel patternmakers"
"781","leather stamper","51-6041.00","shoe and leather workers and repairers"
"781","sail cutter","51-9031.00","cutters and trimmers hand"
"781","assembler","51-9061.00","inspectors testers sorters samplers and weighers"
"781","trimmer machine","51-6062.00","textile cutting machine setters operators and tenders"
"781","drapery head former","51-6021.00","pressers textile garment and related materials"
"781","cloth tearer","51-9198.00","helpers production workers"
"781","rug backing stenciler","51-9123.00","painting coating and decorating workers"
"782","corset fitter","51-6052.00","tailors dressmakers and custom sewers"
"782","embroidery patternmaker","51-6092.00","fabric and apparel patternmakers"
"782","oriental rug repairer","51-6099.00","textile apparel and furnishings workers all other"
"782","weaver hand","49-9099.00","installation maintenance and repair workers all other"
"782","netting inspector","51-9061.00","inspectors testers sorters samplers and weighers"
"782","crocheter hand","51-9161.00","computer numerically controlled tool operators"
"782","crocheter hand","51-9162.00","computer numerically controlled tool programmers"
"782","crocheter hand","51-9199.00","production workers all other"
"782","hosiery mender","51-6051.00","sewers hand"
"782","match up worker","51-9198.00","helpers production workers"
"782","pinner","51-9123.00","painting coating and decorating workers"
"782","ripper","51-9031.00","cutters and trimmers hand"
"782","sack repairer","51-6031.00","sewing machine operators"
"783","supervisor furrier shop","51-1011.00","first line supervisors of production and operating workers"
"783","furrier","51-6052.00","tailors dressmakers and custom sewers"
"783","custom leather products maker","51-6041.00","shoe and leather workers and repairers"
"783","fur cutter","51-9031.00","cutters and trimmers hand"
"783","fur finisher","51-6031.00","sewing machine operators"
"783","fur sorter","51-9061.00","inspectors testers sorters samplers and weighers"
"783","fur blender","51-9161.00","computer numerically controlled tool operators"
"783","fur blender","51-9162.00","computer numerically controlled tool programmers"
"783","fur blender","51-9199.00","production workers all other"
"783","creaser","51-6021.00","pressers textile garment and related materials"
"783","laminator ii","51-9191.00","adhesive bonding machine operators and tenders"
"783","table worker","51-9198.00","helpers production workers"
"784","supervisor cap and hat production","51-1011.00","first line supervisors of production and operating workers"
"784","milliner","51-6099.00","textile apparel and furnishings workers all other"
"784","patternmaker","51-6092.00","fabric and apparel patternmakers"
"784","inspector","51-9061.00","inspectors testers sorters samplers and weighers"
"784","glove sewer","51-6031.00","sewing machine operators"
"784","bow maker","51-9031.00","cutters and trimmers hand"
"784","brim ironer hand","51-9161.00","computer numerically controlled tool operators"
"784","brim ironer hand","51-9162.00","computer numerically controlled tool programmers"
"784","brim ironer hand","51-9199.00","production workers all other"
"784","decorator","51-6051.00","sewers hand"
"784","mender","49-9099.00","installation maintenance and repair workers all other"
"784","band and cuff cutter","51-6062.00","textile cutting machine setters operators and tenders"
"784","brim raiser","51-9198.00","helpers production workers"
"784","carroter","51-9123.00","painting coating and decorating workers"
"784","inspector packer","53-7064.00","packers and packagers hand"
"785","supervisor alteration workroom","51-1011.00","first line supervisors of production and operating workers"
"785","alteration tailor","51-6052.00","tailors dressmakers and custom sewers"
"786","supervisor garment manufacturing","51-1011.00","first line supervisors of production and operating workers"
"786","appliquer zigzag","51-6031.00","sewing machine operators"
"786","ultrasonic seaming machine operator semiautomatic","51-9161.00","computer numerically controlled tool operators"
"786","ultrasonic seaming machine operator semiautomatic","51-9162.00","computer numerically controlled tool programmers"
"786","ultrasonic seaming machine operator semiautomatic","51-9199.00","production workers all other"
"787","sewing supervisor","51-1011.00","first line supervisors of production and operating workers"
"787","lamp shade sewer","51-6051.00","sewers hand"
"787","binder","51-6031.00","sewing machine operators"
"787","mender","49-9099.00","installation maintenance and repair workers all other"
"787","bag sewer","53-7063.00","machine feeders and offbearers"
"788","supervisor","51-1011.00","first line supervisors of production and operating workers"
"788","instructor","25-1194.00","career technical education teachers postsecondary"
"788","orthopedic boot and shoe designer and maker","51-6041.00","shoe and leather workers and repairers"
"788","designer and patternmaker","51-6092.00","fabric and apparel patternmakers"
"788","inspector","51-9061.00","inspectors testers sorters samplers and weighers"
"788","marker hand","51-9161.00","computer numerically controlled tool operators"
"788","marker hand","51-9162.00","computer numerically controlled tool programmers"
"788","marker hand","51-9199.00","production workers all other"
"788","buttonhole maker","51-9031.00","cutters and trimmers hand"
"788","hand sewer shoes","51-6051.00","sewers hand"
"788","inker","51-9123.00","painting coating and decorating workers"
"788","thread laster","51-6042.00","shoe machine operators and tenders"
"788","brusher","51-9198.00","helpers production workers"
"788","dresser","51-9022.00","grinding and polishing workers hand"
"788","last cleaner","53-7061.00","cleaners of vehicles and equipment"
"789","supervisor iv","51-1011.00","first line supervisors of production and operating workers"
"789","boxing and pressing supervisor","43-1011.00","first line supervisors of office and administrative support workers"
"789","instructor apparel manufacture","25-1194.00","career technical education teachers postsecondary"
"789","boat canvas maker installer","51-6099.00","textile apparel and furnishings workers all other"
"789","beadworker","51-6051.00","sewers hand"
"789","pattern chart writer","51-6092.00","fabric and apparel patternmakers"
"789","clicking machine operator","51-9032.00","cutting and slicing machine setters operators and tenders"
"789","quality control checker","51-9061.00","inspectors testers sorters samplers and weighers"
"789","sample selector","51-9161.00","computer numerically controlled tool operators"
"789","sample selector","51-9162.00","computer numerically controlled tool programmers"
"789","sample selector","51-9199.00","production workers all other"
"789","diagrammer and seamer","51-9031.00","cutters and trimmers hand"
"789","parachute marker","51-9198.00","helpers production workers"
"789","sample clerk","43-5111.00","weighers measurers checkers and samplers recordkeeping"
"789","parachute mender","49-9099.00","installation maintenance and repair workers all other"
"789","mophead trimmer and wrapper","53-7064.00","packers and packagers hand"
"789","tie presser","51-6021.00","pressers textile garment and related materials"
"790","supervisor cigar making hand","51-1011.00","first line supervisors of production and operating workers"
"790","tobacco blender","51-9161.00","computer numerically controlled tool operators"
"790","tobacco blender","51-9162.00","computer numerically controlled tool programmers"
"790","tobacco blender","51-9199.00","production workers all other"
"790","candy cutter hand","51-9031.00","cutters and trimmers hand"
"790","cigar packer","51-9061.00","inspectors testers sorters samplers and weighers"
"790","mold presser","51-9195.00","molders shapers and casters except metal and plastic"
"794","bag repairer","51-9161.00","computer numerically controlled tool operators"
"794","bag repairer","51-9162.00","computer numerically controlled tool programmers"
"794","bag repairer","51-9199.00","production workers all other"
"794","counter hand","51-9061.00","inspectors testers sorters samplers and weighers"
"794","paper pattern folder","53-7064.00","packers and packagers hand"
"794","pattern ruler","51-9198.00","helpers production workers"
"794","trimmer hand","51-9031.00","cutters and trimmers hand"
"795","edge stripper","51-9161.00","computer numerically controlled tool operators"
"795","edge stripper","51-9162.00","computer numerically controlled tool programmers"
"795","edge stripper","51-9199.00","production workers all other"
"795","coverer looseleaf binder","51-9191.00","adhesive bonding machine operators and tenders"
"800","riveter hydraulic","51-4199.00","metal workers and plastic workers all other"
"800","riveter","47-2061.00","construction laborers"
"800","riveter helper","51-9198.00","helpers production workers"
"801","supervisor chimney construction","47-1011.00","first line supervisors of construction trades and extraction workers"
"801","supervisor fitting","51-1011.00","first line supervisors of production and operating workers"
"801","assembler mining machinery","51-2031.00","engine and other machine assemblers"
"801","fitter i","51-2041.00","structural metal fabricators and fitters"
"801","structural steel worker","47-2221.00","structural iron and steel workers"
"801","major assembly inspector","51-9061.00","inspectors testers sorters samplers and weighers"
"801","assembler wire mesh gate","51-9161.00","computer numerically controlled tool operators"
"801","assembler wire mesh gate","51-9162.00","computer numerically controlled tool programmers"
"801","assembler wire mesh gate","51-9199.00","production workers all other"
"801","assembly inspector helper","51-9198.00","helpers production workers"
"801","liner replacer","49-9043.00","maintenance workers machinery"
"801","playground equipment erector","47-2061.00","construction laborers"
"801","reinforcing metal worker","47-2171.00","reinforcing iron and rebar workers"
"804","sheet metal worker","47-2211.00","sheet metal workers"
"804","cutter aluminum sheet","51-9031.00","cutters and trimmers hand"
"804","extrusion bender","51-9161.00","computer numerically controlled tool operators"
"804","extrusion bender","51-9162.00","computer numerically controlled tool programmers"
"804","extrusion bender","51-9199.00","production workers all other"
"805","supervisor boilermaking","49-1011.00","first line supervisors of mechanics installers and repairers"
"805","boilermaker apprentice","47-2011.00","boilermakers"
"805","boilermaker helper ii","51-9198.00","helpers production workers"
"805","boiler house inspector","51-9061.00","inspectors testers sorters samplers and weighers"
"806","supervisor engine assembly","51-1011.00","first line supervisors of production and operating workers"
"806","supervisor rigger","49-1011.00","first line supervisors of mechanics installers and repairers"
"806","internal combustion engine inspector","51-9061.00","inspectors testers sorters samplers and weighers"
"806","rigger","49-9096.00","riggers"
"806","marine services technician","49-9071.00","maintenance and repair workers general"
"806","experimental mechanic electrical","51-4041.00","machinists"
"806","carpenter prototype","47-2031.00","carpenters"
"806","assembler installer general","51-2011.00","aircraft structure surfaces rigging and systems assemblers"
"806","new car get ready mechanic","49-3023.00","automotive service technicians and mechanics"
"806","assembler aircraft power plant","51-2031.00","engine and other machine assemblers"
"806","shipfitter","51-4192.00","layout workers metal and plastic"
"806","trailer assembler i","51-2099.00","assemblers and fabricators all other"
"806","custom van converter","49-3092.00","recreational vehicle service technicians"
"806","rocket test fire worker","51-9198.00","helpers production workers"
"806","assembler metal bonding","51-9161.00","computer numerically controlled tool operators"
"806","assembler metal bonding","51-9162.00","computer numerically controlled tool programmers"
"806","assembler metal bonding","51-9199.00","production workers all other"
"806","pressure sealer and tester","49-9099.00","installation maintenance and repair workers all other"
"806","assembler motor vehicle","51-2092.00","team assemblers"
"806","fiberglass laminator","51-2051.00","fiberglass laminators and fabricators"
"806","rigger helper","49-9098.00","helpers installation maintenance and repair workers"
"806","router operator hand","51-9031.00","cutters and trimmers hand"
"807","supervisor automobile body repair","49-1011.00","first line supervisors of mechanics installers and repairers"
"807","aircraft body repairer","49-3011.00","aircraft mechanics and service technicians"
"807","shop estimator","49-9099.00","installation maintenance and repair workers all other"
"807","truck body builder","49-3021.00","automotive body and related repairers"
"807","boat repairer","47-2031.00","carpenters"
"807","frame repairer","49-3052.00","motorcycle mechanics"
"807","streetcar repairer","49-3043.00","rail car repairers"
"807","muffler installer","49-3023.00","automotive service technicians and mechanics"
"807","flatcar whacker","51-9198.00","helpers production workers"
"807","automobile bumper straightener","51-4031.00","cutting punching and press machine setters operators and tenders metal and plastic"
"807","boat patcher plastic","51-9161.00","computer numerically controlled tool operators"
"807","boat patcher plastic","51-9162.00","computer numerically controlled tool programmers"
"807","boat patcher plastic","51-9199.00","production workers all other"
"807","aircraft skin burnisher","51-9022.00","grinding and polishing workers hand"
"807","water leak repairer","51-9061.00","inspectors testers sorters samplers and weighers"
"807","automobile body repairer helper","49-9098.00","helpers installation maintenance and repair workers"
"809","supervisor assembly department","51-1011.00","first line supervisors of production and operating workers"
"809","supervisor ornamental ironworking","47-1011.00","first line supervisors of construction trades and extraction workers"
"809","assembler ground support equipment","51-2041.00","structural metal fabricators and fitters"
"809","lay out worker i","51-4192.00","layout workers metal and plastic"
"809","milking system installer","49-3041.00","farm equipment mechanics and service technicians"
"809","ornamental iron worker","47-4099.00","construction and related workers all other"
"809","pneumatic tool operator","51-4199.00","metal workers and plastic workers all other"
"809","solar fabrication technician","51-2099.00","assemblers and fabricators all other"
"809","balancing machine set up worker","51-9161.00","computer numerically controlled tool operators"
"809","balancing machine set up worker","51-9162.00","computer numerically controlled tool programmers"
"809","balancing machine set up worker","51-9199.00","production workers all other"
"809","aluminum pool installer","47-2061.00","construction laborers"
"809","finisher fiberglass boat parts","51-9022.00","grinding and polishing workers hand"
"809","repairer finished metal","49-9099.00","installation maintenance and repair workers all other"
"809","duct maker","51-9031.00","cutters and trimmers hand"
"809","helper manufacturing","51-9198.00","helpers production workers"
"809","inspector and tester","51-9061.00","inspectors testers sorters samplers and weighers"
"809","mold preparer","53-7061.00","cleaners of vehicles and equipment"
"810","welding machine operator arc","51-4122.00","welding soldering and brazing machine setters operators and tenders"
"810","welder apprentice arc","51-4121.00","welders cutters solderers and brazers"
"811","welding machine operator gas","51-4122.00","welding soldering and brazing machine setters operators and tenders"
"811","welder apprentice gas","51-4121.00","welders cutters solderers and brazers"
"812","welder setter resistance machine","51-4122.00","welding soldering and brazing machine setters operators and tenders"
"813","brazing machine setter","51-4122.00","welding soldering and brazing machine setters operators and tenders"
"813","brazer resistance","51-4121.00","welders cutters solderers and brazers"
"814","welding machine operator friction","51-4122.00","welding soldering and brazing machine setters operators and tenders"
"815","welder setter electron beam machine","51-4122.00","welding soldering and brazing machine setters operators and tenders"
"816","arc cutter","51-4121.00","welders cutters solderers and brazers"
"816","thermal cutting machine operator","51-4199.00","metal workers and plastic workers all other"
"819","lead burner supervisor","51-1011.00","first line supervisors of production and operating workers"
"819","lead burner","51-4121.00","welders cutters solderers and brazers"
"819","weld inspector i","51-9061.00","inspectors testers sorters samplers and weighers"
"819","plate conditioner","51-9022.00","grinding and polishing workers hand"
"819","machine helper","51-9198.00","helpers production workers"
"819","welding machine tender","51-4122.00","welding soldering and brazing machine setters operators and tenders"
"819","machine feeder","53-7063.00","machine feeders and offbearers"
"820","electrician supervisor substation","49-1011.00","first line supervisors of mechanics installers and repairers"
"820","transformer assembly supervisor","51-1011.00","first line supervisors of production and operating workers"
"820","electrician apprentice powerhouse","49-2095.00","electrical and electronics repairers powerhouse substation and relay"
"820","electric motor and generator assembler","51-2031.00","engine and other machine assemblers"
"820","regulator inspector","51-9061.00","inspectors testers sorters samplers and weighers"
"820","battery maintainer large emergency storage","49-2092.00","electric motor power tool and related repairers"
"820","transformer assembler i","51-2022.00","electrical and electronic equipment assemblers"
"820","motor room controller","51-8012.00","power distributors and dispatchers"
"821","electrical installation supervisor","49-1011.00","first line supervisors of mechanics installers and repairers"
"821","steel post installer supervisor","47-1011.00","first line supervisors of construction trades and extraction workers"
"821","cable television line technician","49-2022.00","telecommunications equipment installers and repairers except line installers"
"821","line maintainer","49-9051.00","electrical power line installers and repairers"
"821","relay technician","49-2095.00","electrical and electronics repairers powerhouse substation and relay"
"821","cable television installer","49-9052.00","telecommunications line installers and repairers"
"821","electric meter installer i","49-9012.00","control and valve installers and repairers except mechanical door"
"821","power transformer repairer","49-2092.00","electric motor power tool and related repairers"
"821","utilities service investigator","51-9061.00","inspectors testers sorters samplers and weighers"
"821","construction checker","47-4011.00","construction and building inspectors"
"821","wind generating electric power installer","49-9081.00","wind turbine service technicians"
"821","laboratory helper","49-9098.00","helpers installation maintenance and repair workers"
"821","helper electrical","47-3013.00","helpers electricians"
"821","wirer street light","47-2111.00","electricians"
"821","steel post installer","47-4099.00","construction and related workers all other"
"822","central office repairer supervisor","49-1011.00","first line supervisors of mechanics installers and repairers"
"822","electrician office","49-2022.00","telecommunications equipment installers and repairers except line installers"
"822","equipment inspector","17-2112.00","industrial engineers"
"822","maintenance inspector","51-9061.00","inspectors testers sorters samplers and weighers"
"822","line inspector","47-4011.00","construction and building inspectors"
"822","signal maintainer","49-9097.00","signal and track switch repairers"
"822","protective signal installer","49-2098.00","security and fire alarm systems installers"
"822","line installer repairer","49-9052.00","telecommunications line installers and repairers"
"822","protective signal installer helper","47-3013.00","helpers electricians"
"822","signal maintainer helper","49-9098.00","helpers installation maintenance and repair workers"
"823","communications electrician supervisor","49-1011.00","first line supervisors of mechanics installers and repairers"
"823","public address servicer","49-2022.00","telecommunications equipment installers and repairers except line installers"
"823","radio interference investigator","51-9161.00","computer numerically controlled tool operators"
"823","radio interference investigator","51-9162.00","computer numerically controlled tool programmers"
"823","radio interference investigator","51-9199.00","production workers all other"
"823","radio mechanic","49-2021.00","radio cellular and tower equipment installers and repairers"
"823","avionics technician","49-2094.00","electrical and electronics repairers commercial and industrial equipment"
"823","internetworking technician","15-1231.00","computer network support specialists"
"823","internetworking technician","15-1241.00","computer network architects"
"823","television installer","49-2097.00","audiovisual equipment installers and repairers"
"824","electrician chief","47-1011.00","first line supervisors of construction trades and extraction workers"
"824","street light servicer supervisor","49-1011.00","first line supervisors of mechanics installers and repairers"
"824","electrician","47-2111.00","electricians"
"824","electric distribution checker","51-9061.00","inspectors testers sorters samplers and weighers"
"824","street light servicer helper","49-9098.00","helpers installation maintenance and repair workers"
"824","neon tube pumper","51-9161.00","computer numerically controlled tool operators"
"824","neon tube pumper","51-9162.00","computer numerically controlled tool programmers"
"824","neon tube pumper","51-9199.00","production workers all other"
"825","electrician supervisor","47-1011.00","first line supervisors of construction trades and extraction workers"
"825","elevator constructor supervisor","49-1011.00","first line supervisors of mechanics installers and repairers"
"825","electric track switch maintainer","49-9097.00","signal and track switch repairers"
"825","elevator examiner and adjuster","47-4021.00","elevator and escalator installers and repairers"
"825","electrician aircraft","49-2091.00","avionics technicians"
"825","electrician","47-2111.00","electricians"
"825","electrician automotive","49-2096.00","electronic equipment installers and repairers motor vehicles"
"825","electrician locomotive","49-2093.00","electrical and electronics installers and repairers transportation equipment"
"825","experimental rocket sled mechanic","49-3011.00","aircraft mechanics and service technicians"
"825","vibrator equipment tester","51-9061.00","inspectors testers sorters samplers and weighers"
"825","automatic window seat and top lift repairer","49-3023.00","automotive service technicians and mechanics"
"825","third rail installer","49-9051.00","electrical power line installers and repairers"
"825","elevator constructor helper","49-9098.00","helpers installation maintenance and repair workers"
"825","electrician helper automotive","47-3013.00","helpers electricians"
"825","battery charger","49-2092.00","electric motor power tool and related repairers"
"826","electrical supervisor","49-1011.00","first line supervisors of mechanics installers and repairers"
"826","supervisor electrical assemblies","51-1011.00","first line supervisors of production and operating workers"
"826","field service engineer","49-9061.00","camera and photographic equipment repairers"
"826","assembler and wirer industrial equipment","51-2022.00","electrical and electronic equipment assemblers"
"826","cell repairer","49-2092.00","electric motor power tool and related repairers"
"826","anode builder","51-9161.00","computer numerically controlled tool operators"
"826","anode builder","51-9162.00","computer numerically controlled tool programmers"
"826","anode builder","51-9199.00","production workers all other"
"827","electrical appliance servicer supervisor","49-1011.00","first line supervisors of mechanics installers and repairers"
"827","supervisor major appliance assembly","51-1011.00","first line supervisors of production and operating workers"
"827","supervisor air conditioning installer","47-1011.03","solar energy installation managers"
"827","electrical appliance servicer","49-9031.00","home appliance repairers"
"827","air conditioning unit tester","51-9061.00","inspectors testers sorters samplers and weighers"
"827","refrigeration mechanic","49-9021.00","heating air conditioning and refrigeration mechanics and installers"
"827","gas charger","51-9161.00","computer numerically controlled tool operators"
"827","gas charger","51-9162.00","computer numerically controlled tool programmers"
"827","gas charger","51-9199.00","production workers all other"
"827","foam charger","51-9111.00","packaging and filling machine operators and tenders"
"828","supervisor electronic controls repairer","49-1011.00","first line supervisors of mechanics installers and repairers"
"828","electronic sales and service technician","49-2094.00","electrical and electronics repairers commercial and industrial equipment"
"828","electronic organ technician","49-2097.00","audiovisual equipment installers and repairers"
"828","senior technician controls","17-3023.00","electrical and electronic engineering technologists and technicians"
"828","electronics mechanic","49-2011.00","computer automated teller and office machine repairers"
"828","missile facilities repairer","49-9043.00","maintenance workers machinery"
"828","equipment installer","49-2096.00","electronic equipment installers and repairers motor vehicles"
"828","assembler electromechanical","17-3024.00","electro mechanical and mechatronics technologists and technicians"
"829","cable supervisor","49-1011.00","first line supervisors of mechanics installers and repairers"
"829","electrician supervisor","47-1011.00","first line supervisors of construction trades and extraction workers"
"829","complaint inspector","51-9061.00","inspectors testers sorters samplers and weighers"
"829","dental equipment installer and servicer","49-9062.00","medical equipment repairers"
"829","electrician maintenance","47-2111.00","electricians"
"829","control equipment electrician","49-2094.00","electrical and electronics repairers commercial and industrial equipment"
"829","automatic door mechanic","49-9011.00","mechanical door repairers"
"829","in flight refueling system repairer","49-2091.00","avionics technicians"
"829","sound technician","49-2022.00","telecommunications equipment installers and repairers except line installers"
"829","cable splicer","49-9051.00","electrical power line installers and repairers"
"829","pinsetter adjuster automatic","49-9041.00","industrial machinery mechanics"
"829","cable splicer helper","49-9098.00","helpers installation maintenance and repair workers"
"829","battery inspector","49-2092.00","electric motor power tool and related repairers"
"829","body wirer","49-2093.00","electrical and electronics installers and repairers transportation equipment"
"829","cable puller","51-9161.00","computer numerically controlled tool operators"
"829","cable puller","51-9162.00","computer numerically controlled tool programmers"
"829","cable puller","51-9199.00","production workers all other"
"829","electrician helper","47-3013.00","helpers electricians"
"840","supervisor painting","47-1011.00","first line supervisors of construction trades and extraction workers"
"840","painter","47-2141.00","painters construction and maintenance"
"840","glass tinter","51-9123.00","painting coating and decorating workers"
"840","painter helper shipyard","47-3014.00","helpers painters paperhangers plasterers and stucco masons"
"841","supervisor billposting","47-1011.00","first line supervisors of construction trades and extraction workers"
"841","paperhanger","47-2142.00","paperhangers"
"842","supervisor dry wall application","47-1011.00","first line supervisors of construction trades and extraction workers"
"842","lather","47-2031.00","carpenters"
"842","plasterer","47-2161.00","plasterers and stucco masons"
"842","dry wall applicator","47-2081.00","drywall and ceiling tile installers"
"842","taper","47-2082.00","tapers"
"842","plaster machine tender","47-2061.00","construction laborers"
"842","dry wall sprayer","51-9123.00","painting coating and decorating workers"
"843","supervisor doping","47-1011.00","first line supervisors of construction trades and extraction workers"
"843","wood caulker","51-9161.00","computer numerically controlled tool operators"
"843","wood caulker","51-9162.00","computer numerically controlled tool programmers"
"843","wood caulker","51-9199.00","production workers all other"
"843","metal sprayer corrosion prevention","51-4193.00","plating machine setters operators and tenders metal and plastic"
"843","undercoater","51-9123.00","painting coating and decorating workers"
"844","cement mason","47-2051.00","cement masons and concrete finishers"
"844","cell maker","51-9195.00","molders shapers and casters except metal and plastic"
"844","cement sprayer helper nozzle","47-3019.00","helpers construction trades all other"
"845","painter apprentice transportation equipment","51-9124.00","coating painting and spraying machine setters operators and tenders"
"845","car scrubber","53-7061.00","cleaners of vehicles and equipment"
"845","painter helper automotive","51-9198.00","helpers production workers"
"849","dispatcher","51-1011.00","first line supervisors of production and operating workers"
"849","airplane coverer","51-9161.00","computer numerically controlled tool operators"
"849","airplane coverer","51-9162.00","computer numerically controlled tool programmers"
"849","airplane coverer","51-9199.00","production workers all other"
"849","boiler reliner plastic block","49-9045.00","refractory materials repairers except brickmasons"
"849","solar film installer","51-9022.00","grinding and polishing workers hand"
"849","pump tender cement based materials","47-2061.00","construction laborers"
"850","supervisor reclamation","19-2041.02","environmental restoration planners"
"850","supervisor reclamation","47-1011.00","first line supervisors of construction trades and extraction workers"
"850","miner","47-5032.00","explosives workers ordnance handling experts and blasters"
"850","inspector of dredging","53-7199.00","material moving workers all other"
"850","grade checker","47-2061.00","construction laborers"
"850","horizontal earth boring machine operator","47-5023.00","earth drillers except oil and gas"
"850","dredge operator","53-7031.00","dredge operators"
"850","elevating grader operator","47-2073.00","operating engineers and other construction equipment operators"
"850","lock tender ii","51-8099.00","plant and system operators all other"
"850","stripping shovel operator","47-5022.00","excavating and loading machine and dragline operators surface mining"
"850","shield runner","47-5099.00","extraction workers all other"
"850","excavator","19-4044.00","hydrologic technicians"
"850","excavator","19-4099.00","life physical and social science technicians all other"
"850","horizontal earth boring machine operator helper","47-3019.00","helpers construction trades all other"
"850","stripping shovel oiler","49-9043.00","maintenance workers machinery"
"851","bank boss","47-1011.00","first line supervisors of construction trades and extraction workers"
"851","sewer line repairer tele grout","47-4099.00","construction and related workers all other"
"851","sewer line photo inspector","13-1082.00","project management specialists"
"851","sewer line photo inspector","13-1199.00","business operations specialists all other"
"851","irrigation system installer","47-2151.00","pipelayers"
"851","septic tank installer","47-5022.00","excavating and loading machine and dragline operators surface mining"
"851","septic tank installer","53-7199.00","material moving workers all other"
"853","supervisor asphalt paving","47-1011.00","first line supervisors of construction trades and extraction workers"
"853","asphalt paving machine operator","47-2071.00","paving surfacing and tamping equipment operators"
"853","asphalt distributor tender","47-2061.00","construction laborers"
"859","supervisor right of way maintenance","47-1011.00","first line supervisors of construction trades and extraction workers"
"859","supervisor grading","53-1043.00","first line supervisors of material moving machine and vehicle operators"
"859","supervisor grading","53-1044.00","first line supervisors of passenger attendants"
"859","supervisor grading","53-1049.00","first line supervisors of transportation workers all other"
"859","blaster","47-5032.00","explosives workers ordnance handling experts and blasters"
"859","street openings inspector","47-4011.00","construction and building inspectors"
"859","gravel inspector","51-9061.00","inspectors testers sorters samplers and weighers"
"859","well drill operator","47-5023.00","earth drillers except oil and gas"
"859","pile driver operator","47-2072.00","pile driver operators"
"859","operating engineer","47-2073.00","operating engineers and other construction equipment operators"
"859","railway equipment operator","47-4061.00","rail track laying and maintenance equipment operators"
"859","reinforcing steel machine operator","47-2071.00","paving surfacing and tamping equipment operators"
"859","lane marker installer","47-4051.00","highway maintenance workers"
"859","blaster helper","47-5081.00","helpers extraction workers"
"860","supervisor acoustical tile carpenters","47-1011.00","first line supervisors of construction trades and extraction workers"
"860","carpenter labor supervisor","53-1042.00","first line supervisors of helpers laborers and material movers hand"
"860","carpenter inspector","51-9061.00","inspectors testers sorters samplers and weighers"
"860","carpenter maintenance","47-2031.00","carpenters"
"860","acoustical carpenter","47-2081.00","drywall and ceiling tile installers"
"860","joiner helper","47-3012.00","helpers carpenters"
"860","car blocker","53-7062.00","laborers and freight stock and material movers hand"
"860","display fabricator","51-9161.00","computer numerically controlled tool operators"
"860","display fabricator","51-9162.00","computer numerically controlled tool programmers"
"860","display fabricator","51-9199.00","production workers all other"
"861","bricklayer supervisor","47-1011.00","first line supervisors of construction trades and extraction workers"
"861","supervisor smoke control","49-1011.00","first line supervisors of mechanics installers and repairers"
"861","composition stone applicator","47-2022.00","stonemasons"
"861","acid tank liner","47-2021.00","brickmasons and blockmasons"
"861","soft tile setter","47-2042.00","floor layers except carpet wood and hard tiles"
"861","terrazzo worker","47-2053.00","terrazzo workers and finishers"
"861","tile setter","47-2044.00","tile and stone setters"
"861","marble finisher","47-3011.00","helpers brickmasons blockmasons stonemasons and tile and marble setters"
"862","pipe fitter supervisor","47-1011.00","first line supervisors of construction trades and extraction workers"
"862","well point pumping supervisor","51-1011.00","first line supervisors of production and operating workers"
"862","supervisor water softener service","49-1011.00","first line supervisors of mechanics installers and repairers"
"862","pipe fitter","47-2152.00","plumbers pipefitters and steamfitters"
"862","oil burner servicer and installer","49-9021.00","heating air conditioning and refrigeration mechanics and installers"
"862","thread inspector","51-9061.00","inspectors testers sorters samplers and weighers"
"862","pipe cleaning and priming machine operator","47-4099.00","construction and related workers all other"
"862","pipe cutter","47-2061.00","construction laborers"
"862","junction maker","51-9161.00","computer numerically controlled tool operators"
"862","junction maker","51-9162.00","computer numerically controlled tool programmers"
"862","junction maker","51-9199.00","production workers all other"
"862","laborer construction or leak gang","51-9198.00","helpers production workers"
"862","pipe fitter helper","47-3015.00","helpers pipelayers plumbers pipefitters and steamfitters"
"862","water regulator and valve repairer","49-9012.00","control and valve installers and repairers except mechanical door"
"862","oil burner servicer and installer helper","49-9098.00","helpers installation maintenance and repair workers"
"863","building insulation supervisor","47-1011.00","first line supervisors of construction trades and extraction workers"
"863","insulation worker apprentice","47-2131.00","insulation workers floor ceiling and wall"
"863","insulation worker apprentice","47-2132.00","insulation workers mechanical"
"863","composition weatherboard applier","47-2031.00","carpenters"
"864","carpet layer","47-2041.00","carpet installers"
"864","floor layer","47-2042.00","floor layers except carpet wood and hard tiles"
"864","floor and wall applier liquid","47-2061.00","construction laborers"
"864","carpet layer helper","47-3019.00","helpers construction trades all other"
"865","glazier supervisor","47-1011.00","first line supervisors of construction trades and extraction workers"
"865","mirror installer","47-2121.00","glaziers"
"865","glass installer","49-3022.00","automotive glass installers and repairers"
"865","glass installer","51-9161.00","computer numerically controlled tool operators"
"865","glass installer","51-9162.00","computer numerically controlled tool programmers"
"865","glass installer","51-9199.00","production workers all other"
"866","roofing supervisor","47-1011.00","first line supervisors of construction trades and extraction workers"
"866","roofer","47-2181.00","roofers"
"869","cabin equipment supervisor","49-1011.00","first line supervisors of mechanics installers and repairers"
"869","concreting supervisor","47-1011.00","first line supervisors of construction trades and extraction workers"
"869","steel pan form placing supervisor","51-1011.00","first line supervisors of production and operating workers"
"869","house mover","47-4099.00","construction and related workers all other"
"869","mechanical test technician","49-9071.00","maintenance and repair workers general"
"869","repairer recreational vehicle","49-3092.00","recreational vehicle service technicians"
"869","wind tunnel mechanic","17-3021.00","aerospace engineering and operations technologists and technicians"
"869","furnace installer and repairer hot air","49-9021.00","heating air conditioning and refrigeration mechanics and installers"
"869","yard inspector","51-9061.00","inspectors testers sorters samplers and weighers"
"869","bridge inspector","47-4011.00","construction and building inspectors"
"869","sign erector and repairer","47-2031.00","carpenters"
"869","measurer","41-9099.00","sales and related workers all other"
"869","pipe installer","47-2061.00","construction laborers"
"869","safe and vault service mechanic","49-9094.00","locksmiths and safe repairers"
"869","overhead door installer","49-9011.00","mechanical door repairers"
"869","repairer manufactured buildings","49-9095.00","manufactured building and mobile home installers"
"869","surveyor helper","47-3019.00","helpers construction trades all other"
"869","construction worker i","47-2043.00","floor sanders and finishers"
"869","construction worker i","47-2151.00","pipelayers"
"869","construction worker i","47-3012.00","helpers carpenters"
"869","sewer line repairer","47-4071.00","septic tank servicers and sewer pipe cleaners"
"869","signaler","51-9198.00","helpers production workers"
"869","form tamper operator","47-2071.00","paving surfacing and tamping equipment operators"
"869","rigger","53-7041.00","hoist and winch operators"
"869","assembler","51-9161.00","computer numerically controlled tool operators"
"869","assembler","51-9162.00","computer numerically controlled tool programmers"
"869","assembler","51-9199.00","production workers all other"
"869","fence erector","47-4031.00","fence erectors"
"869","roustabout","47-5071.00","roustabouts oil and gas"
"869","sheetrock applicator","47-2081.00","drywall and ceiling tile installers"
"869","kettle tender","51-9051.00","furnace kiln oven drier and kettle operators and tenders"
"869","concrete float maker","51-9195.00","molders shapers and casters except metal and plastic"
"869","furnace installer and repairer helper hot air","49-9098.00","helpers installation maintenance and repair workers"
"891","dock supervisor","49-1011.00","first line supervisors of mechanics installers and repairers"
"891","supervisor aircraft cleaning","53-1042.00","first line supervisors of helpers laborers and material movers hand"
"891","pipe changer","49-9043.00","maintenance workers machinery"
"891","dock hand","51-9198.00","helpers production workers"
"891","rubber and plastics worker","55-3019.00","military enlisted tactical operations and air weapons specialists and crew members all other"
"891","swimming pool servicer","37-2011.00","janitors and cleaners except maids and housekeeping cleaners"
"891","building cleaner","47-2061.00","construction laborers"
"891","furnace cleaner","53-7061.00","cleaners of vehicles and equipment"
"899","supervisor canal equipment maintenance","49-1011.00","first line supervisors of mechanics installers and repairers"
"899","labor crew supervisor","47-1011.00","first line supervisors of construction trades and extraction workers"
"899","utility supervisor boat and plant","53-1042.00","first line supervisors of helpers laborers and material movers hand"
"899","diver","49-9092.00","commercial divers"
"899","maintenance repairer industrial","49-9071.00","maintenance and repair workers general"
"899","canal equipment mechanic","49-9041.00","industrial machinery mechanics"
"899","chimney repairer","47-2021.00","brickmasons and blockmasons"
"899","artificial foliage arranger","27-1023.00","floral designers"
"899","transportation equipment maintenance worker","25-4013.00","museum technicians and conservators"
"899","tester","51-9061.00","inspectors testers sorters samplers and weighers"
"899","diver helper","47-3019.00","helpers construction trades all other"
"899","sewer pipe cleaner","47-4071.00","septic tank servicers and sewer pipe cleaners"
"899","diver pumper","51-9161.00","computer numerically controlled tool operators"
"899","diver pumper","51-9162.00","computer numerically controlled tool programmers"
"899","diver pumper","51-9199.00","production workers all other"
"899","bondactor machine operator","49-9045.00","refractory materials repairers except brickmasons"
"899","highway maintenance worker","47-4051.00","highway maintenance workers"
"899","maintenance repairer helper industrial","49-9098.00","helpers installation maintenance and repair workers"
"899","pipeliner","47-4099.00","construction and related workers all other"
"899","portable sawyer","51-9031.00","cutters and trimmers hand"
"899","shaft mechanic","47-5081.00","helpers extraction workers"
"899","window repairer","47-2031.00","carpenters"
"899","maintenance worker municipal","47-2061.00","construction laborers"
"899","decorator street and building","51-9198.00","helpers production workers"
"900","concrete mixing truck driver","53-3032.00","heavy and tractor trailer truck drivers"
"902","dump truck driver","53-3032.00","heavy and tractor trailer truck drivers"
"903","explosives truck driver","53-3032.00","heavy and tractor trailer truck drivers"
"904","tractor trailer moving van driver","53-3032.00","heavy and tractor trailer truck drivers"
"904","tractor trailer moving van driver helper","53-7062.00","laborers and freight stock and material movers hand"
"905","construction driver","53-3032.00","heavy and tractor trailer truck drivers"
"905","truck driver helper","53-7062.00","laborers and freight stock and material movers hand"
"906","food service driver","53-3033.00","light truck drivers"
"909","safety coordinator","11-3071.00","transportation storage and distribution managers"
"909","driver supervisor","53-1043.00","first line supervisors of material moving machine and vehicle operators"
"909","driver supervisor","53-1044.00","first line supervisors of passenger attendants"
"909","driver supervisor","53-1049.00","first line supervisors of transportation workers all other"
"909","hostler","53-3032.00","heavy and tractor trailer truck drivers"
"909","laborer general","51-9198.00","helpers production workers"
"910","baggage and mail agent","43-1011.00","first line supervisors of office and administrative support workers"
"910","car cleaning supervisor","53-1042.00","first line supervisors of helpers laborers and material movers hand"
"910","conductor yard","53-1043.00","first line supervisors of material moving machine and vehicle operators"
"910","conductor yard","53-1044.00","first line supervisors of passenger attendants"
"910","conductor yard","53-1049.00","first line supervisors of transportation workers all other"
"910","car chaser","53-4031.00","railroad conductors and yardmasters"
"910","train dispatcher assistant chief","43-5032.00","dispatchers except police fire and ambulance"
"910","rail flaw detector operator","53-6051.07","transportation vehicle equipment and systems inspectors except aviation"
"910","tower operator","53-4099.00","rail transportation workers all other"
"910","firer locomotive","53-4022.00","railroad brake signal and switch operators and locomotive firers"
"910","locomotive engineer","53-4011.00","locomotive engineers"
"910","yard engineer","53-4013.00","rail yard engineers dinkey operators and hostlers"
"910","car distributor","43-9061.00","office clerks general"
"910","passenger representative","53-6061.00","passenger attendants"
"910","perishable fruit inspector","53-6051.00","transportation inspectors"
"910","track moving machine operator","47-4061.00","rail track laying and maintenance equipment operators"
"910","transfer table operator helper","53-7062.00","laborers and freight stock and material movers hand"
"910","motor operator","53-4041.00","subway and streetcar operators"
"910","baggage handler","51-9198.00","helpers production workers"
"910","car cooper","53-7061.00","cleaners of vehicles and equipment"
"911","boatswain","53-1043.00","first line supervisors of material moving machine and vehicle operators"
"911","boatswain","53-1044.00","first line supervisors of passenger attendants"
"911","boatswain","53-1049.00","first line supervisors of transportation workers all other"
"911","lock tender chief operator","53-6011.00","bridge and lock tenders"
"911","cadet deck","53-5021.00","captains mates and pilots of water vessels"
"911","dispatcher tugboat","43-5032.00","dispatchers except police fire and ambulance"
"911","quartermaster","53-5011.00","sailors and marine oilers"
"911","boat loader i","53-7199.00","material moving workers all other"
"911","motorboat operator","53-5022.00","motorboat operators"
"911","stevedore i","53-7041.00","hoist and winch operators"
"911","ferryboat operator cable","53-6032.00","aircraft service attendants"
"911","ferryboat operator cable","53-6099.00","transportation workers all other"
"911","ferryboat operator helper","53-7062.00","laborers and freight stock and material movers hand"
"911","hatch tender","51-9198.00","helpers production workers"
"911","sounder","47-3019.00","helpers construction trades all other"
"911","cleaner iii","53-7061.00","cleaners of vehicles and equipment"
"912","dispatcher","53-2021.00","air traffic controllers"
"912","airport attendant","49-9071.00","maintenance and repair workers general"
"912","flight information expediter","53-2022.00","airfield operations specialists"
"912","transportation agent","43-5011.00","cargo and freight agents"
"912","transportation agent","53-1041.00","aircraft cargo handling supervisors"
"912","in flight refueling operator","55-3019.00","military enlisted tactical operations and air weapons specialists and crew members all other"
"912","airport utility worker","53-6032.00","aircraft service attendants"
"912","airport utility worker","53-6099.00","transportation workers all other"
"912","aircraft launch and recovery technician","55-3012.00","aircraft launch and recovery specialists"
"912","parachute rigger","51-9161.00","computer numerically controlled tool operators"
"912","parachute rigger","51-9162.00","computer numerically controlled tool programmers"
"912","parachute rigger","51-9199.00","production workers all other"
"912","line service attendant","53-7062.00","laborers and freight stock and material movers hand"
"913","road supervisor","53-1043.00","first line supervisors of material moving machine and vehicle operators"
"913","road supervisor","53-1044.00","first line supervisors of passenger attendants"
"913","road supervisor","53-1049.00","first line supervisors of transportation workers all other"
"913","bus dispatcher interstate","43-5032.00","dispatchers except police fire and ambulance"
"913","schedule maker","43-5061.00","production planning and expediting clerks"
"913","bus driver day haul or farm charter","53-3052.00","bus drivers transit and intercity"
"913","bus driver","53-3051.00","bus drivers school"
"913","bus driver","53-3053.00","shuttle drivers and chauffeurs"
"913","streetcar operator","53-4041.00","subway and streetcar operators"
"913","taxi driver","53-3054.00","taxi drivers"
"913","driver","53-3033.00","light truck drivers"
"913","ambulance driver","53-3011.00","ambulance drivers and attendants except emergency medical technicians"
"914","supervisor pumping","53-1043.00","first line supervisors of material moving machine and vehicle operators"
"914","supervisor pumping","53-1044.00","first line supervisors of passenger attendants"
"914","supervisor pumping","53-1049.00","first line supervisors of transportation workers all other"
"914","dispatcher chief ii","11-3071.00","transportation storage and distribution managers"
"914","dispatcher oil","43-5032.00","dispatchers except police fire and ambulance"
"914","coal pipeline operator","51-8099.00","plant and system operators all other"
"914","construction and maintenance inspector","51-9061.00","inspectors testers sorters samplers and weighers"
"914","station engineer main line","53-7072.00","pump operators except wellhead pumpers"
"914","oil pumper","53-7073.00","wellhead pumpers"
"914","pumper gauger","53-7121.00","tank car truck and ship loaders"
"914","gauger","51-8093.00","petroleum pump system operators refinery operators and gaugers"
"914","barrel filler ii","51-9111.00","packaging and filling machine operators and tenders"
"914","fish bailer","53-7199.00","material moving workers all other"
"914","laborer pipelines","51-9198.00","helpers production workers"
"914","loader helper","53-7062.00","laborers and freight stock and material movers hand"
"915","supervisor parking lot","53-1043.00","first line supervisors of material moving machine and vehicle operators"
"915","supervisor parking lot","53-1044.00","first line supervisors of passenger attendants"
"915","supervisor parking lot","53-1049.00","first line supervisors of transportation workers all other"
"915","tire service supervisor","49-1011.00","first line supervisors of mechanics installers and repairers"
"915","car wash supervisor","53-1042.00","first line supervisors of helpers laborers and material movers hand"
"915","undercar specialist","49-3023.00","automotive service technicians and mechanics"
"915","automobile service station attendant","53-6031.00","automotive and watercraft service attendants"
"915","parking lot attendant","53-6021.00","parking attendants"
"915","car wash attendant automatic","53-7061.00","cleaners of vehicles and equipment"
"915","tire repairer","49-3093.00","tire repairers and changers"
"915","automobile seat cover installer","51-9161.00","computer numerically controlled tool operators"
"915","automobile seat cover installer","51-9162.00","computer numerically controlled tool programmers"
"915","automobile seat cover installer","51-9199.00","production workers all other"
"919","dispatcher traffic or system","43-5032.00","dispatchers except police fire and ambulance"
"919","instructor bus trolley and taxi","25-1194.00","career technical education teachers postsecondary"
"919","new car inspector","53-6051.07","transportation vehicle equipment and systems inspectors except aviation"
"919","deliverer car rental","53-3053.00","shuttle drivers and chauffeurs"
"919","deliverer car rental","53-3054.00","taxi drivers"
"919","dinkey operator","53-4013.00","rail yard engineers dinkey operators and hostlers"
"919","driver utility worker","53-3032.00","heavy and tractor trailer truck drivers"
"919","escort vehicle driver","53-3033.00","light truck drivers"
"919","teamster","53-7199.00","material moving workers all other"
"919","bridge operator slip","53-6011.00","bridge and lock tenders"
"919","dock hand","53-5022.00","motorboat operators"
"919","street sweeper operator","53-3099.00","motor vehicle operators all other"
"919","trackmobile operator","53-4099.00","rail transportation workers all other"
"919","checker","43-5111.00","weighers measurers checkers and samplers recordkeeping"
"919","cleaner ii","53-7061.00","cleaners of vehicles and equipment"
"919","supplies packer","53-7062.00","laborers and freight stock and material movers hand"
"920","supervisor packing","51-1011.00","first line supervisors of production and operating workers"
"920","setter juice packaging machines","51-9161.00","computer numerically controlled tool operators"
"920","setter juice packaging machines","51-9162.00","computer numerically controlled tool programmers"
"920","setter juice packaging machines","51-9199.00","production workers all other"
"920","inspector packaging materials","51-9061.00","inspectors testers sorters samplers and weighers"
"920","icicle machine operator","51-9111.00","packaging and filling machine operators and tenders"
"920","masking machine feeder","53-7063.00","machine feeders and offbearers"
"920","cloth bolt bander","53-7064.00","packers and packagers hand"
"920","label coder","51-9198.00","helpers production workers"
"920","marker semiconductor wafers","51-9141.00","semiconductor processing technicians"
"920","crater","47-2031.00","carpenters"
"920","bale sewer","51-6051.00","sewers hand"
"920","sample worker","43-5111.00","weighers measurers checkers and samplers recordkeeping"
"920","stenciler","51-9123.00","painting coating and decorating workers"
"920","sterilizer","53-7061.00","cleaners of vehicles and equipment"
"920","worm packer","45-2093.00","farmworkers farm ranch and aquacultural animals"
"921","rigging supervisor","47-1011.00","first line supervisors of construction trades and extraction workers"
"921","hook tender","45-1011.00","first line supervisors of farming fishing and forestry workers"
"921","track supervisor","53-1043.00","first line supervisors of material moving machine and vehicle operators"
"921","track supervisor","53-1044.00","first line supervisors of passenger attendants"
"921","track supervisor","53-1049.00","first line supervisors of transportation workers all other"
"921","coal yard supervisor","51-1011.00","first line supervisors of production and operating workers"
"921","rigger","49-9096.00","riggers"
"921","rigging slinger","45-4029.00","logging workers all other"
"921","grain receiver","51-9061.00","inspectors testers sorters samplers and weighers"
"921","conveyor operator pneumatic system","53-7011.00","conveyor operators and tenders"
"921","transfer car operator drier","53-7051.00","industrial truck and tractor operators"
"921","car dumper operator","53-7199.00","material moving workers all other"
"921","charge machine operator","51-8099.00","plant and system operators all other"
"921","marine railway operator","53-7041.00","hoist and winch operators"
"921","overhead crane operator","53-7021.00","crane and tower operators"
"921","irradiated fuel handler","47-4041.00","hazardous materials removal workers"
"921","line mover","51-9198.00","helpers production workers"
"921","laborer hoisting","53-7062.00","laborers and freight stock and material movers hand"
"921","coal equipment operator","47-5022.00","excavating and loading machine and dragline operators surface mining"
"921","carton counter feeder","53-7063.00","machine feeders and offbearers"
"921","rigger helper","49-9098.00","helpers installation maintenance and repair workers"
"922","senior commissary agent","43-1011.00","first line supervisors of office and administrative support workers"
"922","supervisor hide house","51-1011.00","first line supervisors of production and operating workers"
"922","supervisor loading and unloading","53-1042.00","first line supervisors of helpers laborers and material movers hand"
"922","warehouse traffic supervisor","53-1043.00","first line supervisors of material moving machine and vehicle operators"
"922","warehouse traffic supervisor","53-1044.00","first line supervisors of passenger attendants"
"922","warehouse traffic supervisor","53-1049.00","first line supervisors of transportation workers all other"
"922","priming mixture carrier","53-7062.00","laborers and freight stock and material movers hand"
"922","flumer i","53-7199.00","material moving workers all other"
"922","bin tripper operator","53-7011.00","conveyor operators and tenders"
"922","yard worker used building materials","51-9198.00","helpers production workers"
"922","locker plant attendant","53-7064.00","packers and packagers hand"
"922","dumper","53-7063.00","machine feeders and offbearers"
"922","bobbin sorter","51-9061.00","inspectors testers sorters samplers and weighers"
"922","cotton sampler","43-5111.00","weighers measurers checkers and samplers recordkeeping"
"922","pulp piler","45-4029.00","logging workers all other"
"929","supervisor salvage","49-1011.00","first line supervisors of mechanics installers and repairers"
"929","supervisor reactor fueling","53-1043.00","first line supervisors of material moving machine and vehicle operators"
"929","supervisor reactor fueling","53-1044.00","first line supervisors of passenger attendants"
"929","supervisor reactor fueling","53-1049.00","first line supervisors of transportation workers all other"
"929","general handling supervisor","51-1011.00","first line supervisors of production and operating workers"
"929","yard supervisor cotton gin","45-1011.00","first line supervisors of farming fishing and forestry workers"
"929","preservation inspector marine equipment","51-9061.00","inspectors testers sorters samplers and weighers"
"929","carpet cutter","51-9031.00","cutters and trimmers hand"
"929","yard worker","53-7051.00","industrial truck and tractor operators"
"929","nut and bolt assembler","51-9198.00","helpers production workers"
"929","logging tractor operator","45-4022.00","logging equipment operators"
"929","packer","53-7064.00","packers and packagers hand"
"929","crate opener","51-9041.00","extruding forming pressing and compacting machine setters operators and tenders"
"929","tying machine operator","51-9111.00","packaging and filling machine operators and tenders"
"929","crayon sorting machine feeder","53-7063.00","machine feeders and offbearers"
"929","material handler","53-7062.00","laborers and freight stock and material movers hand"
"930","tool pusher","47-1011.00","first line supervisors of construction trades and extraction workers"
"930","technical operator","19-4043.00","geological technicians except hydrologic technicians"
"930","fishing tool technician oil well","47-5013.00","service unit operators oil and gas"
"930","formation testing operator","51-9061.00","inspectors testers sorters samplers and weighers"
"930","clean out driller","53-7041.00","hoist and winch operators"
"930","oil pipe inspector helper","51-9161.00","computer numerically controlled tool operators"
"930","oil pipe inspector helper","51-9162.00","computer numerically controlled tool programmers"
"930","oil pipe inspector helper","51-9199.00","production workers all other"
"930","driller machine","47-5049.00","underground mining machine operators all other"
"930","prospecting driller","47-5012.00","rotary drill operators oil and gas"
"930","rotary derrick operator","47-5011.00","derrick operators oil and gas"
"930","core drill operator","47-5023.00","earth drillers except oil and gas"
"930","core drill operator","47-5032.00","explosives workers ordnance handling experts and blasters"
"930","caser","47-5099.00","extraction workers all other"
"930","clean out driller helper","47-5081.00","helpers extraction workers"
"930","continuous mining machine operator","47-5041.00","continuous mining machine operators"
"930","harvester operator","47-5022.00","excavating and loading machine and dragline operators surface mining"
"930","harvester operator","53-7199.00","material moving workers all other"
"930","roof bolter","47-5043.00","roof bolters mining"
"930","floor worker well service","47-5071.00","roustabouts oil and gas"
"930","jackhammer operator","47-2061.00","construction laborers"
"930","quarry plug and feather driller","47-5051.00","rock splitters quarry"
"930","mud plant operator","51-9023.00","mixing and blending machine setters operators and tenders"
"930","core drill operator helper","47-3019.00","helpers construction trades all other"
"930","cutter operator helper","51-9198.00","helpers production workers"
"931","blaster","47-5032.00","explosives workers ordnance handling experts and blasters"
"931","gun perforator loader","47-5071.00","roustabouts oil and gas"
"932","bank boss","47-1011.00","first line supervisors of construction trades and extraction workers"
"932","surface supervisor","53-1043.00","first line supervisors of material moving machine and vehicle operators"
"932","surface supervisor","53-1044.00","first line supervisors of passenger attendants"
"932","surface supervisor","53-1049.00","first line supervisors of transportation workers all other"
"932","dispatcher","43-5032.00","dispatchers except police fire and ambulance"
"932","hoist operator","53-7041.00","hoist and winch operators"
"932","brake holder","53-4022.00","railroad brake signal and switch operators and locomotive firers"
"932","spout tender i","51-9198.00","helpers production workers"
"932","bottomer i","53-7062.00","laborers and freight stock and material movers hand"
"932","loading shovel oiler","49-9043.00","maintenance workers machinery"
"932","car dropper","53-7199.00","material moving workers all other"
"932","loading machine operator","47-5044.00","loading and moving machine operators underground mining"
"932","aerial tram operator","53-7011.00","conveyor operators and tenders"
"933","crusher setter","47-5099.00","extraction workers all other"
"933","grizzly worker","51-9198.00","helpers production workers"
"934","cone operator","51-9012.00","separating filtering clarifying precipitating and still machine setters operators and tenders"
"934","sand plant attendant","51-9161.00","computer numerically controlled tool operators"
"934","sand plant attendant","51-9162.00","computer numerically controlled tool programmers"
"934","sand plant attendant","51-9199.00","production workers all other"
"934","foot worker","51-9198.00","helpers production workers"
"939","supervisor pond","51-1011.00","first line supervisors of production and operating workers"
"939","quarry supervisor open pit","47-1011.00","first line supervisors of construction trades and extraction workers"
"939","well puller head","53-1043.00","first line supervisors of material moving machine and vehicle operators"
"939","well puller head","53-1044.00","first line supervisors of passenger attendants"
"939","well puller head","53-1049.00","first line supervisors of transportation workers all other"
"939","chief dispatcher","43-1011.00","first line supervisors of office and administrative support workers"
"939","miner i","47-5081.00","helpers extraction workers"
"939","dispatcher oil well services","43-5032.00","dispatchers except police fire and ambulance"
"939","panelboard operator","51-8099.00","plant and system operators all other"
"939","oil well service operator","47-5013.00","service unit operators oil and gas"
"939","dust sampler","51-9061.00","inspectors testers sorters samplers and weighers"
"939","cager","53-7062.00","laborers and freight stock and material movers hand"
"939","quarry worker","47-5099.00","extraction workers all other"
"939","monitor car operator","53-7072.00","pump operators except wellhead pumpers"
"939","oil well service operator helper","51-9198.00","helpers production workers"
"939","pond tender","51-9012.00","separating filtering clarifying precipitating and still machine setters operators and tenders"
"939","loading machine operator helper","53-7199.00","material moving workers all other"
"939","latrine cleaner","53-7061.00","cleaners of vehicles and equipment"
"950","refrigerating engineer head","51-1011.00","first line supervisors of production and operating workers"
"950","engineer exhauster","53-7072.00","pump operators except wellhead pumpers"
"950","refrigerating engineer","51-8021.00","stationary engineers and boiler operators"
"950","gas compressor operator","53-7071.00","gas compressor and gas pumping station operators"
"950","rotary rig engine operator","47-5012.00","rotary drill operators oil and gas"
"950","panelboard operator","51-8099.00","plant and system operators all other"
"951","firer high pressure","51-8013.00","power plant operators"
"951","firer low pressure","51-8021.00","stationary engineers and boiler operators"
"951","fuel house attendant","53-7063.00","machine feeders and offbearers"
"952","substation operator chief","51-1011.00","first line supervisors of production and operating workers"
"952","hydroelectric station operator chief","11-3051.06","hydroelectric production managers"
"952","superintendent local","49-1011.00","first line supervisors of mechanics installers and repairers"
"952","dispatcher service or work","43-5032.00","dispatchers except police fire and ambulance"
"952","load dispatcher","51-8012.00","power distributors and dispatchers"
"952","substation inspector","51-9061.00","inspectors testers sorters samplers and weighers"
"952","auxiliary equipment operator","51-8013.00","power plant operators"
"952","hydroelectric station operator","51-8013.04","hydroelectric plant technicians"
"952","power reactor operator","51-8011.00","nuclear power reactor operators"
"952","trouble shooter i","47-2111.00","electricians"
"952","power plant operator","51-8013.03","biomass plant technicians"
"952","cable maintainer","53-7072.00","pump operators except wellhead pumpers"
"952","laborer powerhouse","51-9198.00","helpers production workers"
"952","hydroelectric plant maintainer","37-3011.00","landscaping and groundskeeping workers"
"953","supervisor liquefaction and regasification","51-1011.00","first line supervisors of production and operating workers"
"953","gas pumping station supervisor","53-1043.00","first line supervisors of material moving machine and vehicle operators"
"953","gas pumping station supervisor","53-1044.00","first line supervisors of passenger attendants"
"953","gas pumping station supervisor","53-1049.00","first line supervisors of transportation workers all other"
"953","service supervisor i","49-1011.00","first line supervisors of mechanics installers and repairers"
"953","gas dispatcher","43-5032.00","dispatchers except police fire and ambulance"
"953","field mechanical meter tester","49-9012.00","control and valve installers and repairers except mechanical door"
"953","fuel attendant","51-8092.00","gas plant operators"
"953","gas meter installer","49-9099.00","installation maintenance and repair workers all other"
"953","gas leak inspector","51-9061.00","inspectors testers sorters samplers and weighers"
"953","gas pumping station operator","53-7071.00","gas compressor and gas pumping station operators"
"953","drip pumper","53-3032.00","heavy and tractor trailer truck drivers"
"953","helper liquefaction and regasification","51-9198.00","helpers production workers"
"953","gas meter installer helper","49-9098.00","helpers installation maintenance and repair workers"
"954","supervisor pumping station","51-1011.00","first line supervisors of production and operating workers"
"954","ditch rider","45-2092.00","farmworkers and laborers crop nursery and greenhouse"
"954","water service dispatcher","43-5032.00","dispatchers except police fire and ambulance"
"954","pump station operator waterworks","51-8031.00","water and wastewater treatment plant and system operators"
"954","watershed tender","51-8099.00","plant and system operators all other"
"954","basin operator","51-9012.00","separating filtering clarifying precipitating and still machine setters operators and tenders"
"954","water meter installer","49-9012.00","control and valve installers and repairers except mechanical door"
"954","water filter cleaner","53-7061.00","cleaners of vehicles and equipment"
"955","supervisor wastewater treatment plant","51-1011.00","first line supervisors of production and operating workers"
"955","sanitary landfill supervisor","53-1043.00","first line supervisors of material moving machine and vehicle operators"
"955","sanitary landfill supervisor","53-1044.00","first line supervisors of passenger attendants"
"955","sanitary landfill supervisor","53-1049.00","first line supervisors of transportation workers all other"
"955","dispatcher radioactive waste disposal","43-5032.00","dispatchers except police fire and ambulance"
"955","instructor wastewater treatment plant","25-1194.00","career technical education teachers postsecondary"
"955","wastewater treatment plant operator","51-8031.00","water and wastewater treatment plant and system operators"
"955","incinerator operator ii","51-8099.00","plant and system operators all other"
"955","waste disposal attendant","47-4041.00","hazardous materials removal workers"
"955","sanitary landfill operator","47-2073.00","operating engineers and other construction equipment operators"
"955","incinerator plant laborer","51-9198.00","helpers production workers"
"955","incinerator operator i","51-9051.00","furnace kiln oven drier and kettle operators and tenders"
"955","sewage disposal worker","53-7061.00","cleaners of vehicles and equipment"
"955","garbage collector","53-7081.00","refuse and recyclable material collectors"
"956","inspector chief","47-4011.00","construction and building inspectors"
"959","heating plant superintendent","51-1011.00","first line supervisors of production and operating workers"
"959","dispatcher chief service or work","43-1011.00","first line supervisors of office and administrative support workers"
"959","dispatcher service","43-5032.00","dispatchers except police fire and ambulance"
"959","customer service representative","49-9031.00","home appliance repairers"
"959","electric power line examiner","51-9161.00","computer numerically controlled tool operators"
"959","electric power line examiner","51-9162.00","computer numerically controlled tool programmers"
"959","electric power line examiner","51-9199.00","production workers all other"
"959","facility examiner","49-2022.00","telecommunications equipment installers and repairers except line installers"
"959","energy conservation representative","47-4011.01","energy auditors"
"959","facilities locator","49-9098.00","helpers installation maintenance and repair workers"
"959","service representative","49-9099.00","installation maintenance and repair workers all other"
"960","chief projectionist","51-1011.00","first line supervisors of production and operating workers"
"960","motion picture projectionist","39-3021.00","motion picture projectionists"
"961","double","27-2011.00","actors"
"961","model photographers","41-9012.00","models"
"962","supervising film or videotape editor","27-4032.00","film and video editors"
"962","recordist chief","51-1011.00","first line supervisors of production and operating workers"
"962","grip boss","49-1011.00","first line supervisors of mechanics installers and repairers"
"962","director technical","27-2012.05","media technical directors managers"
"962","manager sound effects","27-4014.00","sound engineering technicians"
"962","program assistant","27-2012.00","producers and directors"
"962","property coordinator","43-9061.00","office clerks general"
"962","planetarium technician","27-4011.00","audio and video technicians"
"962","prop maker","47-2031.00","carpenters"
"962","draper","51-6092.00","fabric and apparel patternmakers"
"962","miniature set constructor","51-9161.00","computer numerically controlled tool operators"
"962","miniature set constructor","51-9162.00","computer numerically controlled tool programmers"
"962","miniature set constructor","51-9199.00","production workers all other"
"962","microphone boom operator","53-7062.00","laborers and freight stock and material movers hand"
"962","high rigger","49-9096.00","riggers"
"962","dolly pusher","51-9198.00","helpers production workers"
"969","supervisor circus","51-1011.00","first line supervisors of production and operating workers"
"969","supervisor show operations","11-9072.00","entertainment and recreation managers except gambling"
"969","supervisor show operations","11-9179.00","personal service managers all other"
"969","supervisor show operations","11-9199.00","managers all other"
"969","supervisor show operations","13-1082.00","project management specialists"
"969","custodian athletic equipment","53-7065.00","stockers and order fillers"
"969","wardrobe specialty worker","51-6052.00","tailors dressmakers and custom sewers"
"969","fireworks display specialist","13-1199.00","business operations specialists all other"
"969","snowmaker","51-9161.00","computer numerically controlled tool operators"
"969","snowmaker","51-9162.00","computer numerically controlled tool programmers"
"969","snowmaker","51-9199.00","production workers all other"
"969","circus laborer","51-9198.00","helpers production workers"
"970","supervisor artist suspect","33-1012.00","first line supervisors of police and detectives"
"970","supervisor sign shop","51-1011.00","first line supervisors of production and operating workers"
"970","airbrush artist","51-9151.00","photographic process workers and processing machine operators"
"970","delineator","27-1013.00","fine artists including painters sculptors and illustrators"
"970","sign writer hand","51-9161.00","computer numerically controlled tool operators"
"970","sign writer hand","51-9162.00","computer numerically controlled tool programmers"
"970","sign writer hand","51-9199.00","production workers all other"
"970","sketch maker photoengraving","51-5112.00","printing press operators"
"970","repeat chief","51-5111.00","prepress technicians and workers"
"970","decorator mannequin","51-9123.00","painting coating and decorating workers"
"970","painter helper sign","51-9198.00","helpers production workers"
"971","supervisor photoengraving","51-1011.00","first line supervisors of production and operating workers"
"971","etcher hand","51-5111.00","prepress technicians and workers"
"971","screen maker textile","51-5112.00","printing press operators"
"971","blocker ii","51-9123.00","painting coating and decorating workers"
"971","etcher helper hand","51-9198.00","helpers production workers"
"972","supervisor prepress","51-1011.00","first line supervisors of production and operating workers"
"972","dot etcher","51-5111.00","prepress technicians and workers"
"972","film flat inspector","51-9061.00","inspectors testers sorters samplers and weighers"
"972","sketch maker ii","51-9194.00","etchers and engravers"
"972","proofer prepress","51-5112.00","printing press operators"
"973","supervisor composing room","51-1011.00","first line supervisors of production and operating workers"
"973","compositor","51-5111.00","prepress technicians and workers"
"973","job printer","51-5112.00","printing press operators"
"973","job printer","51-5113.00","print binding and finishing workers"
"974","supervisor electrotyping and stereotyping","51-1011.00","first line supervisors of production and operating workers"
"974","electrotyper","51-5111.00","prepress technicians and workers"
"974","blocker metal base","51-4072.00","molding coremaking and casting machine setters operators and tenders metal and plastic"
"976","laboratory chief","51-1011.00","first line supervisors of production and operating workers"
"976","quality control technician","51-9061.00","inspectors testers sorters samplers and weighers"
"976","print controller","51-9161.00","computer numerically controlled tool operators"
"976","print controller","51-9162.00","computer numerically controlled tool programmers"
"976","print controller","51-9199.00","production workers all other"
"976","reproduction technician","51-9151.00","photographic process workers and processing machine operators"
"976","microfiche duplicator","51-5112.00","printing press operators"
"976","camera operator title","27-4031.00","camera operators television video and film"
"976","detailer school photographs","43-5061.00","production planning and expediting clerks"
"976","film replacement orderer","43-3061.00","procurement clerks"
"976","microfilm camera operator","43-9199.00","office and administrative support workers all other"
"976","mounter hand","51-9031.00","cutters and trimmers hand"
"976","cutter","51-9032.00","cutting and slicing machine setters operators and tenders"
"976","photofinishing laboratory worker","43-5071.00","shipping receiving and inventory clerks"
"977","bookbinder","51-5113.00","print binding and finishing workers"
"977","book repairer","49-9099.00","installation maintenance and repair workers all other"
"977","inlayer","51-9123.00","painting coating and decorating workers"
"977","presser","51-9161.00","computer numerically controlled tool operators"
"977","presser","51-9162.00","computer numerically controlled tool programmers"
"977","presser","51-9199.00","production workers all other"
"977","stitcher hand","51-6051.00","sewers hand"
"977","collator hand","51-9061.00","inspectors testers sorters samplers and weighers"
"979","supervisor blueprinting and photocopy","51-1011.00","first line supervisors of production and operating workers"
"979","die maker","51-9194.00","etchers and engravers"
"979","electronic prepress system operator","43-9031.00","desktop publishers"
"979","screen printing equipment setter","51-5112.00","printing press operators"
"979","document restorer","25-4013.00","museum technicians and conservators"
"979","roller repairer","49-9041.00","industrial machinery mechanics"
"979","stencil maker","51-9161.00","computer numerically controlled tool operators"
"979","stencil maker","51-9162.00","computer numerically controlled tool programmers"
"979","stencil maker","51-9199.00","production workers all other"
"979","pantographer","51-5111.00","prepress technicians and workers"
"979","inspector screen printing","51-9061.00","inspectors testers sorters samplers and weighers"
"979","letterer","51-9123.00","painting coating and decorating workers"
"979","silk screen cutter","51-9031.00","cutters and trimmers hand"
"979","print shop helper","51-9198.00","helpers production workers"
